"t","Region","Scenario","Demand"
2022,"ASEAN","Ambitious-Baseline-Baseline-Baseline-Baseline",2476.48340197871
2022,"ASEAN","Ambitious-Baseline-Baseline-Baseline-Enhanced SSPS",2476.01395565005
2022,"ASEAN","Ambitious-Baseline-Baseline-Baseline-Enhanced recycling",2476.95284830737
2022,"ASEAN","Ambitious-Baseline-Baseline-Baseline-USA Recycling",2476.48340197871
2022,"ASEAN","Ambitious-Baseline-High Capacity-Baseline-Baseline",2476.48340197871
2022,"ASEAN","Ambitious-Baseline-Low Capacity-Baseline-Baseline",2476.48340197871
2022,"ASEAN","Ambitious-Baseline-Low Capacity-Baseline-Recycling Medium",2476.95284830737
2022,"ASEAN","Ambitious-Double LFP-Baseline-Baseline-Baseline",2476.48340197871
2022,"ASEAN","Ambitious-Double NMC 811-Baseline-Baseline-Baseline",2476.48340197871
2022,"ASEAN","Ambitious-Sodium Battery adoption-Baseline-Baseline-Baseline",2476.48340197871
2022,"ASEAN","Ambitious-Solid State adoption-Baseline-Baseline-Baseline",2476.48340197871
2022,"Africa","Ambitious-Baseline-Baseline-Baseline-Baseline",1541.58315370035
2022,"Africa","Ambitious-Baseline-Baseline-Baseline-Enhanced SSPS",1541.52162833177
2022,"Africa","Ambitious-Baseline-Baseline-Baseline-Enhanced recycling",1541.64467906892
2022,"Africa","Ambitious-Baseline-Baseline-Baseline-USA Recycling",1541.58315370035
2022,"Africa","Ambitious-Baseline-High Capacity-Baseline-Baseline",1541.58315370035
2022,"Africa","Ambitious-Baseline-Low Capacity-Baseline-Baseline",1541.58315370035
2022,"Africa","Ambitious-Baseline-Low Capacity-Baseline-Recycling Medium",1541.64467906892
2022,"Africa","Ambitious-Double LFP-Baseline-Baseline-Baseline",1541.58315370035
2022,"Africa","Ambitious-Double NMC 811-Baseline-Baseline-Baseline",1541.58315370035
2022,"Africa","Ambitious-Sodium Battery adoption-Baseline-Baseline-Baseline",1541.58315370035
2022,"Africa","Ambitious-Solid State adoption-Baseline-Baseline-Baseline",1541.58315370035
2022,"Australia/NZ","Ambitious-Baseline-Baseline-Baseline-Baseline",2418.66244905352
2022,"Australia/NZ","Ambitious-Baseline-Baseline-Baseline-Enhanced SSPS",2418.34165757014
2022,"Australia/NZ","Ambitious-Baseline-Baseline-Baseline-Enhanced recycling",2418.98324053689
2022,"Australia/NZ","Ambitious-Baseline-Baseline-Baseline-USA Recycling",2418.66244905352
2022,"Australia/NZ","Ambitious-Baseline-High Capacity-Baseline-Baseline",2418.66244905352
2022,"Australia/NZ","Ambitious-Baseline-Low Capacity-Baseline-Baseline",2418.66244905352
2022,"Australia/NZ","Ambitious-Baseline-Low Capacity-Baseline-Recycling Medium",2418.98324053689
2022,"Australia/NZ","Ambitious-Double LFP-Baseline-Baseline-Baseline",2418.66244905352
2022,"Australia/NZ","Ambitious-Double NMC 811-Baseline-Baseline-Baseline",2418.66244905352
2022,"Australia/NZ","Ambitious-Sodium Battery adoption-Baseline-Baseline-Baseline",2418.66244905352
2022,"Australia/NZ","Ambitious-Solid State adoption-Baseline-Baseline-Baseline",2418.66244905352
2022,"Brazil","Ambitious-Baseline-Baseline-Baseline-Baseline",648.537707237617
2022,"Brazil","Ambitious-Baseline-Baseline-Baseline-Enhanced SSPS",648.467361494889
2022,"Brazil","Ambitious-Baseline-Baseline-Baseline-Enhanced recycling",648.608052980344
2022,"Brazil","Ambitious-Baseline-Baseline-Baseline-USA Recycling",648.537707237617
2022,"Brazil","Ambitious-Baseline-High Capacity-Baseline-Baseline",648.537707237617
2022,"Brazil","Ambitious-Baseline-Low Capacity-Baseline-Baseline",648.537707237617
2022,"Brazil","Ambitious-Baseline-Low Capacity-Baseline-Recycling Medium",648.608052980344
2022,"Brazil","Ambitious-Double LFP-Baseline-Baseline-Baseline",648.537707237617
2022,"Brazil","Ambitious-Double NMC 811-Baseline-Baseline-Baseline",648.537707237617
2022,"Brazil","Ambitious-Sodium Battery adoption-Baseline-Baseline-Baseline",648.537707237617
2022,"Brazil","Ambitious-Solid State adoption-Baseline-Baseline-Baseline",648.537707237617
2022,"Canada","Ambitious-Baseline-Baseline-Baseline-Baseline",4205.62661031151
2022,"Canada","Ambitious-Baseline-Baseline-Baseline-Enhanced SSPS",4204.46508939891
2022,"Canada","Ambitious-Baseline-Baseline-Baseline-Enhanced recycling",4206.78813122411
2022,"Canada","Ambitious-Baseline-Baseline-Baseline-USA Recycling",4205.62661031151
2022,"Canada","Ambitious-Baseline-High Capacity-Baseline-Baseline",4205.62661031151
2022,"Canada","Ambitious-Baseline-Low Capacity-Baseline-Baseline",4205.62661031151
2022,"Canada","Ambitious-Baseline-Low Capacity-Baseline-Recycling Medium",4206.78813122411
2022,"Canada","Ambitious-Double LFP-Baseline-Baseline-Baseline",4205.62661031151
2022,"Canada","Ambitious-Double NMC 811-Baseline-Baseline-Baseline",4205.62661031151
2022,"Canada","Ambitious-Sodium Battery adoption-Baseline-Baseline-Baseline",4205.62661031151
2022,"Canada","Ambitious-Solid State adoption-Baseline-Baseline-Baseline",4205.62661031151
2022,"China","Ambitious-Baseline-Baseline-Baseline-Baseline",231882.491027332
2022,"China","Ambitious-Baseline-Baseline-Baseline-Enhanced SSPS",231827.073171663
2022,"China","Ambitious-Baseline-Baseline-Baseline-Enhanced recycling",231937.908883001
2022,"China","Ambitious-Baseline-Baseline-Baseline-USA Recycling",231882.491027332
2022,"China","Ambitious-Baseline-High Capacity-Baseline-Baseline",231882.491027332
2022,"China","Ambitious-Baseline-Low Capacity-Baseline-Baseline",231882.491027332
2022,"China","Ambitious-Baseline-Low Capacity-Baseline-Recycling Medium",231937.908883001
2022,"China","Ambitious-Double LFP-Baseline-Baseline-Baseline",231882.491027332
2022,"China","Ambitious-Double NMC 811-Baseline-Baseline-Baseline",231882.491027332
2022,"China","Ambitious-Sodium Battery adoption-Baseline-Baseline-Baseline",231882.491027332
2022,"China","Ambitious-Solid State adoption-Baseline-Baseline-Baseline",231882.491027332
2022,"EFTA","Ambitious-Baseline-Baseline-Baseline-Baseline",9162.14753332305
2022,"EFTA","Ambitious-Baseline-Baseline-Baseline-Enhanced SSPS",9159.12356628072
2022,"EFTA","Ambitious-Baseline-Baseline-Baseline-Enhanced recycling",9165.17150036537
2022,"EFTA","Ambitious-Baseline-Baseline-Baseline-USA Recycling",9162.14753332305
2022,"EFTA","Ambitious-Baseline-High Capacity-Baseline-Baseline",9162.14753332305
2022,"EFTA","Ambitious-Baseline-Low Capacity-Baseline-Baseline",9162.14753332305
2022,"EFTA","Ambitious-Baseline-Low Capacity-Baseline-Recycling Medium",9165.17150036537
2022,"EFTA","Ambitious-Double LFP-Baseline-Baseline-Baseline",9162.14753332305
2022,"EFTA","Ambitious-Double NMC 811-Baseline-Baseline-Baseline",9162.14753332305
2022,"EFTA","Ambitious-Sodium Battery adoption-Baseline-Baseline-Baseline",9162.14753332305
2022,"EFTA","Ambitious-Solid State adoption-Baseline-Baseline-Baseline",9162.14753332305
2022,"European Union","Ambitious-Baseline-Baseline-Baseline-Baseline",52697.9854294786
2022,"European Union","Ambitious-Baseline-Baseline-Baseline-Enhanced SSPS",52686.3899521502
2022,"European Union","Ambitious-Baseline-Baseline-Baseline-Enhanced recycling",52709.5809068069
2022,"European Union","Ambitious-Baseline-Baseline-Baseline-USA Recycling",52697.9854294786
2022,"European Union","Ambitious-Baseline-High Capacity-Baseline-Baseline",52697.9854294786
2022,"European Union","Ambitious-Baseline-Low Capacity-Baseline-Baseline",52697.9854294786
2022,"European Union","Ambitious-Baseline-Low Capacity-Baseline-Recycling Medium",52709.5809068069
2022,"European Union","Ambitious-Double LFP-Baseline-Baseline-Baseline",52697.9854294786
2022,"European Union","Ambitious-Double NMC 811-Baseline-Baseline-Baseline",52697.9854294786
2022,"European Union","Ambitious-Sodium Battery adoption-Baseline-Baseline-Baseline",52697.9854294786
2022,"European Union","Ambitious-Solid State adoption-Baseline-Baseline-Baseline",52697.9854294786
2022,"India","Ambitious-Baseline-Baseline-Baseline-Baseline",3578.85483848186
2022,"India","Ambitious-Baseline-Baseline-Baseline-Enhanced SSPS",3577.84486209825
2022,"India","Ambitious-Baseline-Baseline-Baseline-Enhanced recycling",3579.86481486548
2022,"India","Ambitious-Baseline-Baseline-Baseline-USA Recycling",3578.85483848186
2022,"India","Ambitious-Baseline-High Capacity-Baseline-Baseline",3578.85483848186
2022,"India","Ambitious-Baseline-Low Capacity-Baseline-Baseline",3578.85483848186
2022,"India","Ambitious-Baseline-Low Capacity-Baseline-Recycling Medium",3579.86481486548
2022,"India","Ambitious-Double LFP-Baseline-Baseline-Baseline",3578.85483848186
2022,"India","Ambitious-Double NMC 811-Baseline-Baseline-Baseline",3578.85483848186
2022,"India","Ambitious-Sodium Battery adoption-Baseline-Baseline-Baseline",3578.85483848186
2022,"India","Ambitious-Solid State adoption-Baseline-Baseline-Baseline",3578.85483848186
2022,"Japan","Ambitious-Baseline-Baseline-Baseline-Baseline",3333.25938894169
2022,"Japan","Ambitious-Baseline-Baseline-Baseline-Enhanced SSPS",3332.35650722773
2022,"Japan","Ambitious-Baseline-Baseline-Baseline-Enhanced recycling",3334.16227065565
2022,"Japan","Ambitious-Baseline-Baseline-Baseline-USA Recycling",3333.25938894169
2022,"Japan","Ambitious-Baseline-High Capacity-Baseline-Baseline",3333.25938894169
2022,"Japan","Ambitious-Baseline-Low Capacity-Baseline-Baseline",3333.25938894169
2022,"Japan","Ambitious-Baseline-Low Capacity-Baseline-Recycling Medium",3334.16227065565
2022,"Japan","Ambitious-Double LFP-Baseline-Baseline-Baseline",3333.25938894169
2022,"Japan","Ambitious-Double NMC 811-Baseline-Baseline-Baseline",3333.25938894169
2022,"Japan","Ambitious-Sodium Battery adoption-Baseline-Baseline-Baseline",3333.25938894169
2022,"Japan","Ambitious-Solid State adoption-Baseline-Baseline-Baseline",3333.25938894169
2022,"Mexico","Ambitious-Baseline-Baseline-Baseline-Baseline",1299.78560325724
2022,"Mexico","Ambitious-Baseline-Baseline-Baseline-Enhanced SSPS",1299.78560325724
2022,"Mexico","Ambitious-Baseline-Baseline-Baseline-Enhanced recycling",1299.78560325724
2022,"Mexico","Ambitious-Baseline-Baseline-Baseline-USA Recycling",1299.78560325724
2022,"Mexico","Ambitious-Baseline-High Capacity-Baseline-Baseline",1299.78560325724
2022,"Mexico","Ambitious-Baseline-Low Capacity-Baseline-Baseline",1299.78560325724
2022,"Mexico","Ambitious-Baseline-Low Capacity-Baseline-Recycling Medium",1299.78560325724
2022,"Mexico","Ambitious-Double LFP-Baseline-Baseline-Baseline",1299.78560325724
2022,"Mexico","Ambitious-Double NMC 811-Baseline-Baseline-Baseline",1299.78560325724
2022,"Mexico","Ambitious-Sodium Battery adoption-Baseline-Baseline-Baseline",1299.78560325724
2022,"Mexico","Ambitious-Solid State adoption-Baseline-Baseline-Baseline",1299.78560325724
2022,"Middle East","Ambitious-Baseline-Baseline-Baseline-Baseline",4822.57179451724
2022,"Middle East","Ambitious-Baseline-Baseline-Baseline-Enhanced SSPS",4822.23110446663
2022,"Middle East","Ambitious-Baseline-Baseline-Baseline-Enhanced recycling",4822.91248456786
2022,"Middle East","Ambitious-Baseline-Baseline-Baseline-USA Recycling",4822.57179451724
2022,"Middle East","Ambitious-Baseline-High Capacity-Baseline-Baseline",4822.57179451724
2022,"Middle East","Ambitious-Baseline-Low Capacity-Baseline-Baseline",4822.57179451724
2022,"Middle East","Ambitious-Baseline-Low Capacity-Baseline-Recycling Medium",4822.91248456786
2022,"Middle East","Ambitious-Double LFP-Baseline-Baseline-Baseline",4822.57179451724
2022,"Middle East","Ambitious-Double NMC 811-Baseline-Baseline-Baseline",4822.57179451724
2022,"Middle East","Ambitious-Sodium Battery adoption-Baseline-Baseline-Baseline",4822.57179451724
2022,"Middle East","Ambitious-Solid State adoption-Baseline-Baseline-Baseline",4822.57179451724
2022,"Other Asia Pacific","Ambitious-Baseline-Baseline-Baseline-Baseline",1094.55634895439
2022,"Other Asia Pacific","Ambitious-Baseline-Baseline-Baseline-Enhanced SSPS",1094.45063403664
2022,"Other Asia Pacific","Ambitious-Baseline-Baseline-Baseline-Enhanced recycling",1094.66206387213
2022,"Other Asia Pacific","Ambitious-Baseline-Baseline-Baseline-USA Recycling",1094.55634895439
2022,"Other Asia Pacific","Ambitious-Baseline-High Capacity-Baseline-Baseline",1094.55634895439
2022,"Other Asia Pacific","Ambitious-Baseline-Low Capacity-Baseline-Baseline",1094.55634895439
2022,"Other Asia Pacific","Ambitious-Baseline-Low Capacity-Baseline-Recycling Medium",1094.66206387213
2022,"Other Asia Pacific","Ambitious-Double LFP-Baseline-Baseline-Baseline",1094.55634895439
2022,"Other Asia Pacific","Ambitious-Double NMC 811-Baseline-Baseline-Baseline",1094.55634895439
2022,"Other Asia Pacific","Ambitious-Sodium Battery adoption-Baseline-Baseline-Baseline",1094.55634895439
2022,"Other Asia Pacific","Ambitious-Solid State adoption-Baseline-Baseline-Baseline",1094.55634895439
2022,"Other Europe","Ambitious-Baseline-Baseline-Baseline-Baseline",3096.25048266162
2022,"Other Europe","Ambitious-Baseline-Baseline-Baseline-Enhanced SSPS",3096.07740136931
2022,"Other Europe","Ambitious-Baseline-Baseline-Baseline-Enhanced recycling",3096.42356395392
2022,"Other Europe","Ambitious-Baseline-Baseline-Baseline-USA Recycling",3096.25048266162
2022,"Other Europe","Ambitious-Baseline-High Capacity-Baseline-Baseline",3096.25048266162
2022,"Other Europe","Ambitious-Baseline-Low Capacity-Baseline-Baseline",3096.25048266162
2022,"Other Europe","Ambitious-Baseline-Low Capacity-Baseline-Recycling Medium",3096.42356395392
2022,"Other Europe","Ambitious-Double LFP-Baseline-Baseline-Baseline",3096.25048266162
2022,"Other Europe","Ambitious-Double NMC 811-Baseline-Baseline-Baseline",3096.25048266162
2022,"Other Europe","Ambitious-Sodium Battery adoption-Baseline-Baseline-Baseline",3096.25048266162
2022,"Other Europe","Ambitious-Solid State adoption-Baseline-Baseline-Baseline",3096.25048266162
2022,"Other Latin America and Caribbean","Ambitious-Baseline-Baseline-Baseline-Baseline",7385.72190204623
2022,"Other Latin America and Caribbean","Ambitious-Baseline-Baseline-Baseline-Enhanced SSPS",7385.24683023363
2022,"Other Latin America and Caribbean","Ambitious-Baseline-Baseline-Baseline-Enhanced recycling",7386.19697385883
2022,"Other Latin America and Caribbean","Ambitious-Baseline-Baseline-Baseline-USA Recycling",7385.72190204623
2022,"Other Latin America and Caribbean","Ambitious-Baseline-High Capacity-Baseline-Baseline",7385.72190204623
2022,"Other Latin America and Caribbean","Ambitious-Baseline-Low Capacity-Baseline-Baseline",7385.72190204623
2022,"Other Latin America and Caribbean","Ambitious-Baseline-Low Capacity-Baseline-Recycling Medium",7386.19697385883
2022,"Other Latin America and Caribbean","Ambitious-Double LFP-Baseline-Baseline-Baseline",7385.72190204623
2022,"Other Latin America and Caribbean","Ambitious-Double NMC 811-Baseline-Baseline-Baseline",7385.72190204623
2022,"Other Latin America and Caribbean","Ambitious-Sodium Battery adoption-Baseline-Baseline-Baseline",7385.72190204623
2022,"Other Latin America and Caribbean","Ambitious-Solid State adoption-Baseline-Baseline-Baseline",7385.72190204623
2022,"South Korea","Ambitious-Baseline-Baseline-Baseline-Baseline",5137.00702479607
2022,"South Korea","Ambitious-Baseline-Baseline-Baseline-Enhanced SSPS",5135.40304570892
2022,"South Korea","Ambitious-Baseline-Baseline-Baseline-Enhanced recycling",5138.61100388322
2022,"South Korea","Ambitious-Baseline-Baseline-Baseline-USA Recycling",5137.00702479607
2022,"South Korea","Ambitious-Baseline-High Capacity-Baseline-Baseline",5137.00702479607
2022,"South Korea","Ambitious-Baseline-Low Capacity-Baseline-Baseline",5137.00702479607
2022,"South Korea","Ambitious-Baseline-Low Capacity-Baseline-Recycling Medium",5138.61100388322
2022,"South Korea","Ambitious-Double LFP-Baseline-Baseline-Baseline",5137.00702479607
2022,"South Korea","Ambitious-Double NMC 811-Baseline-Baseline-Baseline",5137.00702479607
2022,"South Korea","Ambitious-Sodium Battery adoption-Baseline-Baseline-Baseline",5137.00702479607
2022,"South Korea","Ambitious-Solid State adoption-Baseline-Baseline-Baseline",5137.00702479607
2022,"United Kingdom","Ambitious-Baseline-Baseline-Baseline-Baseline",13249.3116100512
2022,"United Kingdom","Ambitious-Baseline-Baseline-Baseline-Enhanced SSPS",13246.8493928756
2022,"United Kingdom","Ambitious-Baseline-Baseline-Baseline-Enhanced recycling",13251.7738272268
2022,"United Kingdom","Ambitious-Baseline-Baseline-Baseline-USA Recycling",13249.3116100512
2022,"United Kingdom","Ambitious-Baseline-High Capacity-Baseline-Baseline",13249.3116100512
2022,"United Kingdom","Ambitious-Baseline-Low Capacity-Baseline-Baseline",13249.3116100512
2022,"United Kingdom","Ambitious-Baseline-Low Capacity-Baseline-Recycling Medium",13251.7738272268
2022,"United Kingdom","Ambitious-Double LFP-Baseline-Baseline-Baseline",13249.3116100512
2022,"United Kingdom","Ambitious-Double NMC 811-Baseline-Baseline-Baseline",13249.3116100512
2022,"United Kingdom","Ambitious-Sodium Battery adoption-Baseline-Baseline-Baseline",13249.3116100512
2022,"United Kingdom","Ambitious-Solid State adoption-Baseline-Baseline-Baseline",13249.3116100512
2022,"United States","Ambitious-Baseline-Baseline-Baseline-Baseline",38344.9744905178
2022,"United States","Ambitious-Baseline-Baseline-Baseline-Enhanced SSPS",38334.7669699689
2022,"United States","Ambitious-Baseline-Baseline-Baseline-Enhanced recycling",38355.1820110668
2022,"United States","Ambitious-Baseline-Baseline-Baseline-USA Recycling",38344.9744905178
2022,"United States","Ambitious-Baseline-High Capacity-Baseline-Baseline",38344.9744905178
2022,"United States","Ambitious-Baseline-Low Capacity-Baseline-Baseline",38344.9744905178
2022,"United States","Ambitious-Baseline-Low Capacity-Baseline-Recycling Medium",38355.1820110668
2022,"United States","Ambitious-Double LFP-Baseline-Baseline-Baseline",38344.9744905178
2022,"United States","Ambitious-Double NMC 811-Baseline-Baseline-Baseline",38344.9744905178
2022,"United States","Ambitious-Sodium Battery adoption-Baseline-Baseline-Baseline",38344.9744905178
2022,"United States","Ambitious-Solid State adoption-Baseline-Baseline-Baseline",38344.9744905178
2023,"ASEAN","Ambitious-Baseline-Baseline-Baseline-Baseline",3906.86230557272
2023,"ASEAN","Ambitious-Baseline-Baseline-Baseline-Enhanced SSPS",3907.11169203285
2023,"ASEAN","Ambitious-Baseline-Baseline-Baseline-Enhanced recycling",3906.01198678415
2023,"ASEAN","Ambitious-Baseline-Baseline-Baseline-USA Recycling",3906.86230557272
2023,"ASEAN","Ambitious-Baseline-High Capacity-Baseline-Baseline",4039.61395457605
2023,"ASEAN","Ambitious-Baseline-Low Capacity-Baseline-Baseline",3837.14669215622
2023,"ASEAN","Ambitious-Baseline-Low Capacity-Baseline-Recycling Medium",3836.29637336765
2023,"ASEAN","Ambitious-Double LFP-Baseline-Baseline-Baseline",3944.86091689311
2023,"ASEAN","Ambitious-Double NMC 811-Baseline-Baseline-Baseline",3902.1125545319
2023,"ASEAN","Ambitious-Sodium Battery adoption-Baseline-Baseline-Baseline",3906.86230557272
2023,"ASEAN","Ambitious-Solid State adoption-Baseline-Baseline-Baseline",3906.86230557272
2023,"Africa","Ambitious-Baseline-Baseline-Baseline-Baseline",2413.42066512757
2023,"Africa","Ambitious-Baseline-Baseline-Baseline-Enhanced SSPS",2413.46750506895
2023,"Africa","Ambitious-Baseline-Baseline-Baseline-Enhanced recycling",2413.17966241976
2023,"Africa","Ambitious-Baseline-Baseline-Baseline-USA Recycling",2413.42066512757
2023,"Africa","Ambitious-Baseline-High Capacity-Baseline-Baseline",2488.41067615888
2023,"Africa","Ambitious-Baseline-Low Capacity-Baseline-Baseline",2373.48939074982
2023,"Africa","Ambitious-Baseline-Low Capacity-Baseline-Recycling Medium",2373.24838804201
2023,"Africa","Ambitious-Double LFP-Baseline-Baseline-Baseline",2414.13512059701
2023,"Africa","Ambitious-Double NMC 811-Baseline-Baseline-Baseline",2410.65353696203
2023,"Africa","Ambitious-Sodium Battery adoption-Baseline-Baseline-Baseline",2413.42066512757
2023,"Africa","Ambitious-Solid State adoption-Baseline-Baseline-Baseline",2413.42066512757
2023,"Australia/NZ","Ambitious-Baseline-Baseline-Baseline-Baseline",3689.2339902274
2023,"Australia/NZ","Ambitious-Baseline-Baseline-Baseline-Enhanced SSPS",3689.41963147259
2023,"Australia/NZ","Ambitious-Baseline-Baseline-Baseline-Enhanced recycling",3688.79133910604
2023,"Australia/NZ","Ambitious-Baseline-Baseline-Baseline-USA Recycling",3689.2339902274
2023,"Australia/NZ","Ambitious-Baseline-High Capacity-Baseline-Baseline",3769.33743126842
2023,"Australia/NZ","Ambitious-Baseline-Low Capacity-Baseline-Baseline",3600.72661778343
2023,"Australia/NZ","Ambitious-Baseline-Low Capacity-Baseline-Recycling Medium",3600.28396666207
2023,"Australia/NZ","Ambitious-Double LFP-Baseline-Baseline-Baseline",3703.54876963877
2023,"Australia/NZ","Ambitious-Double NMC 811-Baseline-Baseline-Baseline",3687.55081725101
2023,"Australia/NZ","Ambitious-Sodium Battery adoption-Baseline-Baseline-Baseline",3689.2339902274
2023,"Australia/NZ","Ambitious-Solid State adoption-Baseline-Baseline-Baseline",3689.2339902274
2023,"Brazil","Ambitious-Baseline-Baseline-Baseline-Baseline",1722.62341116934
2023,"Brazil","Ambitious-Baseline-Baseline-Baseline-Enhanced SSPS",1722.44993180504
2023,"Brazil","Ambitious-Baseline-Baseline-Baseline-Enhanced recycling",1722.66666892442
2023,"Brazil","Ambitious-Baseline-Baseline-Baseline-USA Recycling",1722.62341116934
2023,"Brazil","Ambitious-Baseline-High Capacity-Baseline-Baseline",1764.21866228654
2023,"Brazil","Ambitious-Baseline-Low Capacity-Baseline-Baseline",1698.50864784793
2023,"Brazil","Ambitious-Baseline-Low Capacity-Baseline-Recycling Medium",1698.54690012727
2023,"Brazil","Ambitious-Double LFP-Baseline-Baseline-Baseline",1728.09074521979
2023,"Brazil","Ambitious-Double NMC 811-Baseline-Baseline-Baseline",1719.4874957203
2023,"Brazil","Ambitious-Sodium Battery adoption-Baseline-Baseline-Baseline",1722.62341116934
2023,"Brazil","Ambitious-Solid State adoption-Baseline-Baseline-Baseline",1722.62341116934
2023,"Canada","Ambitious-Baseline-Baseline-Baseline-Baseline",4447.04458477313
2023,"Canada","Ambitious-Baseline-Baseline-Baseline-Enhanced SSPS",4447.68258195656
2023,"Canada","Ambitious-Baseline-Baseline-Baseline-Enhanced recycling",4445.45310714069
2023,"Canada","Ambitious-Baseline-Baseline-Baseline-USA Recycling",4447.04458477313
2023,"Canada","Ambitious-Baseline-High Capacity-Baseline-Baseline",4520.21079923724
2023,"Canada","Ambitious-Baseline-Low Capacity-Baseline-Baseline",4327.57107668001
2023,"Canada","Ambitious-Baseline-Low Capacity-Baseline-Recycling Medium",4325.97959904757
2023,"Canada","Ambitious-Double LFP-Baseline-Baseline-Baseline",4454.71191177625
2023,"Canada","Ambitious-Double NMC 811-Baseline-Baseline-Baseline",4440.07175356265
2023,"Canada","Ambitious-Sodium Battery adoption-Baseline-Baseline-Baseline",4447.04458477313
2023,"Canada","Ambitious-Solid State adoption-Baseline-Baseline-Baseline",4447.04458477313
2023,"China","Ambitious-Baseline-Baseline-Baseline-Baseline",251467.420669586
2023,"China","Ambitious-Baseline-Baseline-Baseline-Enhanced SSPS",251518.842057013
2023,"China","Ambitious-Baseline-Baseline-Baseline-Enhanced recycling",251415.999282158
2023,"China","Ambitious-Baseline-Baseline-Baseline-USA Recycling",251467.420669586
2023,"China","Ambitious-Baseline-High Capacity-Baseline-Baseline",263185.789188555
2023,"China","Ambitious-Baseline-Low Capacity-Baseline-Baseline",247033.593873192
2023,"China","Ambitious-Baseline-Low Capacity-Baseline-Recycling Medium",246982.172485764
2023,"China","Ambitious-Double LFP-Baseline-Baseline-Baseline",255094.292424544
2023,"China","Ambitious-Double NMC 811-Baseline-Baseline-Baseline",250783.150291055
2023,"China","Ambitious-Sodium Battery adoption-Baseline-Baseline-Baseline",251467.420669586
2023,"China","Ambitious-Solid State adoption-Baseline-Baseline-Baseline",251467.420669586
2023,"EFTA","Ambitious-Baseline-Baseline-Baseline-Baseline",10286.4233411844
2023,"EFTA","Ambitious-Baseline-Baseline-Baseline-Enhanced SSPS",10283.1132362031
2023,"EFTA","Ambitious-Baseline-Baseline-Baseline-Enhanced recycling",10286.8581280619
2023,"EFTA","Ambitious-Baseline-Baseline-Baseline-USA Recycling",10286.4233411844
2023,"EFTA","Ambitious-Baseline-High Capacity-Baseline-Baseline",10452.7499396165
2023,"EFTA","Ambitious-Baseline-Low Capacity-Baseline-Baseline",10029.4244364945
2023,"EFTA","Ambitious-Baseline-Low Capacity-Baseline-Recycling Medium",10029.8497764355
2023,"EFTA","Ambitious-Double LFP-Baseline-Baseline-Baseline",10291.4912994828
2023,"EFTA","Ambitious-Double NMC 811-Baseline-Baseline-Baseline",10280.8721976571
2023,"EFTA","Ambitious-Sodium Battery adoption-Baseline-Baseline-Baseline",10286.4233411844
2023,"EFTA","Ambitious-Solid State adoption-Baseline-Baseline-Baseline",10286.4233411844
2023,"European Union","Ambitious-Baseline-Baseline-Baseline-Baseline",91943.2602580907
2023,"European Union","Ambitious-Baseline-Baseline-Baseline-Enhanced SSPS",91932.5314457887
2023,"European Union","Ambitious-Baseline-Baseline-Baseline-Enhanced recycling",91953.9890703927
2023,"European Union","Ambitious-Baseline-Baseline-Baseline-USA Recycling",91943.2602580907
2023,"European Union","Ambitious-Baseline-High Capacity-Baseline-Baseline",94626.3570244502
2023,"European Union","Ambitious-Baseline-Low Capacity-Baseline-Baseline",90455.7070800563
2023,"European Union","Ambitious-Baseline-Low Capacity-Baseline-Recycling Medium",90466.3690966784
2023,"European Union","Ambitious-Double LFP-Baseline-Baseline-Baseline",91982.9999114799
2023,"European Union","Ambitious-Double NMC 811-Baseline-Baseline-Baseline",91886.7588264625
2023,"European Union","Ambitious-Sodium Battery adoption-Baseline-Baseline-Baseline",91943.2602580907
2023,"European Union","Ambitious-Solid State adoption-Baseline-Baseline-Baseline",91943.2602580907
2023,"India","Ambitious-Baseline-Baseline-Baseline-Baseline",9894.60003253938
2023,"India","Ambitious-Baseline-Baseline-Baseline-Enhanced SSPS",9892.00122034678
2023,"India","Ambitious-Baseline-Baseline-Baseline-Enhanced recycling",9895.776416411
2023,"India","Ambitious-Baseline-Baseline-Baseline-USA Recycling",9894.60003253938
2023,"India","Ambitious-Baseline-High Capacity-Baseline-Baseline",10310.4955549472
2023,"India","Ambitious-Baseline-Low Capacity-Baseline-Baseline",9805.29529490581
2023,"India","Ambitious-Baseline-Low Capacity-Baseline-Recycling Medium",9806.36901525151
2023,"India","Ambitious-Double LFP-Baseline-Baseline-Baseline",9894.76830055407
2023,"India","Ambitious-Double NMC 811-Baseline-Baseline-Baseline",9888.0615591469
2023,"India","Ambitious-Sodium Battery adoption-Baseline-Baseline-Baseline",9894.60003253938
2023,"India","Ambitious-Solid State adoption-Baseline-Baseline-Baseline",9894.60003253938
2023,"Japan","Ambitious-Baseline-Baseline-Baseline-Baseline",14869.5554373879
2023,"Japan","Ambitious-Baseline-Baseline-Baseline-Enhanced SSPS",14870.0574453432
2023,"Japan","Ambitious-Baseline-Baseline-Baseline-Enhanced recycling",14867.9977557097
2023,"Japan","Ambitious-Baseline-Baseline-Baseline-USA Recycling",14869.5554373879
2023,"Japan","Ambitious-Baseline-High Capacity-Baseline-Baseline",15562.9554485443
2023,"Japan","Ambitious-Baseline-Low Capacity-Baseline-Baseline",14758.142035648
2023,"Japan","Ambitious-Baseline-Low Capacity-Baseline-Recycling Medium",14756.5843539699
2023,"Japan","Ambitious-Double LFP-Baseline-Baseline-Baseline",14872.9649054102
2023,"Japan","Ambitious-Double NMC 811-Baseline-Baseline-Baseline",14828.1623614042
2023,"Japan","Ambitious-Sodium Battery adoption-Baseline-Baseline-Baseline",14869.5554373879
2023,"Japan","Ambitious-Solid State adoption-Baseline-Baseline-Baseline",14869.5554373879
2023,"Mexico","Ambitious-Baseline-Baseline-Baseline-Baseline",3532.26447651995
2023,"Mexico","Ambitious-Baseline-Baseline-Baseline-Enhanced SSPS",3532.06257372876
2023,"Mexico","Ambitious-Baseline-Baseline-Baseline-Enhanced recycling",3532.37174744011
2023,"Mexico","Ambitious-Baseline-Baseline-Baseline-USA Recycling",3532.26447651995
2023,"Mexico","Ambitious-Baseline-High Capacity-Baseline-Baseline",3581.45516075478
2023,"Mexico","Ambitious-Baseline-Low Capacity-Baseline-Baseline",3491.45030651162
2023,"Mexico","Ambitious-Baseline-Low Capacity-Baseline-Recycling Medium",3491.55398194792
2023,"Mexico","Ambitious-Double LFP-Baseline-Baseline-Baseline",3533.36470389459
2023,"Mexico","Ambitious-Double NMC 811-Baseline-Baseline-Baseline",3531.17777262027
2023,"Mexico","Ambitious-Sodium Battery adoption-Baseline-Baseline-Baseline",3532.26447651995
2023,"Mexico","Ambitious-Solid State adoption-Baseline-Baseline-Baseline",3532.26447651995
2023,"Middle East","Ambitious-Baseline-Baseline-Baseline-Baseline",7152.09245867741
2023,"Middle East","Ambitious-Baseline-Baseline-Baseline-Enhanced SSPS",7151.34093601979
2023,"Middle East","Ambitious-Baseline-Baseline-Baseline-Enhanced recycling",7152.38408796355
2023,"Middle East","Ambitious-Baseline-Baseline-Baseline-USA Recycling",7152.09245867741
2023,"Middle East","Ambitious-Baseline-High Capacity-Baseline-Baseline",7272.70578794911
2023,"Middle East","Ambitious-Baseline-Low Capacity-Baseline-Baseline",7010.85707898611
2023,"Middle East","Ambitious-Baseline-Low Capacity-Baseline-Recycling Medium",7011.13847855955
2023,"Middle East","Ambitious-Double LFP-Baseline-Baseline-Baseline",7164.42622469216
2023,"Middle East","Ambitious-Double NMC 811-Baseline-Baseline-Baseline",7146.23174591724
2023,"Middle East","Ambitious-Sodium Battery adoption-Baseline-Baseline-Baseline",7152.09245867742
2023,"Middle East","Ambitious-Solid State adoption-Baseline-Baseline-Baseline",7152.09245867742
2023,"Other Asia Pacific","Ambitious-Baseline-Baseline-Baseline-Baseline",1249.77719721297
2023,"Other Asia Pacific","Ambitious-Baseline-Baseline-Baseline-Enhanced SSPS",1249.83765711412
2023,"Other Asia Pacific","Ambitious-Baseline-Baseline-Baseline-Enhanced recycling",1249.5237816718
2023,"Other Asia Pacific","Ambitious-Baseline-Baseline-Baseline-USA Recycling",1249.77719721297
2023,"Other Asia Pacific","Ambitious-Baseline-High Capacity-Baseline-Baseline",1291.56014476513
2023,"Other Asia Pacific","Ambitious-Baseline-Low Capacity-Baseline-Baseline",1222.7137316382
2023,"Other Asia Pacific","Ambitious-Baseline-Low Capacity-Baseline-Recycling Medium",1222.46031609702
2023,"Other Asia Pacific","Ambitious-Double LFP-Baseline-Baseline-Baseline",1250.00372873216
2023,"Other Asia Pacific","Ambitious-Double NMC 811-Baseline-Baseline-Baseline",1247.40509109908
2023,"Other Asia Pacific","Ambitious-Sodium Battery adoption-Baseline-Baseline-Baseline",1249.77719721297
2023,"Other Asia Pacific","Ambitious-Solid State adoption-Baseline-Baseline-Baseline",1249.77719721297
2023,"Other Europe","Ambitious-Baseline-Baseline-Baseline-Baseline",5357.4294535098
2023,"Other Europe","Ambitious-Baseline-Baseline-Baseline-Enhanced SSPS",5357.09366205699
2023,"Other Europe","Ambitious-Baseline-Baseline-Baseline-Enhanced recycling",5357.2670458045
2023,"Other Europe","Ambitious-Baseline-Baseline-Baseline-USA Recycling",5357.4294535098
2023,"Other Europe","Ambitious-Baseline-High Capacity-Baseline-Baseline",5442.2521506925
2023,"Other Europe","Ambitious-Baseline-Low Capacity-Baseline-Baseline",5276.63267681748
2023,"Other Europe","Ambitious-Baseline-Low Capacity-Baseline-Recycling Medium",5276.46305316272
2023,"Other Europe","Ambitious-Double LFP-Baseline-Baseline-Baseline",5358.89042382716
2023,"Other Europe","Ambitious-Double NMC 811-Baseline-Baseline-Baseline",5348.73786001336
2023,"Other Europe","Ambitious-Sodium Battery adoption-Baseline-Baseline-Baseline",5357.4294535098
2023,"Other Europe","Ambitious-Solid State adoption-Baseline-Baseline-Baseline",5357.4294535098
2023,"Other Latin America and Caribbean","Ambitious-Baseline-Baseline-Baseline-Baseline",11005.7932810319
2023,"Other Latin America and Caribbean","Ambitious-Baseline-Baseline-Baseline-Enhanced SSPS",11004.6877848699
2023,"Other Latin America and Caribbean","Ambitious-Baseline-Baseline-Baseline-Enhanced recycling",11004.3889051756
2023,"Other Latin America and Caribbean","Ambitious-Baseline-Baseline-Baseline-USA Recycling",11005.7932810319
2023,"Other Latin America and Caribbean","Ambitious-Baseline-High Capacity-Baseline-Baseline",11328.5190526898
2023,"Other Latin America and Caribbean","Ambitious-Baseline-Low Capacity-Baseline-Baseline",10722.3209763686
2023,"Other Latin America and Caribbean","Ambitious-Baseline-Low Capacity-Baseline-Recycling Medium",10720.8813137089
2023,"Other Latin America and Caribbean","Ambitious-Double LFP-Baseline-Baseline-Baseline",11078.9237257469
2023,"Other Latin America and Caribbean","Ambitious-Double NMC 811-Baseline-Baseline-Baseline",10999.9992320905
2023,"Other Latin America and Caribbean","Ambitious-Sodium Battery adoption-Baseline-Baseline-Baseline",11005.7932810319
2023,"Other Latin America and Caribbean","Ambitious-Solid State adoption-Baseline-Baseline-Baseline",11005.7932810319
2023,"South Korea","Ambitious-Baseline-Baseline-Baseline-Baseline",5908.37121542353
2023,"South Korea","Ambitious-Baseline-Baseline-Baseline-Enhanced SSPS",5909.23582470176
2023,"South Korea","Ambitious-Baseline-Baseline-Baseline-Enhanced recycling",5906.13799467391
2023,"South Korea","Ambitious-Baseline-Baseline-Baseline-USA Recycling",5908.37121542353
2023,"South Korea","Ambitious-Baseline-High Capacity-Baseline-Baseline",6035.87724421773
2023,"South Korea","Ambitious-Baseline-Low Capacity-Baseline-Baseline",5751.37582574455
2023,"South Korea","Ambitious-Baseline-Low Capacity-Baseline-Recycling Medium",5749.14260499492
2023,"South Korea","Ambitious-Double LFP-Baseline-Baseline-Baseline",5909.71763280327
2023,"South Korea","Ambitious-Double NMC 811-Baseline-Baseline-Baseline",5895.27110945136
2023,"South Korea","Ambitious-Sodium Battery adoption-Baseline-Baseline-Baseline",5908.37121542353
2023,"South Korea","Ambitious-Solid State adoption-Baseline-Baseline-Baseline",5908.37121542353
2023,"United Kingdom","Ambitious-Baseline-Baseline-Baseline-Baseline",17780.9906203087
2023,"United Kingdom","Ambitious-Baseline-Baseline-Baseline-Enhanced SSPS",17778.5242674139
2023,"United Kingdom","Ambitious-Baseline-Baseline-Baseline-Enhanced recycling",17781.2658589693
2023,"United Kingdom","Ambitious-Baseline-Baseline-Baseline-USA Recycling",17780.9906203087
2023,"United Kingdom","Ambitious-Baseline-High Capacity-Baseline-Baseline",18171.9983561948
2023,"United Kingdom","Ambitious-Baseline-Low Capacity-Baseline-Baseline",17399.6047267315
2023,"United Kingdom","Ambitious-Baseline-Low Capacity-Baseline-Recycling Medium",17399.8643784657
2023,"United Kingdom","Ambitious-Double LFP-Baseline-Baseline-Baseline",17789.2183424001
2023,"United Kingdom","Ambitious-Double NMC 811-Baseline-Baseline-Baseline",17770.9332414667
2023,"United Kingdom","Ambitious-Sodium Battery adoption-Baseline-Baseline-Baseline",17780.9906203087
2023,"United Kingdom","Ambitious-Solid State adoption-Baseline-Baseline-Baseline",17780.9906203087
2023,"United States","Ambitious-Baseline-Baseline-Baseline-Baseline",42603.4608416352
2023,"United States","Ambitious-Baseline-Baseline-Baseline-Enhanced SSPS",42609.1148780606
2023,"United States","Ambitious-Baseline-Baseline-Baseline-Enhanced recycling",42587.162293091
2023,"United States","Ambitious-Baseline-Baseline-Baseline-USA Recycling",42593.1761873586
2023,"United States","Ambitious-Baseline-High Capacity-Baseline-Baseline",43070.8747781597
2023,"United States","Ambitious-Baseline-Low Capacity-Baseline-Baseline",41305.5686113055
2023,"United States","Ambitious-Baseline-Low Capacity-Baseline-Recycling Medium",41289.2700627613
2023,"United States","Ambitious-Double LFP-Baseline-Baseline-Baseline",42675.1346583607
2023,"United States","Ambitious-Double NMC 811-Baseline-Baseline-Baseline",42541.745618453
2023,"United States","Ambitious-Sodium Battery adoption-Baseline-Baseline-Baseline",42603.4608416352
2023,"United States","Ambitious-Solid State adoption-Baseline-Baseline-Baseline",42603.4608416352
2024,"ASEAN","Ambitious-Baseline-Baseline-Baseline-Baseline",5460.11473452096
2024,"ASEAN","Ambitious-Baseline-Baseline-Baseline-Enhanced SSPS",5460.75696953041
2024,"ASEAN","Ambitious-Baseline-Baseline-Baseline-Enhanced recycling",5449.15927387503
2024,"ASEAN","Ambitious-Baseline-Baseline-Baseline-USA Recycling",5460.11473452096
2024,"ASEAN","Ambitious-Baseline-High Capacity-Baseline-Baseline",5818.52074632086
2024,"ASEAN","Ambitious-Baseline-Low Capacity-Baseline-Baseline",5261.23125595523
2024,"ASEAN","Ambitious-Baseline-Low Capacity-Baseline-Recycling Medium",5250.5042562536
2024,"ASEAN","Ambitious-Double LFP-Baseline-Baseline-Baseline",5549.75438857875
2024,"ASEAN","Ambitious-Double NMC 811-Baseline-Baseline-Baseline",5446.29859275567
2024,"ASEAN","Ambitious-Sodium Battery adoption-Baseline-Baseline-Baseline",5460.11473452096
2024,"ASEAN","Ambitious-Solid State adoption-Baseline-Baseline-Baseline",5460.11473452096
2024,"Africa","Ambitious-Baseline-Baseline-Baseline-Baseline",4830.3162697681
2024,"Africa","Ambitious-Baseline-Baseline-Baseline-Enhanced SSPS",4829.94942001126
2024,"Africa","Ambitious-Baseline-Baseline-Baseline-Enhanced recycling",4825.2255520039
2024,"Africa","Ambitious-Baseline-Baseline-Baseline-USA Recycling",4830.3162697681
2024,"Africa","Ambitious-Baseline-High Capacity-Baseline-Baseline",5139.83844533214
2024,"Africa","Ambitious-Baseline-Low Capacity-Baseline-Baseline",4680.9723619974
2024,"Africa","Ambitious-Baseline-Low Capacity-Baseline-Recycling Medium",4675.9643655772
2024,"Africa","Ambitious-Double LFP-Baseline-Baseline-Baseline",4834.68700976925
2024,"Africa","Ambitious-Double NMC 811-Baseline-Baseline-Baseline",4814.5955215875
2024,"Africa","Ambitious-Sodium Battery adoption-Baseline-Baseline-Baseline",4830.3162697681
2024,"Africa","Ambitious-Solid State adoption-Baseline-Baseline-Baseline",4830.3162697681
2024,"Australia/NZ","Ambitious-Baseline-Baseline-Baseline-Baseline",5135.05968418372
2024,"Australia/NZ","Ambitious-Baseline-Baseline-Baseline-Enhanced SSPS",5135.40656850604
2024,"Australia/NZ","Ambitious-Baseline-Baseline-Baseline-Enhanced recycling",5127.11180658824
2024,"Australia/NZ","Ambitious-Baseline-Baseline-Baseline-USA Recycling",5135.05968418372
2024,"Australia/NZ","Ambitious-Baseline-High Capacity-Baseline-Baseline",5350.83319084543
2024,"Australia/NZ","Ambitious-Baseline-Low Capacity-Baseline-Baseline",4903.35442975995
2024,"Australia/NZ","Ambitious-Baseline-Low Capacity-Baseline-Recycling Medium",4895.56966814439
2024,"Australia/NZ","Ambitious-Double LFP-Baseline-Baseline-Baseline",5169.92463274011
2024,"Australia/NZ","Ambitious-Double NMC 811-Baseline-Baseline-Baseline",5130.15441388111
2024,"Australia/NZ","Ambitious-Sodium Battery adoption-Baseline-Baseline-Baseline",5135.05968418372
2024,"Australia/NZ","Ambitious-Solid State adoption-Baseline-Baseline-Baseline",5135.05968418372
2024,"Brazil","Ambitious-Baseline-Baseline-Baseline-Baseline",1876.55863437499
2024,"Brazil","Ambitious-Baseline-Baseline-Baseline-Enhanced SSPS",1876.66630708884
2024,"Brazil","Ambitious-Baseline-Baseline-Baseline-Enhanced recycling",1872.68638142013
2024,"Brazil","Ambitious-Baseline-Baseline-Baseline-USA Recycling",1876.55863437499
2024,"Brazil","Ambitious-Baseline-High Capacity-Baseline-Baseline",1991.95118342683
2024,"Brazil","Ambitious-Baseline-Low Capacity-Baseline-Baseline",1810.27822131642
2024,"Brazil","Ambitious-Baseline-Low Capacity-Baseline-Recycling Medium",1806.46821828514
2024,"Brazil","Ambitious-Double LFP-Baseline-Baseline-Baseline",1892.51616874014
2024,"Brazil","Ambitious-Double NMC 811-Baseline-Baseline-Baseline",1865.7253771283
2024,"Brazil","Ambitious-Sodium Battery adoption-Baseline-Baseline-Baseline",1876.55863437499
2024,"Brazil","Ambitious-Solid State adoption-Baseline-Baseline-Baseline",1876.55863437499
2024,"Canada","Ambitious-Baseline-Baseline-Baseline-Baseline",6163.4209370226
2024,"Canada","Ambitious-Baseline-Baseline-Baseline-Enhanced SSPS",6164.19716812293
2024,"Canada","Ambitious-Baseline-Baseline-Baseline-Enhanced recycling",6151.28383252824
2024,"Canada","Ambitious-Baseline-Baseline-Baseline-USA Recycling",6163.4209370226
2024,"Canada","Ambitious-Baseline-High Capacity-Baseline-Baseline",6365.83083994966
2024,"Canada","Ambitious-Baseline-Low Capacity-Baseline-Baseline",5833.17288320916
2024,"Canada","Ambitious-Baseline-Low Capacity-Baseline-Recycling Medium",5821.26354129081
2024,"Canada","Ambitious-Double LFP-Baseline-Baseline-Baseline",6187.14183860928
2024,"Canada","Ambitious-Double NMC 811-Baseline-Baseline-Baseline",6139.47050029061
2024,"Canada","Ambitious-Sodium Battery adoption-Baseline-Baseline-Baseline",6163.4209370226
2024,"Canada","Ambitious-Solid State adoption-Baseline-Baseline-Baseline",6163.4209370226
2024,"China","Ambitious-Baseline-Baseline-Baseline-Baseline",357315.547086147
2024,"China","Ambitious-Baseline-Baseline-Baseline-Enhanced SSPS",357223.498600063
2024,"China","Ambitious-Baseline-Baseline-Baseline-Enhanced recycling",357407.595572233
2024,"China","Ambitious-Baseline-Baseline-Baseline-USA Recycling",357315.547086147
2024,"China","Ambitious-Baseline-High Capacity-Baseline-Baseline",385549.720448808
2024,"China","Ambitious-Baseline-Low Capacity-Baseline-Baseline",346178.444212744
2024,"China","Ambitious-Baseline-Low Capacity-Baseline-Recycling Medium",346264.088642351
2024,"China","Ambitious-Double LFP-Baseline-Baseline-Baseline",364125.325441497
2024,"China","Ambitious-Double NMC 811-Baseline-Baseline-Baseline",355641.449072034
2024,"China","Ambitious-Sodium Battery adoption-Baseline-Baseline-Baseline",357315.547086147
2024,"China","Ambitious-Solid State adoption-Baseline-Baseline-Baseline",357315.547086147
2024,"EFTA","Ambitious-Baseline-Baseline-Baseline-Baseline",10857.2859586529
2024,"EFTA","Ambitious-Baseline-Baseline-Baseline-Enhanced SSPS",10859.9787640229
2024,"EFTA","Ambitious-Baseline-Baseline-Baseline-Enhanced recycling",10826.7087050319
2024,"EFTA","Ambitious-Baseline-Baseline-Baseline-USA Recycling",10857.2859586529
2024,"EFTA","Ambitious-Baseline-High Capacity-Baseline-Baseline",11223.0399577358
2024,"EFTA","Ambitious-Baseline-Low Capacity-Baseline-Baseline",10303.7151641859
2024,"EFTA","Ambitious-Baseline-Low Capacity-Baseline-Recycling Medium",10273.6101209048
2024,"EFTA","Ambitious-Double LFP-Baseline-Baseline-Baseline",10869.147225011
2024,"EFTA","Ambitious-Double NMC 811-Baseline-Baseline-Baseline",10845.5186628899
2024,"EFTA","Ambitious-Sodium Battery adoption-Baseline-Baseline-Baseline",10857.2859586529
2024,"EFTA","Ambitious-Solid State adoption-Baseline-Baseline-Baseline",10857.2859586529
2024,"European Union","Ambitious-Baseline-Baseline-Baseline-Baseline",124953.932567222
2024,"European Union","Ambitious-Baseline-Baseline-Baseline-Enhanced SSPS",124933.665895535
2024,"European Union","Ambitious-Baseline-Baseline-Baseline-Enhanced recycling",124974.19923891
2024,"European Union","Ambitious-Baseline-Baseline-Baseline-USA Recycling",124953.932567222
2024,"European Union","Ambitious-Baseline-High Capacity-Baseline-Baseline",132177.546931918
2024,"European Union","Ambitious-Baseline-Low Capacity-Baseline-Baseline",120987.576258723
2024,"European Union","Ambitious-Baseline-Low Capacity-Baseline-Recycling Medium",121007.597642608
2024,"European Union","Ambitious-Double LFP-Baseline-Baseline-Baseline",125064.879228903
2024,"European Union","Ambitious-Double NMC 811-Baseline-Baseline-Baseline",124813.786522254
2024,"European Union","Ambitious-Sodium Battery adoption-Baseline-Baseline-Baseline",124953.932567222
2024,"European Union","Ambitious-Solid State adoption-Baseline-Baseline-Baseline",124953.932567222
2024,"India","Ambitious-Baseline-Baseline-Baseline-Baseline",15114.9288245841
2024,"India","Ambitious-Baseline-Baseline-Baseline-Enhanced SSPS",15109.4775058226
2024,"India","Ambitious-Baseline-Baseline-Baseline-Enhanced recycling",15093.9194370402
2024,"India","Ambitious-Baseline-Baseline-Baseline-USA Recycling",15114.9288245841
2024,"India","Ambitious-Baseline-High Capacity-Baseline-Baseline",16397.8775216292
2024,"India","Ambitious-Baseline-Low Capacity-Baseline-Baseline",14824.9114012821
2024,"India","Ambitious-Baseline-Low Capacity-Baseline-Recycling Medium",14803.9043035677
2024,"India","Ambitious-Double LFP-Baseline-Baseline-Baseline",15115.5158506937
2024,"India","Ambitious-Double NMC 811-Baseline-Baseline-Baseline",15094.2952570512
2024,"India","Ambitious-Sodium Battery adoption-Baseline-Baseline-Baseline",15114.9288245841
2024,"India","Ambitious-Solid State adoption-Baseline-Baseline-Baseline",15114.9288245841
2024,"Japan","Ambitious-Baseline-Baseline-Baseline-Baseline",16080.038544241
2024,"Japan","Ambitious-Baseline-Baseline-Baseline-Enhanced SSPS",16081.0412646967
2024,"Japan","Ambitious-Baseline-Baseline-Baseline-Enhanced recycling",16048.5950643318
2024,"Japan","Ambitious-Baseline-Baseline-Baseline-USA Recycling",16080.038544241
2024,"Japan","Ambitious-Baseline-High Capacity-Baseline-Baseline",17576.6434067818
2024,"Japan","Ambitious-Baseline-Low Capacity-Baseline-Baseline",15825.7135475816
2024,"Japan","Ambitious-Baseline-Low Capacity-Baseline-Recycling Medium",15794.495029638
2024,"Japan","Ambitious-Double LFP-Baseline-Baseline-Baseline",16088.2455719058
2024,"Japan","Ambitious-Double NMC 811-Baseline-Baseline-Baseline",15989.8107534503
2024,"Japan","Ambitious-Sodium Battery adoption-Baseline-Baseline-Baseline",16080.038544241
2024,"Japan","Ambitious-Solid State adoption-Baseline-Baseline-Baseline",16080.038544241
2024,"Mexico","Ambitious-Baseline-Baseline-Baseline-Baseline",3260.21597977428
2024,"Mexico","Ambitious-Baseline-Baseline-Baseline-Enhanced SSPS",3260.34990674159
2024,"Mexico","Ambitious-Baseline-Baseline-Baseline-Enhanced recycling",3253.15481695828
2024,"Mexico","Ambitious-Baseline-Baseline-Baseline-USA Recycling",3260.21597977428
2024,"Mexico","Ambitious-Baseline-High Capacity-Baseline-Baseline",3395.10316406914
2024,"Mexico","Ambitious-Baseline-Low Capacity-Baseline-Baseline",3147.9451712761
2024,"Mexico","Ambitious-Baseline-Low Capacity-Baseline-Recycling Medium",3140.97240834554
2024,"Mexico","Ambitious-Double LFP-Baseline-Baseline-Baseline",3263.83990431913
2024,"Mexico","Ambitious-Double NMC 811-Baseline-Baseline-Baseline",3256.39092891273
2024,"Mexico","Ambitious-Sodium Battery adoption-Baseline-Baseline-Baseline",3260.21597977428
2024,"Mexico","Ambitious-Solid State adoption-Baseline-Baseline-Baseline",3260.21597977428
2024,"Middle East","Ambitious-Baseline-Baseline-Baseline-Baseline",9104.78209723261
2024,"Middle East","Ambitious-Baseline-Baseline-Baseline-Enhanced SSPS",9105.31254131294
2024,"Middle East","Ambitious-Baseline-Baseline-Baseline-Enhanced recycling",9088.99728270927
2024,"Middle East","Ambitious-Baseline-Baseline-Baseline-USA Recycling",9104.78209723261
2024,"Middle East","Ambitious-Baseline-High Capacity-Baseline-Baseline",9466.35301681053
2024,"Middle East","Ambitious-Baseline-Low Capacity-Baseline-Baseline",8686.97958885842
2024,"Middle East","Ambitious-Baseline-Low Capacity-Baseline-Recycling Medium",8671.49760738655
2024,"Middle East","Ambitious-Double LFP-Baseline-Baseline-Baseline",9142.18485316861
2024,"Middle East","Ambitious-Double NMC 811-Baseline-Baseline-Baseline",9086.87383327278
2024,"Middle East","Ambitious-Sodium Battery adoption-Baseline-Baseline-Baseline",9104.78209723261
2024,"Middle East","Ambitious-Solid State adoption-Baseline-Baseline-Baseline",9104.78209723261
2024,"Other Asia Pacific","Ambitious-Baseline-Baseline-Baseline-Baseline",2929.15610661633
2024,"Other Asia Pacific","Ambitious-Baseline-Baseline-Baseline-Enhanced SSPS",2928.78307656265
2024,"Other Asia Pacific","Ambitious-Baseline-Baseline-Baseline-Enhanced recycling",2926.19488332859
2024,"Other Asia Pacific","Ambitious-Baseline-Baseline-Baseline-USA Recycling",2929.15610661633
2024,"Other Asia Pacific","Ambitious-Baseline-High Capacity-Baseline-Baseline",3058.25640633688
2024,"Other Asia Pacific","Ambitious-Baseline-Low Capacity-Baseline-Baseline",2835.94903003485
2024,"Other Asia Pacific","Ambitious-Baseline-Low Capacity-Baseline-Recycling Medium",2833.04227466445
2024,"Other Asia Pacific","Ambitious-Double LFP-Baseline-Baseline-Baseline",2929.91389186056
2024,"Other Asia Pacific","Ambitious-Double NMC 811-Baseline-Baseline-Baseline",2922.30576320433
2024,"Other Asia Pacific","Ambitious-Sodium Battery adoption-Baseline-Baseline-Baseline",2929.15610661633
2024,"Other Asia Pacific","Ambitious-Solid State adoption-Baseline-Baseline-Baseline",2929.15610661633
2024,"Other Europe","Ambitious-Baseline-Baseline-Baseline-Baseline",5871.39800142849
2024,"Other Europe","Ambitious-Baseline-Baseline-Baseline-Enhanced SSPS",5871.64983145105
2024,"Other Europe","Ambitious-Baseline-Baseline-Baseline-Enhanced recycling",5858.86490610449
2024,"Other Europe","Ambitious-Baseline-Baseline-Baseline-USA Recycling",5871.39800142849
2024,"Other Europe","Ambitious-Baseline-High Capacity-Baseline-Baseline",6155.03524536795
2024,"Other Europe","Ambitious-Baseline-Low Capacity-Baseline-Baseline",5603.32377128671
2024,"Other Europe","Ambitious-Baseline-Low Capacity-Baseline-Recycling Medium",5591.00986990814
2024,"Other Europe","Ambitious-Double LFP-Baseline-Baseline-Baseline",5876.38343819626
2024,"Other Europe","Ambitious-Double NMC 811-Baseline-Baseline-Baseline",5844.41203604638
2024,"Other Europe","Ambitious-Sodium Battery adoption-Baseline-Baseline-Baseline",5871.39800142849
2024,"Other Europe","Ambitious-Solid State adoption-Baseline-Baseline-Baseline",5871.39800142849
2024,"Other Latin America and Caribbean","Ambitious-Baseline-Baseline-Baseline-Baseline",16387.4764582721
2024,"Other Latin America and Caribbean","Ambitious-Baseline-Baseline-Baseline-Enhanced SSPS",16388.4445037596
2024,"Other Latin America and Caribbean","Ambitious-Baseline-Baseline-Baseline-Enhanced recycling",16351.8953290207
2024,"Other Latin America and Caribbean","Ambitious-Baseline-Baseline-Baseline-USA Recycling",16387.4764582721
2024,"Other Latin America and Caribbean","Ambitious-Baseline-High Capacity-Baseline-Baseline",17336.4491006777
2024,"Other Latin America and Caribbean","Ambitious-Baseline-Low Capacity-Baseline-Baseline",15554.9304126264
2024,"Other Latin America and Caribbean","Ambitious-Baseline-Low Capacity-Baseline-Recycling Medium",15520.3210502762
2024,"Other Latin America and Caribbean","Ambitious-Double LFP-Baseline-Baseline-Baseline",16596.4117421403
2024,"Other Latin America and Caribbean","Ambitious-Double NMC 811-Baseline-Baseline-Baseline",16367.8776211254
2024,"Other Latin America and Caribbean","Ambitious-Sodium Battery adoption-Baseline-Baseline-Baseline",16387.4764582721
2024,"Other Latin America and Caribbean","Ambitious-Solid State adoption-Baseline-Baseline-Baseline",16387.4764582721
2024,"South Korea","Ambitious-Baseline-Baseline-Baseline-Baseline",11075.836201729
2024,"South Korea","Ambitious-Baseline-Baseline-Baseline-Enhanced SSPS",11077.0429591496
2024,"South Korea","Ambitious-Baseline-Baseline-Baseline-Enhanced recycling",11058.4524741052
2024,"South Korea","Ambitious-Baseline-Baseline-Baseline-USA Recycling",11075.836201729
2024,"South Korea","Ambitious-Baseline-High Capacity-Baseline-Baseline",11530.8082764347
2024,"South Korea","Ambitious-Baseline-Low Capacity-Baseline-Baseline",10490.5652645539
2024,"South Korea","Ambitious-Baseline-Low Capacity-Baseline-Recycling Medium",10473.5408502689
2024,"South Korea","Ambitious-Double LFP-Baseline-Baseline-Baseline",11082.1010798894
2024,"South Korea","Ambitious-Double NMC 811-Baseline-Baseline-Baseline",11019.4266185915
2024,"South Korea","Ambitious-Sodium Battery adoption-Baseline-Baseline-Baseline",11075.836201729
2024,"South Korea","Ambitious-Solid State adoption-Baseline-Baseline-Baseline",11075.836201729
2024,"United Kingdom","Ambitious-Baseline-Baseline-Baseline-Baseline",20253.2166005144
2024,"United Kingdom","Ambitious-Baseline-Baseline-Baseline-Enhanced SSPS",20255.2734893442
2024,"United Kingdom","Ambitious-Baseline-Baseline-Baseline-Enhanced recycling",20211.5731471432
2024,"United Kingdom","Ambitious-Baseline-Baseline-Baseline-USA Recycling",20253.2166005144
2024,"United Kingdom","Ambitious-Baseline-High Capacity-Baseline-Baseline",21164.684036424
2024,"United Kingdom","Ambitious-Baseline-Low Capacity-Baseline-Baseline",19368.8340134367
2024,"United Kingdom","Ambitious-Baseline-Low Capacity-Baseline-Recycling Medium",19327.9166791187
2024,"United Kingdom","Ambitious-Double LFP-Baseline-Baseline-Baseline",20273.8982435353
2024,"United Kingdom","Ambitious-Double NMC 811-Baseline-Baseline-Baseline",20229.7352746004
2024,"United Kingdom","Ambitious-Sodium Battery adoption-Baseline-Baseline-Baseline",20253.2166005144
2024,"United Kingdom","Ambitious-Solid State adoption-Baseline-Baseline-Baseline",20253.2166005144
2024,"United States","Ambitious-Baseline-Baseline-Baseline-Baseline",76603.8580759209
2024,"United States","Ambitious-Baseline-Baseline-Baseline-Enhanced SSPS",76612.6225054046
2024,"United States","Ambitious-Baseline-Baseline-Baseline-Enhanced recycling",76480.2398855062
2024,"United States","Ambitious-Baseline-Baseline-Baseline-USA Recycling",76490.1761661643
2024,"United States","Ambitious-Baseline-High Capacity-Baseline-Baseline",78432.9127463437
2024,"United States","Ambitious-Baseline-Low Capacity-Baseline-Baseline",72058.1258349416
2024,"United States","Ambitious-Baseline-Low Capacity-Baseline-Recycling Medium",71937.0111174538
2024,"United States","Ambitious-Double LFP-Baseline-Baseline-Baseline",76880.953836496
2024,"United States","Ambitious-Double NMC 811-Baseline-Baseline-Baseline",76337.4197704449
2024,"United States","Ambitious-Sodium Battery adoption-Baseline-Baseline-Baseline",76603.8580759209
2024,"United States","Ambitious-Solid State adoption-Baseline-Baseline-Baseline",76603.8580759209
2025,"ASEAN","Ambitious-Baseline-Baseline-Baseline-Baseline",7761.87478562278
2025,"ASEAN","Ambitious-Baseline-Baseline-Baseline-Enhanced SSPS",7763.18264537857
2025,"ASEAN","Ambitious-Baseline-Baseline-Baseline-Enhanced recycling",7729.89049095924
2025,"ASEAN","Ambitious-Baseline-Baseline-Baseline-USA Recycling",7761.87478562278
2025,"ASEAN","Ambitious-Baseline-High Capacity-Baseline-Baseline",8552.90790073796
2025,"ASEAN","Ambitious-Baseline-Low Capacity-Baseline-Baseline",7341.88706914473
2025,"ASEAN","Ambitious-Baseline-Low Capacity-Baseline-Recycling Medium",7312.85049475149
2025,"ASEAN","Ambitious-Double LFP-Baseline-Baseline-Baseline",7938.63800491331
2025,"ASEAN","Ambitious-Double NMC 811-Baseline-Baseline-Baseline",7729.91951596168
2025,"ASEAN","Ambitious-Sodium Battery adoption-Baseline-Baseline-Baseline",7761.87478562278
2025,"ASEAN","Ambitious-Solid State adoption-Baseline-Baseline-Baseline",7761.87478562278
2025,"Africa","Ambitious-Baseline-Baseline-Baseline-Baseline",7293.21129122271
2025,"Africa","Ambitious-Baseline-Baseline-Baseline-Enhanced SSPS",7293.62434007936
2025,"Africa","Ambitious-Baseline-Baseline-Baseline-Enhanced recycling",7271.67263430741
2025,"Africa","Ambitious-Baseline-Baseline-Baseline-USA Recycling",7293.21129122271
2025,"Africa","Ambitious-Baseline-High Capacity-Baseline-Baseline",8014.44080806445
2025,"Africa","Ambitious-Baseline-Low Capacity-Baseline-Baseline",6933.86107100263
2025,"Africa","Ambitious-Baseline-Low Capacity-Baseline-Recycling Medium",6913.66116689424
2025,"Africa","Ambitious-Double LFP-Baseline-Baseline-Baseline",7303.72543706238
2025,"Africa","Ambitious-Double NMC 811-Baseline-Baseline-Baseline",7251.45723872448
2025,"Africa","Ambitious-Sodium Battery adoption-Baseline-Baseline-Baseline",7293.21129122271
2025,"Africa","Ambitious-Solid State adoption-Baseline-Baseline-Baseline",7293.21129122271
2025,"Australia/NZ","Ambitious-Baseline-Baseline-Baseline-Baseline",8701.77182320106
2025,"Australia/NZ","Ambitious-Baseline-Baseline-Baseline-Enhanced SSPS",8700.53775891776
2025,"Australia/NZ","Ambitious-Baseline-Baseline-Baseline-Enhanced recycling",8681.66668375218
2025,"Australia/NZ","Ambitious-Baseline-Baseline-Baseline-USA Recycling",8701.77182320106
2025,"Australia/NZ","Ambitious-Baseline-High Capacity-Baseline-Baseline",9198.33938074087
2025,"Australia/NZ","Ambitious-Baseline-Low Capacity-Baseline-Baseline",8200.23340211937
2025,"Australia/NZ","Ambitious-Baseline-Low Capacity-Baseline-Recycling Medium",8181.44154988812
2025,"Australia/NZ","Ambitious-Double LFP-Baseline-Baseline-Baseline",8761.66516688101
2025,"Australia/NZ","Ambitious-Double NMC 811-Baseline-Baseline-Baseline",8689.98712865129
2025,"Australia/NZ","Ambitious-Sodium Battery adoption-Baseline-Baseline-Baseline",8701.77182320106
2025,"Australia/NZ","Ambitious-Solid State adoption-Baseline-Baseline-Baseline",8701.77182320106
2025,"Brazil","Ambitious-Baseline-Baseline-Baseline-Baseline",5607.19634290024
2025,"Brazil","Ambitious-Baseline-Baseline-Baseline-Enhanced SSPS",5607.45261984708
2025,"Brazil","Ambitious-Baseline-Baseline-Baseline-Enhanced recycling",5597.68044532781
2025,"Brazil","Ambitious-Baseline-Baseline-Baseline-USA Recycling",5607.19634290024
2025,"Brazil","Ambitious-Baseline-High Capacity-Baseline-Baseline",6120.32497138124
2025,"Brazil","Ambitious-Baseline-Low Capacity-Baseline-Baseline",5324.81602143073
2025,"Brazil","Ambitious-Baseline-Low Capacity-Baseline-Recycling Medium",5316.03141804207
2025,"Brazil","Ambitious-Double LFP-Baseline-Baseline-Baseline",5689.49054051641
2025,"Brazil","Ambitious-Double NMC 811-Baseline-Baseline-Baseline",5541.02986621565
2025,"Brazil","Ambitious-Sodium Battery adoption-Baseline-Baseline-Baseline",5607.19634290024
2025,"Brazil","Ambitious-Solid State adoption-Baseline-Baseline-Baseline",5607.19634290024
2025,"Canada","Ambitious-Baseline-Baseline-Baseline-Baseline",8892.59025211485
2025,"Canada","Ambitious-Baseline-Baseline-Baseline-Enhanced SSPS",8893.94590365345
2025,"Canada","Ambitious-Baseline-Baseline-Baseline-Enhanced recycling",8860.09084488951
2025,"Canada","Ambitious-Baseline-Baseline-Baseline-USA Recycling",8892.59025211485
2025,"Canada","Ambitious-Baseline-High Capacity-Baseline-Baseline",9333.80744095214
2025,"Canada","Ambitious-Baseline-Low Capacity-Baseline-Baseline",8171.82569145032
2025,"Canada","Ambitious-Baseline-Low Capacity-Baseline-Recycling Medium",8141.97709835983
2025,"Canada","Ambitious-Double LFP-Baseline-Baseline-Baseline",8945.18684492719
2025,"Canada","Ambitious-Double NMC 811-Baseline-Baseline-Baseline",8832.2889066551
2025,"Canada","Ambitious-Sodium Battery adoption-Baseline-Baseline-Baseline",8892.59025211485
2025,"Canada","Ambitious-Solid State adoption-Baseline-Baseline-Baseline",8892.59025211485
2025,"China","Ambitious-Baseline-Baseline-Baseline-Baseline",479701.73199794
2025,"China","Ambitious-Baseline-Baseline-Baseline-Enhanced SSPS",479553.154562805
2025,"China","Ambitious-Baseline-Baseline-Baseline-Enhanced recycling",479850.309433075
2025,"China","Ambitious-Baseline-Baseline-Baseline-USA Recycling",479701.73199794
2025,"China","Ambitious-Baseline-High Capacity-Baseline-Baseline",536342.045218181
2025,"China","Ambitious-Baseline-Low Capacity-Baseline-Baseline",456900.743185181
2025,"China","Ambitious-Baseline-Low Capacity-Baseline-Recycling Medium",457034.237693827
2025,"China","Ambitious-Double LFP-Baseline-Baseline-Baseline",491533.902111106
2025,"China","Ambitious-Double NMC 811-Baseline-Baseline-Baseline",475995.961694992
2025,"China","Ambitious-Sodium Battery adoption-Baseline-Baseline-Baseline",479701.73199794
2025,"China","Ambitious-Solid State adoption-Baseline-Baseline-Baseline",479701.73199794
2025,"EFTA","Ambitious-Baseline-Baseline-Baseline-Baseline",14451.4511816125
2025,"EFTA","Ambitious-Baseline-Baseline-Baseline-Enhanced SSPS",14443.1835890014
2025,"EFTA","Ambitious-Baseline-Baseline-Baseline-Enhanced recycling",14397.4814663027
2025,"EFTA","Ambitious-Baseline-Baseline-Baseline-USA Recycling",14451.4511816125
2025,"EFTA","Ambitious-Baseline-High Capacity-Baseline-Baseline",15160.8733627018
2025,"EFTA","Ambitious-Baseline-Low Capacity-Baseline-Baseline",13462.9974328269
2025,"EFTA","Ambitious-Baseline-Low Capacity-Baseline-Recycling Medium",13414.4340723707
2025,"EFTA","Ambitious-Double LFP-Baseline-Baseline-Baseline",14470.7727073093
2025,"EFTA","Ambitious-Double NMC 811-Baseline-Baseline-Baseline",14432.8810149054
2025,"EFTA","Ambitious-Sodium Battery adoption-Baseline-Baseline-Baseline",14451.4511816125
2025,"EFTA","Ambitious-Solid State adoption-Baseline-Baseline-Baseline",14451.4511816125
2025,"European Union","Ambitious-Baseline-Baseline-Baseline-Baseline",186312.22179418
2025,"European Union","Ambitious-Baseline-Baseline-Baseline-Enhanced SSPS",186332.088284598
2025,"European Union","Ambitious-Baseline-Baseline-Baseline-Enhanced recycling",186292.355303762
2025,"European Union","Ambitious-Baseline-Baseline-Baseline-USA Recycling",186312.22179418
2025,"European Union","Ambitious-Baseline-High Capacity-Baseline-Baseline",203574.676655383
2025,"European Union","Ambitious-Baseline-Low Capacity-Baseline-Baseline",176986.499348254
2025,"European Union","Ambitious-Baseline-Low Capacity-Baseline-Recycling Medium",176966.827566701
2025,"European Union","Ambitious-Double LFP-Baseline-Baseline-Baseline",186563.790211404
2025,"European Union","Ambitious-Double NMC 811-Baseline-Baseline-Baseline",186023.011137148
2025,"European Union","Ambitious-Sodium Battery adoption-Baseline-Baseline-Baseline",186312.22179418
2025,"European Union","Ambitious-Solid State adoption-Baseline-Baseline-Baseline",186312.22179418
2025,"India","Ambitious-Baseline-Baseline-Baseline-Baseline",20144.9616826967
2025,"India","Ambitious-Baseline-Baseline-Baseline-Enhanced SSPS",20148.383001967
2025,"India","Ambitious-Baseline-Baseline-Baseline-Enhanced recycling",20054.9607518784
2025,"India","Ambitious-Baseline-Baseline-Baseline-USA Recycling",20144.9616826967
2025,"India","Ambitious-Baseline-High Capacity-Baseline-Baseline",24224.63387506
2025,"India","Ambitious-Baseline-Low Capacity-Baseline-Baseline",19816.2976679798
2025,"India","Ambitious-Baseline-Low Capacity-Baseline-Recycling Medium",19733.9722613368
2025,"India","Ambitious-Double LFP-Baseline-Baseline-Baseline",20147.5812244035
2025,"India","Ambitious-Double NMC 811-Baseline-Baseline-Baseline",20067.0395077432
2025,"India","Ambitious-Sodium Battery adoption-Baseline-Baseline-Baseline",20144.9616826967
2025,"India","Ambitious-Solid State adoption-Baseline-Baseline-Baseline",20144.9616826967
2025,"Japan","Ambitious-Baseline-Baseline-Baseline-Baseline",17538.6565769217
2025,"Japan","Ambitious-Baseline-Baseline-Baseline-Enhanced SSPS",17540.547709658
2025,"Japan","Ambitious-Baseline-Baseline-Baseline-Enhanced recycling",17466.2089609903
2025,"Japan","Ambitious-Baseline-Baseline-Baseline-USA Recycling",17538.6565769217
2025,"Japan","Ambitious-Baseline-High Capacity-Baseline-Baseline",19959.9499374689
2025,"Japan","Ambitious-Baseline-Low Capacity-Baseline-Baseline",17107.4509882324
2025,"Japan","Ambitious-Baseline-Low Capacity-Baseline-Recycling Medium",17038.1034687916
2025,"Japan","Ambitious-Double LFP-Baseline-Baseline-Baseline",17551.9307453222
2025,"Japan","Ambitious-Double NMC 811-Baseline-Baseline-Baseline",17397.9312069668
2025,"Japan","Ambitious-Sodium Battery adoption-Baseline-Baseline-Baseline",17538.6565769217
2025,"Japan","Ambitious-Solid State adoption-Baseline-Baseline-Baseline",17538.6565769217
2025,"Mexico","Ambitious-Baseline-Baseline-Baseline-Baseline",4255.84217504533
2025,"Mexico","Ambitious-Baseline-Baseline-Baseline-Enhanced SSPS",4256.13509479826
2025,"Mexico","Ambitious-Baseline-Baseline-Baseline-Enhanced recycling",4241.32869383607
2025,"Mexico","Ambitious-Baseline-Baseline-Baseline-USA Recycling",4255.84217504533
2025,"Mexico","Ambitious-Baseline-High Capacity-Baseline-Baseline",4520.33048008013
2025,"Mexico","Ambitious-Baseline-Low Capacity-Baseline-Baseline",4035.12615379372
2025,"Mexico","Ambitious-Baseline-Low Capacity-Baseline-Recycling Medium",4021.49772541559
2025,"Mexico","Ambitious-Double LFP-Baseline-Baseline-Baseline",4263.4929307355
2025,"Mexico","Ambitious-Double NMC 811-Baseline-Baseline-Baseline",4246.76324566438
2025,"Mexico","Ambitious-Sodium Battery adoption-Baseline-Baseline-Baseline",4255.84217504533
2025,"Mexico","Ambitious-Solid State adoption-Baseline-Baseline-Baseline",4255.84217504533
2025,"Middle East","Ambitious-Baseline-Baseline-Baseline-Baseline",12581.4323047587
2025,"Middle East","Ambitious-Baseline-Baseline-Baseline-Enhanced SSPS",12582.5039339956
2025,"Middle East","Ambitious-Baseline-Baseline-Baseline-Enhanced recycling",12539.2579323059
2025,"Middle East","Ambitious-Baseline-Baseline-Baseline-USA Recycling",12581.4323047587
2025,"Middle East","Ambitious-Baseline-High Capacity-Baseline-Baseline",13334.1970716516
2025,"Middle East","Ambitious-Baseline-Low Capacity-Baseline-Baseline",11720.1026009839
2025,"Middle East","Ambitious-Baseline-Low Capacity-Baseline-Recycling Medium",11681.0419527291
2025,"Middle East","Ambitious-Double LFP-Baseline-Baseline-Baseline",12653.7176251647
2025,"Middle East","Ambitious-Double NMC 811-Baseline-Baseline-Baseline",12545.1699116053
2025,"Middle East","Ambitious-Sodium Battery adoption-Baseline-Baseline-Baseline",12581.4323047587
2025,"Middle East","Ambitious-Solid State adoption-Baseline-Baseline-Baseline",12581.4323047587
2025,"Other Asia Pacific","Ambitious-Baseline-Baseline-Baseline-Baseline",2824.42599381533
2025,"Other Asia Pacific","Ambitious-Baseline-Baseline-Baseline-Enhanced SSPS",2824.76069803543
2025,"Other Asia Pacific","Ambitious-Baseline-Baseline-Baseline-Enhanced recycling",2810.11514061563
2025,"Other Asia Pacific","Ambitious-Baseline-Baseline-Baseline-USA Recycling",2824.42599381533
2025,"Other Asia Pacific","Ambitious-Baseline-High Capacity-Baseline-Baseline",3088.36778169082
2025,"Other Asia Pacific","Ambitious-Baseline-Low Capacity-Baseline-Baseline",2633.28946111318
2025,"Other Asia Pacific","Ambitious-Baseline-Low Capacity-Baseline-Recycling Medium",2620.02673939827
2025,"Other Asia Pacific","Ambitious-Double LFP-Baseline-Baseline-Baseline",2825.99456879818
2025,"Other Asia Pacific","Ambitious-Double NMC 811-Baseline-Baseline-Baseline",2810.68182953559
2025,"Other Asia Pacific","Ambitious-Sodium Battery adoption-Baseline-Baseline-Baseline",2824.42599381533
2025,"Other Asia Pacific","Ambitious-Solid State adoption-Baseline-Baseline-Baseline",2824.42599381533
2025,"Other Europe","Ambitious-Baseline-Baseline-Baseline-Baseline",6737.53613894727
2025,"Other Europe","Ambitious-Baseline-Baseline-Baseline-Enhanced SSPS",6738.08320234123
2025,"Other Europe","Ambitious-Baseline-Baseline-Baseline-Enhanced recycling",6706.46419443846
2025,"Other Europe","Ambitious-Baseline-Baseline-Baseline-USA Recycling",6737.53613894727
2025,"Other Europe","Ambitious-Baseline-High Capacity-Baseline-Baseline",7239.31071220192
2025,"Other Europe","Ambitious-Baseline-Low Capacity-Baseline-Baseline",6264.96703120035
2025,"Other Europe","Ambitious-Baseline-Low Capacity-Baseline-Recycling Medium",6236.692856379
2025,"Other Europe","Ambitious-Double LFP-Baseline-Baseline-Baseline",6746.54029129507
2025,"Other Europe","Ambitious-Double NMC 811-Baseline-Baseline-Baseline",6690.03826095158
2025,"Other Europe","Ambitious-Sodium Battery adoption-Baseline-Baseline-Baseline",6737.53613894727
2025,"Other Europe","Ambitious-Solid State adoption-Baseline-Baseline-Baseline",6737.53613894727
2025,"Other Latin America and Caribbean","Ambitious-Baseline-Baseline-Baseline-Baseline",20951.0132066645
2025,"Other Latin America and Caribbean","Ambitious-Baseline-Baseline-Baseline-Enhanced SSPS",20953.1545461838
2025,"Other Latin America and Caribbean","Ambitious-Baseline-Baseline-Baseline-Enhanced recycling",20840.6737910874
2025,"Other Latin America and Caribbean","Ambitious-Baseline-Baseline-Baseline-USA Recycling",20951.0132066645
2025,"Other Latin America and Caribbean","Ambitious-Baseline-High Capacity-Baseline-Baseline",22790.8171097791
2025,"Other Latin America and Caribbean","Ambitious-Baseline-Low Capacity-Baseline-Baseline",19382.7302491887
2025,"Other Latin America and Caribbean","Ambitious-Baseline-Low Capacity-Baseline-Recycling Medium",19285.2708553815
2025,"Other Latin America and Caribbean","Ambitious-Double LFP-Baseline-Baseline-Baseline",21327.65244648
2025,"Other Latin America and Caribbean","Ambitious-Double NMC 811-Baseline-Baseline-Baseline",20902.3713754288
2025,"Other Latin America and Caribbean","Ambitious-Sodium Battery adoption-Baseline-Baseline-Baseline",20951.0132066645
2025,"Other Latin America and Caribbean","Ambitious-Solid State adoption-Baseline-Baseline-Baseline",20951.0132066645
2025,"South Korea","Ambitious-Baseline-Baseline-Baseline-Baseline",22758.9931354914
2025,"South Korea","Ambitious-Baseline-Baseline-Baseline-Enhanced SSPS",22760.7005903486
2025,"South Korea","Ambitious-Baseline-Baseline-Baseline-Enhanced recycling",22702.0849211064
2025,"South Korea","Ambitious-Baseline-Baseline-Baseline-USA Recycling",22758.9931354914
2025,"South Korea","Ambitious-Baseline-High Capacity-Baseline-Baseline",24147.075778611
2025,"South Korea","Ambitious-Baseline-Low Capacity-Baseline-Baseline",20937.6702329129
2025,"South Korea","Ambitious-Baseline-Low Capacity-Baseline-Recycling Medium",20885.6810518867
2025,"South Korea","Ambitious-Double LFP-Baseline-Baseline-Baseline",22779.6564562866
2025,"South Korea","Ambitious-Double NMC 811-Baseline-Baseline-Baseline",22578.2442319718
2025,"South Korea","Ambitious-Sodium Battery adoption-Baseline-Baseline-Baseline",22758.9931354914
2025,"South Korea","Ambitious-Solid State adoption-Baseline-Baseline-Baseline",22758.9931354914
2025,"United Kingdom","Ambitious-Baseline-Baseline-Baseline-Baseline",27382.1471496669
2025,"United Kingdom","Ambitious-Baseline-Baseline-Baseline-Enhanced SSPS",27385.591766308
2025,"United Kingdom","Ambitious-Baseline-Baseline-Baseline-Enhanced recycling",27284.7281997913
2025,"United Kingdom","Ambitious-Baseline-Baseline-Baseline-USA Recycling",27382.1471496669
2025,"United Kingdom","Ambitious-Baseline-High Capacity-Baseline-Baseline",29227.6974181757
2025,"United Kingdom","Ambitious-Baseline-Low Capacity-Baseline-Baseline",25611.7998941619
2025,"United Kingdom","Ambitious-Baseline-Low Capacity-Baseline-Recycling Medium",25521.0977431916
2025,"United Kingdom","Ambitious-Double LFP-Baseline-Baseline-Baseline",27422.0209662101
2025,"United Kingdom","Ambitious-Double NMC 811-Baseline-Baseline-Baseline",27338.6018954567
2025,"United Kingdom","Ambitious-Sodium Battery adoption-Baseline-Baseline-Baseline",27382.1471496669
2025,"United Kingdom","Ambitious-Solid State adoption-Baseline-Baseline-Baseline",27382.1471496669
2025,"United States","Ambitious-Baseline-Baseline-Baseline-Baseline",118884.027715398
2025,"United States","Ambitious-Baseline-Baseline-Baseline-Enhanced SSPS",118899.043092792
2025,"United States","Ambitious-Baseline-Baseline-Baseline-Enhanced recycling",118487.198585397
2025,"United States","Ambitious-Baseline-Baseline-Baseline-USA Recycling",118505.227093211
2025,"United States","Ambitious-Baseline-High Capacity-Baseline-Baseline",123822.769654693
2025,"United States","Ambitious-Baseline-Low Capacity-Baseline-Baseline",108574.418128041
2025,"United States","Ambitious-Baseline-Low Capacity-Baseline-Recycling Medium",108211.589499612
2025,"United States","Ambitious-Double LFP-Baseline-Baseline-Baseline",119484.900806147
2025,"United States","Ambitious-Double NMC 811-Baseline-Baseline-Baseline",118218.823700806
2025,"United States","Ambitious-Sodium Battery adoption-Baseline-Baseline-Baseline",118884.027715398
2025,"United States","Ambitious-Solid State adoption-Baseline-Baseline-Baseline",118884.027715398
2026,"ASEAN","Ambitious-Baseline-Baseline-Baseline-Baseline",12001.9759256779
2026,"ASEAN","Ambitious-Baseline-Baseline-Baseline-Enhanced SSPS",12004.4322028728
2026,"ASEAN","Ambitious-Baseline-Baseline-Baseline-Enhanced recycling",11928.4661123132
2026,"ASEAN","Ambitious-Baseline-Baseline-Baseline-USA Recycling",12001.9759256779
2026,"ASEAN","Ambitious-Baseline-High Capacity-Baseline-Baseline",13715.40658212
2026,"ASEAN","Ambitious-Baseline-Low Capacity-Baseline-Baseline",11141.7235543447
2026,"ASEAN","Ambitious-Baseline-Low Capacity-Baseline-Recycling Medium",11088.498343598
2026,"ASEAN","Ambitious-Double LFP-Baseline-Baseline-Baseline",12367.6426823359
2026,"ASEAN","Ambitious-Double NMC 811-Baseline-Baseline-Baseline",11931.796108593
2026,"ASEAN","Ambitious-Sodium Battery adoption-Baseline-Baseline-Baseline",12001.9759256779
2026,"ASEAN","Ambitious-Solid State adoption-Baseline-Baseline-Baseline",12001.9759256779
2026,"Africa","Ambitious-Baseline-Baseline-Baseline-Baseline",12249.7217143304
2026,"Africa","Ambitious-Baseline-Baseline-Baseline-Enhanced SSPS",12250.599445033
2026,"Africa","Ambitious-Baseline-Baseline-Baseline-Enhanced recycling",12198.819743256
2026,"Africa","Ambitious-Baseline-Baseline-Baseline-USA Recycling",12249.7217143304
2026,"Africa","Ambitious-Baseline-High Capacity-Baseline-Baseline",13909.2344998251
2026,"Africa","Ambitious-Baseline-Low Capacity-Baseline-Baseline",11468.8591232709
2026,"Africa","Ambitious-Baseline-Low Capacity-Baseline-Recycling Medium",11429.8680337168
2026,"Africa","Ambitious-Double LFP-Baseline-Baseline-Baseline",12274.6797460905
2026,"Africa","Ambitious-Double NMC 811-Baseline-Baseline-Baseline",12148.9798545629
2026,"Africa","Ambitious-Sodium Battery adoption-Baseline-Baseline-Baseline",12249.7217143304
2026,"Africa","Ambitious-Solid State adoption-Baseline-Baseline-Baseline",12249.7217143304
2026,"Australia/NZ","Ambitious-Baseline-Baseline-Baseline-Baseline",13178.2387130167
2026,"Australia/NZ","Ambitious-Baseline-Baseline-Baseline-Enhanced SSPS",13179.3210735286
2026,"Australia/NZ","Ambitious-Baseline-Baseline-Baseline-Enhanced recycling",13123.2430122971
2026,"Australia/NZ","Ambitious-Baseline-Baseline-Baseline-USA Recycling",13178.2387130167
2026,"Australia/NZ","Ambitious-Baseline-High Capacity-Baseline-Baseline",14234.8982511767
2026,"Australia/NZ","Ambitious-Baseline-Low Capacity-Baseline-Baseline",12107.6028796515
2026,"Australia/NZ","Ambitious-Baseline-Low Capacity-Baseline-Recycling Medium",12064.5799143198
2026,"Australia/NZ","Ambitious-Double LFP-Baseline-Baseline-Baseline",13303.9819807148
2026,"Australia/NZ","Ambitious-Double NMC 811-Baseline-Baseline-Baseline",13156.9127067931
2026,"Australia/NZ","Ambitious-Sodium Battery adoption-Baseline-Baseline-Baseline",13178.2387130167
2026,"Australia/NZ","Ambitious-Solid State adoption-Baseline-Baseline-Baseline",13178.2387130167
2026,"Brazil","Ambitious-Baseline-Baseline-Baseline-Baseline",11189.2824909587
2026,"Brazil","Ambitious-Baseline-Baseline-Baseline-Enhanced SSPS",11189.8567053274
2026,"Brazil","Ambitious-Baseline-Baseline-Baseline-Enhanced recycling",11152.2782030792
2026,"Brazil","Ambitious-Baseline-Baseline-Baseline-USA Recycling",11189.2824909587
2026,"Brazil","Ambitious-Baseline-High Capacity-Baseline-Baseline",12571.2674654147
2026,"Brazil","Ambitious-Baseline-Low Capacity-Baseline-Baseline",10440.7553528483
2026,"Brazil","Ambitious-Baseline-Low Capacity-Baseline-Recycling Medium",10412.1539312184
2026,"Brazil","Ambitious-Double LFP-Baseline-Baseline-Baseline",11417.8053019257
2026,"Brazil","Ambitious-Double NMC 811-Baseline-Baseline-Baseline",10982.0756966038
2026,"Brazil","Ambitious-Sodium Battery adoption-Baseline-Baseline-Baseline",11189.2824909587
2026,"Brazil","Ambitious-Solid State adoption-Baseline-Baseline-Baseline",11189.2824909587
2026,"Canada","Ambitious-Baseline-Baseline-Baseline-Baseline",12669.0209657449
2026,"Canada","Ambitious-Baseline-Baseline-Baseline-Enhanced SSPS",12671.2436705778
2026,"Canada","Ambitious-Baseline-Baseline-Baseline-Enhanced recycling",12598.343621165
2026,"Canada","Ambitious-Baseline-Baseline-Baseline-USA Recycling",12669.0209657449
2026,"Canada","Ambitious-Baseline-High Capacity-Baseline-Baseline",13518.9500719073
2026,"Canada","Ambitious-Baseline-Low Capacity-Baseline-Baseline",11293.2199690824
2026,"Canada","Ambitious-Baseline-Low Capacity-Baseline-Recycling Medium",11240.624059282
2026,"Canada","Ambitious-Double LFP-Baseline-Baseline-Baseline",12769.219766829
2026,"Canada","Ambitious-Double NMC 811-Baseline-Baseline-Baseline",12546.3667731175
2026,"Canada","Ambitious-Sodium Battery adoption-Baseline-Baseline-Baseline",12669.0209657449
2026,"Canada","Ambitious-Solid State adoption-Baseline-Baseline-Baseline",12669.0209657449
2026,"China","Ambitious-Baseline-Baseline-Baseline-Baseline",579333.715651327
2026,"China","Ambitious-Baseline-Baseline-Baseline-Enhanced SSPS",579096.142045234
2026,"China","Ambitious-Baseline-Baseline-Baseline-Enhanced recycling",579571.28925742
2026,"China","Ambitious-Baseline-Baseline-Baseline-USA Recycling",579333.715651327
2026,"China","Ambitious-Baseline-High Capacity-Baseline-Baseline",672528.481398781
2026,"China","Ambitious-Baseline-Low Capacity-Baseline-Baseline",542838.692907134
2026,"China","Ambitious-Baseline-Low Capacity-Baseline-Recycling Medium",543045.630493496
2026,"China","Ambitious-Double LFP-Baseline-Baseline-Baseline",597019.5688042
2026,"China","Ambitious-Double NMC 811-Baseline-Baseline-Baseline",572729.084199706
2026,"China","Ambitious-Sodium Battery adoption-Baseline-Baseline-Baseline",579333.715651327
2026,"China","Ambitious-Solid State adoption-Baseline-Baseline-Baseline",579333.715651327
2026,"EFTA","Ambitious-Baseline-Baseline-Baseline-Baseline",14208.2002475151
2026,"EFTA","Ambitious-Baseline-Baseline-Baseline-Enhanced SSPS",14215.1690357515
2026,"EFTA","Ambitious-Baseline-Baseline-Baseline-Enhanced recycling",14074.2147330415
2026,"EFTA","Ambitious-Baseline-Baseline-Baseline-USA Recycling",14208.2002475151
2026,"EFTA","Ambitious-Baseline-High Capacity-Baseline-Baseline",15202.7870371604
2026,"EFTA","Ambitious-Baseline-Low Capacity-Baseline-Baseline",12846.7690814905
2026,"EFTA","Ambitious-Baseline-Low Capacity-Baseline-Recycling Medium",12746.728870949
2026,"EFTA","Ambitious-Double LFP-Baseline-Baseline-Baseline",14234.5912455422
2026,"EFTA","Ambitious-Double NMC 811-Baseline-Baseline-Baseline",14183.1859974511
2026,"EFTA","Ambitious-Sodium Battery adoption-Baseline-Baseline-Baseline",14208.2002475151
2026,"EFTA","Ambitious-Solid State adoption-Baseline-Baseline-Baseline",14208.2002475151
2026,"European Union","Ambitious-Baseline-Baseline-Baseline-Baseline",244641.607226136
2026,"European Union","Ambitious-Baseline-Baseline-Baseline-Enhanced SSPS",244677.026944103
2026,"European Union","Ambitious-Baseline-Baseline-Baseline-Enhanced recycling",244606.187508169
2026,"European Union","Ambitious-Baseline-Baseline-Baseline-USA Recycling",244641.607226136
2026,"European Union","Ambitious-Baseline-High Capacity-Baseline-Baseline",275682.131979569
2026,"European Union","Ambitious-Baseline-Low Capacity-Baseline-Baseline",227754.039661337
2026,"European Union","Ambitious-Baseline-Low Capacity-Baseline-Recycling Medium",227719.233542866
2026,"European Union","Ambitious-Double LFP-Baseline-Baseline-Baseline",245083.26331903
2026,"European Union","Ambitious-Double NMC 811-Baseline-Baseline-Baseline",244265.693013206
2026,"European Union","Ambitious-Sodium Battery adoption-Baseline-Baseline-Baseline",244641.607226136
2026,"European Union","Ambitious-Solid State adoption-Baseline-Baseline-Baseline",244641.607226136
2026,"India","Ambitious-Baseline-Baseline-Baseline-Baseline",30374.9506377165
2026,"India","Ambitious-Baseline-Baseline-Baseline-Enhanced SSPS",30381.6224313623
2026,"India","Ambitious-Baseline-Baseline-Baseline-Enhanced recycling",30170.897542904
2026,"India","Ambitious-Baseline-Baseline-Baseline-USA Recycling",30374.9506377165
2026,"India","Ambitious-Baseline-High Capacity-Baseline-Baseline",37631.549350808
2026,"India","Ambitious-Baseline-Low Capacity-Baseline-Baseline",29343.7190836011
2026,"India","Ambitious-Baseline-Low Capacity-Baseline-Recycling Medium",29194.4450956119
2026,"India","Ambitious-Double LFP-Baseline-Baseline-Baseline",30379.3965755385
2026,"India","Ambitious-Double NMC 811-Baseline-Baseline-Baseline",30260.2043844847
2026,"India","Ambitious-Sodium Battery adoption-Baseline-Baseline-Baseline",30374.9506377165
2026,"India","Ambitious-Solid State adoption-Baseline-Baseline-Baseline",30374.9506377165
2026,"Japan","Ambitious-Baseline-Baseline-Baseline-Baseline",19331.5857418896
2026,"Japan","Ambitious-Baseline-Baseline-Baseline-Enhanced SSPS",19334.8097859873
2026,"Japan","Ambitious-Baseline-Baseline-Baseline-Enhanced recycling",19202.723873886
2026,"Japan","Ambitious-Baseline-Baseline-Baseline-USA Recycling",19331.5857418896
2026,"Japan","Ambitious-Baseline-High Capacity-Baseline-Baseline",22914.0514480345
2026,"Japan","Ambitious-Baseline-Low Capacity-Baseline-Baseline",18682.8174408126
2026,"Japan","Ambitious-Baseline-Low Capacity-Baseline-Recycling Medium",18581.551949573
2026,"Japan","Ambitious-Double LFP-Baseline-Baseline-Baseline",19351.1931239458
2026,"Japan","Ambitious-Double NMC 811-Baseline-Baseline-Baseline",19145.80549685
2026,"Japan","Ambitious-Sodium Battery adoption-Baseline-Baseline-Baseline",19331.5857418896
2026,"Japan","Ambitious-Solid State adoption-Baseline-Baseline-Baseline",19331.5857418896
2026,"Mexico","Ambitious-Baseline-Baseline-Baseline-Baseline",5283.13697447586
2026,"Mexico","Ambitious-Baseline-Baseline-Baseline-Enhanced SSPS",5283.68471966491
2026,"Mexico","Ambitious-Baseline-Baseline-Baseline-Enhanced recycling",5253.24749496547
2026,"Mexico","Ambitious-Baseline-Baseline-Baseline-USA Recycling",5283.13697447586
2026,"Mexico","Ambitious-Baseline-High Capacity-Baseline-Baseline",5726.4669917749
2026,"Mexico","Ambitious-Baseline-Low Capacity-Baseline-Baseline",4914.66385037351
2026,"Mexico","Ambitious-Baseline-Low Capacity-Baseline-Recycling Medium",4891.76482230771
2026,"Mexico","Ambitious-Double LFP-Baseline-Baseline-Baseline",5296.50969222024
2026,"Mexico","Ambitious-Double NMC 811-Baseline-Baseline-Baseline",5266.39185013051
2026,"Mexico","Ambitious-Sodium Battery adoption-Baseline-Baseline-Baseline",5283.13697447586
2026,"Mexico","Ambitious-Solid State adoption-Baseline-Baseline-Baseline",5283.13697447586
2026,"Middle East","Ambitious-Baseline-Baseline-Baseline-Baseline",18320.915339498
2026,"Middle East","Ambitious-Baseline-Baseline-Baseline-Enhanced SSPS",18322.8919754517
2026,"Middle East","Ambitious-Baseline-Baseline-Baseline-Enhanced recycling",18228.6360302366
2026,"Middle East","Ambitious-Baseline-Baseline-Baseline-USA Recycling",18320.915339498
2026,"Middle East","Ambitious-Baseline-High Capacity-Baseline-Baseline",19858.9082234494
2026,"Middle East","Ambitious-Baseline-Low Capacity-Baseline-Baseline",16615.6766348328
2026,"Middle East","Ambitious-Baseline-Low Capacity-Baseline-Recycling Medium",16546.4137425931
2026,"Middle East","Ambitious-Double LFP-Baseline-Baseline-Baseline",18454.7924662042
2026,"Middle East","Ambitious-Double NMC 811-Baseline-Baseline-Baseline",18258.2918775454
2026,"Middle East","Ambitious-Sodium Battery adoption-Baseline-Baseline-Baseline",18320.915339498
2026,"Middle East","Ambitious-Solid State adoption-Baseline-Baseline-Baseline",18320.915339498
2026,"Other Asia Pacific","Ambitious-Baseline-Baseline-Baseline-Baseline",4154.71556282091
2026,"Other Asia Pacific","Ambitious-Baseline-Baseline-Baseline-Enhanced SSPS",4155.33535745427
2026,"Other Asia Pacific","Ambitious-Baseline-Baseline-Baseline-Enhanced recycling",4129.07085842745
2026,"Other Asia Pacific","Ambitious-Baseline-Baseline-Baseline-USA Recycling",4154.71556282091
2026,"Other Asia Pacific","Ambitious-Baseline-High Capacity-Baseline-Baseline",4682.00674234884
2026,"Other Asia Pacific","Ambitious-Baseline-Low Capacity-Baseline-Baseline",3760.3300651771
2026,"Other Asia Pacific","Ambitious-Baseline-Low Capacity-Baseline-Recycling Medium",3741.82786939913
2026,"Other Asia Pacific","Ambitious-Double LFP-Baseline-Baseline-Baseline",4157.9514313667
2026,"Other Asia Pacific","Ambitious-Double NMC 811-Baseline-Baseline-Baseline",4129.2755698049
2026,"Other Asia Pacific","Ambitious-Sodium Battery adoption-Baseline-Baseline-Baseline",4154.71556282091
2026,"Other Asia Pacific","Ambitious-Solid State adoption-Baseline-Baseline-Baseline",4154.71556282091
2026,"Other Europe","Ambitious-Baseline-Baseline-Baseline-Baseline",8343.45799145048
2026,"Other Europe","Ambitious-Baseline-Baseline-Baseline-Enhanced SSPS",8344.4323723958
2026,"Other Europe","Ambitious-Baseline-Baseline-Baseline-Enhanced recycling",8281.76952094544
2026,"Other Europe","Ambitious-Baseline-Baseline-Baseline-USA Recycling",8343.45799145048
2026,"Other Europe","Ambitious-Baseline-High Capacity-Baseline-Baseline",9223.95942732926
2026,"Other Europe","Ambitious-Baseline-Low Capacity-Baseline-Baseline",7499.93492719191
2026,"Other Europe","Ambitious-Baseline-Low Capacity-Baseline-Recycling Medium",7455.73838353082
2026,"Other Europe","Ambitious-Double LFP-Baseline-Baseline-Baseline",8360.14691685549
2026,"Other Europe","Ambitious-Double NMC 811-Baseline-Baseline-Baseline",8262.4123364508
2026,"Other Europe","Ambitious-Sodium Battery adoption-Baseline-Baseline-Baseline",8343.45799145048
2026,"Other Europe","Ambitious-Solid State adoption-Baseline-Baseline-Baseline",8343.45799145048
2026,"Other Latin America and Caribbean","Ambitious-Baseline-Baseline-Baseline-Baseline",28474.2571871383
2026,"Other Latin America and Caribbean","Ambitious-Baseline-Baseline-Baseline-Enhanced SSPS",28478.3469996369
2026,"Other Latin America and Caribbean","Ambitious-Baseline-Baseline-Baseline-Enhanced recycling",28231.3757729975
2026,"Other Latin America and Caribbean","Ambitious-Baseline-Baseline-Baseline-USA Recycling",28474.2571871383
2026,"Other Latin America and Caribbean","Ambitious-Baseline-High Capacity-Baseline-Baseline",31752.6133046629
2026,"Other Latin America and Caribbean","Ambitious-Baseline-Low Capacity-Baseline-Baseline",25666.1157366938
2026,"Other Latin America and Caribbean","Ambitious-Baseline-Low Capacity-Baseline-Recycling Medium",25499.5699313558
2026,"Other Latin America and Caribbean","Ambitious-Double LFP-Baseline-Baseline-Baseline",29228.0414456546
2026,"Other Latin America and Caribbean","Ambitious-Double NMC 811-Baseline-Baseline-Baseline",28360.6516922736
2026,"Other Latin America and Caribbean","Ambitious-Sodium Battery adoption-Baseline-Baseline-Baseline",28474.2571871383
2026,"Other Latin America and Caribbean","Ambitious-Solid State adoption-Baseline-Baseline-Baseline",28474.2571871383
2026,"South Korea","Ambitious-Baseline-Baseline-Baseline-Baseline",26426.9558217366
2026,"South Korea","Ambitious-Baseline-Baseline-Baseline-Enhanced SSPS",26430.0537647341
2026,"South Korea","Ambitious-Baseline-Baseline-Baseline-Enhanced recycling",26262.8483589549
2026,"South Korea","Ambitious-Baseline-Baseline-Baseline-USA Recycling",26426.9558217366
2026,"South Korea","Ambitious-Baseline-High Capacity-Baseline-Baseline",28613.9564793998
2026,"South Korea","Ambitious-Baseline-Low Capacity-Baseline-Baseline",23577.399537984
2026,"South Korea","Ambitious-Baseline-Low Capacity-Baseline-Recycling Medium",23455.148958361
2026,"South Korea","Ambitious-Double LFP-Baseline-Baseline-Baseline",26459.1165726848
2026,"South Korea","Ambitious-Double NMC 811-Baseline-Baseline-Baseline",26173.4562918648
2026,"South Korea","Ambitious-Sodium Battery adoption-Baseline-Baseline-Baseline",26426.9558217366
2026,"South Korea","Ambitious-Solid State adoption-Baseline-Baseline-Baseline",26426.9558217366
2026,"United Kingdom","Ambitious-Baseline-Baseline-Baseline-Baseline",35372.4844340203
2026,"United Kingdom","Ambitious-Baseline-Baseline-Baseline-Enhanced SSPS",35378.3490801123
2026,"United Kingdom","Ambitious-Baseline-Baseline-Baseline-Enhanced recycling",35170.467230465
2026,"United Kingdom","Ambitious-Baseline-Baseline-Baseline-USA Recycling",35372.4844340203
2026,"United Kingdom","Ambitious-Baseline-High Capacity-Baseline-Baseline",38710.5382219785
2026,"United Kingdom","Ambitious-Baseline-Low Capacity-Baseline-Baseline",32167.2522817605
2026,"United Kingdom","Ambitious-Baseline-Low Capacity-Baseline-Recycling Medium",32013.5062239611
2026,"United Kingdom","Ambitious-Double LFP-Baseline-Baseline-Baseline",35446.4514217349
2026,"United Kingdom","Ambitious-Double NMC 811-Baseline-Baseline-Baseline",35311.7233962472
2026,"United Kingdom","Ambitious-Sodium Battery adoption-Baseline-Baseline-Baseline",35372.4844340203
2026,"United Kingdom","Ambitious-Solid State adoption-Baseline-Baseline-Baseline",35372.4844340203
2026,"United States","Ambitious-Baseline-Baseline-Baseline-Baseline",172845.719813656
2026,"United States","Ambitious-Baseline-Baseline-Baseline-Enhanced SSPS",172871.29949827
2026,"United States","Ambitious-Baseline-Baseline-Baseline-Enhanced recycling",171899.868184145
2026,"United States","Ambitious-Baseline-Baseline-Baseline-USA Recycling",171932.293860244
2026,"United States","Ambitious-Baseline-High Capacity-Baseline-Baseline",182038.726068634
2026,"United States","Ambitious-Baseline-Low Capacity-Baseline-Baseline",152488.737901087
2026,"United States","Ambitious-Baseline-Low Capacity-Baseline-Recycling Medium",151791.063860244
2026,"United States","Ambitious-Double LFP-Baseline-Baseline-Baseline",174062.522959097
2026,"United States","Ambitious-Double NMC 811-Baseline-Baseline-Baseline",171406.389935905
2026,"United States","Ambitious-Sodium Battery adoption-Baseline-Baseline-Baseline",172845.719813656
2026,"United States","Ambitious-Solid State adoption-Baseline-Baseline-Baseline",172845.719813656
2027,"ASEAN","Ambitious-Baseline-Baseline-Baseline-Baseline",19657.9004430589
2027,"ASEAN","Ambitious-Baseline-Baseline-Baseline-Enhanced SSPS",19662.322465322
2027,"ASEAN","Ambitious-Baseline-Baseline-Baseline-Enhanced recycling",19499.3204442187
2027,"ASEAN","Ambitious-Baseline-Baseline-Baseline-USA Recycling",19657.9004430589
2027,"ASEAN","Ambitious-Baseline-High Capacity-Baseline-Baseline",23266.8708685708
2027,"ASEAN","Ambitious-Baseline-Low Capacity-Baseline-Baseline",17909.3620592913
2027,"ASEAN","Ambitious-Baseline-Low Capacity-Baseline-Recycling Medium",17822.9952507181
2027,"ASEAN","Ambitious-Double LFP-Baseline-Baseline-Baseline",20374.7831529374
2027,"ASEAN","Ambitious-Double NMC 811-Baseline-Baseline-Baseline",19514.4609455868
2027,"ASEAN","Ambitious-Sodium Battery adoption-Baseline-Baseline-Baseline",19657.9004430589
2027,"ASEAN","Ambitious-Solid State adoption-Baseline-Baseline-Baseline",19657.9004430589
2027,"Africa","Ambitious-Baseline-Baseline-Baseline-Baseline",18511.3975273195
2027,"Africa","Ambitious-Baseline-Baseline-Baseline-Enhanced SSPS",18513.1594159148
2027,"Africa","Ambitious-Baseline-Baseline-Baseline-Enhanced recycling",18395.9446073668
2027,"Africa","Ambitious-Baseline-Baseline-Baseline-USA Recycling",18511.3975273195
2027,"Africa","Ambitious-Baseline-High Capacity-Baseline-Baseline",21565.376044642
2027,"Africa","Ambitious-Baseline-Low Capacity-Baseline-Baseline",16980.6286095379
2027,"Africa","Ambitious-Baseline-Low Capacity-Baseline-Recycling Medium",16914.4625497582
2027,"Africa","Ambitious-Double LFP-Baseline-Baseline-Baseline",18556.4979317358
2027,"Africa","Ambitious-Double NMC 811-Baseline-Baseline-Baseline",18338.3615443145
2027,"Africa","Ambitious-Sodium Battery adoption-Baseline-Baseline-Baseline",18511.3975273195
2027,"Africa","Ambitious-Solid State adoption-Baseline-Baseline-Baseline",18511.3975273195
2027,"Australia/NZ","Ambitious-Baseline-Baseline-Baseline-Baseline",15478.0736500517
2027,"Australia/NZ","Ambitious-Baseline-Baseline-Baseline-Enhanced SSPS",15479.8600837365
2027,"Australia/NZ","Ambitious-Baseline-Baseline-Baseline-Enhanced recycling",15365.3121481074
2027,"Australia/NZ","Ambitious-Baseline-Baseline-Baseline-USA Recycling",15478.0736500517
2027,"Australia/NZ","Ambitious-Baseline-High Capacity-Baseline-Baseline",17041.4570103669
2027,"Australia/NZ","Ambitious-Baseline-Low Capacity-Baseline-Baseline",13909.9998033558
2027,"Australia/NZ","Ambitious-Baseline-Low Capacity-Baseline-Recycling Medium",13844.657361632
2027,"Australia/NZ","Ambitious-Double LFP-Baseline-Baseline-Baseline",15654.9776264178
2027,"Australia/NZ","Ambitious-Double NMC 811-Baseline-Baseline-Baseline",15447.8839159729
2027,"Australia/NZ","Ambitious-Sodium Battery adoption-Baseline-Baseline-Baseline",15478.0736500517
2027,"Australia/NZ","Ambitious-Solid State adoption-Baseline-Baseline-Baseline",15478.0736500517
2027,"Brazil","Ambitious-Baseline-Baseline-Baseline-Baseline",15204.0324139282
2027,"Brazil","Ambitious-Baseline-Baseline-Baseline-Enhanced SSPS",15205.2818393748
2027,"Brazil","Ambitious-Baseline-Baseline-Baseline-Enhanced recycling",15106.9613136165
2027,"Brazil","Ambitious-Baseline-Baseline-Baseline-USA Recycling",15204.0324139282
2027,"Brazil","Ambitious-Baseline-High Capacity-Baseline-Baseline",17588.2377127863
2027,"Brazil","Ambitious-Baseline-Low Capacity-Baseline-Baseline",13917.243334045
2027,"Brazil","Ambitious-Baseline-Low Capacity-Baseline-Recycling Medium",13861.0149928864
2027,"Brazil","Ambitious-Double LFP-Baseline-Baseline-Baseline",15584.2819143449
2027,"Brazil","Ambitious-Double NMC 811-Baseline-Baseline-Baseline",14847.2370329043
2027,"Brazil","Ambitious-Sodium Battery adoption-Baseline-Baseline-Baseline",15204.0324139282
2027,"Brazil","Ambitious-Solid State adoption-Baseline-Baseline-Baseline",15204.0324139282
2027,"Canada","Ambitious-Baseline-Baseline-Baseline-Baseline",18012.4288515718
2027,"Canada","Ambitious-Baseline-Baseline-Baseline-Enhanced SSPS",18016.321540621
2027,"Canada","Ambitious-Baseline-Baseline-Baseline-Enhanced recycling",17873.852068963
2027,"Canada","Ambitious-Baseline-Baseline-Baseline-USA Recycling",18012.4288515718
2027,"Canada","Ambitious-Baseline-High Capacity-Baseline-Baseline",19564.3409303499
2027,"Canada","Ambitious-Baseline-Low Capacity-Baseline-Baseline",15550.1447849195
2027,"Canada","Ambitious-Baseline-Low Capacity-Baseline-Recycling Medium",15472.7555358915
2027,"Canada","Ambitious-Double LFP-Baseline-Baseline-Baseline",18191.1187967332
2027,"Canada","Ambitious-Double NMC 811-Baseline-Baseline-Baseline",17794.0910886774
2027,"Canada","Ambitious-Sodium Battery adoption-Baseline-Baseline-Baseline",18012.4288515718
2027,"Canada","Ambitious-Solid State adoption-Baseline-Baseline-Baseline",18012.4288515718
2027,"China","Ambitious-Baseline-Baseline-Baseline-Baseline",685544.30771944
2027,"China","Ambitious-Baseline-Baseline-Baseline-Enhanced SSPS",685180.566213227
2027,"China","Ambitious-Baseline-Baseline-Baseline-Enhanced recycling",685908.049225652
2027,"China","Ambitious-Baseline-Baseline-Baseline-USA Recycling",685544.30771944
2027,"China","Ambitious-Baseline-High Capacity-Baseline-Baseline",825306.459180141
2027,"China","Ambitious-Baseline-Low Capacity-Baseline-Baseline",631855.297763062
2027,"China","Ambitious-Baseline-Low Capacity-Baseline-Recycling Medium",632161.900306603
2027,"China","Ambitious-Double LFP-Baseline-Baseline-Baseline",709691.5927184
2027,"China","Ambitious-Double NMC 811-Baseline-Baseline-Baseline",675514.857954047
2027,"China","Ambitious-Sodium Battery adoption-Baseline-Baseline-Baseline",685544.30771944
2027,"China","Ambitious-Solid State adoption-Baseline-Baseline-Baseline",685544.30771944
2027,"EFTA","Ambitious-Baseline-Baseline-Baseline-Baseline",14791.7790721171
2027,"EFTA","Ambitious-Baseline-Baseline-Baseline-Enhanced SSPS",14803.7747244689
2027,"EFTA","Ambitious-Baseline-Baseline-Baseline-Enhanced recycling",14578.7534222528
2027,"EFTA","Ambitious-Baseline-Baseline-Baseline-USA Recycling",14791.7790721171
2027,"EFTA","Ambitious-Baseline-High Capacity-Baseline-Baseline",16102.2042422914
2027,"EFTA","Ambitious-Baseline-Low Capacity-Baseline-Baseline",13033.2362396797
2027,"EFTA","Ambitious-Baseline-Low Capacity-Baseline-Recycling Medium",12912.0912257551
2027,"EFTA","Ambitious-Double LFP-Baseline-Baseline-Baseline",14825.633734529
2027,"EFTA","Ambitious-Double NMC 811-Baseline-Baseline-Baseline",14760.703805965
2027,"EFTA","Ambitious-Sodium Battery adoption-Baseline-Baseline-Baseline",14791.7790721171
2027,"EFTA","Ambitious-Solid State adoption-Baseline-Baseline-Baseline",14791.7790721171
2027,"European Union","Ambitious-Baseline-Baseline-Baseline-Baseline",307802.343860243
2027,"European Union","Ambitious-Baseline-Baseline-Baseline-Enhanced SSPS",307870.598918228
2027,"European Union","Ambitious-Baseline-Baseline-Baseline-Enhanced recycling",307734.088802259
2027,"European Union","Ambitious-Baseline-Baseline-Baseline-USA Recycling",307802.343860243
2027,"European Union","Ambitious-Baseline-High Capacity-Baseline-Baseline",356583.933820518
2027,"European Union","Ambitious-Baseline-Low Capacity-Baseline-Baseline",281405.651652986
2027,"European Union","Ambitious-Baseline-Low Capacity-Baseline-Recycling Medium",281339.056014667
2027,"European Union","Ambitious-Double LFP-Baseline-Baseline-Baseline",308478.247269551
2027,"European Union","Ambitious-Double NMC 811-Baseline-Baseline-Baseline",307238.705911635
2027,"European Union","Ambitious-Sodium Battery adoption-Baseline-Baseline-Baseline",307802.343860243
2027,"European Union","Ambitious-Solid State adoption-Baseline-Baseline-Baseline",307802.343860243
2027,"India","Ambitious-Baseline-Baseline-Baseline-Baseline",48907.9507672162
2027,"India","Ambitious-Baseline-Baseline-Baseline-Enhanced SSPS",48920.6844144277
2027,"India","Ambitious-Baseline-Baseline-Baseline-Enhanced recycling",48468.0203492395
2027,"India","Ambitious-Baseline-Baseline-Baseline-USA Recycling",48907.9507672162
2027,"India","Ambitious-Baseline-High Capacity-Baseline-Baseline",63033.922152166
2027,"India","Ambitious-Baseline-Low Capacity-Baseline-Baseline",46664.1922768828
2027,"India","Ambitious-Baseline-Low Capacity-Baseline-Recycling Medium",46422.6924403926
2027,"India","Ambitious-Double LFP-Baseline-Baseline-Baseline",48916.5588582286
2027,"India","Ambitious-Double NMC 811-Baseline-Baseline-Baseline",48720.1804510422
2027,"India","Ambitious-Sodium Battery adoption-Baseline-Baseline-Baseline",48907.9507672162
2027,"India","Ambitious-Solid State adoption-Baseline-Baseline-Baseline",48907.9507672162
2027,"Japan","Ambitious-Baseline-Baseline-Baseline-Baseline",25903.0208518703
2027,"Japan","Ambitious-Baseline-Baseline-Baseline-Enhanced SSPS",25890.9325098681
2027,"Japan","Ambitious-Baseline-Baseline-Baseline-Enhanced recycling",25709.4238758597
2027,"Japan","Ambitious-Baseline-Baseline-Baseline-USA Recycling",25903.0208518703
2027,"Japan","Ambitious-Baseline-High Capacity-Baseline-Baseline",31018.0334856274
2027,"Japan","Ambitious-Baseline-Low Capacity-Baseline-Baseline",24885.975589383
2027,"Japan","Ambitious-Baseline-Low Capacity-Baseline-Recycling Medium",24778.7389601583
2027,"Japan","Ambitious-Double LFP-Baseline-Baseline-Baseline",25929.9837508882
2027,"Japan","Ambitious-Double NMC 811-Baseline-Baseline-Baseline",25677.9022811047
2027,"Japan","Ambitious-Sodium Battery adoption-Baseline-Baseline-Baseline",25903.0208518703
2027,"Japan","Ambitious-Solid State adoption-Baseline-Baseline-Baseline",25903.0208518703
2027,"Mexico","Ambitious-Baseline-Baseline-Baseline-Baseline",8390.6685614564
2027,"Mexico","Ambitious-Baseline-Baseline-Baseline-Enhanced SSPS",8391.65429279495
2027,"Mexico","Ambitious-Baseline-Baseline-Baseline-Enhanced recycling",8337.2141962792
2027,"Mexico","Ambitious-Baseline-Baseline-Baseline-USA Recycling",8390.6685614564
2027,"Mexico","Ambitious-Baseline-High Capacity-Baseline-Baseline",9296.36855978217
2027,"Mexico","Ambitious-Baseline-Low Capacity-Baseline-Baseline",7635.70598448686
2027,"Mexico","Ambitious-Baseline-Low Capacity-Baseline-Recycling Medium",7605.35422470956
2027,"Mexico","Ambitious-Double LFP-Baseline-Baseline-Baseline",8422.48445935519
2027,"Mexico","Ambitious-Double NMC 811-Baseline-Baseline-Baseline",8351.7794666402
2027,"Mexico","Ambitious-Sodium Battery adoption-Baseline-Baseline-Baseline",8390.6685614564
2027,"Mexico","Ambitious-Solid State adoption-Baseline-Baseline-Baseline",8390.6685614564
2027,"Middle East","Ambitious-Baseline-Baseline-Baseline-Baseline",27870.2346658248
2027,"Middle East","Ambitious-Baseline-Baseline-Baseline-Enhanced SSPS",27873.852676616
2027,"Middle East","Ambitious-Baseline-Baseline-Baseline-Enhanced recycling",27681.4519471905
2027,"Middle East","Ambitious-Baseline-Baseline-Baseline-USA Recycling",27870.2346658248
2027,"Middle East","Ambitious-Baseline-High Capacity-Baseline-Baseline",30824.3844513259
2027,"Middle East","Ambitious-Baseline-Low Capacity-Baseline-Baseline",24519.9238135116
2027,"Middle East","Ambitious-Baseline-Low Capacity-Baseline-Recycling Medium",24414.8951585527
2027,"Middle East","Ambitious-Double LFP-Baseline-Baseline-Baseline",28119.9364870234
2027,"Middle East","Ambitious-Double NMC 811-Baseline-Baseline-Baseline",27763.200371296
2027,"Middle East","Ambitious-Sodium Battery adoption-Baseline-Baseline-Baseline",27870.2346658248
2027,"Middle East","Ambitious-Solid State adoption-Baseline-Baseline-Baseline",27870.2346658248
2027,"Other Asia Pacific","Ambitious-Baseline-Baseline-Baseline-Baseline",7192.80878283967
2027,"Other Asia Pacific","Ambitious-Baseline-Baseline-Baseline-Enhanced SSPS",7194.01241237055
2027,"Other Asia Pacific","Ambitious-Baseline-Baseline-Baseline-Enhanced recycling",7138.66208462977
2027,"Other Asia Pacific","Ambitious-Baseline-Baseline-Baseline-USA Recycling",7192.80878283967
2027,"Other Asia Pacific","Ambitious-Baseline-High Capacity-Baseline-Baseline",8291.79007212637
2027,"Other Asia Pacific","Ambitious-Baseline-Low Capacity-Baseline-Baseline",6300.46750949344
2027,"Other Asia Pacific","Ambitious-Baseline-Low Capacity-Baseline-Recycling Medium",6271.47008442846
2027,"Other Asia Pacific","Ambitious-Double LFP-Baseline-Baseline-Baseline",7199.24411764923
2027,"Other Asia Pacific","Ambitious-Double NMC 811-Baseline-Baseline-Baseline",7148.23698703796
2027,"Other Asia Pacific","Ambitious-Sodium Battery adoption-Baseline-Baseline-Baseline",7192.80878283967
2027,"Other Asia Pacific","Ambitious-Solid State adoption-Baseline-Baseline-Baseline",7192.80878283967
2027,"Other Europe","Ambitious-Baseline-Baseline-Baseline-Baseline",13247.1110099415
2027,"Other Europe","Ambitious-Baseline-Baseline-Baseline-Enhanced SSPS",13248.955673168
2027,"Other Europe","Ambitious-Baseline-Baseline-Baseline-Enhanced recycling",13129.6455996984
2027,"Other Europe","Ambitious-Baseline-Baseline-Baseline-USA Recycling",13247.1110099415
2027,"Other Europe","Ambitious-Baseline-High Capacity-Baseline-Baseline",15029.8822058907
2027,"Other Europe","Ambitious-Baseline-Low Capacity-Baseline-Baseline",11547.0550237143
2027,"Other Europe","Ambitious-Baseline-Low Capacity-Baseline-Recycling Medium",11485.1210842124
2027,"Other Europe","Ambitious-Double LFP-Baseline-Baseline-Baseline",13277.6645876626
2027,"Other Europe","Ambitious-Double NMC 811-Baseline-Baseline-Baseline",13112.3036834214
2027,"Other Europe","Ambitious-Sodium Battery adoption-Baseline-Baseline-Baseline",13247.1110099415
2027,"Other Europe","Ambitious-Solid State adoption-Baseline-Baseline-Baseline",13247.1110099415
2027,"Other Latin America and Caribbean","Ambitious-Baseline-Baseline-Baseline-Baseline",40310.3068336339
2027,"Other Latin America and Caribbean","Ambitious-Baseline-Baseline-Baseline-Enhanced SSPS",40317.6579623456
2027,"Other Latin America and Caribbean","Ambitious-Baseline-Baseline-Baseline-Enhanced recycling",39825.5319454252
2027,"Other Latin America and Caribbean","Ambitious-Baseline-Baseline-Baseline-USA Recycling",40310.3068336339
2027,"Other Latin America and Caribbean","Ambitious-Baseline-High Capacity-Baseline-Baseline",46112.2695894195
2027,"Other Latin America and Caribbean","Ambitious-Baseline-Low Capacity-Baseline-Baseline",35539.1082457052
2027,"Other Latin America and Caribbean","Ambitious-Baseline-Low Capacity-Baseline-Recycling Medium",35290.7490431546
2027,"Other Latin America and Caribbean","Ambitious-Double LFP-Baseline-Baseline-Baseline",41579.7515899011
2027,"Other Latin America and Caribbean","Ambitious-Double NMC 811-Baseline-Baseline-Baseline",40094.9921423645
2027,"Other Latin America and Caribbean","Ambitious-Sodium Battery adoption-Baseline-Baseline-Baseline",40310.3068336339
2027,"Other Latin America and Caribbean","Ambitious-Solid State adoption-Baseline-Baseline-Baseline",40310.3068336339
2027,"South Korea","Ambitious-Baseline-Baseline-Baseline-Baseline",30309.8212216151
2027,"South Korea","Ambitious-Baseline-Baseline-Baseline-Enhanced SSPS",30315.2720601448
2027,"South Korea","Ambitious-Baseline-Baseline-Baseline-Enhanced recycling",30025.4457057721
2027,"South Korea","Ambitious-Baseline-Baseline-Baseline-USA Recycling",30309.8212216151
2027,"South Korea","Ambitious-Baseline-High Capacity-Baseline-Baseline",33476.538253507
2027,"South Korea","Ambitious-Baseline-Low Capacity-Baseline-Baseline",26240.1369760532
2027,"South Korea","Ambitious-Baseline-Low Capacity-Baseline-Recycling Medium",26084.1919955175
2027,"South Korea","Ambitious-Double LFP-Baseline-Baseline-Baseline",30355.0232493939
2027,"South Korea","Ambitious-Double NMC 811-Baseline-Baseline-Baseline",29990.8968836858
2027,"South Korea","Ambitious-Sodium Battery adoption-Baseline-Baseline-Baseline",30309.8212216151
2027,"South Korea","Ambitious-Solid State adoption-Baseline-Baseline-Baseline",30309.8212216151
2027,"United Kingdom","Ambitious-Baseline-Baseline-Baseline-Baseline",46053.9490692707
2027,"United Kingdom","Ambitious-Baseline-Baseline-Baseline-Enhanced SSPS",46032.8622047223
2027,"United Kingdom","Ambitious-Baseline-Baseline-Baseline-Enhanced recycling",45717.4802218929
2027,"United Kingdom","Ambitious-Baseline-Baseline-Baseline-USA Recycling",46053.9490692707
2027,"United Kingdom","Ambitious-Baseline-High Capacity-Baseline-Baseline",51200.8889784975
2027,"United Kingdom","Ambitious-Baseline-Low Capacity-Baseline-Baseline",41171.6769850177
2027,"United Kingdom","Ambitious-Baseline-Low Capacity-Baseline-Recycling Medium",40993.0030629954
2027,"United Kingdom","Ambitious-Double LFP-Baseline-Baseline-Baseline",46160.4600491627
2027,"United Kingdom","Ambitious-Double NMC 811-Baseline-Baseline-Baseline",45967.5335668189
2027,"United Kingdom","Ambitious-Sodium Battery adoption-Baseline-Baseline-Baseline",46053.9490692707
2027,"United Kingdom","Ambitious-Solid State adoption-Baseline-Baseline-Baseline",46053.9490692707
2027,"United States","Ambitious-Baseline-Baseline-Baseline-Baseline",225245.903029162
2027,"United States","Ambitious-Baseline-Baseline-Baseline-Enhanced SSPS",225292.872337117
2027,"United States","Ambitious-Baseline-Baseline-Baseline-Enhanced recycling",223317.712922882
2027,"United States","Ambitious-Baseline-Baseline-Baseline-USA Recycling",223380.398077404
2027,"United States","Ambitious-Baseline-High Capacity-Baseline-Baseline",239901.089425724
2027,"United States","Ambitious-Baseline-Low Capacity-Baseline-Baseline",191751.428503723
2027,"United States","Ambitious-Baseline-Low Capacity-Baseline-Recycling Medium",190690.9303607
2027,"United States","Ambitious-Double LFP-Baseline-Baseline-Baseline",227263.816088112
2027,"United States","Ambitious-Double NMC 811-Baseline-Baseline-Baseline",222838.957884008
2027,"United States","Ambitious-Sodium Battery adoption-Baseline-Baseline-Baseline",225245.903029162
2027,"United States","Ambitious-Solid State adoption-Baseline-Baseline-Baseline",225245.903029162
2028,"ASEAN","Ambitious-Baseline-Baseline-Baseline-Baseline",34046.0001567633
2028,"ASEAN","Ambitious-Baseline-Baseline-Baseline-Enhanced SSPS",34053.7369747796
2028,"ASEAN","Ambitious-Baseline-Baseline-Baseline-Enhanced recycling",33715.7990152806
2028,"ASEAN","Ambitious-Baseline-Baseline-Baseline-USA Recycling",34046.0001567633
2028,"ASEAN","Ambitious-Baseline-High Capacity-Baseline-Baseline",41576.3077584654
2028,"ASEAN","Ambitious-Baseline-Low Capacity-Baseline-Baseline",30454.2823391979
2028,"ASEAN","Ambitious-Baseline-Low Capacity-Baseline-Recycling Medium",30310.774931988
2028,"ASEAN","Ambitious-Double LFP-Baseline-Baseline-Baseline",35417.1005179661
2028,"ASEAN","Ambitious-Double NMC 811-Baseline-Baseline-Baseline",33751.1930579093
2028,"ASEAN","Ambitious-Sodium Battery adoption-Baseline-Baseline-Baseline",34046.0001567634
2028,"ASEAN","Ambitious-Solid State adoption-Baseline-Baseline-Baseline",34046.0001567634
2028,"Africa","Ambitious-Baseline-Baseline-Baseline-Baseline",30055.962988268
2028,"Africa","Ambitious-Baseline-Baseline-Baseline-Enhanced SSPS",30059.3483226397
2028,"Africa","Ambitious-Baseline-Baseline-Baseline-Enhanced recycling",29827.5713688998
2028,"Africa","Ambitious-Baseline-Baseline-Baseline-USA Recycling",30055.962988268
2028,"Africa","Ambitious-Baseline-High Capacity-Baseline-Baseline",35981.7286778502
2028,"Africa","Ambitious-Baseline-Low Capacity-Baseline-Baseline",26994.3378903785
2028,"Africa","Ambitious-Baseline-Low Capacity-Baseline-Recycling Medium",26891.0834061055
2028,"Africa","Ambitious-Double LFP-Baseline-Baseline-Baseline",30143.208379203
2028,"Africa","Ambitious-Double NMC 811-Baseline-Baseline-Baseline",29743.3567926019
2028,"Africa","Ambitious-Sodium Battery adoption-Baseline-Baseline-Baseline",30055.962988268
2028,"Africa","Ambitious-Solid State adoption-Baseline-Baseline-Baseline",30055.962988268
2028,"Australia/NZ","Ambitious-Baseline-Baseline-Baseline-Baseline",18182.110151302
2028,"Australia/NZ","Ambitious-Baseline-Baseline-Baseline-Enhanced SSPS",18185.2093477184
2028,"Australia/NZ","Ambitious-Baseline-Baseline-Baseline-Enhanced recycling",18003.74770962
2028,"Australia/NZ","Ambitious-Baseline-Baseline-Baseline-USA Recycling",18182.110151302
2028,"Australia/NZ","Ambitious-Baseline-High Capacity-Baseline-Baseline",20413.9389445086
2028,"Australia/NZ","Ambitious-Baseline-Low Capacity-Baseline-Baseline",15974.8775092421
2028,"Australia/NZ","Ambitious-Baseline-Low Capacity-Baseline-Recycling Medium",15893.277713339
2028,"Australia/NZ","Ambitious-Double LFP-Baseline-Baseline-Baseline",18420.1349756548
2028,"Australia/NZ","Ambitious-Double NMC 811-Baseline-Baseline-Baseline",18141.5956358626
2028,"Australia/NZ","Ambitious-Sodium Battery adoption-Baseline-Baseline-Baseline",18182.110151302
2028,"Australia/NZ","Ambitious-Solid State adoption-Baseline-Baseline-Baseline",18182.110151302
2028,"Brazil","Ambitious-Baseline-Baseline-Baseline-Baseline",21031.556969846
2028,"Brazil","Ambitious-Baseline-Baseline-Baseline-Enhanced SSPS",21033.8919849269
2028,"Brazil","Ambitious-Baseline-Baseline-Baseline-Enhanced recycling",20856.1047200502
2028,"Brazil","Ambitious-Baseline-Baseline-Baseline-USA Recycling",21031.556969846
2028,"Brazil","Ambitious-Baseline-High Capacity-Baseline-Baseline",25043.9050786561
2028,"Brazil","Ambitious-Baseline-Low Capacity-Baseline-Baseline",18868.4124512423
2028,"Brazil","Ambitious-Baseline-Low Capacity-Baseline-Recycling Medium",18788.3864680521
2028,"Brazil","Ambitious-Double LFP-Baseline-Baseline-Baseline",21644.4826948853
2028,"Brazil","Ambitious-Double NMC 811-Baseline-Baseline-Baseline",20438.8440010389
2028,"Brazil","Ambitious-Sodium Battery adoption-Baseline-Baseline-Baseline",21031.556969846
2028,"Brazil","Ambitious-Solid State adoption-Baseline-Baseline-Baseline",21031.556969846
2028,"Canada","Ambitious-Baseline-Baseline-Baseline-Baseline",25796.5030596305
2028,"Canada","Ambitious-Baseline-Baseline-Baseline-Enhanced SSPS",25803.0598058836
2028,"Canada","Ambitious-Baseline-Baseline-Baseline-Enhanced recycling",25541.2750995296
2028,"Canada","Ambitious-Baseline-Baseline-Baseline-USA Recycling",25796.5030596305
2028,"Canada","Ambitious-Baseline-High Capacity-Baseline-Baseline",28548.8720147307
2028,"Canada","Ambitious-Baseline-Low Capacity-Baseline-Baseline",21546.1839310334
2028,"Canada","Ambitious-Baseline-Low Capacity-Baseline-Recycling Medium",21432.8113253655
2028,"Canada","Ambitious-Double LFP-Baseline-Baseline-Baseline",26108.2354620602
2028,"Canada","Ambitious-Double NMC 811-Baseline-Baseline-Baseline",25411.8666843599
2028,"Canada","Ambitious-Sodium Battery adoption-Baseline-Baseline-Baseline",25796.5030596305
2028,"Canada","Ambitious-Solid State adoption-Baseline-Baseline-Baseline",25796.5030596305
2028,"China","Ambitious-Baseline-Baseline-Baseline-Baseline",793080.424534842
2028,"China","Ambitious-Baseline-Baseline-Baseline-Enhanced SSPS",792538.728569649
2028,"China","Ambitious-Baseline-Baseline-Baseline-Enhanced recycling",793622.120500035
2028,"China","Ambitious-Baseline-Baseline-Baseline-USA Recycling",793080.424534842
2028,"China","Ambitious-Baseline-High Capacity-Baseline-Baseline",989847.075404263
2028,"China","Ambitious-Baseline-Low Capacity-Baseline-Baseline",718589.164281734
2028,"China","Ambitious-Baseline-Low Capacity-Baseline-Recycling Medium",719030.422391646
2028,"China","Ambitious-Double LFP-Baseline-Baseline-Baseline",824396.474893065
2028,"China","Ambitious-Double NMC 811-Baseline-Baseline-Baseline",778794.145127051
2028,"China","Ambitious-Sodium Battery adoption-Baseline-Baseline-Baseline",793080.424534842
2028,"China","Ambitious-Solid State adoption-Baseline-Baseline-Baseline",793080.424534842
2028,"EFTA","Ambitious-Baseline-Baseline-Baseline-Baseline",15930.8515946551
2028,"EFTA","Ambitious-Baseline-Baseline-Baseline-Enhanced SSPS",15950.4927949476
2028,"EFTA","Ambitious-Baseline-Baseline-Baseline-Enhanced recycling",15596.9744996685
2028,"EFTA","Ambitious-Baseline-Baseline-Baseline-USA Recycling",15930.8515946551
2028,"EFTA","Ambitious-Baseline-High Capacity-Baseline-Baseline",17666.1919651219
2028,"EFTA","Ambitious-Baseline-Low Capacity-Baseline-Baseline",13657.6460477198
2028,"EFTA","Ambitious-Baseline-Low Capacity-Baseline-Recycling Medium",13502.1374806928
2028,"EFTA","Ambitious-Double LFP-Baseline-Baseline-Baseline",15974.8812428418
2028,"EFTA","Ambitious-Double NMC 811-Baseline-Baseline-Baseline",15892.3922761571
2028,"EFTA","Ambitious-Sodium Battery adoption-Baseline-Baseline-Baseline",15930.8515946551
2028,"EFTA","Ambitious-Solid State adoption-Baseline-Baseline-Baseline",15930.8515946551
2028,"European Union","Ambitious-Baseline-Baseline-Baseline-Baseline",377025.259293492
2028,"European Union","Ambitious-Baseline-Baseline-Baseline-Enhanced SSPS",377147.241781012
2028,"European Union","Ambitious-Baseline-Baseline-Baseline-Enhanced recycling",376903.276805973
2028,"European Union","Ambitious-Baseline-Baseline-Baseline-USA Recycling",377025.259293492
2028,"European Union","Ambitious-Baseline-High Capacity-Baseline-Baseline",448724.376917747
2028,"European Union","Ambitious-Baseline-Low Capacity-Baseline-Baseline",338318.752909413
2028,"European Union","Ambitious-Baseline-Low Capacity-Baseline-Recycling Medium",338200.626469359
2028,"European Union","Ambitious-Double LFP-Baseline-Baseline-Baseline",378001.113880999
2028,"European Union","Ambitious-Double NMC 811-Baseline-Baseline-Baseline",376235.786984108
2028,"European Union","Ambitious-Sodium Battery adoption-Baseline-Baseline-Baseline",377025.259293492
2028,"European Union","Ambitious-Solid State adoption-Baseline-Baseline-Baseline",377025.259293492
2028,"India","Ambitious-Baseline-Baseline-Baseline-Baseline",70461.4197417807
2028,"India","Ambitious-Baseline-Baseline-Baseline-Enhanced SSPS",70484.502449807
2028,"India","Ambitious-Baseline-Baseline-Baseline-Enhanced recycling",69547.8478254703
2028,"India","Ambitious-Baseline-Baseline-Baseline-USA Recycling",70461.4197417807
2028,"India","Ambitious-Baseline-High Capacity-Baseline-Baseline",94755.2569480292
2028,"India","Ambitious-Baseline-Low Capacity-Baseline-Baseline",66374.5858324917
2028,"India","Ambitious-Baseline-Low Capacity-Baseline-Recycling Medium",65973.7519135214
2028,"India","Ambitious-Double LFP-Baseline-Baseline-Baseline",70476.3994928658
2028,"India","Ambitious-Double NMC 811-Baseline-Baseline-Baseline",70187.1436858318
2028,"India","Ambitious-Sodium Battery adoption-Baseline-Baseline-Baseline",70461.4197417807
2028,"India","Ambitious-Solid State adoption-Baseline-Baseline-Baseline",70461.4197417807
2028,"Japan","Ambitious-Baseline-Baseline-Baseline-Baseline",30311.2479523216
2028,"Japan","Ambitious-Baseline-Baseline-Baseline-Enhanced SSPS",30321.6046073594
2028,"Japan","Ambitious-Baseline-Baseline-Baseline-Enhanced recycling",29937.8173438047
2028,"Japan","Ambitious-Baseline-Baseline-Baseline-USA Recycling",30311.2479523216
2028,"Japan","Ambitious-Baseline-High Capacity-Baseline-Baseline",37992.10508391
2028,"Japan","Ambitious-Baseline-Low Capacity-Baseline-Baseline",28468.1353518039
2028,"Japan","Ambitious-Baseline-Low Capacity-Baseline-Recycling Medium",28290.2009587229
2028,"Japan","Ambitious-Double LFP-Baseline-Baseline-Baseline",30348.5721388997
2028,"Japan","Ambitious-Double NMC 811-Baseline-Baseline-Baseline",30041.0765131669
2028,"Japan","Ambitious-Sodium Battery adoption-Baseline-Baseline-Baseline",30311.2479523216
2028,"Japan","Ambitious-Solid State adoption-Baseline-Baseline-Baseline",30311.2479523216
2028,"Mexico","Ambitious-Baseline-Baseline-Baseline-Baseline",15545.856540029
2028,"Mexico","Ambitious-Baseline-Baseline-Baseline-Enhanced SSPS",15547.5660362354
2028,"Mexico","Ambitious-Baseline-Baseline-Baseline-Enhanced recycling",15439.18805192
2028,"Mexico","Ambitious-Baseline-Baseline-Baseline-USA Recycling",15545.856540029
2028,"Mexico","Ambitious-Baseline-High Capacity-Baseline-Baseline",17566.045384824
2028,"Mexico","Ambitious-Baseline-Low Capacity-Baseline-Baseline",13860.6592894503
2028,"Mexico","Ambitious-Baseline-Low Capacity-Baseline-Recycling Medium",13812.6115327704
2028,"Mexico","Ambitious-Double LFP-Baseline-Baseline-Baseline",15618.2179066562
2028,"Mexico","Ambitious-Double NMC 811-Baseline-Baseline-Baseline",15457.1189462738
2028,"Mexico","Ambitious-Sodium Battery adoption-Baseline-Baseline-Baseline",15545.856540029
2028,"Mexico","Ambitious-Solid State adoption-Baseline-Baseline-Baseline",15545.856540029
2028,"Middle East","Ambitious-Baseline-Baseline-Baseline-Baseline",42006.1697889678
2028,"Middle East","Ambitious-Baseline-Baseline-Baseline-Enhanced SSPS",42012.455460791
2028,"Middle East","Ambitious-Baseline-Baseline-Baseline-Enhanced recycling",41632.1443901986
2028,"Middle East","Ambitious-Baseline-Baseline-Baseline-USA Recycling",42006.1697889678
2028,"Middle East","Ambitious-Baseline-High Capacity-Baseline-Baseline",47395.2000170915
2028,"Middle East","Ambitious-Baseline-Low Capacity-Baseline-Baseline",35811.5919640036
2028,"Middle East","Ambitious-Baseline-Low Capacity-Baseline-Recycling Medium",35647.8418950887
2028,"Middle East","Ambitious-Double LFP-Baseline-Baseline-Baseline",42435.880228142
2028,"Middle East","Ambitious-Double NMC 811-Baseline-Baseline-Baseline",41829.7681187956
2028,"Middle East","Ambitious-Sodium Battery adoption-Baseline-Baseline-Baseline",42006.1697889678
2028,"Middle East","Ambitious-Solid State adoption-Baseline-Baseline-Baseline",42006.1697889678
2028,"Other Asia Pacific","Ambitious-Baseline-Baseline-Baseline-Baseline",12810.9053028055
2028,"Other Asia Pacific","Ambitious-Baseline-Baseline-Baseline-Enhanced SSPS",12813.0986364072
2028,"Other Asia Pacific","Ambitious-Baseline-Baseline-Baseline-Enhanced recycling",12692.3411354363
2028,"Other Asia Pacific","Ambitious-Baseline-Baseline-Baseline-USA Recycling",12810.9053028055
2028,"Other Asia Pacific","Ambitious-Baseline-High Capacity-Baseline-Baseline",15095.6568503904
2028,"Other Asia Pacific","Ambitious-Baseline-Low Capacity-Baseline-Baseline",10837.4766280399
2028,"Other Asia Pacific","Ambitious-Baseline-Low Capacity-Baseline-Recycling Medium",10787.3759714638
2028,"Other Asia Pacific","Ambitious-Double LFP-Baseline-Baseline-Baseline",12823.6428898111
2028,"Other Asia Pacific","Ambitious-Double NMC 811-Baseline-Baseline-Baseline",12733.04835919
2028,"Other Asia Pacific","Ambitious-Sodium Battery adoption-Baseline-Baseline-Baseline",12810.9053028055
2028,"Other Asia Pacific","Ambitious-Solid State adoption-Baseline-Baseline-Baseline",12810.9053028055
2028,"Other Europe","Ambitious-Baseline-Baseline-Baseline-Baseline",21889.3536187792
2028,"Other Europe","Ambitious-Baseline-Baseline-Baseline-Enhanced SSPS",21892.6281218683
2028,"Other Europe","Ambitious-Baseline-Baseline-Baseline-Enhanced recycling",21648.6261695279
2028,"Other Europe","Ambitious-Baseline-Baseline-Baseline-USA Recycling",21889.3536187792
2028,"Other Europe","Ambitious-Baseline-High Capacity-Baseline-Baseline",25458.9776990218
2028,"Other Europe","Ambitious-Baseline-Low Capacity-Baseline-Baseline",18490.9757902714
2028,"Other Europe","Ambitious-Baseline-Low Capacity-Baseline-Recycling Medium",18390.5606129896
2028,"Other Europe","Ambitious-Double LFP-Baseline-Baseline-Baseline",21944.7832165483
2028,"Other Europe","Ambitious-Double NMC 811-Baseline-Baseline-Baseline",21666.0243521903
2028,"Other Europe","Ambitious-Sodium Battery adoption-Baseline-Baseline-Baseline",21889.3536187792
2028,"Other Europe","Ambitious-Solid State adoption-Baseline-Baseline-Baseline",21889.3536187792
2028,"Other Latin America and Caribbean","Ambitious-Baseline-Baseline-Baseline-Baseline",60678.6760331154
2028,"Other Latin America and Caribbean","Ambitious-Baseline-Baseline-Baseline-Enhanced SSPS",60691.3970131236
2028,"Other Latin America and Caribbean","Ambitious-Baseline-Baseline-Baseline-Enhanced recycling",59768.2045940807
2028,"Other Latin America and Caribbean","Ambitious-Baseline-Baseline-Baseline-USA Recycling",60678.6760331154
2028,"Other Latin America and Caribbean","Ambitious-Baseline-High Capacity-Baseline-Baseline",71170.7996191507
2028,"Other Latin America and Caribbean","Ambitious-Baseline-Low Capacity-Baseline-Baseline",52305.6309893822
2028,"Other Latin America and Caribbean","Ambitious-Baseline-Low Capacity-Baseline-Recycling Medium",51935.0522122483
2028,"Other Latin America and Caribbean","Ambitious-Double LFP-Baseline-Baseline-Baseline",62887.8722117294
2028,"Other Latin America and Caribbean","Ambitious-Double NMC 811-Baseline-Baseline-Baseline",60254.5933270203
2028,"Other Latin America and Caribbean","Ambitious-Sodium Battery adoption-Baseline-Baseline-Baseline",60678.6760331154
2028,"Other Latin America and Caribbean","Ambitious-Solid State adoption-Baseline-Baseline-Baseline",60678.6760331154
2028,"South Korea","Ambitious-Baseline-Baseline-Baseline-Baseline",35498.1552838488
2028,"South Korea","Ambitious-Baseline-Baseline-Baseline-Enhanced SSPS",35507.3673859921
2028,"South Korea","Ambitious-Baseline-Baseline-Baseline-Enhanced recycling",35037.015222012
2028,"South Korea","Ambitious-Baseline-Baseline-Baseline-USA Recycling",35498.1552838488
2028,"South Korea","Ambitious-Baseline-High Capacity-Baseline-Baseline",40006.6007325618
2028,"South Korea","Ambitious-Baseline-Low Capacity-Baseline-Baseline",29873.6995379025
2028,"South Korea","Ambitious-Baseline-Low Capacity-Baseline-Recycling Medium",29674.65596051
2028,"South Korea","Ambitious-Double LFP-Baseline-Baseline-Baseline",35558.6674725281
2028,"South Korea","Ambitious-Double NMC 811-Baseline-Baseline-Baseline",35118.4956144099
2028,"South Korea","Ambitious-Sodium Battery adoption-Baseline-Baseline-Baseline",35498.1552838488
2028,"South Korea","Ambitious-Solid State adoption-Baseline-Baseline-Baseline",35498.1552838488
2028,"United Kingdom","Ambitious-Baseline-Baseline-Baseline-Baseline",59447.3348520645
2028,"United Kingdom","Ambitious-Baseline-Baseline-Baseline-Enhanced SSPS",59465.6132875252
2028,"United Kingdom","Ambitious-Baseline-Baseline-Baseline-Enhanced recycling",58813.3100231816
2028,"United Kingdom","Ambitious-Baseline-Baseline-Baseline-USA Recycling",59447.3348520645
2028,"United Kingdom","Ambitious-Baseline-High Capacity-Baseline-Baseline",67689.9106533195
2028,"United Kingdom","Ambitious-Baseline-Low Capacity-Baseline-Baseline",51667.8561442444
2028,"United Kingdom","Ambitious-Baseline-Low Capacity-Baseline-Recycling Medium",51378.2088971446
2028,"United Kingdom","Ambitious-Double LFP-Baseline-Baseline-Baseline",59614.3898733834
2028,"United Kingdom","Ambitious-Double NMC 811-Baseline-Baseline-Baseline",59314.9366705082
2028,"United Kingdom","Ambitious-Sodium Battery adoption-Baseline-Baseline-Baseline",59447.3348520645
2028,"United Kingdom","Ambitious-Solid State adoption-Baseline-Baseline-Baseline",59447.3348520645
2028,"United States","Ambitious-Baseline-Baseline-Baseline-Baseline",311332.718170241
2028,"United States","Ambitious-Baseline-Baseline-Baseline-Enhanced SSPS",311185.647659282
2028,"United States","Ambitious-Baseline-Baseline-Baseline-Enhanced recycling",308144.277116
2028,"United States","Ambitious-Baseline-Baseline-Baseline-USA Recycling",308029.462139351
2028,"United States","Ambitious-Baseline-High Capacity-Baseline-Baseline",333624.244023668
2028,"United States","Ambitious-Baseline-Low Capacity-Baseline-Baseline",260795.202358912
2028,"United States","Ambitious-Baseline-Low Capacity-Baseline-Recycling Medium",259524.817577909
2028,"United States","Ambitious-Double LFP-Baseline-Baseline-Baseline",314419.285097526
2028,"United States","Ambitious-Double NMC 811-Baseline-Baseline-Baseline",307573.392208379
2028,"United States","Ambitious-Sodium Battery adoption-Baseline-Baseline-Baseline",311332.718170241
2028,"United States","Ambitious-Solid State adoption-Baseline-Baseline-Baseline",311332.718170241
2029,"ASEAN","Ambitious-Baseline-Baseline-Baseline-Baseline",61161.3455046704
2029,"ASEAN","Ambitious-Baseline-Baseline-Baseline-Enhanced SSPS",61174.6535121592
2029,"ASEAN","Ambitious-Baseline-Baseline-Baseline-Enhanced recycling",60503.3990475703
2029,"ASEAN","Ambitious-Baseline-Baseline-Baseline-USA Recycling",61161.3455046704
2029,"ASEAN","Ambitious-Baseline-High Capacity-Baseline-Baseline",76993.5896390681
2029,"ASEAN","Ambitious-Baseline-Low Capacity-Baseline-Baseline",53763.5074302257
2029,"ASEAN","Ambitious-Baseline-Low Capacity-Baseline-Recycling Medium",53519.1829524747
2029,"ASEAN","Ambitious-Double LFP-Baseline-Baseline-Baseline",63861.9096885082
2029,"ASEAN","Ambitious-Double NMC 811-Baseline-Baseline-Baseline",60535.1954207733
2029,"ASEAN","Ambitious-Sodium Battery adoption-Baseline-Baseline-Baseline",61161.3455046704
2029,"ASEAN","Ambitious-Solid State adoption-Baseline-Baseline-Baseline",61161.3455046704
2029,"Africa","Ambitious-Baseline-Baseline-Baseline-Baseline",44384.5583609929
2029,"Africa","Ambitious-Baseline-Baseline-Baseline-Enhanced SSPS",44390.7893848381
2029,"Africa","Ambitious-Baseline-Baseline-Baseline-Enhanced recycling",43937.2954145718
2029,"Africa","Ambitious-Baseline-Baseline-Baseline-USA Recycling",44384.5583609929
2029,"Africa","Ambitious-Baseline-High Capacity-Baseline-Baseline",54486.198539008
2029,"Africa","Ambitious-Baseline-Low Capacity-Baseline-Baseline",38783.5251587708
2029,"Africa","Ambitious-Baseline-Low Capacity-Baseline-Recycling Medium",38614.193558378
2029,"Africa","Ambitious-Double LFP-Baseline-Baseline-Baseline",44529.8577038634
2029,"Africa","Ambitious-Double NMC 811-Baseline-Baseline-Baseline",43898.3561814754
2029,"Africa","Ambitious-Sodium Battery adoption-Baseline-Baseline-Baseline",44384.5583609929
2029,"Africa","Ambitious-Solid State adoption-Baseline-Baseline-Baseline",44384.5583609929
2029,"Australia/NZ","Ambitious-Baseline-Baseline-Baseline-Baseline",21402.1427882804
2029,"Australia/NZ","Ambitious-Baseline-Baseline-Baseline-Enhanced SSPS",21407.3705796892
2029,"Australia/NZ","Ambitious-Baseline-Baseline-Baseline-Enhanced recycling",21133.281789116
2029,"Australia/NZ","Ambitious-Baseline-Baseline-Baseline-USA Recycling",21402.1427882804
2029,"Australia/NZ","Ambitious-Baseline-High Capacity-Baseline-Baseline",24531.1085770724
2029,"Australia/NZ","Ambitious-Baseline-Low Capacity-Baseline-Baseline",18366.1032460032
2029,"Australia/NZ","Ambitious-Baseline-Low Capacity-Baseline-Recycling Medium",18262.7935162329
2029,"Australia/NZ","Ambitious-Double LFP-Baseline-Baseline-Baseline",21712.5366244195
2029,"Australia/NZ","Ambitious-Double NMC 811-Baseline-Baseline-Baseline",21348.8232601373
2029,"Australia/NZ","Ambitious-Sodium Battery adoption-Baseline-Baseline-Baseline",21402.1427882804
2029,"Australia/NZ","Ambitious-Solid State adoption-Baseline-Baseline-Baseline",21402.1427882804
2029,"Brazil","Ambitious-Baseline-Baseline-Baseline-Baseline",29043.9089203789
2029,"Brazil","Ambitious-Baseline-Baseline-Baseline-Enhanced SSPS",29048.156155587
2029,"Brazil","Ambitious-Baseline-Baseline-Baseline-Enhanced recycling",28740.552712198
2029,"Brazil","Ambitious-Baseline-Baseline-Baseline-USA Recycling",29043.9089203789
2029,"Brazil","Ambitious-Baseline-High Capacity-Baseline-Baseline",35594.5085466243
2029,"Brazil","Ambitious-Baseline-Low Capacity-Baseline-Baseline",25503.5382563361
2029,"Brazil","Ambitious-Baseline-Low Capacity-Baseline-Recycling Medium",25387.9986442104
2029,"Brazil","Ambitious-Double LFP-Baseline-Baseline-Baseline",29987.4817070531
2029,"Brazil","Ambitious-Double NMC 811-Baseline-Baseline-Baseline",28117.6283478757
2029,"Brazil","Ambitious-Sodium Battery adoption-Baseline-Baseline-Baseline",29043.9089203789
2029,"Brazil","Ambitious-Solid State adoption-Baseline-Baseline-Baseline",29043.9089203789
2029,"Canada","Ambitious-Baseline-Baseline-Baseline-Baseline",38165.8678674217
2029,"Canada","Ambitious-Baseline-Baseline-Baseline-Enhanced SSPS",38176.7306522294
2029,"Canada","Ambitious-Baseline-Baseline-Baseline-Enhanced recycling",37722.8755315482
2029,"Canada","Ambitious-Baseline-Baseline-Baseline-USA Recycling",38165.8678674217
2029,"Canada","Ambitious-Baseline-High Capacity-Baseline-Baseline",43079.0448522705
2029,"Canada","Ambitious-Baseline-Low Capacity-Baseline-Baseline",30922.4605778927
2029,"Canada","Ambitious-Baseline-Low Capacity-Baseline-Recycling Medium",30755.8110510048
2029,"Canada","Ambitious-Double LFP-Baseline-Baseline-Baseline",38684.0742410097
2029,"Canada","Ambitious-Double NMC 811-Baseline-Baseline-Baseline",37527.0076260289
2029,"Canada","Ambitious-Sodium Battery adoption-Baseline-Baseline-Baseline",38165.8678674217
2029,"Canada","Ambitious-Solid State adoption-Baseline-Baseline-Baseline",38165.8678674217
2029,"China","Ambitious-Baseline-Baseline-Baseline-Baseline",902512.650493645
2029,"China","Ambitious-Baseline-Baseline-Baseline-Enhanced SSPS",902329.067866093
2029,"China","Ambitious-Baseline-Baseline-Baseline-Enhanced recycling",902696.233121197
2029,"China","Ambitious-Baseline-Baseline-Baseline-USA Recycling",902512.650493645
2029,"China","Ambitious-Baseline-High Capacity-Baseline-Baseline",1166645.92057233
2029,"China","Ambitious-Baseline-Low Capacity-Baseline-Baseline",803822.018656965
2029,"China","Ambitious-Baseline-Low Capacity-Baseline-Recycling Medium",803990.486627247
2029,"China","Ambitious-Double LFP-Baseline-Baseline-Baseline",941858.90560148
2029,"China","Ambitious-Double NMC 811-Baseline-Baseline-Baseline",883226.445462802
2029,"China","Ambitious-Sodium Battery adoption-Baseline-Baseline-Baseline",902512.650493645
2029,"China","Ambitious-Solid State adoption-Baseline-Baseline-Baseline",902512.650493645
2029,"EFTA","Ambitious-Baseline-Baseline-Baseline-Baseline",17914.9113582298
2029,"EFTA","Ambitious-Baseline-Baseline-Baseline-Enhanced SSPS",17945.7367390542
2029,"EFTA","Ambitious-Baseline-Baseline-Baseline-Enhanced recycling",17420.9639572651
2029,"EFTA","Ambitious-Baseline-Baseline-Baseline-USA Recycling",17914.9113582298
2029,"EFTA","Ambitious-Baseline-High Capacity-Baseline-Baseline",20254.6470784429
2029,"EFTA","Ambitious-Baseline-Low Capacity-Baseline-Baseline",14952.9278825057
2029,"EFTA","Ambitious-Baseline-Low Capacity-Baseline-Recycling Medium",14748.2569541809
2029,"EFTA","Ambitious-Double LFP-Baseline-Baseline-Baseline",17971.4806353942
2029,"EFTA","Ambitious-Double NMC 811-Baseline-Baseline-Baseline",17867.1902989668
2029,"EFTA","Ambitious-Sodium Battery adoption-Baseline-Baseline-Baseline",17914.9113582298
2029,"EFTA","Ambitious-Solid State adoption-Baseline-Baseline-Baseline",17914.9113582298
2029,"European Union","Ambitious-Baseline-Baseline-Baseline-Baseline",446721.679006707
2029,"European Union","Ambitious-Baseline-Baseline-Baseline-Enhanced SSPS",446927.544891695
2029,"European Union","Ambitious-Baseline-Baseline-Baseline-Enhanced recycling",446515.81312172
2029,"European Union","Ambitious-Baseline-Baseline-Baseline-USA Recycling",446721.679006707
2029,"European Union","Ambitious-Baseline-High Capacity-Baseline-Baseline",546042.160333674
2029,"European Union","Ambitious-Baseline-Low Capacity-Baseline-Baseline",393243.257053944
2029,"European Union","Ambitious-Baseline-Low Capacity-Baseline-Recycling Medium",393045.481357848
2029,"European Union","Ambitious-Double LFP-Baseline-Baseline-Baseline",448036.557300128
2029,"European Union","Ambitious-Double NMC 811-Baseline-Baseline-Baseline",445688.01149266
2029,"European Union","Ambitious-Sodium Battery adoption-Baseline-Baseline-Baseline",446721.679006707
2029,"European Union","Ambitious-Solid State adoption-Baseline-Baseline-Baseline",446721.679006707
2029,"India","Ambitious-Baseline-Baseline-Baseline-Baseline",94985.8199786313
2029,"India","Ambitious-Baseline-Baseline-Baseline-Enhanced SSPS",95026.0281267698
2029,"India","Ambitious-Baseline-Baseline-Baseline-Enhanced recycling",93342.1596424873
2029,"India","Ambitious-Baseline-Baseline-Baseline-USA Recycling",94985.8199786313
2029,"India","Ambitious-Baseline-High Capacity-Baseline-Baseline",132942.119019212
2029,"India","Ambitious-Baseline-Low Capacity-Baseline-Baseline",88037.1787348379
2029,"India","Ambitious-Baseline-Low Capacity-Baseline-Recycling Medium",87420.9234661408
2029,"India","Ambitious-Double LFP-Baseline-Baseline-Baseline",95008.7901788331
2029,"India","Ambitious-Double NMC 811-Baseline-Baseline-Baseline",94619.9932956301
2029,"India","Ambitious-Sodium Battery adoption-Baseline-Baseline-Baseline",94985.8199786313
2029,"India","Ambitious-Solid State adoption-Baseline-Baseline-Baseline",94985.8199786313
2029,"Japan","Ambitious-Baseline-Baseline-Baseline-Baseline",56231.8002070443
2029,"Japan","Ambitious-Baseline-Baseline-Baseline-Enhanced SSPS",56206.3514989879
2029,"Japan","Ambitious-Baseline-Baseline-Baseline-Enhanced recycling",55700.2780401024
2029,"Japan","Ambitious-Baseline-Baseline-Baseline-USA Recycling",56231.8002070443
2029,"Japan","Ambitious-Baseline-High Capacity-Baseline-Baseline",71366.709939124
2029,"Japan","Ambitious-Baseline-Low Capacity-Baseline-Baseline",52375.7577413354
2029,"Japan","Ambitious-Baseline-Low Capacity-Baseline-Recycling Medium",52184.0141820592
2029,"Japan","Ambitious-Double LFP-Baseline-Baseline-Baseline",56302.5354020546
2029,"Japan","Ambitious-Double NMC 811-Baseline-Baseline-Baseline",55797.5889884557
2029,"Japan","Ambitious-Sodium Battery adoption-Baseline-Baseline-Baseline",56231.8002070443
2029,"Japan","Ambitious-Solid State adoption-Baseline-Baseline-Baseline",56231.8002070443
2029,"Mexico","Ambitious-Baseline-Baseline-Baseline-Baseline",31342.5015674293
2029,"Mexico","Ambitious-Baseline-Baseline-Baseline-Enhanced SSPS",31340.1875805166
2029,"Mexico","Ambitious-Baseline-Baseline-Baseline-Enhanced recycling",31123.0089411057
2029,"Mexico","Ambitious-Baseline-Baseline-Baseline-USA Recycling",31342.5015674293
2029,"Mexico","Ambitious-Baseline-High Capacity-Baseline-Baseline",35720.7750035805
2029,"Mexico","Ambitious-Baseline-Low Capacity-Baseline-Baseline",27686.645150374
2029,"Mexico","Ambitious-Baseline-Low Capacity-Baseline-Recycling Medium",27606.0738836803
2029,"Mexico","Ambitious-Double LFP-Baseline-Baseline-Baseline",31500.0670367921
2029,"Mexico","Ambitious-Double NMC 811-Baseline-Baseline-Baseline",31149.5881888956
2029,"Mexico","Ambitious-Sodium Battery adoption-Baseline-Baseline-Baseline",31342.5015674293
2029,"Mexico","Ambitious-Solid State adoption-Baseline-Baseline-Baseline",31342.5015674293
2029,"Middle East","Ambitious-Baseline-Baseline-Baseline-Baseline",66211.4197520673
2029,"Middle East","Ambitious-Baseline-Baseline-Baseline-Enhanced SSPS",66221.5984079109
2029,"Middle East","Ambitious-Baseline-Baseline-Baseline-Enhanced recycling",65521.1511846655
2029,"Middle East","Ambitious-Baseline-Baseline-Baseline-USA Recycling",66211.4197520673
2029,"Middle East","Ambitious-Baseline-High Capacity-Baseline-Baseline",76099.8827848941
2029,"Middle East","Ambitious-Baseline-Low Capacity-Baseline-Baseline",54559.8068192205
2029,"Middle East","Ambitious-Baseline-Low Capacity-Baseline-Recycling Medium",54307.1224664929
2029,"Middle East","Ambitious-Double LFP-Baseline-Baseline-Baseline",66971.1038064465
2029,"Middle East","Ambitious-Double NMC 811-Baseline-Baseline-Baseline",65907.9384808799
2029,"Middle East","Ambitious-Sodium Battery adoption-Baseline-Baseline-Baseline",66211.4197520673
2029,"Middle East","Ambitious-Solid State adoption-Baseline-Baseline-Baseline",66211.4197520673
2029,"Other Asia Pacific","Ambitious-Baseline-Baseline-Baseline-Baseline",23459.2121353775
2029,"Other Asia Pacific","Ambitious-Baseline-Baseline-Baseline-Enhanced SSPS",23462.9784259363
2029,"Other Asia Pacific","Ambitious-Baseline-Baseline-Baseline-Enhanced recycling",23212.3659968587
2029,"Other Asia Pacific","Ambitious-Baseline-Baseline-Baseline-USA Recycling",23459.2121353775
2029,"Other Asia Pacific","Ambitious-Baseline-High Capacity-Baseline-Baseline",28242.0998018171
2029,"Other Asia Pacific","Ambitious-Baseline-Low Capacity-Baseline-Baseline",19124.817488493
2029,"Other Asia Pacific","Ambitious-Baseline-Low Capacity-Baseline-Recycling Medium",19037.1607987549
2029,"Other Asia Pacific","Ambitious-Double LFP-Baseline-Baseline-Baseline",23484.3204148378
2029,"Other Asia Pacific","Ambitious-Double NMC 811-Baseline-Baseline-Baseline",23321.1905166875
2029,"Other Asia Pacific","Ambitious-Sodium Battery adoption-Baseline-Baseline-Baseline",23459.2121353775
2029,"Other Asia Pacific","Ambitious-Solid State adoption-Baseline-Baseline-Baseline",23459.2121353775
2029,"Other Europe","Ambitious-Baseline-Baseline-Baseline-Baseline",38105.5169425247
2029,"Other Europe","Ambitious-Baseline-Baseline-Baseline-Enhanced SSPS",38111.4272495958
2029,"Other Europe","Ambitious-Baseline-Baseline-Baseline-Enhanced recycling",37636.6945954388
2029,"Other Europe","Ambitious-Baseline-Baseline-Baseline-USA Recycling",38105.5169425247
2029,"Other Europe","Ambitious-Baseline-High Capacity-Baseline-Baseline",45436.7373674959
2029,"Other Europe","Ambitious-Baseline-Low Capacity-Baseline-Baseline",31162.1208857855
2029,"Other Europe","Ambitious-Baseline-Low Capacity-Baseline-Recycling Medium",30995.994011063
2029,"Other Europe","Ambitious-Double LFP-Baseline-Baseline-Baseline",38210.7162448598
2029,"Other Europe","Ambitious-Double NMC 811-Baseline-Baseline-Baseline",37718.1426461639
2029,"Other Europe","Ambitious-Sodium Battery adoption-Baseline-Baseline-Baseline",38105.5169425247
2029,"Other Europe","Ambitious-Solid State adoption-Baseline-Baseline-Baseline",38105.5169425247
2029,"Other Latin America and Caribbean","Ambitious-Baseline-Baseline-Baseline-Baseline",91127.1580325196
2029,"Other Latin America and Caribbean","Ambitious-Baseline-Baseline-Baseline-Enhanced SSPS",91148.6898032561
2029,"Other Latin America and Caribbean","Ambitious-Baseline-Baseline-Baseline-Enhanced recycling",89535.0257858542
2029,"Other Latin America and Caribbean","Ambitious-Baseline-Baseline-Baseline-USA Recycling",91127.1580325196
2029,"Other Latin America and Caribbean","Ambitious-Baseline-High Capacity-Baseline-Baseline",109573.90779175
2029,"Other Latin America and Caribbean","Ambitious-Baseline-Low Capacity-Baseline-Baseline",76610.1839178702
2029,"Other Latin America and Caribbean","Ambitious-Baseline-Low Capacity-Baseline-Recycling Medium",76053.1091561455
2029,"Other Latin America and Caribbean","Ambitious-Double LFP-Baseline-Baseline-Baseline",94718.9647987514
2029,"Other Latin America and Caribbean","Ambitious-Double NMC 811-Baseline-Baseline-Baseline",90371.8926466769
2029,"Other Latin America and Caribbean","Ambitious-Sodium Battery adoption-Baseline-Baseline-Baseline",91127.1580325196
2029,"Other Latin America and Caribbean","Ambitious-Solid State adoption-Baseline-Baseline-Baseline",91127.1580325196
2029,"South Korea","Ambitious-Baseline-Baseline-Baseline-Baseline",45247.0832102758
2029,"South Korea","Ambitious-Baseline-Baseline-Baseline-Enhanced SSPS",45262.4381458395
2029,"South Korea","Ambitious-Baseline-Baseline-Baseline-Enhanced recycling",44535.9659278758
2029,"South Korea","Ambitious-Baseline-Baseline-Baseline-USA Recycling",45247.0832102758
2029,"South Korea","Ambitious-Baseline-High Capacity-Baseline-Baseline",52274.2020231918
2029,"South Korea","Ambitious-Baseline-Low Capacity-Baseline-Baseline",37020.8271838577
2029,"South Korea","Ambitious-Baseline-Low Capacity-Baseline-Recycling Medium",36759.9323994548
2029,"South Korea","Ambitious-Double LFP-Baseline-Baseline-Baseline",45323.7214637594
2029,"South Korea","Ambitious-Double NMC 811-Baseline-Baseline-Baseline",44809.6434863571
2029,"South Korea","Ambitious-Sodium Battery adoption-Baseline-Baseline-Baseline",45247.0832102758
2029,"South Korea","Ambitious-Solid State adoption-Baseline-Baseline-Baseline",45247.0832102758
2029,"United Kingdom","Ambitious-Baseline-Baseline-Baseline-Baseline",80837.6414859018
2029,"United Kingdom","Ambitious-Baseline-Baseline-Baseline-Enhanced SSPS",80794.6225112284
2029,"United Kingdom","Ambitious-Baseline-Baseline-Baseline-Enhanced recycling",79892.8269339848
2029,"United Kingdom","Ambitious-Baseline-Baseline-Baseline-USA Recycling",80837.6414859018
2029,"United Kingdom","Ambitious-Baseline-High Capacity-Baseline-Baseline",93501.346060146
2029,"United Kingdom","Ambitious-Baseline-Low Capacity-Baseline-Baseline",69034.7321144517
2029,"United Kingdom","Ambitious-Baseline-Low Capacity-Baseline-Recycling Medium",68709.323035859
2029,"United Kingdom","Ambitious-Double LFP-Baseline-Baseline-Baseline",81076.6502819682
2029,"United Kingdom","Ambitious-Double NMC 811-Baseline-Baseline-Baseline",80651.641096058
2029,"United Kingdom","Ambitious-Sodium Battery adoption-Baseline-Baseline-Baseline",80837.6414859018
2029,"United Kingdom","Ambitious-Solid State adoption-Baseline-Baseline-Baseline",80837.6414859018
2029,"United States","Ambitious-Baseline-Baseline-Baseline-Baseline",347512.692240152
2029,"United States","Ambitious-Baseline-Baseline-Baseline-Enhanced SSPS",347649.252018871
2029,"United States","Ambitious-Baseline-Baseline-Baseline-Enhanced recycling",341715.923607453
2029,"United States","Ambitious-Baseline-Baseline-Baseline-USA Recycling",341912.019085431
2029,"United States","Ambitious-Baseline-High Capacity-Baseline-Baseline",379876.944809729
2029,"United States","Ambitious-Baseline-Low Capacity-Baseline-Baseline",274992.495067944
2029,"United States","Ambitious-Baseline-Low Capacity-Baseline-Recycling Medium",272824.937735846
2029,"United States","Ambitious-Double LFP-Baseline-Baseline-Baseline",351923.247860023
2029,"United States","Ambitious-Double NMC 811-Baseline-Baseline-Baseline",342107.529088966
2029,"United States","Ambitious-Sodium Battery adoption-Baseline-Baseline-Baseline",347512.692240152
2029,"United States","Ambitious-Solid State adoption-Baseline-Baseline-Baseline",347512.692240152
2030,"ASEAN","Ambitious-Baseline-Baseline-Baseline-Baseline",112618.21723965
2030,"ASEAN","Ambitious-Baseline-Baseline-Baseline-Enhanced SSPS",112631.880555492
2030,"ASEAN","Ambitious-Baseline-Baseline-Baseline-Enhanced recycling",111404.64966242
2030,"ASEAN","Ambitious-Baseline-Baseline-Baseline-USA Recycling",112618.21723965
2030,"ASEAN","Ambitious-Baseline-High Capacity-Baseline-Baseline",145923.450889242
2030,"ASEAN","Ambitious-Baseline-Low Capacity-Baseline-Baseline",97305.7346058604
2030,"ASEAN","Ambitious-Baseline-Low Capacity-Baseline-Recycling Medium",96893.9898425158
2030,"ASEAN","Ambitious-Double LFP-Baseline-Baseline-Baseline",117950.920539267
2030,"ASEAN","Ambitious-Double NMC 811-Baseline-Baseline-Baseline",111276.619199298
2030,"ASEAN","Ambitious-Sodium Battery adoption-Baseline-Baseline-Baseline",112573.906745047
2030,"ASEAN","Ambitious-Solid State adoption-Baseline-Baseline-Baseline",112618.21723965
2030,"Africa","Ambitious-Baseline-Baseline-Baseline-Baseline",66710.478438874
2030,"Africa","Ambitious-Baseline-Baseline-Baseline-Enhanced SSPS",66718.2072457126
2030,"Africa","Ambitious-Baseline-Baseline-Baseline-Enhanced recycling",65964.153783296
2030,"Africa","Ambitious-Baseline-Baseline-Baseline-USA Recycling",66710.478438874
2030,"Africa","Ambitious-Baseline-High Capacity-Baseline-Baseline",83750.0887288245
2030,"Africa","Ambitious-Baseline-Low Capacity-Baseline-Baseline",56545.492322065
2030,"Africa","Ambitious-Baseline-Low Capacity-Baseline-Recycling Medium",56290.9366777704
2030,"Africa","Ambitious-Double LFP-Baseline-Baseline-Baseline",66942.6335725065
2030,"Africa","Ambitious-Double NMC 811-Baseline-Baseline-Baseline",65969.8230070367
2030,"Africa","Ambitious-Sodium Battery adoption-Baseline-Baseline-Baseline",66707.0851754951
2030,"Africa","Ambitious-Solid State adoption-Baseline-Baseline-Baseline",66710.4784388741
2030,"Australia/NZ","Ambitious-Baseline-Baseline-Baseline-Baseline",25691.6057005303
2030,"Australia/NZ","Ambitious-Baseline-Baseline-Baseline-Enhanced SSPS",25699.752605374
2030,"Australia/NZ","Ambitious-Baseline-Baseline-Baseline-Enhanced recycling",25315.6901776075
2030,"Australia/NZ","Ambitious-Baseline-Baseline-Baseline-USA Recycling",25691.6057005303
2030,"Australia/NZ","Ambitious-Baseline-High Capacity-Baseline-Baseline",30113.5158546987
2030,"Australia/NZ","Ambitious-Baseline-Low Capacity-Baseline-Baseline",21514.6519051827
2030,"Australia/NZ","Ambitious-Baseline-Low Capacity-Baseline-Recycling Medium",21381.7756193721
2030,"Australia/NZ","Ambitious-Double LFP-Baseline-Baseline-Baseline",26089.8414378573
2030,"Australia/NZ","Ambitious-Double NMC 811-Baseline-Baseline-Baseline",25624.0961679856
2030,"Australia/NZ","Ambitious-Sodium Battery adoption-Baseline-Baseline-Baseline",25685.918402676
2030,"Australia/NZ","Ambitious-Solid State adoption-Baseline-Baseline-Baseline",25691.6057005303
2030,"Brazil","Ambitious-Baseline-Baseline-Baseline-Baseline",40633.8433142743
2030,"Brazil","Ambitious-Baseline-Baseline-Baseline-Enhanced SSPS",40639.698216298
2030,"Brazil","Ambitious-Baseline-Baseline-Baseline-Enhanced recycling",40156.4430024153
2030,"Brazil","Ambitious-Baseline-Baseline-Baseline-USA Recycling",40633.8433142743
2030,"Brazil","Ambitious-Baseline-High Capacity-Baseline-Baseline",51243.2987791656
2030,"Brazil","Ambitious-Baseline-Low Capacity-Baseline-Baseline",34859.6428163539
2030,"Brazil","Ambitious-Baseline-Low Capacity-Baseline-Recycling Medium",34694.3460735568
2030,"Brazil","Ambitious-Double LFP-Baseline-Baseline-Baseline",42055.2634849461
2030,"Brazil","Ambitious-Double NMC 811-Baseline-Baseline-Baseline",39226.8568638484
2030,"Brazil","Ambitious-Sodium Battery adoption-Baseline-Baseline-Baseline",40621.4171227396
2030,"Brazil","Ambitious-Solid State adoption-Baseline-Baseline-Baseline",40633.8433142742
2030,"Canada","Ambitious-Baseline-Baseline-Baseline-Baseline",57170.8471686784
2030,"Canada","Ambitious-Baseline-Baseline-Baseline-Enhanced SSPS",57187.8183661613
2030,"Canada","Ambitious-Baseline-Baseline-Baseline-Enhanced recycling",56450.8612451801
2030,"Canada","Ambitious-Baseline-Baseline-Baseline-USA Recycling",57170.8471686784
2030,"Canada","Ambitious-Baseline-High Capacity-Baseline-Baseline",65886.3489361584
2030,"Canada","Ambitious-Baseline-Low Capacity-Baseline-Baseline",45007.6537478582
2030,"Canada","Ambitious-Baseline-Low Capacity-Baseline-Recycling Medium",44759.3327406664
2030,"Canada","Ambitious-Double LFP-Baseline-Baseline-Baseline",58018.0682137272
2030,"Canada","Ambitious-Double NMC 811-Baseline-Baseline-Baseline",56123.3657343138
2030,"Canada","Ambitious-Sodium Battery adoption-Baseline-Baseline-Baseline",57159.6766416336
2030,"Canada","Ambitious-Solid State adoption-Baseline-Baseline-Baseline",57170.8471686784
2030,"China","Ambitious-Baseline-Baseline-Baseline-Baseline",1014091.50296672
2030,"China","Ambitious-Baseline-Baseline-Baseline-Enhanced SSPS",1013383.48612405
2030,"China","Ambitious-Baseline-Baseline-Baseline-Enhanced recycling",1014799.51980939
2030,"China","Ambitious-Baseline-Baseline-Baseline-USA Recycling",1014091.50296672
2030,"China","Ambitious-Baseline-High Capacity-Baseline-Baseline",1357198.25351749
2030,"China","Ambitious-Baseline-Low Capacity-Baseline-Baseline",887079.724963605
2030,"China","Ambitious-Baseline-Low Capacity-Baseline-Recycling Medium",887647.975772152
2030,"China","Ambitious-Double LFP-Baseline-Baseline-Baseline",1062291.65393494
2030,"China","Ambitious-Double NMC 811-Baseline-Baseline-Baseline",989028.698486615
2030,"China","Ambitious-Sodium Battery adoption-Baseline-Baseline-Baseline",1013512.81804748
2030,"China","Ambitious-Solid State adoption-Baseline-Baseline-Baseline",1014091.50296672
2030,"EFTA","Ambitious-Baseline-Baseline-Baseline-Baseline",20632.9826445787
2030,"EFTA","Ambitious-Baseline-Baseline-Baseline-Enhanced SSPS",20677.4309336463
2030,"EFTA","Ambitious-Baseline-Baseline-Baseline-Enhanced recycling",19950.6446291864
2030,"EFTA","Ambitious-Baseline-Baseline-Baseline-USA Recycling",20632.9826445787
2030,"EFTA","Ambitious-Baseline-High Capacity-Baseline-Baseline",23811.8162519814
2030,"EFTA","Ambitious-Baseline-Low Capacity-Baseline-Baseline",16766.9240200244
2030,"EFTA","Ambitious-Baseline-Low Capacity-Baseline-Recycling Medium",16497.7590667831
2030,"EFTA","Ambitious-Double LFP-Baseline-Baseline-Baseline",20705.2505034502
2030,"EFTA","Ambitious-Double NMC 811-Baseline-Baseline-Baseline",20574.1445832052
2030,"EFTA","Ambitious-Sodium Battery adoption-Baseline-Baseline-Baseline",20631.8633455686
2030,"EFTA","Ambitious-Solid State adoption-Baseline-Baseline-Baseline",20632.9826445787
2030,"European Union","Ambitious-Baseline-Baseline-Baseline-Baseline",522161.518284728
2030,"European Union","Ambitious-Baseline-Baseline-Baseline-Enhanced SSPS",522458.313290956
2030,"European Union","Ambitious-Baseline-Baseline-Baseline-Enhanced recycling",521864.7232785
2030,"European Union","Ambitious-Baseline-Baseline-Baseline-USA Recycling",522161.518284728
2030,"European Union","Ambitious-Baseline-High Capacity-Baseline-Baseline",655297.060706176
2030,"European Union","Ambitious-Baseline-Low Capacity-Baseline-Baseline",450821.181820719
2030,"European Union","Ambitious-Baseline-Low Capacity-Baseline-Recycling Medium",450535.905101404
2030,"European Union","Ambitious-Double LFP-Baseline-Baseline-Baseline",523856.423663304
2030,"European Union","Ambitious-Double NMC 811-Baseline-Baseline-Baseline",520865.820832919
2030,"European Union","Ambitious-Sodium Battery adoption-Baseline-Baseline-Baseline",522134.92019113
2030,"European Union","Ambitious-Solid State adoption-Baseline-Baseline-Baseline",522161.518284728
2030,"India","Ambitious-Baseline-Baseline-Baseline-Baseline",123607.315056288
2030,"India","Ambitious-Baseline-Baseline-Baseline-Enhanced SSPS",123652.827993048
2030,"India","Ambitious-Baseline-Baseline-Baseline-Enhanced recycling",121048.396686612
2030,"India","Ambitious-Baseline-Baseline-Baseline-USA Recycling",123607.315056288
2030,"India","Ambitious-Baseline-High Capacity-Baseline-Baseline",179614.207197965
2030,"India","Ambitious-Baseline-Low Capacity-Baseline-Baseline",112220.255125093
2030,"India","Ambitious-Baseline-Low Capacity-Baseline-Recycling Medium",111346.945020754
2030,"India","Ambitious-Double LFP-Baseline-Baseline-Baseline",123640.083501499
2030,"India","Ambitious-Double NMC 811-Baseline-Baseline-Baseline",123151.177400951
2030,"India","Ambitious-Sodium Battery adoption-Baseline-Baseline-Baseline",123606.794644472
2030,"India","Ambitious-Solid State adoption-Baseline-Baseline-Baseline",123607.315056288
2030,"Japan","Ambitious-Baseline-Baseline-Baseline-Baseline",88759.2715700044
2030,"Japan","Ambitious-Baseline-Baseline-Baseline-Enhanced SSPS",88783.6885241355
2030,"Japan","Ambitious-Baseline-Baseline-Baseline-Enhanced recycling",87707.3663782535
2030,"Japan","Ambitious-Baseline-Baseline-Baseline-USA Recycling",88759.2715700044
2030,"Japan","Ambitious-Baseline-High Capacity-Baseline-Baseline",118193.049368942
2030,"Japan","Ambitious-Baseline-Low Capacity-Baseline-Baseline",80774.5303188823
2030,"Japan","Ambitious-Baseline-Low Capacity-Baseline-Recycling Medium",80379.5323020539
2030,"Japan","Ambitious-Double LFP-Baseline-Baseline-Baseline",88890.5502511053
2030,"Japan","Ambitious-Double NMC 811-Baseline-Baseline-Baseline",88059.0214130006
2030,"Japan","Ambitious-Sodium Battery adoption-Baseline-Baseline-Baseline",88757.2257148049
2030,"Japan","Ambitious-Solid State adoption-Baseline-Baseline-Baseline",88759.2715700045
2030,"Mexico","Ambitious-Baseline-Baseline-Baseline-Baseline",53435.9951249825
2030,"Mexico","Ambitious-Baseline-Baseline-Baseline-Enhanced SSPS",53439.3494382086
2030,"Mexico","Ambitious-Baseline-Baseline-Baseline-Enhanced recycling",52973.7847653969
2030,"Mexico","Ambitious-Baseline-Baseline-Baseline-USA Recycling",53435.9951249825
2030,"Mexico","Ambitious-Baseline-High Capacity-Baseline-Baseline",62746.953198574
2030,"Mexico","Ambitious-Baseline-Low Capacity-Baseline-Baseline",45657.4911476952
2030,"Mexico","Ambitious-Baseline-Low Capacity-Baseline-Recycling Medium",45497.2406651334
2030,"Mexico","Ambitious-Double LFP-Baseline-Baseline-Baseline",53771.3232838225
2030,"Mexico","Ambitious-Double NMC 811-Baseline-Baseline-Baseline",53023.5811100479
2030,"Mexico","Ambitious-Sodium Battery adoption-Baseline-Baseline-Baseline",53431.5866083758
2030,"Mexico","Ambitious-Solid State adoption-Baseline-Baseline-Baseline",53435.9951249825
2030,"Middle East","Ambitious-Baseline-Baseline-Baseline-Baseline",107635.284845695
2030,"Middle East","Ambitious-Baseline-Baseline-Baseline-Enhanced SSPS",107646.642043996
2030,"Middle East","Ambitious-Baseline-Baseline-Baseline-Enhanced recycling",106443.047866809
2030,"Middle East","Ambitious-Baseline-Baseline-Baseline-USA Recycling",107635.284845695
2030,"Middle East","Ambitious-Baseline-High Capacity-Baseline-Baseline",125982.206119615
2030,"Middle East","Ambitious-Baseline-Low Capacity-Baseline-Baseline",85684.8518996155
2030,"Middle East","Ambitious-Baseline-Low Capacity-Baseline-Recycling Medium",85292.2476210303
2030,"Middle East","Ambitious-Double LFP-Baseline-Baseline-Baseline",108959.353500536
2030,"Middle East","Ambitious-Double NMC 811-Baseline-Baseline-Baseline",107111.811671107
2030,"Middle East","Ambitious-Sodium Battery adoption-Baseline-Baseline-Baseline",107615.680771899
2030,"Middle East","Ambitious-Solid State adoption-Baseline-Baseline-Baseline",107635.284845695
2030,"Other Asia Pacific","Ambitious-Baseline-Baseline-Baseline-Baseline",43967.5445472758
2030,"Other Asia Pacific","Ambitious-Baseline-Baseline-Baseline-Enhanced SSPS",43971.841980516
2030,"Other Asia Pacific","Ambitious-Baseline-Baseline-Baseline-Enhanced recycling",43487.0248122538
2030,"Other Asia Pacific","Ambitious-Baseline-Baseline-Baseline-USA Recycling",43967.5445472758
2030,"Other Asia Pacific","Ambitious-Baseline-High Capacity-Baseline-Baseline",54068.3347271102
2030,"Other Asia Pacific","Ambitious-Baseline-Low Capacity-Baseline-Baseline",34509.5871261807
2030,"Other Asia Pacific","Ambitious-Baseline-Low Capacity-Baseline-Recycling Medium",34356.3107277086
2030,"Other Asia Pacific","Ambitious-Double LFP-Baseline-Baseline-Baseline",44017.3407674019
2030,"Other Asia Pacific","Ambitious-Double NMC 811-Baseline-Baseline-Baseline",43719.7490282995
2030,"Other Asia Pacific","Ambitious-Sodium Battery adoption-Baseline-Baseline-Baseline",43966.712864574
2030,"Other Asia Pacific","Ambitious-Solid State adoption-Baseline-Baseline-Baseline",43967.5445472758
2030,"Other Europe","Ambitious-Baseline-Baseline-Baseline-Baseline",68903.583679256
2030,"Other Europe","Ambitious-Baseline-Baseline-Baseline-Enhanced SSPS",68910.0951068325
2030,"Other Europe","Ambitious-Baseline-Baseline-Baseline-Enhanced recycling",68045.0160194684
2030,"Other Europe","Ambitious-Baseline-Baseline-Baseline-USA Recycling",68903.583679256
2030,"Other Europe","Ambitious-Baseline-High Capacity-Baseline-Baseline",84179.1838433944
2030,"Other Europe","Ambitious-Baseline-Low Capacity-Baseline-Baseline",54608.5283233234
2030,"Other Europe","Ambitious-Baseline-Low Capacity-Baseline-Recycling Medium",54332.8886780017
2030,"Other Europe","Ambitious-Double LFP-Baseline-Baseline-Baseline",69104.7260295874
2030,"Other Europe","Ambitious-Double NMC 811-Baseline-Baseline-Baseline",68223.8850024454
2030,"Other Europe","Ambitious-Sodium Battery adoption-Baseline-Baseline-Baseline",68900.5047442596
2030,"Other Europe","Ambitious-Solid State adoption-Baseline-Baseline-Baseline",68903.583679256
2030,"Other Latin America and Caribbean","Ambitious-Baseline-Baseline-Baseline-Baseline",142797.047538181
2030,"Other Latin America and Caribbean","Ambitious-Baseline-Baseline-Baseline-Enhanced SSPS",142816.748938924
2030,"Other Latin America and Caribbean","Ambitious-Baseline-Baseline-Baseline-Enhanced recycling",140281.204332335
2030,"Other Latin America and Caribbean","Ambitious-Baseline-Baseline-Baseline-USA Recycling",142797.047538181
2030,"Other Latin America and Caribbean","Ambitious-Baseline-High Capacity-Baseline-Baseline",175993.819696272
2030,"Other Latin America and Caribbean","Ambitious-Baseline-Low Capacity-Baseline-Baseline",116973.514904077
2030,"Other Latin America and Caribbean","Ambitious-Baseline-Low Capacity-Baseline-Recycling Medium",116170.981238594
2030,"Other Latin America and Caribbean","Ambitious-Double LFP-Baseline-Baseline-Baseline",148634.429956289
2030,"Other Latin America and Caribbean","Ambitious-Double NMC 811-Baseline-Baseline-Baseline",141443.622371382
2030,"Other Latin America and Caribbean","Ambitious-Sodium Battery adoption-Baseline-Baseline-Baseline",142762.671256609
2030,"Other Latin America and Caribbean","Ambitious-Solid State adoption-Baseline-Baseline-Baseline",142797.047538181
2030,"South Korea","Ambitious-Baseline-Baseline-Baseline-Baseline",61249.955378426
2030,"South Korea","Ambitious-Baseline-Baseline-Baseline-Enhanced SSPS",61272.6934574748
2030,"South Korea","Ambitious-Baseline-Baseline-Baseline-Enhanced recycling",60189.0974688103
2030,"South Korea","Ambitious-Baseline-Baseline-Baseline-USA Recycling",61249.955378426
2030,"South Korea","Ambitious-Baseline-High Capacity-Baseline-Baseline",72712.7221746272
2030,"South Korea","Ambitious-Baseline-Low Capacity-Baseline-Baseline",48783.2737133973
2030,"South Korea","Ambitious-Baseline-Low Capacity-Baseline-Recycling Medium",48424.8659064066
2030,"South Korea","Ambitious-Double LFP-Baseline-Baseline-Baseline",61344.0690389452
2030,"South Korea","Ambitious-Double NMC 811-Baseline-Baseline-Baseline",60760.9935624162
2030,"South Korea","Ambitious-Sodium Battery adoption-Baseline-Baseline-Baseline",61248.480467743
2030,"South Korea","Ambitious-Solid State adoption-Baseline-Baseline-Baseline",61249.9553784261
2030,"United Kingdom","Ambitious-Baseline-Baseline-Baseline-Baseline",105923.173904757
2030,"United Kingdom","Ambitious-Baseline-Baseline-Baseline-Enhanced SSPS",105856.917475843
2030,"United Kingdom","Ambitious-Baseline-Baseline-Baseline-Enhanced recycling",104493.48470313
2030,"United Kingdom","Ambitious-Baseline-Baseline-Baseline-USA Recycling",105923.173904757
2030,"United Kingdom","Ambitious-Baseline-High Capacity-Baseline-Baseline",124776.528353037
2030,"United Kingdom","Ambitious-Baseline-Low Capacity-Baseline-Baseline",88674.974077502
2030,"United Kingdom","Ambitious-Baseline-Low Capacity-Baseline-Recycling Medium",88225.9987407877
2030,"United Kingdom","Ambitious-Double LFP-Baseline-Baseline-Baseline",106244.322991661
2030,"United Kingdom","Ambitious-Double NMC 811-Baseline-Baseline-Baseline",105678.17437993
2030,"United Kingdom","Ambitious-Sodium Battery adoption-Baseline-Baseline-Baseline",105915.70903447
2030,"United Kingdom","Ambitious-Solid State adoption-Baseline-Baseline-Baseline",105923.173904757
2030,"United States","Ambitious-Baseline-Baseline-Baseline-Baseline",447701.151787136
2030,"United States","Ambitious-Baseline-Baseline-Baseline-Enhanced SSPS",447389.762920134
2030,"United States","Ambitious-Baseline-Baseline-Baseline-Enhanced recycling",440212.536988979
2030,"United States","Ambitious-Baseline-Baseline-Baseline-USA Recycling",439989.513801394
2030,"United States","Ambitious-Baseline-High Capacity-Baseline-Baseline",492400.049201747
2030,"United States","Ambitious-Baseline-Low Capacity-Baseline-Baseline",348884.816308008
2030,"United States","Ambitious-Baseline-Low Capacity-Baseline-Recycling Medium",346627.908737927
2030,"United States","Ambitious-Double LFP-Baseline-Baseline-Baseline",453732.259350771
2030,"United States","Ambitious-Double NMC 811-Baseline-Baseline-Baseline",440245.794388587
2030,"United States","Ambitious-Sodium Battery adoption-Baseline-Baseline-Baseline",447579.717646525
2030,"United States","Ambitious-Solid State adoption-Baseline-Baseline-Baseline",447701.151787136
2031,"ASEAN","Ambitious-Baseline-Baseline-Baseline-Baseline",135878.768014249
2031,"ASEAN","Ambitious-Baseline-Baseline-Baseline-Enhanced SSPS",135900.398376334
2031,"ASEAN","Ambitious-Baseline-Baseline-Baseline-Enhanced recycling",133630.942217549
2031,"ASEAN","Ambitious-Baseline-Baseline-Baseline-USA Recycling",135878.768014249
2031,"ASEAN","Ambitious-Baseline-High Capacity-Baseline-Baseline",181279.303826927
2031,"ASEAN","Ambitious-Baseline-Low Capacity-Baseline-Baseline",115077.340690172
2031,"ASEAN","Ambitious-Baseline-Low Capacity-Baseline-Recycling Medium",114354.392093393
2031,"ASEAN","Ambitious-Double LFP-Baseline-Baseline-Baseline",142464.992726766
2031,"ASEAN","Ambitious-Double NMC 811-Baseline-Baseline-Baseline",134071.602121823
2031,"ASEAN","Ambitious-Sodium Battery adoption-Baseline-Baseline-Baseline",135774.115956642
2031,"ASEAN","Ambitious-Solid State adoption-Baseline-Baseline-Baseline",135878.768014249
2031,"Africa","Ambitious-Baseline-Baseline-Baseline-Baseline",80930.0435833812
2031,"Africa","Ambitious-Baseline-Baseline-Baseline-Enhanced SSPS",80941.2356884074
2031,"Africa","Ambitious-Baseline-Baseline-Baseline-Enhanced recycling",79702.1714849127
2031,"Africa","Ambitious-Baseline-Baseline-Baseline-USA Recycling",80930.0435833812
2031,"Africa","Ambitious-Baseline-High Capacity-Baseline-Baseline",104205.175695317
2031,"Africa","Ambitious-Baseline-Low Capacity-Baseline-Baseline",67063.6381264384
2031,"Africa","Ambitious-Baseline-Low Capacity-Baseline-Recycling Medium",66672.7435952925
2031,"Africa","Ambitious-Double LFP-Baseline-Baseline-Baseline",81261.8494976669
2031,"Africa","Ambitious-Double NMC 811-Baseline-Baseline-Baseline",79934.3871219882
2031,"Africa","Ambitious-Sodium Battery adoption-Baseline-Baseline-Baseline",80921.472407866
2031,"Africa","Ambitious-Solid State adoption-Baseline-Baseline-Baseline",80930.0435833812
2031,"Australia/NZ","Ambitious-Baseline-Baseline-Baseline-Baseline",28691.9544451478
2031,"Australia/NZ","Ambitious-Baseline-Baseline-Baseline-Enhanced SSPS",28703.9841561792
2031,"Australia/NZ","Ambitious-Baseline-Baseline-Baseline-Enhanced recycling",28171.7771035311
2031,"Australia/NZ","Ambitious-Baseline-Baseline-Baseline-USA Recycling",28691.9544451478
2031,"Australia/NZ","Ambitious-Baseline-High Capacity-Baseline-Baseline",34303.9337587828
2031,"Australia/NZ","Ambitious-Baseline-Low Capacity-Baseline-Baseline",23403.7762976361
2031,"Australia/NZ","Ambitious-Baseline-Low Capacity-Baseline-Recycling Medium",23228.5723534189
2031,"Australia/NZ","Ambitious-Double LFP-Baseline-Baseline-Baseline",29196.5040957234
2031,"Australia/NZ","Ambitious-Double NMC 811-Baseline-Baseline-Baseline",28608.0472951319
2031,"Australia/NZ","Ambitious-Sodium Battery adoption-Baseline-Baseline-Baseline",28679.2049646906
2031,"Australia/NZ","Ambitious-Solid State adoption-Baseline-Baseline-Baseline",28691.9544451478
2031,"Brazil","Ambitious-Baseline-Baseline-Baseline-Baseline",49763.0127771459
2031,"Brazil","Ambitious-Baseline-Baseline-Baseline-Enhanced SSPS",49771.3482679465
2031,"Brazil","Ambitious-Baseline-Baseline-Baseline-Enhanced recycling",49027.3377242419
2031,"Brazil","Ambitious-Baseline-Baseline-Baseline-USA Recycling",49763.0127771459
2031,"Brazil","Ambitious-Baseline-High Capacity-Baseline-Baseline",64495.2613081255
2031,"Brazil","Ambitious-Baseline-Low Capacity-Baseline-Baseline",41810.5638057629
2031,"Brazil","Ambitious-Baseline-Low Capacity-Baseline-Recycling Medium",41570.7137725309
2031,"Brazil","Ambitious-Double LFP-Baseline-Baseline-Baseline",51715.6190710454
2031,"Brazil","Ambitious-Double NMC 811-Baseline-Baseline-Baseline",47814.3091147174
2031,"Brazil","Ambitious-Sodium Battery adoption-Baseline-Baseline-Baseline",49731.5471000617
2031,"Brazil","Ambitious-Solid State adoption-Baseline-Baseline-Baseline",49763.0127771458
2031,"Canada","Ambitious-Baseline-Baseline-Baseline-Baseline",61567.4491212662
2031,"Canada","Ambitious-Baseline-Baseline-Baseline-Enhanced SSPS",61594.4519796041
2031,"Canada","Ambitious-Baseline-Baseline-Baseline-Enhanced recycling",60425.0442645194
2031,"Canada","Ambitious-Baseline-Baseline-Baseline-USA Recycling",61567.4491212662
2031,"Canada","Ambitious-Baseline-High Capacity-Baseline-Baseline",72299.4305344092
2031,"Canada","Ambitious-Baseline-Low Capacity-Baseline-Baseline",46894.696807405
2031,"Canada","Ambitious-Baseline-Low Capacity-Baseline-Recycling Medium",46521.616279572
2031,"Canada","Ambitious-Double LFP-Baseline-Baseline-Baseline",62592.9955895197
2031,"Canada","Ambitious-Double NMC 811-Baseline-Baseline-Baseline",60311.8786074191
2031,"Canada","Ambitious-Sodium Battery adoption-Baseline-Baseline-Baseline",61543.3355101186
2031,"Canada","Ambitious-Solid State adoption-Baseline-Baseline-Baseline",61567.4491212662
2031,"China","Ambitious-Baseline-Baseline-Baseline-Baseline",1090898.5395777
2031,"China","Ambitious-Baseline-Baseline-Baseline-Enhanced SSPS",1089953.86073648
2031,"China","Ambitious-Baseline-Baseline-Baseline-Enhanced recycling",1091843.21841893
2031,"China","Ambitious-Baseline-Baseline-Baseline-USA Recycling",1090898.5395777
2031,"China","Ambitious-Baseline-High Capacity-Baseline-Baseline",1509290.30838808
2031,"China","Ambitious-Baseline-Low Capacity-Baseline-Baseline",937474.557494953
2031,"China","Ambitious-Baseline-Low Capacity-Baseline-Recycling Medium",938201.320901881
2031,"China","Ambitious-Double LFP-Baseline-Baseline-Baseline",1146354.49885922
2031,"China","Ambitious-Double NMC 811-Baseline-Baseline-Baseline",1060340.97325499
2031,"China","Ambitious-Sodium Battery adoption-Baseline-Baseline-Baseline",1089673.19455151
2031,"China","Ambitious-Solid State adoption-Baseline-Baseline-Baseline",1090898.5395777
2031,"EFTA","Ambitious-Baseline-Baseline-Baseline-Baseline",21613.9893532233
2031,"EFTA","Ambitious-Baseline-Baseline-Baseline-Enhanced SSPS",21678.4007766737
2031,"EFTA","Ambitious-Baseline-Baseline-Baseline-Enhanced recycling",20685.9021762795
2031,"EFTA","Ambitious-Baseline-Baseline-Baseline-USA Recycling",21613.9893532233
2031,"EFTA","Ambitious-Baseline-High Capacity-Baseline-Baseline",25411.7171957411
2031,"EFTA","Ambitious-Baseline-Low Capacity-Baseline-Baseline",17047.7455276872
2031,"EFTA","Ambitious-Baseline-Low Capacity-Baseline-Recycling Medium",16692.671415533
2031,"EFTA","Ambitious-Double LFP-Baseline-Baseline-Baseline",21699.5179074703
2031,"EFTA","Ambitious-Double NMC 811-Baseline-Baseline-Baseline",21548.1304042578
2031,"EFTA","Ambitious-Sodium Battery adoption-Baseline-Baseline-Baseline",21611.6645905966
2031,"EFTA","Ambitious-Solid State adoption-Baseline-Baseline-Baseline",21613.9893532233
2031,"European Union","Ambitious-Baseline-Baseline-Baseline-Baseline",558278.235146404
2031,"European Union","Ambitious-Baseline-Baseline-Baseline-Enhanced SSPS",557887.891225377
2031,"European Union","Ambitious-Baseline-Baseline-Baseline-Enhanced recycling",558669.304318789
2031,"European Union","Ambitious-Baseline-Baseline-Baseline-USA Recycling",558278.235146404
2031,"European Union","Ambitious-Baseline-High Capacity-Baseline-Baseline",713340.19091022
2031,"European Union","Ambitious-Baseline-Low Capacity-Baseline-Baseline",475420.588601387
2031,"European Union","Ambitious-Baseline-Low Capacity-Baseline-Recycling Medium",475791.011555821
2031,"European Union","Ambitious-Double LFP-Baseline-Baseline-Baseline",560237.207315895
2031,"European Union","Ambitious-Double NMC 811-Baseline-Baseline-Baseline",556815.425879092
2031,"European Union","Ambitious-Sodium Battery adoption-Baseline-Baseline-Baseline",558177.74864602
2031,"European Union","Ambitious-Solid State adoption-Baseline-Baseline-Baseline",558278.235146403
2031,"India","Ambitious-Baseline-Baseline-Baseline-Baseline",139404.657534189
2031,"India","Ambitious-Baseline-Baseline-Baseline-Enhanced SSPS",139462.658354436
2031,"India","Ambitious-Baseline-Baseline-Baseline-Enhanced recycling",135592.397213311
2031,"India","Ambitious-Baseline-Baseline-Baseline-USA Recycling",139404.657534189
2031,"India","Ambitious-Baseline-High Capacity-Baseline-Baseline",210258.347540206
2031,"India","Ambitious-Baseline-Low Capacity-Baseline-Baseline",125468.940469611
2031,"India","Ambitious-Baseline-Low Capacity-Baseline-Recycling Medium",124257.158606197
2031,"India","Ambitious-Double LFP-Baseline-Baseline-Baseline",139447.132473457
2031,"India","Ambitious-Double NMC 811-Baseline-Baseline-Baseline",138890.86682649
2031,"India","Ambitious-Sodium Battery adoption-Baseline-Baseline-Baseline",139403.473587146
2031,"India","Ambitious-Solid State adoption-Baseline-Baseline-Baseline",139404.657534189
2031,"Japan","Ambitious-Baseline-Baseline-Baseline-Baseline",97378.4931804384
2031,"Japan","Ambitious-Baseline-Baseline-Baseline-Enhanced SSPS",97413.7584284755
2031,"Japan","Ambitious-Baseline-Baseline-Baseline-Enhanced recycling",95659.2316478219
2031,"Japan","Ambitious-Baseline-Baseline-Baseline-USA Recycling",97378.4931804384
2031,"Japan","Ambitious-Baseline-High Capacity-Baseline-Baseline",133825.268704105
2031,"Japan","Ambitious-Baseline-Low Capacity-Baseline-Baseline",87491.7131515643
2031,"Japan","Ambitious-Baseline-Low Capacity-Baseline-Recycling Medium",86881.9383023447
2031,"Japan","Ambitious-Double LFP-Baseline-Baseline-Baseline",97541.5198320772
2031,"Japan","Ambitious-Double NMC 811-Baseline-Baseline-Baseline",96596.8026521072
2031,"Japan","Ambitious-Sodium Battery adoption-Baseline-Baseline-Baseline",97374.0087087216
2031,"Japan","Ambitious-Solid State adoption-Baseline-Baseline-Baseline",97378.4931804385
2031,"Mexico","Ambitious-Baseline-Baseline-Baseline-Baseline",59800.9565825077
2031,"Mexico","Ambitious-Baseline-Baseline-Baseline-Enhanced SSPS",59806.6707077329
2031,"Mexico","Ambitious-Baseline-Baseline-Baseline-Enhanced recycling",58980.5757673295
2031,"Mexico","Ambitious-Baseline-Baseline-Baseline-USA Recycling",59800.9565825077
2031,"Mexico","Ambitious-Baseline-High Capacity-Baseline-Baseline",71643.0106082095
2031,"Mexico","Ambitious-Baseline-Low Capacity-Baseline-Baseline",49936.4704838875
2031,"Mexico","Ambitious-Baseline-Low Capacity-Baseline-Recycling Medium",49669.9220078763
2031,"Mexico","Ambitious-Double LFP-Baseline-Baseline-Baseline",60244.0290585224
2031,"Mexico","Ambitious-Double NMC 811-Baseline-Baseline-Baseline",59260.3911946134
2031,"Mexico","Ambitious-Sodium Battery adoption-Baseline-Baseline-Baseline",59790.5356728716
2031,"Mexico","Ambitious-Solid State adoption-Baseline-Baseline-Baseline",59800.9565825078
2031,"Middle East","Ambitious-Baseline-Baseline-Baseline-Baseline",131413.688537274
2031,"Middle East","Ambitious-Baseline-Baseline-Baseline-Enhanced SSPS",131432.934996467
2031,"Middle East","Ambitious-Baseline-Baseline-Baseline-Enhanced recycling",129353.429588463
2031,"Middle East","Ambitious-Baseline-Baseline-Baseline-USA Recycling",131413.688537274
2031,"Middle East","Ambitious-Baseline-High Capacity-Baseline-Baseline",155936.499434798
2031,"Middle East","Ambitious-Baseline-Low Capacity-Baseline-Baseline",101165.183641212
2031,"Middle East","Ambitious-Baseline-Low Capacity-Baseline-Recycling Medium",100529.527928199
2031,"Middle East","Ambitious-Double LFP-Baseline-Baseline-Baseline",133193.897114886
2031,"Middle East","Ambitious-Double NMC 811-Baseline-Baseline-Baseline",130709.081633466
2031,"Middle East","Ambitious-Sodium Battery adoption-Baseline-Baseline-Baseline",131366.986167534
2031,"Middle East","Ambitious-Solid State adoption-Baseline-Baseline-Baseline",131413.688537274
2031,"Other Asia Pacific","Ambitious-Baseline-Baseline-Baseline-Baseline",54377.8346837153
2031,"Other Asia Pacific","Ambitious-Baseline-Baseline-Baseline-Enhanced SSPS",54385.1130726941
2031,"Other Asia Pacific","Ambitious-Baseline-Baseline-Baseline-Enhanced recycling",53443.2469806817
2031,"Other Asia Pacific","Ambitious-Baseline-Baseline-Baseline-USA Recycling",54377.8346837153
2031,"Other Asia Pacific","Ambitious-Baseline-High Capacity-Baseline-Baseline",68376.0613004891
2031,"Other Asia Pacific","Ambitious-Baseline-Low Capacity-Baseline-Baseline",41200.7052726944
2031,"Other Asia Pacific","Ambitious-Baseline-Low Capacity-Baseline-Recycling Medium",40923.7284637039
2031,"Other Asia Pacific","Ambitious-Double LFP-Baseline-Baseline-Baseline",54449.4151034451
2031,"Other Asia Pacific","Ambitious-Double NMC 811-Baseline-Baseline-Baseline",54056.357769227
2031,"Other Asia Pacific","Ambitious-Sodium Battery adoption-Baseline-Baseline-Baseline",54375.8669756491
2031,"Other Asia Pacific","Ambitious-Solid State adoption-Baseline-Baseline-Baseline",54377.8346837152
2031,"Other Europe","Ambitious-Baseline-Baseline-Baseline-Baseline",80776.2673285733
2031,"Other Europe","Ambitious-Baseline-Baseline-Baseline-Enhanced SSPS",80787.2808486042
2031,"Other Europe","Ambitious-Baseline-Baseline-Baseline-Enhanced recycling",79191.0628311162
2031,"Other Europe","Ambitious-Baseline-Baseline-Baseline-USA Recycling",80776.2673285733
2031,"Other Europe","Ambitious-Baseline-High Capacity-Baseline-Baseline",100786.813151554
2031,"Other Europe","Ambitious-Baseline-Low Capacity-Baseline-Baseline",62082.8057055004
2031,"Other Europe","Ambitious-Baseline-Low Capacity-Baseline-Recycling Medium",61606.7139500027
2031,"Other Europe","Ambitious-Double LFP-Baseline-Baseline-Baseline",81051.1485869021
2031,"Other Europe","Ambitious-Double NMC 811-Baseline-Baseline-Baseline",79926.313770635
2031,"Other Europe","Ambitious-Sodium Battery adoption-Baseline-Baseline-Baseline",80768.8284683661
2031,"Other Europe","Ambitious-Solid State adoption-Baseline-Baseline-Baseline",80776.2673285733
2031,"Other Latin America and Caribbean","Ambitious-Baseline-Baseline-Baseline-Baseline",170025.834420374
2031,"Other Latin America and Caribbean","Ambitious-Baseline-Baseline-Baseline-Enhanced SSPS",170057.616547262
2031,"Other Latin America and Caribbean","Ambitious-Baseline-Baseline-Baseline-Enhanced recycling",166038.322844437
2031,"Other Latin America and Caribbean","Ambitious-Baseline-Baseline-Baseline-USA Recycling",170025.834420374
2031,"Other Latin America and Caribbean","Ambitious-Baseline-High Capacity-Baseline-Baseline",214348.672214852
2031,"Other Latin America and Caribbean","Ambitious-Baseline-Low Capacity-Baseline-Baseline",135853.761414551
2031,"Other Latin America and Caribbean","Ambitious-Baseline-Low Capacity-Baseline-Recycling Medium",134657.568779624
2031,"Other Latin America and Caribbean","Ambitious-Double LFP-Baseline-Baseline-Baseline",177391.029184048
2031,"Other Latin America and Caribbean","Ambitious-Double NMC 811-Baseline-Baseline-Baseline",168161.498510208
2031,"Other Latin America and Caribbean","Ambitious-Sodium Battery adoption-Baseline-Baseline-Baseline",169943.179578889
2031,"Other Latin America and Caribbean","Ambitious-Solid State adoption-Baseline-Baseline-Baseline",170025.834420374
2031,"South Korea","Ambitious-Baseline-Baseline-Baseline-Baseline",63244.9610627619
2031,"South Korea","Ambitious-Baseline-Baseline-Baseline-Enhanced SSPS",63280.8754538171
2031,"South Korea","Ambitious-Baseline-Baseline-Baseline-Enhanced recycling",61643.7778171179
2031,"South Korea","Ambitious-Baseline-Baseline-Baseline-USA Recycling",63244.9610627619
2031,"South Korea","Ambitious-Baseline-High Capacity-Baseline-Baseline",76678.3380292151
2031,"South Korea","Ambitious-Baseline-Low Capacity-Baseline-Baseline",48904.3788047441
2031,"South Korea","Ambitious-Baseline-Low Capacity-Baseline-Recycling Medium",48392.3618362303
2031,"South Korea","Ambitious-Double LFP-Baseline-Baseline-Baseline",63351.3766404169
2031,"South Korea","Ambitious-Double NMC 811-Baseline-Baseline-Baseline",62744.109642587
2031,"South Korea","Ambitious-Sodium Battery adoption-Baseline-Baseline-Baseline",63242.0381061548
2031,"South Korea","Ambitious-Solid State adoption-Baseline-Baseline-Baseline",63244.9610627619
2031,"United Kingdom","Ambitious-Baseline-Baseline-Baseline-Baseline",105730.311502732
2031,"United Kingdom","Ambitious-Baseline-Baseline-Baseline-Enhanced SSPS",105794.621953703
2031,"United Kingdom","Ambitious-Baseline-Baseline-Baseline-Enhanced recycling",103519.106605676
2031,"United Kingdom","Ambitious-Baseline-Baseline-Baseline-USA Recycling",105730.311502732
2031,"United Kingdom","Ambitious-Baseline-High Capacity-Baseline-Baseline",127414.75730988
2031,"United Kingdom","Ambitious-Baseline-Low Capacity-Baseline-Baseline",85985.9976638781
2031,"United Kingdom","Ambitious-Baseline-Low Capacity-Baseline-Recycling Medium",85225.3078349552
2031,"United Kingdom","Ambitious-Double LFP-Baseline-Baseline-Baseline",106096.247306398
2031,"United Kingdom","Ambitious-Double NMC 811-Baseline-Baseline-Baseline",105458.82992683
2031,"United Kingdom","Ambitious-Sodium Battery adoption-Baseline-Baseline-Baseline",105720.410324512
2031,"United Kingdom","Ambitious-Solid State adoption-Baseline-Baseline-Baseline",105730.311502732
2031,"United States","Ambitious-Baseline-Baseline-Baseline-Baseline",485910.052416395
2031,"United States","Ambitious-Baseline-Baseline-Baseline-Enhanced SSPS",485483.649186873
2031,"United States","Ambitious-Baseline-Baseline-Baseline-Enhanced recycling",475156.313540562
2031,"United States","Ambitious-Baseline-Baseline-Baseline-USA Recycling",474873.759487505
2031,"United States","Ambitious-Baseline-High Capacity-Baseline-Baseline",542000.594633811
2031,"United States","Ambitious-Baseline-Low Capacity-Baseline-Baseline",365415.172992633
2031,"United States","Ambitious-Baseline-Low Capacity-Baseline-Recycling Medium",362329.076573029
2031,"United States","Ambitious-Double LFP-Baseline-Baseline-Baseline",493312.644021063
2031,"United States","Ambitious-Double NMC 811-Baseline-Baseline-Baseline",476833.69162206
2031,"United States","Ambitious-Sodium Battery adoption-Baseline-Baseline-Baseline",485648.982491486
2031,"United States","Ambitious-Solid State adoption-Baseline-Baseline-Baseline",485910.052416394
2032,"ASEAN","Ambitious-Baseline-Baseline-Baseline-Baseline",161918.98297076
2032,"ASEAN","Ambitious-Baseline-Baseline-Baseline-Enhanced SSPS",161954.058327992
2032,"ASEAN","Ambitious-Baseline-Baseline-Baseline-Enhanced recycling",158698.046079245
2032,"ASEAN","Ambitious-Baseline-Baseline-Baseline-USA Recycling",161918.98297076
2032,"ASEAN","Ambitious-Baseline-High Capacity-Baseline-Baseline",222271.70034129
2032,"ASEAN","Ambitious-Baseline-Low Capacity-Baseline-Baseline",134301.222730577
2032,"ASEAN","Ambitious-Baseline-Low Capacity-Baseline-Recycling Medium",133322.497157159
2032,"ASEAN","Ambitious-Double LFP-Baseline-Baseline-Baseline",169970.400718455
2032,"ASEAN","Ambitious-Double NMC 811-Baseline-Baseline-Baseline",159557.493084529
2032,"ASEAN","Ambitious-Sodium Battery adoption-Baseline-Baseline-Baseline",161736.803521787
2032,"ASEAN","Ambitious-Solid State adoption-Baseline-Baseline-Baseline",161918.98297076
2032,"Africa","Ambitious-Baseline-Baseline-Baseline-Baseline",97107.1930375526
2032,"Africa","Ambitious-Baseline-Baseline-Baseline-Enhanced SSPS",97124.2082767332
2032,"Africa","Ambitious-Baseline-Baseline-Baseline-Enhanced recycling",95358.5176574169
2032,"Africa","Ambitious-Baseline-Baseline-Baseline-USA Recycling",97107.1930375526
2032,"Africa","Ambitious-Baseline-High Capacity-Baseline-Baseline",128215.162103356
2032,"Africa","Ambitious-Baseline-Low Capacity-Baseline-Baseline",78616.4623946393
2032,"Africa","Ambitious-Baseline-Low Capacity-Baseline-Recycling Medium",78093.6195501309
2032,"Africa","Ambitious-Double LFP-Baseline-Baseline-Baseline",97564.3871557494
2032,"Africa","Ambitious-Double NMC 811-Baseline-Baseline-Baseline",95811.3230628709
2032,"Africa","Ambitious-Sodium Battery adoption-Baseline-Baseline-Baseline",97091.2626285102
2032,"Africa","Ambitious-Solid State adoption-Baseline-Baseline-Baseline",97107.1930375526
2032,"Australia/NZ","Ambitious-Baseline-Baseline-Baseline-Baseline",35166.6899629993
2032,"Australia/NZ","Ambitious-Baseline-Baseline-Baseline-Enhanced SSPS",35184.4913442766
2032,"Australia/NZ","Ambitious-Baseline-Baseline-Baseline-Enhanced recycling",34469.3931633728
2032,"Australia/NZ","Ambitious-Baseline-Baseline-Baseline-USA Recycling",35166.6899629993
2032,"Australia/NZ","Ambitious-Baseline-High Capacity-Baseline-Baseline",42843.5385171339
2032,"Australia/NZ","Ambitious-Baseline-Low Capacity-Baseline-Baseline",27880.8698956288
2032,"Australia/NZ","Ambitious-Baseline-Low Capacity-Baseline-Recycling Medium",27656.1559844398
2032,"Australia/NZ","Ambitious-Double LFP-Baseline-Baseline-Baseline",35870.1204450059
2032,"Australia/NZ","Ambitious-Double NMC 811-Baseline-Baseline-Baseline",35059.8449908608
2032,"Australia/NZ","Ambitious-Sodium Battery adoption-Baseline-Baseline-Baseline",35142.7206595195
2032,"Australia/NZ","Ambitious-Solid State adoption-Baseline-Baseline-Baseline",35166.6899629993
2032,"Brazil","Ambitious-Baseline-Baseline-Baseline-Baseline",59451.1496332426
2032,"Brazil","Ambitious-Baseline-Baseline-Baseline-Enhanced SSPS",59463.5440427561
2032,"Brazil","Ambitious-Baseline-Baseline-Baseline-Enhanced recycling",58414.4564113472
2032,"Brazil","Ambitious-Baseline-Baseline-Baseline-USA Recycling",59451.1496332426
2032,"Brazil","Ambitious-Baseline-High Capacity-Baseline-Baseline",79153.9399419012
2032,"Brazil","Ambitious-Baseline-Low Capacity-Baseline-Baseline",48877.7253929507
2032,"Brazil","Ambitious-Baseline-Low Capacity-Baseline-Recycling Medium",48558.0299140292
2032,"Brazil","Ambitious-Double LFP-Baseline-Baseline-Baseline",62019.3090787257
2032,"Brazil","Ambitious-Double NMC 811-Baseline-Baseline-Baseline",56887.1048550006
2032,"Brazil","Ambitious-Sodium Battery adoption-Baseline-Baseline-Baseline",59393.3807210127
2032,"Brazil","Ambitious-Solid State adoption-Baseline-Baseline-Baseline",59451.1496332426
2032,"Canada","Ambitious-Baseline-Baseline-Baseline-Baseline",66287.9524721074
2032,"Canada","Ambitious-Baseline-Baseline-Baseline-Enhanced SSPS",66328.7502091562
2032,"Canada","Ambitious-Baseline-Baseline-Baseline-Enhanced recycling",64796.9734425072
2032,"Canada","Ambitious-Baseline-Baseline-Baseline-USA Recycling",66287.9524721074
2032,"Canada","Ambitious-Baseline-High Capacity-Baseline-Baseline",79325.883342712
2032,"Canada","Ambitious-Baseline-Low Capacity-Baseline-Baseline",48821.8665348516
2032,"Canada","Ambitious-Baseline-Low Capacity-Baseline-Recycling Medium",48354.1676702929
2032,"Canada","Ambitious-Double LFP-Baseline-Baseline-Baseline",67486.116177343
2032,"Canada","Ambitious-Double NMC 811-Baseline-Baseline-Baseline",64853.7756833274
2032,"Canada","Ambitious-Sodium Battery adoption-Baseline-Baseline-Baseline",66249.9399632522
2032,"Canada","Ambitious-Solid State adoption-Baseline-Baseline-Baseline",66287.9524721074
2032,"China","Ambitious-Baseline-Baseline-Baseline-Baseline",1167238.57931251
2032,"China","Ambitious-Baseline-Baseline-Baseline-Enhanced SSPS",1165901.48895716
2032,"China","Ambitious-Baseline-Baseline-Baseline-Enhanced recycling",1168575.66966785
2032,"China","Ambitious-Baseline-Baseline-Baseline-USA Recycling",1167238.57931251
2032,"China","Ambitious-Baseline-High Capacity-Baseline-Baseline",1668412.40191302
2032,"China","Ambitious-Baseline-Low Capacity-Baseline-Baseline",985330.84500049
2032,"China","Ambitious-Baseline-Low Capacity-Baseline-Recycling Medium",986341.870314119
2032,"China","Ambitious-Double LFP-Baseline-Baseline-Baseline",1230657.06383678
2032,"China","Ambitious-Double NMC 811-Baseline-Baseline-Baseline",1130683.78440888
2032,"China","Ambitious-Sodium Battery adoption-Baseline-Baseline-Baseline",1165286.99294583
2032,"China","Ambitious-Solid State adoption-Baseline-Baseline-Baseline",1167238.57931251
2032,"EFTA","Ambitious-Baseline-Baseline-Baseline-Baseline",24055.5379330182
2032,"EFTA","Ambitious-Baseline-Baseline-Baseline-Enhanced SSPS",23931.6901094963
2032,"EFTA","Ambitious-Baseline-Baseline-Baseline-Enhanced recycling",23049.2772296007
2032,"EFTA","Ambitious-Baseline-Baseline-Baseline-USA Recycling",24055.5379330182
2032,"EFTA","Ambitious-Baseline-High Capacity-Baseline-Baseline",28533.2334605131
2032,"EFTA","Ambitious-Baseline-Low Capacity-Baseline-Baseline",18744.6142642968
2032,"EFTA","Ambitious-Baseline-Low Capacity-Baseline-Recycling Medium",18493.9722606638
2032,"EFTA","Ambitious-Double LFP-Baseline-Baseline-Baseline",24154.4034538174
2032,"EFTA","Ambitious-Double NMC 811-Baseline-Baseline-Baseline",23982.4280181237
2032,"EFTA","Ambitious-Sodium Battery adoption-Baseline-Baseline-Baseline",24046.8964953826
2032,"EFTA","Ambitious-Solid State adoption-Baseline-Baseline-Baseline",24055.5379330182
2032,"European Union","Ambitious-Baseline-Baseline-Baseline-Baseline",577830.076062822
2032,"European Union","Ambitious-Baseline-Baseline-Baseline-Enhanced SSPS",577299.88688837
2032,"European Union","Ambitious-Baseline-Baseline-Baseline-Enhanced recycling",578362.900811533
2032,"European Union","Ambitious-Baseline-Baseline-Baseline-USA Recycling",577830.076062822
2032,"European Union","Ambitious-Baseline-High Capacity-Baseline-Baseline",756797.055402221
2032,"European Union","Ambitious-Baseline-Low Capacity-Baseline-Baseline",482438.64202142
2032,"European Union","Ambitious-Baseline-Low Capacity-Baseline-Recycling Medium",482939.923071481
2032,"European Union","Ambitious-Double LFP-Baseline-Baseline-Baseline",580045.742629683
2032,"European Union","Ambitious-Double NMC 811-Baseline-Baseline-Baseline",576214.230655375
2032,"European Union","Ambitious-Sodium Battery adoption-Baseline-Baseline-Baseline",577678.671054993
2032,"European Union","Ambitious-Solid State adoption-Baseline-Baseline-Baseline",577830.076062822
2032,"India","Ambitious-Baseline-Baseline-Baseline-Baseline",155477.822821552
2032,"India","Ambitious-Baseline-Baseline-Baseline-Enhanced SSPS",155569.388566712
2032,"India","Ambitious-Baseline-Baseline-Baseline-Enhanced recycling",150134.288601511
2032,"India","Ambitious-Baseline-Baseline-Baseline-USA Recycling",155477.822821552
2032,"India","Ambitious-Baseline-High Capacity-Baseline-Baseline",243296.667314116
2032,"India","Ambitious-Baseline-Low Capacity-Baseline-Baseline",138841.091131101
2032,"India","Ambitious-Baseline-Low Capacity-Baseline-Recycling Medium",137247.746878485
2032,"India","Ambitious-Double LFP-Baseline-Baseline-Baseline",155531.095290453
2032,"India","Ambitious-Double NMC 811-Baseline-Baseline-Baseline",154908.663735502
2032,"India","Ambitious-Sodium Battery adoption-Baseline-Baseline-Baseline",155475.83175384
2032,"India","Ambitious-Solid State adoption-Baseline-Baseline-Baseline",155477.822821552
2032,"Japan","Ambitious-Baseline-Baseline-Baseline-Baseline",106701.265802189
2032,"Japan","Ambitious-Baseline-Baseline-Baseline-Enhanced SSPS",106752.845692542
2032,"Japan","Ambitious-Baseline-Baseline-Baseline-Enhanced recycling",104446.019486477
2032,"Japan","Ambitious-Baseline-Baseline-Baseline-USA Recycling",106701.265802189
2032,"Japan","Ambitious-Baseline-High Capacity-Baseline-Baseline",151205.975773219
2032,"Japan","Ambitious-Baseline-Low Capacity-Baseline-Baseline",94615.4769494065
2032,"Japan","Ambitious-Baseline-Low Capacity-Baseline-Recycling Medium",93849.3566393004
2032,"Japan","Ambitious-Double LFP-Baseline-Baseline-Baseline",106898.154834585
2032,"Japan","Ambitious-Double NMC 811-Baseline-Baseline-Baseline",105842.500734921
2032,"Japan","Ambitious-Sodium Battery adoption-Baseline-Baseline-Baseline",106693.999432253
2032,"Japan","Ambitious-Solid State adoption-Baseline-Baseline-Baseline",106701.265802189
2032,"Mexico","Ambitious-Baseline-Baseline-Baseline-Baseline",66836.8667829775
2032,"Mexico","Ambitious-Baseline-Baseline-Baseline-Enhanced SSPS",66846.5097703478
2032,"Mexico","Ambitious-Baseline-Baseline-Baseline-Enhanced recycling",65779.5964897285
2032,"Mexico","Ambitious-Baseline-Baseline-Baseline-USA Recycling",66836.8667829775
2032,"Mexico","Ambitious-Baseline-High Capacity-Baseline-Baseline",81686.0356456198
2032,"Mexico","Ambitious-Baseline-Low Capacity-Baseline-Baseline",54498.5351484074
2032,"Mexico","Ambitious-Baseline-Low Capacity-Baseline-Recycling Medium",54173.128489187
2032,"Mexico","Ambitious-Double LFP-Baseline-Baseline-Baseline",67399.3437111277
2032,"Mexico","Ambitious-Double NMC 811-Baseline-Baseline-Baseline",66164.8715192446
2032,"Mexico","Ambitious-Sodium Battery adoption-Baseline-Baseline-Baseline",66819.0022317463
2032,"Mexico","Ambitious-Solid State adoption-Baseline-Baseline-Baseline",66836.8667829775
2032,"Middle East","Ambitious-Baseline-Baseline-Baseline-Baseline",158128.266887694
2032,"Middle East","Ambitious-Baseline-Baseline-Baseline-Enhanced SSPS",158160.353993418
2032,"Middle East","Ambitious-Baseline-Baseline-Baseline-Enhanced recycling",155173.930570813
2032,"Middle East","Ambitious-Baseline-Baseline-Baseline-USA Recycling",158128.266887694
2032,"Middle East","Ambitious-Baseline-High Capacity-Baseline-Baseline",190244.81576076
2032,"Middle East","Ambitious-Baseline-Low Capacity-Baseline-Baseline",117638.694232711
2032,"Middle East","Ambitious-Baseline-Low Capacity-Baseline-Recycling Medium",116778.857579369
2032,"Middle East","Ambitious-Double LFP-Baseline-Baseline-Baseline",160448.044826336
2032,"Middle East","Ambitious-Double NMC 811-Baseline-Baseline-Baseline",157210.785984011
2032,"Middle East","Ambitious-Sodium Battery adoption-Baseline-Baseline-Baseline",158046.329086292
2032,"Middle East","Ambitious-Solid State adoption-Baseline-Baseline-Baseline",158128.266887694
2032,"Other Asia Pacific","Ambitious-Baseline-Baseline-Baseline-Baseline",66984.1309945373
2032,"Other Asia Pacific","Ambitious-Baseline-Baseline-Baseline-Enhanced SSPS",66996.0699287211
2032,"Other Asia Pacific","Ambitious-Baseline-Baseline-Baseline-Enhanced recycling",65573.7971871152
2032,"Other Asia Pacific","Ambitious-Baseline-Baseline-Baseline-USA Recycling",66984.1309945373
2032,"Other Asia Pacific","Ambitious-Baseline-High Capacity-Baseline-Baseline",86075.6810667428
2032,"Other Asia Pacific","Ambitious-Baseline-Low Capacity-Baseline-Baseline",48950.8972931338
2032,"Other Asia Pacific","Ambitious-Baseline-Low Capacity-Baseline-Recycling Medium",48561.6508819651
2032,"Other Asia Pacific","Ambitious-Double LFP-Baseline-Baseline-Baseline",67083.9964626185
2032,"Other Asia Pacific","Ambitious-Double NMC 811-Baseline-Baseline-Baseline",66574.9005749557
2032,"Other Asia Pacific","Ambitious-Sodium Battery adoption-Baseline-Baseline-Baseline",66980.441277127
2032,"Other Asia Pacific","Ambitious-Solid State adoption-Baseline-Baseline-Baseline",66984.1309945374
2032,"Other Europe","Ambitious-Baseline-Baseline-Baseline-Baseline",94132.7136831157
2032,"Other Europe","Ambitious-Baseline-Baseline-Baseline-Enhanced SSPS",94151.0286885183
2032,"Other Europe","Ambitious-Baseline-Baseline-Baseline-Enhanced recycling",91835.5216292762
2032,"Other Europe","Ambitious-Baseline-Baseline-Baseline-USA Recycling",94132.7136831157
2032,"Other Europe","Ambitious-Baseline-High Capacity-Baseline-Baseline",119904.225944329
2032,"Other Europe","Ambitious-Baseline-Low Capacity-Baseline-Baseline",70103.5727001974
2032,"Other Europe","Ambitious-Baseline-Low Capacity-Baseline-Recycling Medium",69456.5933222687
2032,"Other Europe","Ambitious-Double LFP-Baseline-Baseline-Baseline",94495.2585910458
2032,"Other Europe","Ambitious-Double NMC 811-Baseline-Baseline-Baseline",93100.3724971949
2032,"Other Europe","Ambitious-Sodium Battery adoption-Baseline-Baseline-Baseline",94119.5248462078
2032,"Other Europe","Ambitious-Solid State adoption-Baseline-Baseline-Baseline",94132.7136831157
2032,"Other Latin America and Caribbean","Ambitious-Baseline-Baseline-Baseline-Baseline",201378.794132937
2032,"Other Latin America and Caribbean","Ambitious-Baseline-Baseline-Baseline-Enhanced SSPS",201430.476668035
2032,"Other Latin America and Caribbean","Ambitious-Baseline-Baseline-Baseline-Enhanced recycling",195836.171846547
2032,"Other Latin America and Caribbean","Ambitious-Baseline-Baseline-Baseline-USA Recycling",201378.794132937
2032,"Other Latin America and Caribbean","Ambitious-Baseline-High Capacity-Baseline-Baseline",259375.535350142
2032,"Other Latin America and Caribbean","Ambitious-Baseline-Low Capacity-Baseline-Baseline",156825.598475156
2032,"Other Latin America and Caribbean","Ambitious-Baseline-Low Capacity-Baseline-Recycling Medium",155262.733693598
2032,"Other Latin America and Caribbean","Ambitious-Double LFP-Baseline-Baseline-Baseline",210548.573340035
2032,"Other Latin America and Caribbean","Ambitious-Double NMC 811-Baseline-Baseline-Baseline",198924.558995984
2032,"Other Latin America and Caribbean","Ambitious-Sodium Battery adoption-Baseline-Baseline-Baseline",201232.99733939
2032,"Other Latin America and Caribbean","Ambitious-Solid State adoption-Baseline-Baseline-Baseline",201378.794132937
2032,"South Korea","Ambitious-Baseline-Baseline-Baseline-Baseline",66645.391865853
2032,"South Korea","Ambitious-Baseline-Baseline-Baseline-Enhanced SSPS",66700.5331170334
2032,"South Korea","Ambitious-Baseline-Baseline-Baseline-Enhanced recycling",64516.1520514605
2032,"South Korea","Ambitious-Baseline-Baseline-Baseline-USA Recycling",66645.391865853
2032,"South Korea","Ambitious-Baseline-High Capacity-Baseline-Baseline",82479.0015738401
2032,"South Korea","Ambitious-Baseline-Low Capacity-Baseline-Baseline",49990.7403180216
2032,"South Korea","Ambitious-Baseline-Low Capacity-Baseline-Recycling Medium",49341.3868069938
2032,"South Korea","Ambitious-Double LFP-Baseline-Baseline-Baseline",66766.3463486916
2032,"South Korea","Ambitious-Double NMC 811-Baseline-Baseline-Baseline",66124.6960894065
2032,"South Korea","Ambitious-Sodium Battery adoption-Baseline-Baseline-Baseline",66640.9419940255
2032,"South Korea","Ambitious-Solid State adoption-Baseline-Baseline-Baseline",66645.391865853
2032,"United Kingdom","Ambitious-Baseline-Baseline-Baseline-Baseline",108328.281164253
2032,"United Kingdom","Ambitious-Baseline-Baseline-Baseline-Enhanced SSPS",108423.545524518
2032,"United Kingdom","Ambitious-Baseline-Baseline-Baseline-Enhanced recycling",105571.431084155
2032,"United Kingdom","Ambitious-Baseline-Baseline-Baseline-USA Recycling",108328.281164253
2032,"United Kingdom","Ambitious-Baseline-High Capacity-Baseline-Baseline",133086.582030322
2032,"United Kingdom","Ambitious-Baseline-Low Capacity-Baseline-Baseline",85900.8812757793
2032,"United Kingdom","Ambitious-Baseline-Low Capacity-Baseline-Recycling Medium",84983.6980659863
2032,"United Kingdom","Ambitious-Double LFP-Baseline-Baseline-Baseline",108737.162385653
2032,"United Kingdom","Ambitious-Double NMC 811-Baseline-Baseline-Baseline",108032.14685959
2032,"United Kingdom","Ambitious-Sodium Battery adoption-Baseline-Baseline-Baseline",108313.353066466
2032,"United Kingdom","Ambitious-Solid State adoption-Baseline-Baseline-Baseline",108328.281164253
2032,"United States","Ambitious-Baseline-Baseline-Baseline-Baseline",535183.440658727
2032,"United States","Ambitious-Baseline-Baseline-Baseline-Enhanced SSPS",534572.990655663
2032,"United States","Ambitious-Baseline-Baseline-Baseline-Enhanced recycling",521091.199146247
2032,"United States","Ambitious-Baseline-Baseline-Baseline-USA Recycling",520697.518283229
2032,"United States","Ambitious-Baseline-High Capacity-Baseline-Baseline",605058.654510929
2032,"United States","Ambitious-Baseline-Low Capacity-Baseline-Baseline",387944.608336477
2032,"United States","Ambitious-Baseline-Low Capacity-Baseline-Recycling Medium",384157.319460346
2032,"United States","Ambitious-Double LFP-Baseline-Baseline-Baseline",544117.403752189
2032,"United States","Ambitious-Double NMC 811-Baseline-Baseline-Baseline",524457.497936213
2032,"United States","Ambitious-Sodium Battery adoption-Baseline-Baseline-Baseline",534763.301579962
2032,"United States","Ambitious-Solid State adoption-Baseline-Baseline-Baseline",535183.440658727
2033,"ASEAN","Ambitious-Baseline-Baseline-Baseline-Baseline",190698.364907164
2033,"ASEAN","Ambitious-Baseline-Baseline-Baseline-Enhanced SSPS",190753.756395123
2033,"ASEAN","Ambitious-Baseline-Baseline-Baseline-Enhanced recycling",186215.219527044
2033,"ASEAN","Ambitious-Baseline-Baseline-Baseline-USA Recycling",190698.364907164
2033,"ASEAN","Ambitious-Baseline-High Capacity-Baseline-Baseline",269206.12010542
2033,"ASEAN","Ambitious-Baseline-Low Capacity-Baseline-Baseline",154711.770397199
2033,"ASEAN","Ambitious-Baseline-Low Capacity-Baseline-Recycling Medium",153401.594140669
2033,"ASEAN","Ambitious-Double LFP-Baseline-Baseline-Baseline",200310.215198286
2033,"ASEAN","Ambitious-Double NMC 811-Baseline-Baseline-Baseline",187655.330819469
2033,"ASEAN","Ambitious-Sodium Battery adoption-Baseline-Baseline-Baseline",190415.703375188
2033,"ASEAN","Ambitious-Solid State adoption-Baseline-Baseline-Baseline",190698.364907164
2033,"Africa","Ambitious-Baseline-Baseline-Baseline-Baseline",114777.646333691
2033,"Africa","Ambitious-Baseline-Baseline-Baseline-Enhanced SSPS",114805.469869032
2033,"Africa","Ambitious-Baseline-Baseline-Baseline-Enhanced recycling",112341.011955316
2033,"Africa","Ambitious-Baseline-Baseline-Baseline-USA Recycling",114777.646333691
2033,"Africa","Ambitious-Baseline-High Capacity-Baseline-Baseline",155377.677086883
2033,"Africa","Ambitious-Baseline-Low Capacity-Baseline-Baseline",90685.5424997162
2033,"Africa","Ambitious-Baseline-Low Capacity-Baseline-Recycling Medium",89988.6309683398
2033,"Africa","Ambitious-Double LFP-Baseline-Baseline-Baseline",115397.792834685
2033,"Africa","Ambitious-Double NMC 811-Baseline-Baseline-Baseline",113130.887145955
2033,"Africa","Ambitious-Sodium Battery adoption-Baseline-Baseline-Baseline",114751.407423483
2033,"Africa","Ambitious-Solid State adoption-Baseline-Baseline-Baseline",114777.646333691
2033,"Australia/NZ","Ambitious-Baseline-Baseline-Baseline-Baseline",41585.8105154921
2033,"Australia/NZ","Ambitious-Baseline-Baseline-Baseline-Enhanced SSPS",41613.7451653836
2033,"Australia/NZ","Ambitious-Baseline-Baseline-Baseline-Enhanced recycling",40613.5041073747
2033,"Australia/NZ","Ambitious-Baseline-Baseline-Baseline-USA Recycling",41585.8105154921
2033,"Australia/NZ","Ambitious-Baseline-High Capacity-Baseline-Baseline",51616.4822637922
2033,"Australia/NZ","Ambitious-Baseline-Low Capacity-Baseline-Baseline",32019.0370836761
2033,"Australia/NZ","Ambitious-Baseline-Low Capacity-Baseline-Recycling Medium",31713.8310454808
2033,"Australia/NZ","Ambitious-Double LFP-Baseline-Baseline-Baseline",42517.1551045424
2033,"Australia/NZ","Ambitious-Double NMC 811-Baseline-Baseline-Baseline",41452.0075818746
2033,"Australia/NZ","Ambitious-Sodium Battery adoption-Baseline-Baseline-Baseline",41547.0960541643
2033,"Australia/NZ","Ambitious-Solid State adoption-Baseline-Baseline-Baseline",41585.8105154921
2033,"Brazil","Ambitious-Baseline-Baseline-Baseline-Baseline",69755.8101747809
2033,"Brazil","Ambitious-Baseline-Baseline-Baseline-Enhanced SSPS",69774.139741816
2033,"Brazil","Ambitious-Baseline-Baseline-Baseline-Enhanced recycling",68337.6044720393
2033,"Brazil","Ambitious-Baseline-Baseline-Baseline-USA Recycling",69755.8101747809
2033,"Brazil","Ambitious-Baseline-High Capacity-Baseline-Baseline",95372.7901999975
2033,"Brazil","Ambitious-Baseline-Low Capacity-Baseline-Baseline",56071.2489342808
2033,"Brazil","Ambitious-Baseline-Low Capacity-Baseline-Recycling Medium",55651.1461402235
2033,"Brazil","Ambitious-Double LFP-Baseline-Baseline-Baseline",73032.0576901722
2033,"Brazil","Ambitious-Double NMC 811-Baseline-Baseline-Baseline",66472.6260319682
2033,"Brazil","Ambitious-Sodium Battery adoption-Baseline-Baseline-Baseline",69662.642703033
2033,"Brazil","Ambitious-Solid State adoption-Baseline-Baseline-Baseline",69755.8101747808
2033,"Canada","Ambitious-Baseline-Baseline-Baseline-Baseline",71116.9217501377
2033,"Canada","Ambitious-Baseline-Baseline-Baseline-Enhanced SSPS",71177.6770198318
2033,"Canada","Ambitious-Baseline-Baseline-Baseline-Enhanced recycling",69190.1042096442
2033,"Canada","Ambitious-Baseline-Baseline-Baseline-USA Recycling",71116.9217501377
2033,"Canada","Ambitious-Baseline-High Capacity-Baseline-Baseline",86737.1113594108
2033,"Canada","Ambitious-Baseline-Low Capacity-Baseline-Baseline",50595.2707550306
2033,"Canada","Ambitious-Baseline-Low Capacity-Baseline-Recycling Medium",50003.2622460865
2033,"Canada","Ambitious-Double LFP-Baseline-Baseline-Baseline",72538.4188125347
2033,"Canada","Ambitious-Double NMC 811-Baseline-Baseline-Baseline",69431.8355509367
2033,"Canada","Ambitious-Sodium Battery adoption-Baseline-Baseline-Baseline",71061.7052223072
2033,"Canada","Ambitious-Solid State adoption-Baseline-Baseline-Baseline",71116.9217501377
2033,"China","Ambitious-Baseline-Baseline-Baseline-Baseline",1239501.12879077
2033,"China","Ambitious-Baseline-Baseline-Baseline-Enhanced SSPS",1237618.68573356
2033,"China","Ambitious-Baseline-Baseline-Baseline-Enhanced recycling",1241383.57184799
2033,"China","Ambitious-Baseline-Baseline-Baseline-USA Recycling",1239501.12879077
2033,"China","Ambitious-Baseline-High Capacity-Baseline-Baseline",1831139.36608345
2033,"China","Ambitious-Baseline-Low Capacity-Baseline-Baseline",1027195.05244942
2033,"China","Ambitious-Baseline-Low Capacity-Baseline-Recycling Medium",1028582.59510263
2033,"China","Ambitious-Double LFP-Baseline-Baseline-Baseline",1310655.06077863
2033,"China","Ambitious-Double NMC 811-Baseline-Baseline-Baseline",1196676.11098863
2033,"China","Ambitious-Sodium Battery adoption-Baseline-Baseline-Baseline",1236742.11271146
2033,"China","Ambitious-Solid State adoption-Baseline-Baseline-Baseline",1239501.12879077
2033,"EFTA","Ambitious-Baseline-Baseline-Baseline-Baseline",25236.2058804788
2033,"EFTA","Ambitious-Baseline-Baseline-Baseline-Enhanced SSPS",25172.6153717234
2033,"EFTA","Ambitious-Baseline-Baseline-Baseline-Enhanced recycling",23944.3245724839
2033,"EFTA","Ambitious-Baseline-Baseline-Baseline-USA Recycling",25236.2058804788
2033,"EFTA","Ambitious-Baseline-High Capacity-Baseline-Baseline",30497.9572860933
2033,"EFTA","Ambitious-Baseline-Low Capacity-Baseline-Baseline",19090.4946310991
2033,"EFTA","Ambitious-Baseline-Low Capacity-Baseline-Recycling Medium",18774.9837085702
2033,"EFTA","Ambitious-Double LFP-Baseline-Baseline-Baseline",25350.6873109601
2033,"EFTA","Ambitious-Double NMC 811-Baseline-Baseline-Baseline",25154.609921985
2033,"EFTA","Ambitious-Sodium Battery adoption-Baseline-Baseline-Baseline",25224.857104691
2033,"EFTA","Ambitious-Solid State adoption-Baseline-Baseline-Baseline",25236.2058804788
2033,"European Union","Ambitious-Baseline-Baseline-Baseline-Baseline",598629.304964493
2033,"European Union","Ambitious-Baseline-Baseline-Baseline-Enhanced SSPS",597877.572023855
2033,"European Union","Ambitious-Baseline-Baseline-Baseline-Enhanced recycling",599387.616159303
2033,"European Union","Ambitious-Baseline-Baseline-Baseline-USA Recycling",598629.304964493
2033,"European Union","Ambitious-Baseline-High Capacity-Baseline-Baseline",803206.072393795
2033,"European Union","Ambitious-Baseline-Low Capacity-Baseline-Baseline",489823.078607302
2033,"European Union","Ambitious-Baseline-Low Capacity-Baseline-Recycling Medium",490528.023959994
2033,"European Union","Ambitious-Double LFP-Baseline-Baseline-Baseline",601145.208795087
2033,"European Union","Ambitious-Double NMC 811-Baseline-Baseline-Baseline",596848.373290932
2033,"European Union","Ambitious-Sodium Battery adoption-Baseline-Baseline-Baseline",598424.298939619
2033,"European Union","Ambitious-Solid State adoption-Baseline-Baseline-Baseline",598629.304964493
2033,"India","Ambitious-Baseline-Baseline-Baseline-Baseline",172593.71049487
2033,"India","Ambitious-Baseline-Baseline-Baseline-Enhanced SSPS",172734.196687112
2033,"India","Ambitious-Baseline-Baseline-Baseline-Enhanced recycling",165386.896857221
2033,"India","Ambitious-Baseline-Baseline-Baseline-USA Recycling",172593.71049487
2033,"India","Ambitious-Baseline-High Capacity-Baseline-Baseline",279821.221270593
2033,"India","Ambitious-Baseline-Low Capacity-Baseline-Baseline",152910.421717082
2033,"India","Ambitious-Baseline-Low Capacity-Baseline-Recycling Medium",150845.850078587
2033,"India","Ambitious-Double LFP-Baseline-Baseline-Baseline",172660.228179721
2033,"India","Ambitious-Double NMC 811-Baseline-Baseline-Baseline",171970.186869673
2033,"India","Ambitious-Sodium Battery adoption-Baseline-Baseline-Baseline",172590.711709438
2033,"India","Ambitious-Solid State adoption-Baseline-Baseline-Baseline",172593.710494871
2033,"Japan","Ambitious-Baseline-Baseline-Baseline-Baseline",116201.109338706
2033,"Japan","Ambitious-Baseline-Baseline-Baseline-Enhanced SSPS",116275.503054603
2033,"Japan","Ambitious-Baseline-Baseline-Baseline-Enhanced recycling",113271.26603323
2033,"Japan","Ambitious-Baseline-Baseline-Baseline-USA Recycling",116201.109338706
2033,"Japan","Ambitious-Baseline-High Capacity-Baseline-Baseline",169644.097977468
2033,"Japan","Ambitious-Baseline-Low Capacity-Baseline-Baseline",101665.753619492
2033,"Japan","Ambitious-Baseline-Low Capacity-Baseline-Recycling Medium",100695.900267486
2033,"Japan","Ambitious-Double LFP-Baseline-Baseline-Baseline",116438.846551987
2033,"Japan","Ambitious-Double NMC 811-Baseline-Baseline-Baseline",115263.566540269
2033,"Japan","Ambitious-Sodium Battery adoption-Baseline-Baseline-Baseline",116190.515745346
2033,"Japan","Ambitious-Solid State adoption-Baseline-Baseline-Baseline",116201.109338706
2033,"Mexico","Ambitious-Baseline-Baseline-Baseline-Baseline",74182.5468507112
2033,"Mexico","Ambitious-Baseline-Baseline-Baseline-Enhanced SSPS",74198.2664245476
2033,"Mexico","Ambitious-Baseline-Baseline-Baseline-Enhanced recycling",72826.5206046072
2033,"Mexico","Ambitious-Baseline-Baseline-Baseline-USA Recycling",74182.5468507112
2033,"Mexico","Ambitious-Baseline-High Capacity-Baseline-Baseline",92487.7477982094
2033,"Mexico","Ambitious-Baseline-Low Capacity-Baseline-Baseline",59005.8109091036
2033,"Mexico","Ambitious-Baseline-Low Capacity-Baseline-Recycling Medium",58605.0910943809
2033,"Mexico","Ambitious-Double LFP-Baseline-Baseline-Baseline",74903.6011896614
2033,"Mexico","Ambitious-Double NMC 811-Baseline-Baseline-Baseline",73328.0457634322
2033,"Mexico","Ambitious-Sodium Battery adoption-Baseline-Baseline-Baseline",74154.4864809808
2033,"Mexico","Ambitious-Solid State adoption-Baseline-Baseline-Baseline",74182.5468507111
2033,"Middle East","Ambitious-Baseline-Baseline-Baseline-Baseline",186397.667060166
2033,"Middle East","Ambitious-Baseline-Baseline-Baseline-Enhanced SSPS",186441.758809159
2033,"Middle East","Ambitious-Baseline-Baseline-Baseline-Enhanced recycling",182290.574024359
2033,"Middle East","Ambitious-Baseline-Baseline-Baseline-USA Recycling",186397.667060166
2033,"Middle East","Ambitious-Baseline-High Capacity-Baseline-Baseline",227486.492586887
2033,"Middle East","Ambitious-Baseline-Low Capacity-Baseline-Baseline",134204.492889233
2033,"Middle East","Ambitious-Baseline-Low Capacity-Baseline-Recycling Medium",133060.354721205
2033,"Middle East","Ambitious-Double LFP-Baseline-Baseline-Baseline",189329.171178335
2033,"Middle East","Ambitious-Double NMC 811-Baseline-Baseline-Baseline",185239.807796133
2033,"Middle East","Ambitious-Sodium Battery adoption-Baseline-Baseline-Baseline",186267.720792152
2033,"Middle East","Ambitious-Solid State adoption-Baseline-Baseline-Baseline",186397.667060166
2033,"Other Asia Pacific","Ambitious-Baseline-Baseline-Baseline-Baseline",81798.4442901818
2033,"Other Asia Pacific","Ambitious-Baseline-Baseline-Baseline-Enhanced SSPS",81817.6088161207
2033,"Other Asia Pacific","Ambitious-Baseline-Baseline-Baseline-Enhanced recycling",79741.1258594431
2033,"Other Asia Pacific","Ambitious-Baseline-Baseline-Baseline-USA Recycling",81798.4442901818
2033,"Other Asia Pacific","Ambitious-Baseline-High Capacity-Baseline-Baseline",107380.890885666
2033,"Other Asia Pacific","Ambitious-Baseline-Low Capacity-Baseline-Baseline",57595.1728852661
2033,"Other Asia Pacific","Ambitious-Baseline-Low Capacity-Baseline-Recycling Medium",57056.1390691118
2033,"Other Asia Pacific","Ambitious-Double LFP-Baseline-Baseline-Baseline",81937.2008245924
2033,"Other Asia Pacific","Ambitious-Double NMC 811-Baseline-Baseline-Baseline",81283.0097948729
2033,"Other Asia Pacific","Ambitious-Sodium Battery adoption-Baseline-Baseline-Baseline",81792.2492635873
2033,"Other Asia Pacific","Ambitious-Solid State adoption-Baseline-Baseline-Baseline",81798.4442901817
2033,"Other Europe","Ambitious-Baseline-Baseline-Baseline-Baseline",108705.969747007
2033,"Other Europe","Ambitious-Baseline-Baseline-Baseline-Enhanced SSPS",108735.528081812
2033,"Other Europe","Ambitious-Baseline-Baseline-Baseline-Enhanced recycling",105485.452632605
2033,"Other Europe","Ambitious-Baseline-Baseline-Baseline-USA Recycling",108705.969747007
2033,"Other Europe","Ambitious-Baseline-High Capacity-Baseline-Baseline",141278.986738305
2033,"Other Europe","Ambitious-Baseline-Low Capacity-Baseline-Baseline",78388.5284152889
2033,"Other Europe","Ambitious-Baseline-Low Capacity-Baseline-Recycling Medium",77520.1776160301
2033,"Other Europe","Ambitious-Double LFP-Baseline-Baseline-Baseline",109177.812130516
2033,"Other Europe","Ambitious-Double NMC 811-Baseline-Baseline-Baseline",107469.64641473
2033,"Other Europe","Ambitious-Sodium Battery adoption-Baseline-Baseline-Baseline",108685.195397014
2033,"Other Europe","Ambitious-Solid State adoption-Baseline-Baseline-Baseline",108705.969747007
2033,"Other Latin America and Caribbean","Ambitious-Baseline-Baseline-Baseline-Baseline",239181.831913818
2033,"Other Latin America and Caribbean","Ambitious-Baseline-Baseline-Baseline-Enhanced SSPS",239095.382997825
2033,"Other Latin America and Caribbean","Ambitious-Baseline-Baseline-Baseline-Enhanced recycling",231908.98601922
2033,"Other Latin America and Caribbean","Ambitious-Baseline-Baseline-Baseline-USA Recycling",239181.831913818
2033,"Other Latin America and Caribbean","Ambitious-Baseline-High Capacity-Baseline-Baseline",313368.252123854
2033,"Other Latin America and Caribbean","Ambitious-Baseline-Low Capacity-Baseline-Baseline",182322.929404547
2033,"Other Latin America and Caribbean","Ambitious-Baseline-Low Capacity-Baseline-Recycling Medium",180435.028670682
2033,"Other Latin America and Caribbean","Ambitious-Double LFP-Baseline-Baseline-Baseline",250279.519073557
2033,"Other Latin America and Caribbean","Ambitious-Double NMC 811-Baseline-Baseline-Baseline",235940.720441423
2033,"Other Latin America and Caribbean","Ambitious-Sodium Battery adoption-Baseline-Baseline-Baseline",238934.916409805
2033,"Other Latin America and Caribbean","Ambitious-Solid State adoption-Baseline-Baseline-Baseline",239181.831913818
2033,"South Korea","Ambitious-Baseline-Baseline-Baseline-Baseline",71724.9830910453
2033,"South Korea","Ambitious-Baseline-Baseline-Baseline-Enhanced SSPS",71809.3031781997
2033,"South Korea","Ambitious-Baseline-Baseline-Baseline-Enhanced recycling",68921.5815533605
2033,"South Korea","Ambitious-Baseline-Baseline-Baseline-USA Recycling",71724.9830910453
2033,"South Korea","Ambitious-Baseline-High Capacity-Baseline-Baseline",90533.7196381649
2033,"South Korea","Ambitious-Baseline-Low Capacity-Baseline-Baseline",52088.7561800587
2033,"South Korea","Ambitious-Baseline-Low Capacity-Baseline-Recycling Medium",51253.6715648149
2033,"South Korea","Ambitious-Double LFP-Baseline-Baseline-Baseline",71869.8627669488
2033,"South Korea","Ambitious-Double NMC 811-Baseline-Baseline-Baseline",71159.5898687357
2033,"South Korea","Ambitious-Sodium Battery adoption-Baseline-Baseline-Baseline",71718.5565376646
2033,"South Korea","Ambitious-Solid State adoption-Baseline-Baseline-Baseline",71724.9830910453
2033,"United Kingdom","Ambitious-Baseline-Baseline-Baseline-Baseline",111166.268898742
2033,"United Kingdom","Ambitious-Baseline-Baseline-Baseline-Enhanced SSPS",111312.515884549
2033,"United Kingdom","Ambitious-Baseline-Baseline-Baseline-Enhanced recycling",107677.958301394
2033,"United Kingdom","Ambitious-Baseline-Baseline-Baseline-USA Recycling",111166.268898742
2033,"United Kingdom","Ambitious-Baseline-High Capacity-Baseline-Baseline",139206.692753134
2033,"United Kingdom","Ambitious-Baseline-Low Capacity-Baseline-Baseline",85899.1564735176
2033,"United Kingdom","Ambitious-Baseline-Low Capacity-Baseline-Recycling Medium",84747.8261068267
2033,"United Kingdom","Ambitious-Double LFP-Baseline-Baseline-Baseline",111624.795244481
2033,"United Kingdom","Ambitious-Double NMC 811-Baseline-Baseline-Baseline",110843.494955451
2033,"United Kingdom","Ambitious-Sodium Battery adoption-Baseline-Baseline-Baseline",111146.066228669
2033,"United Kingdom","Ambitious-Solid State adoption-Baseline-Baseline-Baseline",111166.268898742
2033,"United States","Ambitious-Baseline-Baseline-Baseline-Baseline",601617.09300633
2033,"United States","Ambitious-Baseline-Baseline-Baseline-Enhanced SSPS",600749.808992241
2033,"United States","Ambitious-Baseline-Baseline-Baseline-Enhanced recycling",583479.76417488
2033,"United States","Ambitious-Baseline-Baseline-Baseline-USA Recycling",582927.570130745
2033,"United States","Ambitious-Baseline-High Capacity-Baseline-Baseline",689011.061547497
2033,"United States","Ambitious-Baseline-Low Capacity-Baseline-Baseline",418957.688128419
2033,"United States","Ambitious-Baseline-Low Capacity-Baseline-Recycling Medium",414292.182515212
2033,"United States","Ambitious-Double LFP-Baseline-Baseline-Baseline",612908.289859395
2033,"United States","Ambitious-Double NMC 811-Baseline-Baseline-Baseline",588178.078589169
2033,"United States","Ambitious-Sodium Battery adoption-Baseline-Baseline-Baseline",600994.350139326
2033,"United States","Ambitious-Solid State adoption-Baseline-Baseline-Baseline",601617.093006329
2034,"ASEAN","Ambitious-Baseline-Baseline-Baseline-Baseline",225497.985048166
2034,"ASEAN","Ambitious-Baseline-Baseline-Baseline-Enhanced SSPS",225585.544446768
2034,"ASEAN","Ambitious-Baseline-Baseline-Baseline-Enhanced recycling",219407.418585015
2034,"ASEAN","Ambitious-Baseline-Baseline-Baseline-USA Recycling",225497.985048166
2034,"ASEAN","Ambitious-Baseline-High Capacity-Baseline-Baseline",328057.912939021
2034,"ASEAN","Ambitious-Baseline-Low Capacity-Baseline-Baseline",179027.847555938
2034,"ASEAN","Ambitious-Baseline-Low Capacity-Baseline-Recycling Medium",177285.181659598
2034,"ASEAN","Ambitious-Double LFP-Baseline-Baseline-Baseline",237307.095121205
2034,"ASEAN","Ambitious-Double NMC 811-Baseline-Baseline-Baseline",221519.623984139
2034,"ASEAN","Ambitious-Sodium Battery adoption-Baseline-Baseline-Baseline",225077.1968643
2034,"ASEAN","Ambitious-Solid State adoption-Baseline-Baseline-Baseline",225497.985048166
2034,"Africa","Ambitious-Baseline-Baseline-Baseline-Baseline",128628.512782881
2034,"Africa","Ambitious-Baseline-Baseline-Baseline-Enhanced SSPS",128674.744486839
2034,"Africa","Ambitious-Baseline-Baseline-Baseline-Enhanced recycling",125318.708166567
2034,"Africa","Ambitious-Baseline-Baseline-Baseline-USA Recycling",128628.512782881
2034,"Africa","Ambitious-Baseline-High Capacity-Baseline-Baseline",178527.17190827
2034,"Africa","Ambitious-Baseline-Low Capacity-Baseline-Baseline",98778.7794903916
2034,"Africa","Ambitious-Baseline-Low Capacity-Baseline-Recycling Medium",97854.8099135165
2034,"Africa","Ambitious-Double LFP-Baseline-Baseline-Baseline",129407.049893422
2034,"Africa","Ambitious-Double NMC 811-Baseline-Baseline-Baseline",126686.778714239
2034,"Africa","Ambitious-Sodium Battery adoption-Baseline-Baseline-Baseline",128590.692661231
2034,"Africa","Ambitious-Solid State adoption-Baseline-Baseline-Baseline",128628.512782881
2034,"Australia/NZ","Ambitious-Baseline-Baseline-Baseline-Baseline",47912.5342154468
2034,"Australia/NZ","Ambitious-Baseline-Baseline-Baseline-Enhanced SSPS",47957.3351831318
2034,"Australia/NZ","Ambitious-Baseline-Baseline-Baseline-Enhanced recycling",46595.9636992138
2034,"Australia/NZ","Ambitious-Baseline-Baseline-Baseline-USA Recycling",47912.5342154468
2034,"Australia/NZ","Ambitious-Baseline-High Capacity-Baseline-Baseline",60562.5244596747
2034,"Australia/NZ","Ambitious-Baseline-Low Capacity-Baseline-Baseline",35824.4861286148
2034,"Australia/NZ","Ambitious-Baseline-Low Capacity-Baseline-Recycling Medium",35412.9940175907
2034,"Australia/NZ","Ambitious-Double LFP-Baseline-Baseline-Baseline",49084.165758097
2034,"Australia/NZ","Ambitious-Double NMC 811-Baseline-Baseline-Baseline",47749.6893961976
2034,"Australia/NZ","Ambitious-Sodium Battery adoption-Baseline-Baseline-Baseline",47856.5157517777
2034,"Australia/NZ","Ambitious-Solid State adoption-Baseline-Baseline-Baseline",47912.5342154468
2034,"Brazil","Ambitious-Baseline-Baseline-Baseline-Baseline",80650.256523297
2034,"Brazil","Ambitious-Baseline-Baseline-Baseline-Enhanced SSPS",80679.6956332173
2034,"Brazil","Ambitious-Baseline-Baseline-Baseline-Enhanced recycling",78755.943255826
2034,"Brazil","Ambitious-Baseline-Baseline-Baseline-USA Recycling",80650.256523297
2034,"Brazil","Ambitious-Baseline-High Capacity-Baseline-Baseline",113189.747902023
2034,"Brazil","Ambitious-Baseline-Low Capacity-Baseline-Baseline",63324.841499593
2034,"Brazil","Ambitious-Baseline-Low Capacity-Baseline-Recycling Medium",62773.139140634
2034,"Brazil","Ambitious-Double LFP-Baseline-Baseline-Baseline",84724.4673121901
2034,"Brazil","Ambitious-Double NMC 811-Baseline-Baseline-Baseline",76563.0971076427
2034,"Brazil","Ambitious-Sodium Battery adoption-Baseline-Baseline-Baseline",80512.3530998359
2034,"Brazil","Ambitious-Solid State adoption-Baseline-Baseline-Baseline",80650.256523297
2034,"Canada","Ambitious-Baseline-Baseline-Baseline-Baseline",76381.0431135813
2034,"Canada","Ambitious-Baseline-Baseline-Baseline-Enhanced SSPS",76470.0034698793
2034,"Canada","Ambitious-Baseline-Baseline-Baseline-Enhanced recycling",73915.9012357505
2034,"Canada","Ambitious-Baseline-Baseline-Baseline-USA Recycling",76381.0431135813
2034,"Canada","Ambitious-Baseline-High Capacity-Baseline-Baseline",94939.8793599841
2034,"Canada","Ambitious-Baseline-Low Capacity-Baseline-Baseline",52425.9456433122
2034,"Canada","Ambitious-Baseline-Low Capacity-Baseline-Recycling Medium",51671.5710712695
2034,"Canada","Ambitious-Double LFP-Baseline-Baseline-Baseline",78027.4657671705
2034,"Canada","Ambitious-Double NMC 811-Baseline-Baseline-Baseline",74469.1821928088
2034,"Canada","Ambitious-Sodium Battery adoption-Baseline-Baseline-Baseline",76307.394991878
2034,"Canada","Ambitious-Solid State adoption-Baseline-Baseline-Baseline",76381.0431135814
2034,"China","Ambitious-Baseline-Baseline-Baseline-Baseline",1309404.29498184
2034,"China","Ambitious-Baseline-Baseline-Baseline-Enhanced SSPS",1307099.44401386
2034,"China","Ambitious-Baseline-Baseline-Baseline-Enhanced recycling",1311709.14594982
2034,"China","Ambitious-Baseline-Baseline-Baseline-USA Recycling",1309404.29498184
2034,"China","Ambitious-Baseline-High Capacity-Baseline-Baseline",1997930.01009073
2034,"China","Ambitious-Baseline-Low Capacity-Baseline-Baseline",1065346.2559922
2034,"China","Ambitious-Baseline-Low Capacity-Baseline-Recycling Medium",1066974.20761009
2034,"China","Ambitious-Double LFP-Baseline-Baseline-Baseline",1389014.28261467
2034,"China","Ambitious-Double NMC 811-Baseline-Baseline-Baseline",1259682.46231782
2034,"China","Ambitious-Sodium Battery adoption-Baseline-Baseline-Baseline",1305756.31751015
2034,"China","Ambitious-Solid State adoption-Baseline-Baseline-Baseline",1309404.29498184
2034,"EFTA","Ambitious-Baseline-Baseline-Baseline-Baseline",26434.7484572267
2034,"EFTA","Ambitious-Baseline-Baseline-Baseline-Enhanced SSPS",26410.7376847638
2034,"EFTA","Ambitious-Baseline-Baseline-Baseline-Enhanced recycling",24780.5478150326
2034,"EFTA","Ambitious-Baseline-Baseline-Baseline-USA Recycling",26434.7484572267
2034,"EFTA","Ambitious-Baseline-High Capacity-Baseline-Baseline",32601.1425617786
2034,"EFTA","Ambitious-Baseline-Low Capacity-Baseline-Baseline",19348.7491908032
2034,"EFTA","Ambitious-Baseline-Low Capacity-Baseline-Recycling Medium",18959.8551294125
2034,"EFTA","Ambitious-Double LFP-Baseline-Baseline-Baseline",26565.1074881839
2034,"EFTA","Ambitious-Double NMC 811-Baseline-Baseline-Baseline",26345.0559382506
2034,"EFTA","Ambitious-Sodium Battery adoption-Baseline-Baseline-Baseline",26420.6891781
2034,"EFTA","Ambitious-Solid State adoption-Baseline-Baseline-Baseline",26434.7484572267
2034,"European Union","Ambitious-Baseline-Baseline-Baseline-Baseline",614247.448464855
2034,"European Union","Ambitious-Baseline-Baseline-Baseline-Enhanced SSPS",613161.866392389
2034,"European Union","Ambitious-Baseline-Baseline-Baseline-Enhanced recycling",615335.113674261
2034,"European Union","Ambitious-Baseline-Baseline-Baseline-USA Recycling",614247.448464855
2034,"European Union","Ambitious-Baseline-High Capacity-Baseline-Baseline",844277.635666759
2034,"European Union","Ambitious-Baseline-Low Capacity-Baseline-Baseline",492269.807884739
2034,"European Union","Ambitious-Baseline-Low Capacity-Baseline-Recycling Medium",493269.362779225
2034,"European Union","Ambitious-Double LFP-Baseline-Baseline-Baseline",617036.046491429
2034,"European Union","Ambitious-Double NMC 811-Baseline-Baseline-Baseline",612329.537378249
2034,"European Union","Ambitious-Sodium Battery adoption-Baseline-Baseline-Baseline",613994.358019996
2034,"European Union","Ambitious-Solid State adoption-Baseline-Baseline-Baseline",614247.448464855
2034,"India","Ambitious-Baseline-Baseline-Baseline-Baseline",190707.366165254
2034,"India","Ambitious-Baseline-Baseline-Baseline-Enhanced SSPS",190919.643626352
2034,"India","Ambitious-Baseline-Baseline-Baseline-Enhanced recycling",181212.94964596
2034,"India","Ambitious-Baseline-Baseline-Baseline-USA Recycling",190707.366165254
2034,"India","Ambitious-Baseline-High Capacity-Baseline-Baseline",319927.464413498
2034,"India","Ambitious-Baseline-Low Capacity-Baseline-Baseline",167638.854486173
2034,"India","Ambitious-Baseline-Low Capacity-Baseline-Recycling Medium",164994.356941085
2034,"India","Ambitious-Double LFP-Baseline-Baseline-Baseline",190788.726535456
2034,"India","Ambitious-Double NMC 811-Baseline-Baseline-Baseline",190036.053735151
2034,"India","Ambitious-Sodium Battery adoption-Baseline-Baseline-Baseline",190703.182134694
2034,"India","Ambitious-Solid State adoption-Baseline-Baseline-Baseline",190707.366165254
2034,"Japan","Ambitious-Baseline-Baseline-Baseline-Baseline",126003.961703933
2034,"Japan","Ambitious-Baseline-Baseline-Baseline-Enhanced SSPS",126113.041023913
2034,"Japan","Ambitious-Baseline-Baseline-Baseline-Enhanced recycling",122228.300934755
2034,"Japan","Ambitious-Baseline-Baseline-Baseline-USA Recycling",126003.961703933
2034,"Japan","Ambitious-Baseline-High Capacity-Baseline-Baseline",189294.671903222
2034,"Japan","Ambitious-Baseline-Low Capacity-Baseline-Baseline",108757.244671936
2034,"Japan","Ambitious-Baseline-Low Capacity-Baseline-Recycling Medium",107516.021956657
2034,"Japan","Ambitious-Double LFP-Baseline-Baseline-Baseline",126284.599118124
2034,"Japan","Ambitious-Double NMC 811-Baseline-Baseline-Baseline",124998.472892117
2034,"Japan","Ambitious-Sodium Battery adoption-Baseline-Baseline-Baseline",125989.686499774
2034,"Japan","Ambitious-Solid State adoption-Baseline-Baseline-Baseline",126003.961703933
2034,"Mexico","Ambitious-Baseline-Baseline-Baseline-Baseline",81809.6185170474
2034,"Mexico","Ambitious-Baseline-Baseline-Baseline-Enhanced SSPS",81835.767044785
2034,"Mexico","Ambitious-Baseline-Baseline-Baseline-Enhanced recycling",80091.6410134177
2034,"Mexico","Ambitious-Baseline-Baseline-Baseline-USA Recycling",81809.6185170474
2034,"Mexico","Ambitious-Baseline-High Capacity-Baseline-Baseline",104036.090019925
2034,"Mexico","Ambitious-Baseline-Low Capacity-Baseline-Baseline",63421.9649827117
2034,"Mexico","Ambitious-Baseline-Low Capacity-Baseline-Recycling Medium",62922.0643682777
2034,"Mexico","Ambitious-Double LFP-Baseline-Baseline-Baseline",82700.3330273578
2034,"Mexico","Ambitious-Double NMC 811-Baseline-Baseline-Baseline",80774.1083575663
2034,"Mexico","Ambitious-Sodium Battery adoption-Baseline-Baseline-Baseline",81769.6666734873
2034,"Mexico","Ambitious-Solid State adoption-Baseline-Baseline-Baseline",81809.6185170474
2034,"Middle East","Ambitious-Baseline-Baseline-Baseline-Baseline",219781.305825684
2034,"Middle East","Ambitious-Baseline-Baseline-Baseline-Enhanced SSPS",219644.215378264
2034,"Middle East","Ambitious-Baseline-Baseline-Baseline-Enhanced recycling",214434.319555766
2034,"Middle East","Ambitious-Baseline-Baseline-Baseline-USA Recycling",219781.305825684
2034,"Middle East","Ambitious-Baseline-High Capacity-Baseline-Baseline",270489.808870748
2034,"Middle East","Ambitious-Baseline-Low Capacity-Baseline-Baseline",155135.276612842
2034,"Middle East","Ambitious-Baseline-Low Capacity-Baseline-Recycling Medium",153791.340829399
2034,"Middle East","Ambitious-Double LFP-Baseline-Baseline-Baseline",223324.029488617
2034,"Middle East","Ambitious-Double NMC 811-Baseline-Baseline-Baseline",218385.175110606
2034,"Middle East","Ambitious-Sodium Battery adoption-Baseline-Baseline-Baseline",219546.261569404
2034,"Middle East","Ambitious-Solid State adoption-Baseline-Baseline-Baseline",219781.305825684
2034,"Other Asia Pacific","Ambitious-Baseline-Baseline-Baseline-Baseline",96816.2749784715
2034,"Other Asia Pacific","Ambitious-Baseline-Baseline-Baseline-Enhanced SSPS",96847.8487617853
2034,"Other Asia Pacific","Ambitious-Baseline-Baseline-Baseline-Enhanced recycling",93900.5443554278
2034,"Other Asia Pacific","Ambitious-Baseline-Baseline-Baseline-USA Recycling",96816.2749784715
2034,"Other Asia Pacific","Ambitious-Baseline-High Capacity-Baseline-Baseline",129893.698912231
2034,"Other Asia Pacific","Ambitious-Baseline-Low Capacity-Baseline-Baseline",65469.4067294618
2034,"Other Asia Pacific","Ambitious-Baseline-Low Capacity-Baseline-Recycling Medium",64731.9165817225
2034,"Other Asia Pacific","Ambitious-Double LFP-Baseline-Baseline-Baseline",96996.6363826168
2034,"Other Asia Pacific","Ambitious-Double NMC 811-Baseline-Baseline-Baseline",96206.4569269403
2034,"Other Asia Pacific","Ambitious-Sodium Battery adoption-Baseline-Baseline-Baseline",96807.0730914629
2034,"Other Asia Pacific","Ambitious-Solid State adoption-Baseline-Baseline-Baseline",96816.2749784715
2034,"Other Europe","Ambitious-Baseline-Baseline-Baseline-Baseline",132815.298780847
2034,"Other Europe","Ambitious-Baseline-Baseline-Baseline-Enhanced SSPS",132778.310485239
2034,"Other Europe","Ambitious-Baseline-Baseline-Baseline-Enhanced recycling",128497.183482721
2034,"Other Europe","Ambitious-Baseline-Baseline-Baseline-USA Recycling",132815.298780847
2034,"Other Europe","Ambitious-Baseline-High Capacity-Baseline-Baseline",172874.176323619
2034,"Other Europe","Ambitious-Baseline-Low Capacity-Baseline-Baseline",95600.3417269212
2034,"Other Europe","Ambitious-Baseline-Low Capacity-Baseline-Recycling Medium",94511.4148916231
2034,"Other Europe","Ambitious-Double LFP-Baseline-Baseline-Baseline",133403.946923249
2034,"Other Europe","Ambitious-Double NMC 811-Baseline-Baseline-Baseline",131391.211128801
2034,"Other Europe","Ambitious-Sodium Battery adoption-Baseline-Baseline-Baseline",132722.733661078
2034,"Other Europe","Ambitious-Solid State adoption-Baseline-Baseline-Baseline",132815.298780847
2034,"Other Latin America and Caribbean","Ambitious-Baseline-Baseline-Baseline-Baseline",273505.105704817
2034,"Other Latin America and Caribbean","Ambitious-Baseline-Baseline-Baseline-Enhanced SSPS",273378.682640724
2034,"Other Latin America and Caribbean","Ambitious-Baseline-Baseline-Baseline-Enhanced recycling",263951.294909133
2034,"Other Latin America and Caribbean","Ambitious-Baseline-Baseline-Baseline-USA Recycling",273505.105704817
2034,"Other Latin America and Caribbean","Ambitious-Baseline-High Capacity-Baseline-Baseline",366170.72981677
2034,"Other Latin America and Caribbean","Ambitious-Baseline-Low Capacity-Baseline-Baseline",202889.183353332
2034,"Other Latin America and Caribbean","Ambitious-Baseline-Low Capacity-Baseline-Recycling Medium",200484.558312844
2034,"Other Latin America and Caribbean","Ambitious-Double LFP-Baseline-Baseline-Baseline",286657.148513803
2034,"Other Latin America and Caribbean","Ambitious-Double NMC 811-Baseline-Baseline-Baseline",269420.46028946
2034,"Other Latin America and Caribbean","Ambitious-Sodium Battery adoption-Baseline-Baseline-Baseline",273153.122824338
2034,"Other Latin America and Caribbean","Ambitious-Solid State adoption-Baseline-Baseline-Baseline",273505.105704817
2034,"South Korea","Ambitious-Baseline-Baseline-Baseline-Baseline",80581.8652307601
2034,"South Korea","Ambitious-Baseline-Baseline-Baseline-Enhanced SSPS",80395.8874584123
2034,"South Korea","Ambitious-Baseline-Baseline-Baseline-Enhanced recycling",77225.694537591
2034,"South Korea","Ambitious-Baseline-Baseline-Baseline-USA Recycling",80581.8652307601
2034,"South Korea","Ambitious-Baseline-High Capacity-Baseline-Baseline",102235.592558908
2034,"South Korea","Ambitious-Baseline-Low Capacity-Baseline-Baseline",58306.5430749149
2034,"South Korea","Ambitious-Baseline-Low Capacity-Baseline-Recycling Medium",57501.5945160766
2034,"South Korea","Ambitious-Double LFP-Baseline-Baseline-Baseline",80744.4688122614
2034,"South Korea","Ambitious-Double NMC 811-Baseline-Baseline-Baseline",80002.2987644276
2034,"South Korea","Ambitious-Sodium Battery adoption-Baseline-Baseline-Baseline",80540.717738244
2034,"South Korea","Ambitious-Solid State adoption-Baseline-Baseline-Baseline",80581.8652307602
2034,"United Kingdom","Ambitious-Baseline-Baseline-Baseline-Baseline",114061.05200767
2034,"United Kingdom","Ambitious-Baseline-Baseline-Baseline-Enhanced SSPS",114284.440637556
2034,"United Kingdom","Ambitious-Baseline-Baseline-Baseline-Enhanced recycling",109640.535019788
2034,"United Kingdom","Ambitious-Baseline-Baseline-Baseline-USA Recycling",114061.05200767
2034,"United Kingdom","Ambitious-Baseline-High Capacity-Baseline-Baseline",145556.503458515
2034,"United Kingdom","Ambitious-Baseline-Low Capacity-Baseline-Baseline",85837.3869895917
2034,"United Kingdom","Ambitious-Baseline-Low Capacity-Baseline-Recycling Medium",84365.5433361782
2034,"United Kingdom","Ambitious-Double LFP-Baseline-Baseline-Baseline",114567.128267031
2034,"United Kingdom","Ambitious-Double NMC 811-Baseline-Baseline-Baseline",113714.486565437
2034,"United Kingdom","Ambitious-Sodium Battery adoption-Baseline-Baseline-Baseline",114035.616616371
2034,"United Kingdom","Ambitious-Solid State adoption-Baseline-Baseline-Baseline",114061.05200767
2034,"United States","Ambitious-Baseline-Baseline-Baseline-Baseline",664483.306866111
2034,"United States","Ambitious-Baseline-Baseline-Baseline-Enhanced SSPS",663281.492701133
2034,"United States","Ambitious-Baseline-Baseline-Baseline-Enhanced recycling",641371.392450733
2034,"United States","Ambitious-Baseline-Baseline-Baseline-USA Recycling",640624.87894927
2034,"United States","Ambitious-Baseline-High Capacity-Baseline-Baseline",771498.763851672
2034,"United States","Ambitious-Baseline-Low Capacity-Baseline-Baseline",444110.778859909
2034,"United States","Ambitious-Baseline-Low Capacity-Baseline-Recycling Medium",438328.509692388
2034,"United States","Ambitious-Double LFP-Baseline-Baseline-Baseline",678074.876558636
2034,"United States","Ambitious-Double NMC 811-Baseline-Baseline-Baseline",648617.156018667
2034,"United States","Ambitious-Sodium Battery adoption-Baseline-Baseline-Baseline",663650.152718164
2034,"United States","Ambitious-Solid State adoption-Baseline-Baseline-Baseline",664483.306866111
2035,"ASEAN","Ambitious-Baseline-Baseline-Baseline-Baseline",261160.18133014
2035,"ASEAN","Ambitious-Baseline-Baseline-Baseline-Enhanced SSPS",261295.932944629
2035,"ASEAN","Ambitious-Baseline-Baseline-Baseline-Enhanced recycling",252920.164157996
2035,"ASEAN","Ambitious-Baseline-Baseline-Baseline-USA Recycling",261160.18133014
2035,"ASEAN","Ambitious-Baseline-High Capacity-Baseline-Baseline",390797.306912553
2035,"ASEAN","Ambitious-Baseline-Low Capacity-Baseline-Baseline",202415.60771204
2035,"ASEAN","Ambitious-Baseline-Low Capacity-Baseline-Recycling Medium",200105.137993472
2035,"ASEAN","Ambitious-Double LFP-Baseline-Baseline-Baseline",275154.972157156
2035,"ASEAN","Ambitious-Double NMC 811-Baseline-Baseline-Baseline",256187.17972242
2035,"ASEAN","Ambitious-Sodium Battery adoption-Baseline-Baseline-Baseline",260583.123276959
2035,"ASEAN","Ambitious-Solid State adoption-Baseline-Baseline-Baseline",261160.18133014
2035,"Africa","Ambitious-Baseline-Baseline-Baseline-Baseline",144665.169781666
2035,"Africa","Ambitious-Baseline-Baseline-Baseline-Enhanced SSPS",144740.18998515
2035,"Africa","Ambitious-Baseline-Baseline-Baseline-Enhanced recycling",140273.365845847
2035,"Africa","Ambitious-Baseline-Baseline-Baseline-USA Recycling",144665.169781666
2035,"Africa","Ambitious-Baseline-High Capacity-Baseline-Baseline",205861.497337125
2035,"Africa","Ambitious-Baseline-Low Capacity-Baseline-Baseline",107879.951572856
2035,"Africa","Ambitious-Baseline-Low Capacity-Baseline-Recycling Medium",106683.949416995
2035,"Africa","Ambitious-Double LFP-Baseline-Baseline-Baseline",145632.330975022
2035,"Africa","Ambitious-Double NMC 811-Baseline-Baseline-Baseline",142391.136836302
2035,"Africa","Ambitious-Sodium Battery adoption-Baseline-Baseline-Baseline",144613.067321075
2035,"Africa","Ambitious-Solid State adoption-Baseline-Baseline-Baseline",144665.169781666
2035,"Australia/NZ","Ambitious-Baseline-Baseline-Baseline-Baseline",54731.0917985524
2035,"Australia/NZ","Ambitious-Baseline-Baseline-Baseline-Enhanced SSPS",54801.3027221776
2035,"Australia/NZ","Ambitious-Baseline-Baseline-Baseline-Enhanced recycling",52970.3569157938
2035,"Australia/NZ","Ambitious-Baseline-Baseline-Baseline-USA Recycling",54731.0917985524
2035,"Australia/NZ","Ambitious-Baseline-High Capacity-Baseline-Baseline",70427.6113517188
2035,"Australia/NZ","Ambitious-Baseline-Low Capacity-Baseline-Baseline",39716.065983362
2035,"Australia/NZ","Ambitious-Baseline-Low Capacity-Baseline-Recycling Medium",39167.5025717053
2035,"Australia/NZ","Ambitious-Double LFP-Baseline-Baseline-Baseline",56170.7654378685
2035,"Australia/NZ","Ambitious-Double NMC 811-Baseline-Baseline-Baseline",54536.1863077899
2035,"Australia/NZ","Ambitious-Sodium Battery adoption-Baseline-Baseline-Baseline",54654.8492167498
2035,"Australia/NZ","Ambitious-Solid State adoption-Baseline-Baseline-Baseline",54731.0917985525
2035,"Brazil","Ambitious-Baseline-Baseline-Baseline-Baseline",92143.4999811546
2035,"Brazil","Ambitious-Baseline-Baseline-Baseline-Enhanced SSPS",92190.7724416312
2035,"Brazil","Ambitious-Baseline-Baseline-Baseline-Enhanced recycling",89625.8146982898
2035,"Brazil","Ambitious-Baseline-Baseline-Baseline-USA Recycling",92143.4999811546
2035,"Brazil","Ambitious-Baseline-High Capacity-Baseline-Baseline",132692.447133936
2035,"Brazil","Ambitious-Baseline-Low Capacity-Baseline-Baseline",70600.6360903401
2035,"Brazil","Ambitious-Baseline-Low Capacity-Baseline-Recycling Medium",69878.349029816
2035,"Brazil","Ambitious-Double LFP-Baseline-Baseline-Baseline",97107.9126150311
2035,"Brazil","Ambitious-Double NMC 811-Baseline-Baseline-Baseline",87176.6179541535
2035,"Brazil","Ambitious-Sodium Battery adoption-Baseline-Baseline-Baseline",91951.3032712726
2035,"Brazil","Ambitious-Solid State adoption-Baseline-Baseline-Baseline",92143.4999811545
2035,"Canada","Ambitious-Baseline-Baseline-Baseline-Baseline",81396.3002925488
2035,"Canada","Ambitious-Baseline-Baseline-Baseline-Enhanced SSPS",81524.09310256
2035,"Canada","Ambitious-Baseline-Baseline-Baseline-Enhanced recycling",78229.7899159719
2035,"Canada","Ambitious-Baseline-Baseline-Baseline-USA Recycling",81396.3002925488
2035,"Canada","Ambitious-Baseline-High Capacity-Baseline-Baseline",103167.619876184
2035,"Canada","Ambitious-Baseline-Low Capacity-Baseline-Baseline",53792.0873374423
2035,"Canada","Ambitious-Baseline-Low Capacity-Baseline-Recycling Medium",52828.6872079281
2035,"Canada","Ambitious-Double LFP-Baseline-Baseline-Baseline",83262.4909630821
2035,"Canada","Ambitious-Double NMC 811-Baseline-Baseline-Baseline",79277.6004583127
2035,"Canada","Ambitious-Sodium Battery adoption-Baseline-Baseline-Baseline",81303.6479253844
2035,"Canada","Ambitious-Solid State adoption-Baseline-Baseline-Baseline",81396.3002925487
2035,"China","Ambitious-Baseline-Baseline-Baseline-Baseline",1357153.1268108
2035,"China","Ambitious-Baseline-Baseline-Baseline-Enhanced SSPS",1354944.54886935
2035,"China","Ambitious-Baseline-Baseline-Baseline-Enhanced recycling",1359361.70475225
2035,"China","Ambitious-Baseline-Baseline-Baseline-USA Recycling",1357153.1268108
2035,"China","Ambitious-Baseline-High Capacity-Baseline-Baseline",2148300.14427943
2035,"China","Ambitious-Baseline-Low Capacity-Baseline-Baseline",1080198.98820518
2035,"China","Ambitious-Baseline-Low Capacity-Baseline-Recycling Medium",1081516.09934372
2035,"China","Ambitious-Double LFP-Baseline-Baseline-Baseline",1444685.96336933
2035,"China","Ambitious-Double NMC 811-Baseline-Baseline-Baseline",1301289.14845332
2035,"China","Ambitious-Sodium Battery adoption-Baseline-Baseline-Baseline",1352632.95379942
2035,"China","Ambitious-Solid State adoption-Baseline-Baseline-Baseline",1357153.1268108
2035,"EFTA","Ambitious-Baseline-Baseline-Baseline-Baseline",27725.8928283225
2035,"EFTA","Ambitious-Baseline-Baseline-Baseline-Enhanced SSPS",27639.1984104789
2035,"EFTA","Ambitious-Baseline-Baseline-Baseline-Enhanced recycling",25565.1483695812
2035,"EFTA","Ambitious-Baseline-Baseline-Baseline-USA Recycling",27725.8928283225
2035,"EFTA","Ambitious-Baseline-High Capacity-Baseline-Baseline",34842.6991655279
2035,"EFTA","Ambitious-Baseline-Low Capacity-Baseline-Baseline",19673.6681271579
2035,"EFTA","Ambitious-Baseline-Low Capacity-Baseline-Recycling Medium",19070.9097682133
2035,"EFTA","Ambitious-Double LFP-Baseline-Baseline-Baseline",27871.8786237529
2035,"EFTA","Ambitious-Double NMC 811-Baseline-Baseline-Baseline",27628.7681513596
2035,"EFTA","Ambitious-Sodium Battery adoption-Baseline-Baseline-Baseline",27708.6711430712
2035,"EFTA","Ambitious-Solid State adoption-Baseline-Baseline-Baseline",27725.8928283225
2035,"European Union","Ambitious-Baseline-Baseline-Baseline-Baseline",630021.590573757
2035,"European Union","Ambitious-Baseline-Baseline-Baseline-Enhanced SSPS",628988.089411771
2035,"European Union","Ambitious-Baseline-Baseline-Baseline-Enhanced recycling",631482.663285437
2035,"European Union","Ambitious-Baseline-Baseline-Baseline-USA Recycling",630021.590573757
2035,"European Union","Ambitious-Baseline-High Capacity-Baseline-Baseline",887088.256964108
2035,"European Union","Ambitious-Baseline-Low Capacity-Baseline-Baseline",494042.901336762
2035,"European Union","Ambitious-Baseline-Low Capacity-Baseline-Recycling Medium",495359.340590543
2035,"European Union","Ambitious-Double LFP-Baseline-Baseline-Baseline",633071.810342117
2035,"European Union","Ambitious-Double NMC 811-Baseline-Baseline-Baseline",627981.763818752
2035,"European Union","Ambitious-Sodium Battery adoption-Baseline-Baseline-Baseline",629729.050238206
2035,"European Union","Ambitious-Solid State adoption-Baseline-Baseline-Baseline",630021.590573756
2035,"India","Ambitious-Baseline-Baseline-Baseline-Baseline",209729.922706537
2035,"India","Ambitious-Baseline-Baseline-Baseline-Enhanced SSPS",210046.082273878
2035,"India","Ambitious-Baseline-Baseline-Baseline-Enhanced recycling",197396.719472503
2035,"India","Ambitious-Baseline-Baseline-Baseline-USA Recycling",209729.922706537
2035,"India","Ambitious-Baseline-High Capacity-Baseline-Baseline",363652.42376764
2035,"India","Ambitious-Baseline-Low Capacity-Baseline-Baseline",182968.250048836
2035,"India","Ambitious-Baseline-Low Capacity-Baseline-Recycling Medium",179620.254855296
2035,"India","Ambitious-Double LFP-Baseline-Baseline-Baseline",209827.335282318
2035,"India","Ambitious-Double NMC 811-Baseline-Baseline-Baseline",209017.986965138
2035,"India","Ambitious-Sodium Battery adoption-Baseline-Baseline-Baseline",209724.398476288
2035,"India","Ambitious-Solid State adoption-Baseline-Baseline-Baseline",209729.922706537
2035,"Japan","Ambitious-Baseline-Baseline-Baseline-Baseline",135936.116472116
2035,"Japan","Ambitious-Baseline-Baseline-Baseline-Enhanced SSPS",136113.608888307
2035,"Japan","Ambitious-Baseline-Baseline-Baseline-Enhanced recycling",130997.310317044
2035,"Japan","Ambitious-Baseline-Baseline-Baseline-USA Recycling",135936.116472116
2035,"Japan","Ambitious-Baseline-High Capacity-Baseline-Baseline",209999.919986419
2035,"Japan","Ambitious-Baseline-Low Capacity-Baseline-Baseline",115708.757702337
2035,"Japan","Ambitious-Baseline-Low Capacity-Baseline-Recycling Medium",114082.281238977
2035,"Japan","Ambitious-Double LFP-Baseline-Baseline-Baseline",136260.192272142
2035,"Japan","Ambitious-Double NMC 811-Baseline-Baseline-Baseline",134875.823183763
2035,"Japan","Ambitious-Sodium Battery adoption-Baseline-Baseline-Baseline",135917.927108087
2035,"Japan","Ambitious-Solid State adoption-Baseline-Baseline-Baseline",135936.116472116
2035,"Mexico","Ambitious-Baseline-Baseline-Baseline-Baseline",89799.7808104183
2035,"Mexico","Ambitious-Baseline-Baseline-Baseline-Enhanced SSPS",89842.8022731658
2035,"Mexico","Ambitious-Baseline-Baseline-Baseline-Enhanced recycling",87604.6881843246
2035,"Mexico","Ambitious-Baseline-Baseline-Baseline-USA Recycling",89799.7808104183
2035,"Mexico","Ambitious-Baseline-High Capacity-Baseline-Baseline",116466.836696002
2035,"Mexico","Ambitious-Baseline-Low Capacity-Baseline-Baseline",67784.7836954281
2035,"Mexico","Ambitious-Baseline-Low Capacity-Baseline-Recycling Medium",67154.3363782655
2035,"Mexico","Ambitious-Double LFP-Baseline-Baseline-Baseline",90875.1442545686
2035,"Mexico","Ambitious-Double NMC 811-Baseline-Baseline-Baseline",88575.4086137444
2035,"Mexico","Ambitious-Sodium Battery adoption-Baseline-Baseline-Baseline",89746.191966247
2035,"Mexico","Ambitious-Solid State adoption-Baseline-Baseline-Baseline",89799.7808104183
2035,"Middle East","Ambitious-Baseline-Baseline-Baseline-Baseline",245748.509827511
2035,"Middle East","Ambitious-Baseline-Baseline-Baseline-Enhanced SSPS",245547.892957338
2035,"Middle East","Ambitious-Baseline-Baseline-Baseline-Enhanced recycling",238585.958518725
2035,"Middle East","Ambitious-Baseline-Baseline-Baseline-USA Recycling",245748.509827511
2035,"Middle East","Ambitious-Baseline-High Capacity-Baseline-Baseline",307121.694378908
2035,"Middle East","Ambitious-Baseline-Low Capacity-Baseline-Baseline",167177.004552863
2035,"Middle East","Ambitious-Baseline-Low Capacity-Baseline-Recycling Medium",165420.318947845
2035,"Middle East","Ambitious-Double LFP-Baseline-Baseline-Baseline",249952.062521364
2035,"Middle East","Ambitious-Double NMC 811-Baseline-Baseline-Baseline",244097.583267357
2035,"Middle East","Ambitious-Sodium Battery adoption-Baseline-Baseline-Baseline",245441.441913875
2035,"Middle East","Ambitious-Solid State adoption-Baseline-Baseline-Baseline",245748.509827511
2035,"Other Asia Pacific","Ambitious-Baseline-Baseline-Baseline-Baseline",113565.416100883
2035,"Other Asia Pacific","Ambitious-Baseline-Baseline-Baseline-Enhanced SSPS",113615.936529046
2035,"Other Asia Pacific","Ambitious-Baseline-Baseline-Baseline-Enhanced recycling",109530.259836155
2035,"Other Asia Pacific","Ambitious-Baseline-Baseline-Baseline-USA Recycling",113565.416100883
2035,"Other Asia Pacific","Ambitious-Baseline-High Capacity-Baseline-Baseline",155716.679161256
2035,"Other Asia Pacific","Ambitious-Baseline-Low Capacity-Baseline-Baseline",73594.0965330882
2035,"Other Asia Pacific","Ambitious-Baseline-Low Capacity-Baseline-Recycling Medium",72610.0013122011
2035,"Other Asia Pacific","Ambitious-Double LFP-Baseline-Baseline-Baseline",113793.13475817
2035,"Other Asia Pacific","Ambitious-Double NMC 811-Baseline-Baseline-Baseline",112860.536678842
2035,"Other Asia Pacific","Ambitious-Sodium Battery adoption-Baseline-Baseline-Baseline",113552.584486084
2035,"Other Asia Pacific","Ambitious-Solid State adoption-Baseline-Baseline-Baseline",113565.416100883
2035,"Other Europe","Ambitious-Baseline-Baseline-Baseline-Baseline",151304.618886777
2035,"Other Europe","Ambitious-Baseline-Baseline-Baseline-Enhanced SSPS",151253.929376202
2035,"Other Europe","Ambitious-Baseline-Baseline-Baseline-Enhanced recycling",145390.355222324
2035,"Other Europe","Ambitious-Baseline-Baseline-Baseline-USA Recycling",151304.618886777
2035,"Other Europe","Ambitious-Baseline-High Capacity-Baseline-Baseline",199965.139199586
2035,"Other Europe","Ambitious-Baseline-Low Capacity-Baseline-Baseline",104783.075143155
2035,"Other Europe","Ambitious-Baseline-Low Capacity-Baseline-Recycling Medium",103326.152303536
2035,"Other Europe","Ambitious-Double LFP-Baseline-Baseline-Baseline",152052.509079803
2035,"Other Europe","Ambitious-Double NMC 811-Baseline-Baseline-Baseline",149627.192560875
2035,"Other Europe","Ambitious-Sodium Battery adoption-Baseline-Baseline-Baseline",151185.262968114
2035,"Other Europe","Ambitious-Solid State adoption-Baseline-Baseline-Baseline",151304.618886778
2035,"Other Latin America and Caribbean","Ambitious-Baseline-Baseline-Baseline-Baseline",315865.794859105
2035,"Other Latin America and Caribbean","Ambitious-Baseline-Baseline-Baseline-Enhanced SSPS",315679.19612598
2035,"Other Latin America and Caribbean","Ambitious-Baseline-Baseline-Baseline-Enhanced recycling",303557.051897867
2035,"Other Latin America and Caribbean","Ambitious-Baseline-Baseline-Baseline-USA Recycling",315865.794859105
2035,"Other Latin America and Caribbean","Ambitious-Baseline-High Capacity-Baseline-Baseline",431711.318259166
2035,"Other Latin America and Caribbean","Ambitious-Baseline-Low Capacity-Baseline-Baseline",228240.894936943
2035,"Other Latin America and Caribbean","Ambitious-Baseline-Low Capacity-Baseline-Recycling Medium",225246.277339445
2035,"Other Latin America and Caribbean","Ambitious-Double LFP-Baseline-Baseline-Baseline",331620.087515194
2035,"Other Latin America and Caribbean","Ambitious-Double NMC 811-Baseline-Baseline-Baseline",310719.351292446
2035,"Other Latin America and Caribbean","Ambitious-Sodium Battery adoption-Baseline-Baseline-Baseline",315381.21297717
2035,"Other Latin America and Caribbean","Ambitious-Solid State adoption-Baseline-Baseline-Baseline",315865.794859105
2035,"South Korea","Ambitious-Baseline-Baseline-Baseline-Baseline",85169.9903281117
2035,"South Korea","Ambitious-Baseline-Baseline-Baseline-Enhanced SSPS",84911.5534162422
2035,"South Korea","Ambitious-Baseline-Baseline-Baseline-Enhanced recycling",80792.5983807685
2035,"South Korea","Ambitious-Baseline-Baseline-Baseline-USA Recycling",85169.9903281117
2035,"South Korea","Ambitious-Baseline-High Capacity-Baseline-Baseline",110117.399516541
2035,"South Korea","Ambitious-Baseline-Low Capacity-Baseline-Baseline",59804.6473785338
2035,"South Korea","Ambitious-Baseline-Low Capacity-Baseline-Recycling Medium",58780.2340130671
2035,"South Korea","Ambitious-Double LFP-Baseline-Baseline-Baseline",85352.3632240038
2035,"South Korea","Ambitious-Double NMC 811-Baseline-Baseline-Baseline",84573.8411524911
2035,"South Korea","Ambitious-Sodium Battery adoption-Baseline-Baseline-Baseline",85118.7651270816
2035,"South Korea","Ambitious-Solid State adoption-Baseline-Baseline-Baseline",85169.9903281117
2035,"United Kingdom","Ambitious-Baseline-Baseline-Baseline-Baseline",117040.593782181
2035,"United Kingdom","Ambitious-Baseline-Baseline-Baseline-Enhanced SSPS",117373.123709967
2035,"United Kingdom","Ambitious-Baseline-Baseline-Baseline-Enhanced recycling",111400.89250977
2035,"United Kingdom","Ambitious-Baseline-Baseline-Baseline-USA Recycling",117040.593782181
2035,"United Kingdom","Ambitious-Baseline-High Capacity-Baseline-Baseline",152195.899696742
2035,"United Kingdom","Ambitious-Baseline-Low Capacity-Baseline-Baseline",85714.6351098809
2035,"United Kingdom","Ambitious-Baseline-Low Capacity-Baseline-Recycling Medium",83824.6229067811
2035,"United Kingdom","Ambitious-Double LFP-Baseline-Baseline-Baseline",117590.571351065
2035,"United Kingdom","Ambitious-Double NMC 811-Baseline-Baseline-Baseline",116673.868095525
2035,"United Kingdom","Ambitious-Sodium Battery adoption-Baseline-Baseline-Baseline",117010.133172686
2035,"United Kingdom","Ambitious-Solid State adoption-Baseline-Baseline-Baseline",117040.59378218
2035,"United States","Ambitious-Baseline-Baseline-Baseline-Baseline",718309.848438083
2035,"United States","Ambitious-Baseline-Baseline-Baseline-Enhanced SSPS",716742.725186986
2035,"United States","Ambitious-Baseline-Baseline-Baseline-Enhanced recycling",689108.560928394
2035,"United States","Ambitious-Baseline-Baseline-Baseline-USA Recycling",688189.732356875
2035,"United States","Ambitious-Baseline-High Capacity-Baseline-Baseline",846353.257590307
2035,"United States","Ambitious-Baseline-Low Capacity-Baseline-Baseline",457545.133790998
2035,"United States","Ambitious-Baseline-Low Capacity-Baseline-Recycling Medium",450372.755535341
2035,"United States","Ambitious-Double LFP-Baseline-Baseline-Baseline",734248.032490179
2035,"United States","Ambitious-Double NMC 811-Baseline-Baseline-Baseline",700216.118043846
2035,"United States","Ambitious-Sodium Battery adoption-Baseline-Baseline-Baseline",717247.996242426
2035,"United States","Ambitious-Solid State adoption-Baseline-Baseline-Baseline",718309.848438082
2036,"ASEAN","Ambitious-Baseline-Baseline-Baseline-Baseline",290398.860329652
2036,"ASEAN","Ambitious-Baseline-Baseline-Baseline-Enhanced SSPS",290604.355123823
2036,"ASEAN","Ambitious-Baseline-Baseline-Baseline-Enhanced recycling",279425.88634619
2036,"ASEAN","Ambitious-Baseline-Baseline-Baseline-USA Recycling",290398.860329652
2036,"ASEAN","Ambitious-Baseline-High Capacity-Baseline-Baseline",432917.011980158
2036,"ASEAN","Ambitious-Baseline-Low Capacity-Baseline-Baseline",225878.343392213
2036,"ASEAN","Ambitious-Baseline-Low Capacity-Baseline-Recycling Medium",222864.330995165
2036,"ASEAN","Ambitious-Double LFP-Baseline-Baseline-Baseline",305968.642341802
2036,"ASEAN","Ambitious-Double NMC 811-Baseline-Baseline-Baseline",284596.443537031
2036,"ASEAN","Ambitious-Sodium Battery adoption-Baseline-Baseline-Baseline",289672.471513912
2036,"ASEAN","Ambitious-Solid State adoption-Baseline-Baseline-Baseline",290398.860329652
2036,"Africa","Ambitious-Baseline-Baseline-Baseline-Baseline",159377.307375514
2036,"Africa","Ambitious-Baseline-Baseline-Baseline-Enhanced SSPS",159497.462658808
2036,"Africa","Ambitious-Baseline-Baseline-Baseline-Enhanced recycling",153556.678392767
2036,"Africa","Ambitious-Baseline-Baseline-Baseline-USA Recycling",159377.307375514
2036,"Africa","Ambitious-Baseline-High Capacity-Baseline-Baseline",226399.619084335
2036,"Africa","Ambitious-Baseline-Low Capacity-Baseline-Baseline",119013.866405877
2036,"Africa","Ambitious-Baseline-Low Capacity-Baseline-Recycling Medium",117464.150540314
2036,"Africa","Ambitious-Double LFP-Baseline-Baseline-Baseline",160563.691743483
2036,"Africa","Ambitious-Double NMC 811-Baseline-Baseline-Baseline",156744.967206359
2036,"Africa","Ambitious-Sodium Battery adoption-Baseline-Baseline-Baseline",159307.946330192
2036,"Africa","Ambitious-Solid State adoption-Baseline-Baseline-Baseline",159377.307375514
2036,"Australia/NZ","Ambitious-Baseline-Baseline-Baseline-Baseline",60396.0382440775
2036,"Australia/NZ","Ambitious-Baseline-Baseline-Baseline-Enhanced SSPS",60502.241523403
2036,"Australia/NZ","Ambitious-Baseline-Baseline-Baseline-Enhanced recycling",58064.3344283128
2036,"Australia/NZ","Ambitious-Baseline-Baseline-Baseline-USA Recycling",60396.0382440775
2036,"Australia/NZ","Ambitious-Baseline-High Capacity-Baseline-Baseline",77746.1059357489
2036,"Australia/NZ","Ambitious-Baseline-Low Capacity-Baseline-Baseline",43851.0926079406
2036,"Australia/NZ","Ambitious-Baseline-Low Capacity-Baseline-Recycling Medium",43128.2149600133
2036,"Australia/NZ","Ambitious-Double LFP-Baseline-Baseline-Baseline",62084.7469358638
2036,"Australia/NZ","Ambitious-Double NMC 811-Baseline-Baseline-Baseline",60169.0406399418
2036,"Australia/NZ","Ambitious-Sodium Battery adoption-Baseline-Baseline-Baseline",60298.9413095015
2036,"Australia/NZ","Ambitious-Solid State adoption-Baseline-Baseline-Baseline",60396.0382440774
2036,"Brazil","Ambitious-Baseline-Baseline-Baseline-Baseline",104160.377082097
2036,"Brazil","Ambitious-Baseline-Baseline-Baseline-Enhanced SSPS",104234.338905243
2036,"Brazil","Ambitious-Baseline-Baseline-Baseline-Enhanced recycling",100837.971443139
2036,"Brazil","Ambitious-Baseline-Baseline-Baseline-USA Recycling",104160.377082097
2036,"Brazil","Ambitious-Baseline-High Capacity-Baseline-Baseline",150047.238080691
2036,"Brazil","Ambitious-Baseline-Low Capacity-Baseline-Baseline",79987.4542922557
2036,"Brazil","Ambitious-Baseline-Low Capacity-Baseline-Recycling Medium",79047.3258342715
2036,"Brazil","Ambitious-Double LFP-Baseline-Baseline-Baseline",110108.022027024
2036,"Brazil","Ambitious-Double NMC 811-Baseline-Baseline-Baseline",98240.4836320969
2036,"Brazil","Ambitious-Sodium Battery adoption-Baseline-Baseline-Baseline",103902.923156978
2036,"Brazil","Ambitious-Solid State adoption-Baseline-Baseline-Baseline",104160.377082097
2036,"Canada","Ambitious-Baseline-Baseline-Baseline-Baseline",89002.1706091823
2036,"Canada","Ambitious-Baseline-Baseline-Baseline-Enhanced SSPS",88775.4805680531
2036,"Canada","Ambitious-Baseline-Baseline-Baseline-Enhanced recycling",85431.8126189214
2036,"Canada","Ambitious-Baseline-Baseline-Baseline-USA Recycling",89002.1706091823
2036,"Canada","Ambitious-Baseline-High Capacity-Baseline-Baseline",111277.115309559
2036,"Canada","Ambitious-Baseline-Low Capacity-Baseline-Baseline",61295.1091738044
2036,"Canada","Ambitious-Baseline-Low Capacity-Baseline-Recycling Medium",60443.145130613
2036,"Canada","Ambitious-Double LFP-Baseline-Baseline-Baseline",91000.937880034
2036,"Canada","Ambitious-Double NMC 811-Baseline-Baseline-Baseline",86781.7066011431
2036,"Canada","Ambitious-Sodium Battery adoption-Baseline-Baseline-Baseline",88842.3599990263
2036,"Canada","Ambitious-Solid State adoption-Baseline-Baseline-Baseline",89002.1706091823
2036,"China","Ambitious-Baseline-Baseline-Baseline-Baseline",1373319.98619438
2036,"China","Ambitious-Baseline-Baseline-Baseline-Enhanced SSPS",1370170.30193876
2036,"China","Ambitious-Baseline-Baseline-Baseline-Enhanced recycling",1376469.67045
2036,"China","Ambitious-Baseline-Baseline-Baseline-USA Recycling",1373319.98619438
2036,"China","Ambitious-Baseline-High Capacity-Baseline-Baseline",2163036.80086172
2036,"China","Ambitious-Baseline-Low Capacity-Baseline-Baseline",1101410.25792392
2036,"China","Ambitious-Baseline-Low Capacity-Baseline-Recycling Medium",1103638.7190219
2036,"China","Ambitious-Double LFP-Baseline-Baseline-Baseline",1465508.47716781
2036,"China","Ambitious-Double NMC 811-Baseline-Baseline-Baseline",1312905.22726109
2036,"China","Ambitious-Sodium Battery adoption-Baseline-Baseline-Baseline",1368044.90271727
2036,"China","Ambitious-Solid State adoption-Baseline-Baseline-Baseline",1373319.98619438
2036,"EFTA","Ambitious-Baseline-Baseline-Baseline-Baseline",28251.8373916122
2036,"EFTA","Ambitious-Baseline-Baseline-Baseline-Enhanced SSPS",28143.79018316
2036,"EFTA","Ambitious-Baseline-Baseline-Baseline-Enhanced recycling",25588.3076904749
2036,"EFTA","Ambitious-Baseline-Baseline-Baseline-USA Recycling",28251.8373916122
2036,"EFTA","Ambitious-Baseline-High Capacity-Baseline-Baseline",35568.9040447622
2036,"EFTA","Ambitious-Baseline-Low Capacity-Baseline-Baseline",20062.9343524044
2036,"EFTA","Ambitious-Baseline-Low Capacity-Baseline-Recycling Medium",19310.8209491605
2036,"EFTA","Ambitious-Double LFP-Baseline-Baseline-Baseline",28410.1240823485
2036,"EFTA","Ambitious-Double NMC 811-Baseline-Baseline-Baseline",28149.5414574462
2036,"EFTA","Ambitious-Sodium Battery adoption-Baseline-Baseline-Baseline",28231.7686445763
2036,"EFTA","Ambitious-Solid State adoption-Baseline-Baseline-Baseline",28251.8373916122
2036,"European Union","Ambitious-Baseline-Baseline-Baseline-Baseline",643412.930904596
2036,"European Union","Ambitious-Baseline-Baseline-Baseline-Enhanced SSPS",642129.717748924
2036,"European Union","Ambitious-Baseline-Baseline-Baseline-Enhanced recycling",645167.723534031
2036,"European Union","Ambitious-Baseline-Baseline-Baseline-USA Recycling",643412.930904596
2036,"European Union","Ambitious-Baseline-High Capacity-Baseline-Baseline",906328.014773548
2036,"European Union","Ambitious-Baseline-Low Capacity-Baseline-Baseline",504714.561770635
2036,"European Union","Ambitious-Baseline-Low Capacity-Baseline-Recycling Medium",506444.764728433
2036,"European Union","Ambitious-Double LFP-Baseline-Baseline-Baseline",646743.106289564
2036,"European Union","Ambitious-Double NMC 811-Baseline-Baseline-Baseline",641256.925619723
2036,"European Union","Ambitious-Sodium Battery adoption-Baseline-Baseline-Baseline",643091.084526532
2036,"European Union","Ambitious-Solid State adoption-Baseline-Baseline-Baseline",643412.930904596
2036,"India","Ambitious-Baseline-Baseline-Baseline-Baseline",223894.233212299
2036,"India","Ambitious-Baseline-Baseline-Baseline-Enhanced SSPS",224354.788738786
2036,"India","Ambitious-Baseline-Baseline-Baseline-Enhanced recycling",208127.914504198
2036,"India","Ambitious-Baseline-Baseline-Baseline-USA Recycling",223894.233212299
2036,"India","Ambitious-Baseline-High Capacity-Baseline-Baseline",385597.050148044
2036,"India","Ambitious-Baseline-Low Capacity-Baseline-Baseline",195609.249290475
2036,"India","Ambitious-Baseline-Low Capacity-Baseline-Recycling Medium",191425.990444374
2036,"India","Ambitious-Double LFP-Baseline-Baseline-Baseline",224003.830681996
2036,"India","Ambitious-Double NMC 811-Baseline-Baseline-Baseline",223174.690601051
2036,"India","Ambitious-Sodium Battery adoption-Baseline-Baseline-Baseline",223887.528446464
2036,"India","Ambitious-Solid State adoption-Baseline-Baseline-Baseline",223894.233212299
2036,"Japan","Ambitious-Baseline-Baseline-Baseline-Baseline",140440.19284249
2036,"Japan","Ambitious-Baseline-Baseline-Baseline-Enhanced SSPS",140711.240343309
2036,"Japan","Ambitious-Baseline-Baseline-Baseline-Enhanced recycling",134012.558152667
2036,"Japan","Ambitious-Baseline-Baseline-Baseline-USA Recycling",140440.19284249
2036,"Japan","Ambitious-Baseline-High Capacity-Baseline-Baseline",216925.113886736
2036,"Japan","Ambitious-Baseline-Low Capacity-Baseline-Baseline",119449.416945271
2036,"Japan","Ambitious-Baseline-Low Capacity-Baseline-Recycling Medium",117332.358930396
2036,"Japan","Ambitious-Double LFP-Baseline-Baseline-Baseline",140796.025242319
2036,"Japan","Ambitious-Double NMC 811-Baseline-Baseline-Baseline",139377.923775379
2036,"Japan","Ambitious-Sodium Battery adoption-Baseline-Baseline-Baseline",140418.630658367
2036,"Japan","Ambitious-Solid State adoption-Baseline-Baseline-Baseline",140440.19284249
2036,"Mexico","Ambitious-Baseline-Baseline-Baseline-Baseline",94556.6852964196
2036,"Mexico","Ambitious-Baseline-Baseline-Baseline-Enhanced SSPS",94625.0648837518
2036,"Mexico","Ambitious-Baseline-Baseline-Baseline-Enhanced recycling",91738.4070239551
2036,"Mexico","Ambitious-Baseline-Baseline-Baseline-USA Recycling",94556.6852964196
2036,"Mexico","Ambitious-Baseline-High Capacity-Baseline-Baseline",122776.738671757
2036,"Mexico","Ambitious-Baseline-Low Capacity-Baseline-Baseline",71330.7081954403
2036,"Mexico","Ambitious-Baseline-Low Capacity-Baseline-Recycling Medium",70530.7038770447
2036,"Mexico","Ambitious-Double LFP-Baseline-Baseline-Baseline",95793.3449528346
2036,"Mexico","Ambitious-Double NMC 811-Baseline-Baseline-Baseline",93179.9662437208
2036,"Mexico","Ambitious-Sodium Battery adoption-Baseline-Baseline-Baseline",94489.6653334356
2036,"Mexico","Ambitious-Solid State adoption-Baseline-Baseline-Baseline",94556.6852964196
2036,"Middle East","Ambitious-Baseline-Baseline-Baseline-Baseline",273178.247583965
2036,"Middle East","Ambitious-Baseline-Baseline-Baseline-Enhanced SSPS",272886.065128273
2036,"Middle East","Ambitious-Baseline-Baseline-Baseline-Enhanced recycling",263852.363074628
2036,"Middle East","Ambitious-Baseline-Baseline-Baseline-USA Recycling",273178.247583965
2036,"Middle East","Ambitious-Baseline-High Capacity-Baseline-Baseline",341091.496433634
2036,"Middle East","Ambitious-Baseline-Low Capacity-Baseline-Baseline",186292.577474908
2036,"Middle East","Ambitious-Baseline-Low Capacity-Baseline-Recycling Medium",184081.86142063
2036,"Middle East","Ambitious-Double LFP-Baseline-Baseline-Baseline",278115.479034169
2036,"Middle East","Ambitious-Double NMC 811-Baseline-Baseline-Baseline",271248.164379203
2036,"Middle East","Ambitious-Sodium Battery adoption-Baseline-Baseline-Baseline",272788.350320545
2036,"Middle East","Ambitious-Solid State adoption-Baseline-Baseline-Baseline",273178.247583965
2036,"Other Asia Pacific","Ambitious-Baseline-Baseline-Baseline-Baseline",128902.433514895
2036,"Other Asia Pacific","Ambitious-Baseline-Baseline-Baseline-Enhanced SSPS",128981.425425404
2036,"Other Asia Pacific","Ambitious-Baseline-Baseline-Baseline-Enhanced recycling",123417.414071764
2036,"Other Asia Pacific","Ambitious-Baseline-Baseline-Baseline-USA Recycling",128902.433514895
2036,"Other Asia Pacific","Ambitious-Baseline-High Capacity-Baseline-Baseline",176213.349959947
2036,"Other Asia Pacific","Ambitious-Baseline-Low Capacity-Baseline-Baseline",83964.2936833442
2036,"Other Asia Pacific","Ambitious-Baseline-Low Capacity-Baseline-Recycling Medium",82675.4785073248
2036,"Other Asia Pacific","Ambitious-Double LFP-Baseline-Baseline-Baseline",129184.996979047
2036,"Other Asia Pacific","Ambitious-Double NMC 811-Baseline-Baseline-Baseline",128097.368200974
2036,"Other Asia Pacific","Ambitious-Sodium Battery adoption-Baseline-Baseline-Baseline",128885.22382631
2036,"Other Asia Pacific","Ambitious-Solid State adoption-Baseline-Baseline-Baseline",128902.433514895
2036,"Other Europe","Ambitious-Baseline-Baseline-Baseline-Baseline",168390.291963849
2036,"Other Europe","Ambitious-Baseline-Baseline-Baseline-Enhanced SSPS",168222.096771802
2036,"Other Europe","Ambitious-Baseline-Baseline-Baseline-Enhanced recycling",160674.476201904
2036,"Other Europe","Ambitious-Baseline-Baseline-Baseline-USA Recycling",168390.291963849
2036,"Other Europe","Ambitious-Baseline-High Capacity-Baseline-Baseline",221552.854763454
2036,"Other Europe","Ambitious-Baseline-Low Capacity-Baseline-Baseline",118093.695114761
2036,"Other Europe","Ambitious-Baseline-Low Capacity-Baseline-Recycling Medium",116317.291060079
2036,"Other Europe","Ambitious-Double LFP-Baseline-Baseline-Baseline",169280.208909294
2036,"Other Europe","Ambitious-Double NMC 811-Baseline-Baseline-Baseline",166533.011118256
2036,"Other Europe","Ambitious-Sodium Battery adoption-Baseline-Baseline-Baseline",168219.348304941
2036,"Other Europe","Ambitious-Solid State adoption-Baseline-Baseline-Baseline",168390.291963849
2036,"Other Latin America and Caribbean","Ambitious-Baseline-Baseline-Baseline-Baseline",344305.388170068
2036,"Other Latin America and Caribbean","Ambitious-Baseline-Baseline-Baseline-Enhanced SSPS",344152.021043866
2036,"Other Latin America and Caribbean","Ambitious-Baseline-Baseline-Baseline-Enhanced recycling",328519.718436802
2036,"Other Latin America and Caribbean","Ambitious-Baseline-Baseline-Baseline-USA Recycling",344305.388170068
2036,"Other Latin America and Caribbean","Ambitious-Baseline-High Capacity-Baseline-Baseline",470157.873733655
2036,"Other Latin America and Caribbean","Ambitious-Baseline-Low Capacity-Baseline-Baseline",249930.081447983
2036,"Other Latin America and Caribbean","Ambitious-Baseline-Low Capacity-Baseline-Recycling Medium",246219.874463465
2036,"Other Latin America and Caribbean","Ambitious-Double LFP-Baseline-Baseline-Baseline",362007.63420613
2036,"Other Latin America and Caribbean","Ambitious-Double NMC 811-Baseline-Baseline-Baseline",338256.300183487
2036,"Other Latin America and Caribbean","Ambitious-Sodium Battery adoption-Baseline-Baseline-Baseline",343692.411689649
2036,"Other Latin America and Caribbean","Ambitious-Solid State adoption-Baseline-Baseline-Baseline",344305.388170068
2036,"South Korea","Ambitious-Baseline-Baseline-Baseline-Baseline",88082.7932930873
2036,"South Korea","Ambitious-Baseline-Baseline-Baseline-Enhanced SSPS",87702.8970686048
2036,"South Korea","Ambitious-Baseline-Baseline-Baseline-Enhanced recycling",82525.1479568486
2036,"South Korea","Ambitious-Baseline-Baseline-Baseline-USA Recycling",88082.7932930873
2036,"South Korea","Ambitious-Baseline-High Capacity-Baseline-Baseline",113842.617914987
2036,"South Korea","Ambitious-Baseline-Low Capacity-Baseline-Baseline",62150.2069361298
2036,"South Korea","Ambitious-Baseline-Low Capacity-Baseline-Recycling Medium",60910.8225169239
2036,"South Korea","Ambitious-Double LFP-Baseline-Baseline-Baseline",88282.6825159364
2036,"South Korea","Ambitious-Double NMC 811-Baseline-Baseline-Baseline",87482.9332159683
2036,"South Korea","Ambitious-Sodium Battery adoption-Baseline-Baseline-Baseline",88021.6046323756
2036,"South Korea","Ambitious-Solid State adoption-Baseline-Baseline-Baseline",88082.7932930873
2036,"United Kingdom","Ambitious-Baseline-Baseline-Baseline-Baseline",119916.361084985
2036,"United Kingdom","Ambitious-Baseline-Baseline-Baseline-Enhanced SSPS",120392.020834112
2036,"United Kingdom","Ambitious-Baseline-Baseline-Baseline-Enhanced recycling",112745.524385625
2036,"United Kingdom","Ambitious-Baseline-Baseline-Baseline-USA Recycling",119916.361084985
2036,"United Kingdom","Ambitious-Baseline-High Capacity-Baseline-Baseline",155928.999066843
2036,"United Kingdom","Ambitious-Baseline-Low Capacity-Baseline-Baseline",87940.6186155329
2036,"United Kingdom","Ambitious-Baseline-Low Capacity-Baseline-Recycling Medium",85534.3821415965
2036,"United Kingdom","Ambitious-Double LFP-Baseline-Baseline-Baseline",120512.80283436
2036,"United Kingdom","Ambitious-Double NMC 811-Baseline-Baseline-Baseline",119528.638407744
2036,"United Kingdom","Ambitious-Sodium Battery adoption-Baseline-Baseline-Baseline",119880.733731103
2036,"United Kingdom","Ambitious-Solid State adoption-Baseline-Baseline-Baseline",119916.361084985
2036,"United States","Ambitious-Baseline-Baseline-Baseline-Baseline",716511.895426346
2036,"United States","Ambitious-Baseline-Baseline-Baseline-Enhanced SSPS",714259.545550292
2036,"United States","Ambitious-Baseline-Baseline-Baseline-Enhanced recycling",680631.915748371
2036,"United States","Ambitious-Baseline-Baseline-Baseline-USA Recycling",679269.458796023
2036,"United States","Ambitious-Baseline-High Capacity-Baseline-Baseline",846405.647307683
2036,"United States","Ambitious-Baseline-Low Capacity-Baseline-Baseline",460342.496324653
2036,"United States","Ambitious-Baseline-Low Capacity-Baseline-Recycling Medium",451913.760381235
2036,"United States","Ambitious-Double LFP-Baseline-Baseline-Baseline",733159.519193236
2036,"United States","Ambitious-Double NMC 811-Baseline-Baseline-Baseline",698018.398165795
2036,"United States","Ambitious-Sodium Battery adoption-Baseline-Baseline-Baseline",715303.742791986
2036,"United States","Ambitious-Solid State adoption-Baseline-Baseline-Baseline",716511.895426345
2037,"ASEAN","Ambitious-Baseline-Baseline-Baseline-Baseline",324462.662556096
2037,"ASEAN","Ambitious-Baseline-Baseline-Baseline-Enhanced SSPS",324767.585838798
2037,"ASEAN","Ambitious-Baseline-Baseline-Baseline-Enhanced recycling",310177.517851914
2037,"ASEAN","Ambitious-Baseline-Baseline-Baseline-USA Recycling",324462.662556096
2037,"ASEAN","Ambitious-Baseline-High Capacity-Baseline-Baseline",483264.909264543
2037,"ASEAN","Ambitious-Baseline-Low Capacity-Baseline-Baseline",252873.885404904
2037,"ASEAN","Ambitious-Baseline-Low Capacity-Baseline-Recycling Medium",248924.503176289
2037,"ASEAN","Ambitious-Double LFP-Baseline-Baseline-Baseline",342068.307957767
2037,"ASEAN","Ambitious-Double NMC 811-Baseline-Baseline-Baseline",317586.140459016
2037,"ASEAN","Ambitious-Sodium Battery adoption-Baseline-Baseline-Baseline",323546.83287409
2037,"ASEAN","Ambitious-Solid State adoption-Baseline-Baseline-Baseline",324462.662556096
2037,"Africa","Ambitious-Baseline-Baseline-Baseline-Baseline",174815.676416521
2037,"Africa","Ambitious-Baseline-Baseline-Baseline-Enhanced SSPS",175004.912305222
2037,"Africa","Ambitious-Baseline-Baseline-Baseline-Enhanced recycling",167208.624136077
2037,"Africa","Ambitious-Baseline-Baseline-Baseline-USA Recycling",174815.676416521
2037,"Africa","Ambitious-Baseline-High Capacity-Baseline-Baseline",248207.971075818
2037,"Africa","Ambitious-Baseline-Low Capacity-Baseline-Baseline",130488.008255156
2037,"Africa","Ambitious-Baseline-Low Capacity-Baseline-Recycling Medium",128444.956228355
2037,"Africa","Ambitious-Double LFP-Baseline-Baseline-Baseline",176253.837618346
2037,"Africa","Ambitious-Double NMC 811-Baseline-Baseline-Baseline",171809.715560292
2037,"Africa","Ambitious-Sodium Battery adoption-Baseline-Baseline-Baseline",174725.797345536
2037,"Africa","Ambitious-Solid State adoption-Baseline-Baseline-Baseline",174815.676416521
2037,"Australia/NZ","Ambitious-Baseline-Baseline-Baseline-Baseline",62126.8171279833
2037,"Australia/NZ","Ambitious-Baseline-Baseline-Baseline-Enhanced SSPS",62284.156052334
2037,"Australia/NZ","Ambitious-Baseline-Baseline-Baseline-Enhanced recycling",59095.5633917742
2037,"Australia/NZ","Ambitious-Baseline-Baseline-Baseline-USA Recycling",62126.8171279833
2037,"Australia/NZ","Ambitious-Baseline-High Capacity-Baseline-Baseline",80175.3897029392
2037,"Australia/NZ","Ambitious-Baseline-Low Capacity-Baseline-Baseline",45088.4663672274
2037,"Australia/NZ","Ambitious-Baseline-Low Capacity-Baseline-Recycling Medium",44139.3561594294
2037,"Australia/NZ","Ambitious-Double LFP-Baseline-Baseline-Baseline",63950.584804154
2037,"Australia/NZ","Ambitious-Double NMC 811-Baseline-Baseline-Baseline",61881.7461657954
2037,"Australia/NZ","Ambitious-Sodium Battery adoption-Baseline-Baseline-Baseline",62014.6710643275
2037,"Australia/NZ","Ambitious-Solid State adoption-Baseline-Baseline-Baseline",62126.8171279833
2037,"Brazil","Ambitious-Baseline-Baseline-Baseline-Baseline",116741.8125048
2037,"Brazil","Ambitious-Baseline-Baseline-Baseline-Enhanced SSPS",116859.158343967
2037,"Brazil","Ambitious-Baseline-Baseline-Baseline-Enhanced recycling",112384.702664151
2037,"Brazil","Ambitious-Baseline-Baseline-Baseline-USA Recycling",116741.8125048
2037,"Brazil","Ambitious-Baseline-High Capacity-Baseline-Baseline",168403.464087007
2037,"Brazil","Ambitious-Baseline-Low Capacity-Baseline-Baseline",89714.3308291103
2037,"Brazil","Ambitious-Baseline-Low Capacity-Baseline-Recycling Medium",88466.2115751543
2037,"Brazil","Ambitious-Double LFP-Baseline-Baseline-Baseline",123770.517659649
2037,"Brazil","Ambitious-Double NMC 811-Baseline-Baseline-Baseline",109777.641745496
2037,"Brazil","Ambitious-Sodium Battery adoption-Baseline-Baseline-Baseline",116406.661955407
2037,"Brazil","Ambitious-Solid State adoption-Baseline-Baseline-Baseline",116741.8125048
2037,"Canada","Ambitious-Baseline-Baseline-Baseline-Baseline",90754.7923010764
2037,"Canada","Ambitious-Baseline-Baseline-Baseline-Enhanced SSPS",90455.7441764482
2037,"Canada","Ambitious-Baseline-Baseline-Baseline-Enhanced recycling",86200.3266936471
2037,"Canada","Ambitious-Baseline-Baseline-Baseline-USA Recycling",90754.7923010764
2037,"Canada","Ambitious-Baseline-High Capacity-Baseline-Baseline",113789.185607627
2037,"Canada","Ambitious-Baseline-Low Capacity-Baseline-Baseline",62663.9016016033
2037,"Canada","Ambitious-Baseline-Low Capacity-Baseline-Recycling Medium",61565.2259213242
2037,"Canada","Ambitious-Double LFP-Baseline-Baseline-Baseline",92905.4021470769
2037,"Canada","Ambitious-Double NMC 811-Baseline-Baseline-Baseline",88410.6530963345
2037,"Canada","Ambitious-Sodium Battery adoption-Baseline-Baseline-Baseline",90572.842380637
2037,"Canada","Ambitious-Solid State adoption-Baseline-Baseline-Baseline",90754.7923010763
2037,"China","Ambitious-Baseline-Baseline-Baseline-Baseline",1377069.98398837
2037,"China","Ambitious-Baseline-Baseline-Baseline-Enhanced SSPS",1373491.12845031
2037,"China","Ambitious-Baseline-Baseline-Baseline-Enhanced recycling",1380648.83952643
2037,"China","Ambitious-Baseline-Baseline-Baseline-USA Recycling",1377069.98398837
2037,"China","Ambitious-Baseline-High Capacity-Baseline-Baseline",2175220.88026214
2037,"China","Ambitious-Baseline-Low Capacity-Baseline-Baseline",1103921.12825146
2037,"China","Ambitious-Baseline-Low Capacity-Baseline-Recycling Medium",1106440.00034313
2037,"China","Ambitious-Double LFP-Baseline-Baseline-Baseline",1473579.32512303
2037,"China","Ambitious-Double NMC 811-Baseline-Baseline-Baseline",1312222.8577118
2037,"China","Ambitious-Sodium Battery adoption-Baseline-Baseline-Baseline",1371047.12629715
2037,"China","Ambitious-Solid State adoption-Baseline-Baseline-Baseline",1377069.98398837
2037,"EFTA","Ambitious-Baseline-Baseline-Baseline-Baseline",28682.8030782627
2037,"EFTA","Ambitious-Baseline-Baseline-Baseline-Enhanced SSPS",28556.2890440596
2037,"EFTA","Ambitious-Baseline-Baseline-Baseline-Enhanced recycling",25539.1107506365
2037,"EFTA","Ambitious-Baseline-Baseline-Baseline-USA Recycling",28682.8030782627
2037,"EFTA","Ambitious-Baseline-High Capacity-Baseline-Baseline",36229.5208046221
2037,"EFTA","Ambitious-Baseline-Low Capacity-Baseline-Baseline",20344.0235661833
2037,"EFTA","Ambitious-Baseline-Low Capacity-Baseline-Recycling Medium",19420.9886018286
2037,"EFTA","Ambitious-Double LFP-Baseline-Baseline-Baseline",28853.7369448696
2037,"EFTA","Ambitious-Double NMC 811-Baseline-Baseline-Baseline",28575.5771918128
2037,"EFTA","Ambitious-Sodium Battery adoption-Baseline-Baseline-Baseline",28659.9572251894
2037,"EFTA","Ambitious-Solid State adoption-Baseline-Baseline-Baseline",28682.8030782627
2037,"European Union","Ambitious-Baseline-Baseline-Baseline-Baseline",655146.661082953
2037,"European Union","Ambitious-Baseline-Baseline-Baseline-Enhanced SSPS",653715.067430559
2037,"European Union","Ambitious-Baseline-Baseline-Baseline-Enhanced recycling",656839.174652851
2037,"European Union","Ambitious-Baseline-Baseline-Baseline-USA Recycling",655146.661082953
2037,"European Union","Ambitious-Baseline-High Capacity-Baseline-Baseline",924626.883449765
2037,"European Union","Ambitious-Baseline-Low Capacity-Baseline-Baseline",513379.330699156
2037,"European Union","Ambitious-Baseline-Low Capacity-Baseline-Recycling Medium",514911.567994115
2037,"European Union","Ambitious-Double LFP-Baseline-Baseline-Baseline",658765.51764869
2037,"European Union","Ambitious-Double NMC 811-Baseline-Baseline-Baseline",652871.967525523
2037,"European Union","Ambitious-Sodium Battery adoption-Baseline-Baseline-Baseline",654807.519149828
2037,"European Union","Ambitious-Solid State adoption-Baseline-Baseline-Baseline",655146.661082952
2037,"India","Ambitious-Baseline-Baseline-Baseline-Baseline",238011.596472058
2037,"India","Ambitious-Baseline-Baseline-Baseline-Enhanced SSPS",238673.533775485
2037,"India","Ambitious-Baseline-Baseline-Baseline-Enhanced recycling",218255.021142753
2037,"India","Ambitious-Baseline-Baseline-Baseline-USA Recycling",238011.596472058
2037,"India","Ambitious-Baseline-High Capacity-Baseline-Baseline",408712.497501375
2037,"India","Ambitious-Baseline-Low Capacity-Baseline-Baseline",207884.320659135
2037,"India","Ambitious-Baseline-Low Capacity-Baseline-Recycling Medium",202575.063222155
2037,"India","Ambitious-Double LFP-Baseline-Baseline-Baseline",238134.647616352
2037,"India","Ambitious-Double NMC 811-Baseline-Baseline-Baseline",237287.379320004
2037,"India","Ambitious-Sodium Battery adoption-Baseline-Baseline-Baseline",238003.600367845
2037,"India","Ambitious-Solid State adoption-Baseline-Baseline-Baseline",238011.596472058
2037,"Japan","Ambitious-Baseline-Baseline-Baseline-Baseline",155657.916999531
2037,"Japan","Ambitious-Baseline-Baseline-Baseline-Enhanced SSPS",155137.411691689
2037,"Japan","Ambitious-Baseline-Baseline-Baseline-Enhanced recycling",148376.582962814
2037,"Japan","Ambitious-Baseline-Baseline-Baseline-USA Recycling",155657.916999531
2037,"Japan","Ambitious-Baseline-High Capacity-Baseline-Baseline",234341.461251129
2037,"Japan","Ambitious-Baseline-Low Capacity-Baseline-Baseline",133909.276360735
2037,"Japan","Ambitious-Baseline-Low Capacity-Baseline-Recycling Medium",132034.421105553
2037,"Japan","Ambitious-Double LFP-Baseline-Baseline-Baseline",156047.863250755
2037,"Japan","Ambitious-Double NMC 811-Baseline-Baseline-Baseline",154595.469455232
2037,"Japan","Ambitious-Sodium Battery adoption-Baseline-Baseline-Baseline",155525.952722117
2037,"Japan","Ambitious-Solid State adoption-Baseline-Baseline-Baseline",155657.916999531
2037,"Mexico","Ambitious-Baseline-Baseline-Baseline-Baseline",99636.2516811065
2037,"Mexico","Ambitious-Baseline-Baseline-Baseline-Enhanced SSPS",99741.5619533188
2037,"Mexico","Ambitious-Baseline-Baseline-Baseline-Enhanced recycling",96062.8366984553
2037,"Mexico","Ambitious-Baseline-Baseline-Baseline-USA Recycling",99636.2516811065
2037,"Mexico","Ambitious-Baseline-High Capacity-Baseline-Baseline",129623.688029329
2037,"Mexico","Ambitious-Baseline-Low Capacity-Baseline-Baseline",75037.7525741331
2037,"Mexico","Ambitious-Baseline-Low Capacity-Baseline-Recycling Medium",74011.4294387915
2037,"Mexico","Ambitious-Double LFP-Baseline-Baseline-Baseline",101057.529156029
2037,"Mexico","Ambitious-Double NMC 811-Baseline-Baseline-Baseline",98084.7764674202
2037,"Mexico","Ambitious-Sodium Battery adoption-Baseline-Baseline-Baseline",99553.60426994
2037,"Mexico","Ambitious-Solid State adoption-Baseline-Baseline-Baseline",99636.2516811066
2037,"Middle East","Ambitious-Baseline-Baseline-Baseline-Baseline",302226.61148983
2037,"Middle East","Ambitious-Baseline-Baseline-Baseline-Enhanced SSPS",301808.570198363
2037,"Middle East","Ambitious-Baseline-Baseline-Baseline-Enhanced recycling",290224.902520175
2037,"Middle East","Ambitious-Baseline-Baseline-Baseline-USA Recycling",302226.61148983
2037,"Middle East","Ambitious-Baseline-High Capacity-Baseline-Baseline",377380.077088731
2037,"Middle East","Ambitious-Baseline-Low Capacity-Baseline-Baseline",206309.161819669
2037,"Middle East","Ambitious-Baseline-Low Capacity-Baseline-Recycling Medium",203472.809802117
2037,"Middle East","Ambitious-Double LFP-Baseline-Baseline-Baseline",307972.822620899
2037,"Middle East","Ambitious-Double NMC 811-Baseline-Baseline-Baseline",299992.347959132
2037,"Middle East","Ambitious-Sodium Battery adoption-Baseline-Baseline-Baseline",301739.803512333
2037,"Middle East","Ambitious-Solid State adoption-Baseline-Baseline-Baseline",302226.61148983
2037,"Other Asia Pacific","Ambitious-Baseline-Baseline-Baseline-Baseline",145327.589176019
2037,"Other Asia Pacific","Ambitious-Baseline-Baseline-Baseline-Enhanced SSPS",145448.030132288
2037,"Other Asia Pacific","Ambitious-Baseline-Baseline-Baseline-Enhanced recycling",138073.132958374
2037,"Other Asia Pacific","Ambitious-Baseline-Baseline-Baseline-USA Recycling",145327.589176019
2037,"Other Asia Pacific","Ambitious-Baseline-High Capacity-Baseline-Baseline",198456.133058363
2037,"Other Asia Pacific","Ambitious-Baseline-Low Capacity-Baseline-Baseline",94823.0893271012
2037,"Other Asia Pacific","Ambitious-Baseline-Low Capacity-Baseline-Recycling Medium",93110.1250624206
2037,"Other Asia Pacific","Ambitious-Double LFP-Baseline-Baseline-Baseline",145673.762929865
2037,"Other Asia Pacific","Ambitious-Double NMC 811-Baseline-Baseline-Baseline",144420.03368675
2037,"Other Asia Pacific","Ambitious-Sodium Battery adoption-Baseline-Baseline-Baseline",145305.145611384
2037,"Other Asia Pacific","Ambitious-Solid State adoption-Baseline-Baseline-Baseline",145327.589176019
2037,"Other Europe","Ambitious-Baseline-Baseline-Baseline-Baseline",183426.538281267
2037,"Other Europe","Ambitious-Baseline-Baseline-Baseline-Enhanced SSPS",183189.406292374
2037,"Other Europe","Ambitious-Baseline-Baseline-Baseline-Enhanced recycling",173506.914233007
2037,"Other Europe","Ambitious-Baseline-Baseline-Baseline-USA Recycling",183426.538281267
2037,"Other Europe","Ambitious-Baseline-High Capacity-Baseline-Baseline",241599.169326423
2037,"Other Europe","Ambitious-Baseline-Low Capacity-Baseline-Baseline",128877.813718098
2037,"Other Europe","Ambitious-Baseline-Low Capacity-Baseline-Recycling Medium",126594.472175249
2037,"Other Europe","Ambitious-Double LFP-Baseline-Baseline-Baseline",184475.97780113
2037,"Other Europe","Ambitious-Double NMC 811-Baseline-Baseline-Baseline",181383.342771388
2037,"Other Europe","Ambitious-Sodium Battery adoption-Baseline-Baseline-Baseline",183221.264488184
2037,"Other Europe","Ambitious-Solid State adoption-Baseline-Baseline-Baseline",183426.538281267
2037,"Other Latin America and Caribbean","Ambitious-Baseline-Baseline-Baseline-Baseline",374210.576716272
2037,"Other Latin America and Caribbean","Ambitious-Baseline-Baseline-Baseline-Enhanced SSPS",374246.576894418
2037,"Other Latin America and Caribbean","Ambitious-Baseline-Baseline-Baseline-Enhanced recycling",354363.936351809
2037,"Other Latin America and Caribbean","Ambitious-Baseline-Baseline-Baseline-USA Recycling",374210.576716272
2037,"Other Latin America and Caribbean","Ambitious-Baseline-High Capacity-Baseline-Baseline",511606.846363027
2037,"Other Latin America and Caribbean","Ambitious-Baseline-Low Capacity-Baseline-Baseline",272060.0031692
2037,"Other Latin America and Caribbean","Ambitious-Baseline-Low Capacity-Baseline-Recycling Medium",267406.680414558
2037,"Other Latin America and Caribbean","Ambitious-Double LFP-Baseline-Baseline-Baseline",393930.89465009
2037,"Other Latin America and Caribbean","Ambitious-Double NMC 811-Baseline-Baseline-Baseline",367125.433899853
2037,"Other Latin America and Caribbean","Ambitious-Sodium Battery adoption-Baseline-Baseline-Baseline",373450.63564817
2037,"Other Latin America and Caribbean","Ambitious-Solid State adoption-Baseline-Baseline-Baseline",374210.576716272
2037,"South Korea","Ambitious-Baseline-Baseline-Baseline-Baseline",85135.8126995349
2037,"South Korea","Ambitious-Baseline-Baseline-Baseline-Enhanced SSPS",85545.0565659789
2037,"South Korea","Ambitious-Baseline-Baseline-Baseline-Enhanced recycling",77213.6224984703
2037,"South Korea","Ambitious-Baseline-Baseline-Baseline-USA Recycling",85135.8126995349
2037,"South Korea","Ambitious-Baseline-High Capacity-Baseline-Baseline",112211.973800974
2037,"South Korea","Ambitious-Baseline-Low Capacity-Baseline-Baseline",58125.1961385663
2037,"South Korea","Ambitious-Baseline-Low Capacity-Baseline-Recycling Medium",55801.6331336197
2037,"South Korea","Ambitious-Double LFP-Baseline-Baseline-Baseline",85354.1911022194
2037,"South Korea","Ambitious-Double NMC 811-Baseline-Baseline-Baseline",84534.1220780665
2037,"South Korea","Ambitious-Sodium Battery adoption-Baseline-Baseline-Baseline",85123.1908743054
2037,"South Korea","Ambitious-Solid State adoption-Baseline-Baseline-Baseline",85135.812699535
2037,"United Kingdom","Ambitious-Baseline-Baseline-Baseline-Baseline",122788.49512915
2037,"United Kingdom","Ambitious-Baseline-Baseline-Baseline-Enhanced SSPS",123452.55643452
2037,"United Kingdom","Ambitious-Baseline-Baseline-Baseline-Enhanced recycling",113734.466744548
2037,"United Kingdom","Ambitious-Baseline-Baseline-Baseline-USA Recycling",122788.49512915
2037,"United Kingdom","Ambitious-Baseline-High Capacity-Baseline-Baseline",159841.29893954
2037,"United Kingdom","Ambitious-Baseline-Low Capacity-Baseline-Baseline",90025.2304629456
2037,"United Kingdom","Ambitious-Baseline-Low Capacity-Baseline-Recycling Medium",86964.9862546114
2037,"United Kingdom","Ambitious-Double LFP-Baseline-Baseline-Baseline",123433.17783492
2037,"United Kingdom","Ambitious-Double NMC 811-Baseline-Baseline-Baseline",122380.583810765
2037,"United Kingdom","Ambitious-Sodium Battery adoption-Baseline-Baseline-Baseline",122747.577224072
2037,"United Kingdom","Ambitious-Solid State adoption-Baseline-Baseline-Baseline",122788.495129151
2037,"United States","Ambitious-Baseline-Baseline-Baseline-Baseline",738865.642281065
2037,"United States","Ambitious-Baseline-Baseline-Baseline-Enhanced SSPS",735746.542988955
2037,"United States","Ambitious-Baseline-Baseline-Baseline-Enhanced recycling",695204.566597199
2037,"United States","Ambitious-Baseline-Baseline-Baseline-USA Recycling",693350.596662257
2037,"United States","Ambitious-Baseline-High Capacity-Baseline-Baseline",875358.253195586
2037,"United States","Ambitious-Baseline-Low Capacity-Baseline-Baseline",476101.77033604
2037,"United States","Ambitious-Baseline-Low Capacity-Baseline-Recycling Medium",465938.604961275
2037,"United States","Ambitious-Double LFP-Baseline-Baseline-Baseline",757055.904357818
2037,"United States","Ambitious-Double NMC 811-Baseline-Baseline-Baseline",719039.375496633
2037,"United States","Ambitious-Sodium Battery adoption-Baseline-Baseline-Baseline",737478.409894614
2037,"United States","Ambitious-Solid State adoption-Baseline-Baseline-Baseline",738865.642281065
2038,"ASEAN","Ambitious-Baseline-Baseline-Baseline-Baseline",360600.244747058
2038,"ASEAN","Ambitious-Baseline-Baseline-Baseline-Enhanced SSPS",361046.07613977
2038,"ASEAN","Ambitious-Baseline-Baseline-Baseline-Enhanced recycling",342196.012011065
2038,"ASEAN","Ambitious-Baseline-Baseline-Baseline-USA Recycling",360600.244747058
2038,"ASEAN","Ambitious-Baseline-High Capacity-Baseline-Baseline",536756.863569349
2038,"ASEAN","Ambitious-Baseline-Low Capacity-Baseline-Baseline",281482.721184746
2038,"ASEAN","Ambitious-Baseline-Low Capacity-Baseline-Recycling Medium",276355.630125343
2038,"ASEAN","Ambitious-Double LFP-Baseline-Baseline-Baseline",380343.648708252
2038,"ASEAN","Ambitious-Double NMC 811-Baseline-Baseline-Baseline",352517.234918862
2038,"ASEAN","Ambitious-Sodium Battery adoption-Baseline-Baseline-Baseline",359465.687425788
2038,"ASEAN","Ambitious-Solid State adoption-Baseline-Baseline-Baseline",360600.244747058
2038,"Africa","Ambitious-Baseline-Baseline-Baseline-Baseline",191642.958740649
2038,"Africa","Ambitious-Baseline-Baseline-Baseline-Enhanced SSPS",191934.488728104
2038,"Africa","Ambitious-Baseline-Baseline-Baseline-Enhanced recycling",181812.408428916
2038,"Africa","Ambitious-Baseline-Baseline-Baseline-USA Recycling",191642.958740649
2038,"Africa","Ambitious-Baseline-High Capacity-Baseline-Baseline",272117.428807836
2038,"Africa","Ambitious-Baseline-Low Capacity-Baseline-Baseline",143029.987508265
2038,"Africa","Ambitious-Baseline-Low Capacity-Baseline-Recycling Medium",140360.344840538
2038,"Africa","Ambitious-Double LFP-Baseline-Baseline-Baseline",193389.049478785
2038,"Africa","Ambitious-Double NMC 811-Baseline-Baseline-Baseline",188218.111664108
2038,"Africa","Ambitious-Sodium Battery adoption-Baseline-Baseline-Baseline",191527.52483493
2038,"Africa","Ambitious-Solid State adoption-Baseline-Baseline-Baseline",191642.958740649
2038,"Australia/NZ","Ambitious-Baseline-Baseline-Baseline-Baseline",64258.0802786934
2038,"Australia/NZ","Ambitious-Baseline-Baseline-Baseline-Enhanced SSPS",64487.5312253372
2038,"Australia/NZ","Ambitious-Baseline-Baseline-Baseline-Enhanced recycling",60415.310601249
2038,"Australia/NZ","Ambitious-Baseline-Baseline-Baseline-USA Recycling",64258.0802786934
2038,"Australia/NZ","Ambitious-Baseline-High Capacity-Baseline-Baseline",83137.7450882154
2038,"Australia/NZ","Ambitious-Baseline-Low Capacity-Baseline-Baseline",46593.988079482
2038,"Australia/NZ","Ambitious-Baseline-Low Capacity-Baseline-Recycling Medium",45377.3986031621
2038,"Australia/NZ","Ambitious-Double LFP-Baseline-Baseline-Baseline",66238.5758615584
2038,"Australia/NZ","Ambitious-Double NMC 811-Baseline-Baseline-Baseline",63991.7269126639
2038,"Australia/NZ","Ambitious-Sodium Battery adoption-Baseline-Baseline-Baseline",64129.0890688747
2038,"Australia/NZ","Ambitious-Solid State adoption-Baseline-Baseline-Baseline",64258.0802786933
2038,"Brazil","Ambitious-Baseline-Baseline-Baseline-Baseline",135458.187732687
2038,"Brazil","Ambitious-Baseline-Baseline-Baseline-Enhanced SSPS",135219.418037733
2038,"Brazil","Ambitious-Baseline-Baseline-Baseline-Enhanced recycling",130215.316991301
2038,"Brazil","Ambitious-Baseline-Baseline-Baseline-USA Recycling",135458.187732687
2038,"Brazil","Ambitious-Baseline-High Capacity-Baseline-Baseline",192848.706488573
2038,"Brazil","Ambitious-Baseline-Low Capacity-Baseline-Baseline",105647.023906095
2038,"Brazil","Ambitious-Baseline-Low Capacity-Baseline-Recycling Medium",104345.623284328
2038,"Brazil","Ambitious-Double LFP-Baseline-Baseline-Baseline",143665.537327612
2038,"Brazil","Ambitious-Double NMC 811-Baseline-Baseline-Baseline",127348.589781299
2038,"Brazil","Ambitious-Sodium Battery adoption-Baseline-Baseline-Baseline",134967.239927153
2038,"Brazil","Ambitious-Solid State adoption-Baseline-Baseline-Baseline",135458.187732687
2038,"Canada","Ambitious-Baseline-Baseline-Baseline-Baseline",92872.344868189
2038,"Canada","Ambitious-Baseline-Baseline-Baseline-Enhanced SSPS",92467.782916742
2038,"Canada","Ambitious-Baseline-Baseline-Baseline-Enhanced recycling",87217.7913660039
2038,"Canada","Ambitious-Baseline-Baseline-Baseline-USA Recycling",92872.344868189
2038,"Canada","Ambitious-Baseline-High Capacity-Baseline-Baseline",116681.920821841
2038,"Canada","Ambitious-Baseline-Low Capacity-Baseline-Baseline",64377.9986046128
2038,"Canada","Ambitious-Baseline-Low Capacity-Baseline-Recycling Medium",63024.8591105058
2038,"Canada","Ambitious-Double LFP-Baseline-Baseline-Baseline",95192.30953934
2038,"Canada","Ambitious-Double NMC 811-Baseline-Baseline-Baseline",90386.1245448596
2038,"Canada","Ambitious-Sodium Battery adoption-Baseline-Baseline-Baseline",92665.116794481
2038,"Canada","Ambitious-Solid State adoption-Baseline-Baseline-Baseline",92872.344868189
2038,"China","Ambitious-Baseline-Baseline-Baseline-Baseline",1372964.2958685
2038,"China","Ambitious-Baseline-Baseline-Baseline-Enhanced SSPS",1369034.23166921
2038,"China","Ambitious-Baseline-Baseline-Baseline-Enhanced recycling",1376894.36006779
2038,"China","Ambitious-Baseline-Baseline-Baseline-USA Recycling",1372964.2958685
2038,"China","Ambitious-Baseline-High Capacity-Baseline-Baseline",2175309.35010549
2038,"China","Ambitious-Baseline-Low Capacity-Baseline-Baseline",1100232.38628691
2038,"China","Ambitious-Baseline-Low Capacity-Baseline-Recycling Medium",1102975.6951133
2038,"China","Ambitious-Double LFP-Baseline-Baseline-Baseline",1473263.57767379
2038,"China","Ambitious-Double NMC 811-Baseline-Baseline-Baseline",1303846.54586641
2038,"China","Ambitious-Sodium Battery adoption-Baseline-Baseline-Baseline",1366207.15734955
2038,"China","Ambitious-Solid State adoption-Baseline-Baseline-Baseline",1372964.2958685
2038,"EFTA","Ambitious-Baseline-Baseline-Baseline-Baseline",29013.5501688219
2038,"EFTA","Ambitious-Baseline-Baseline-Baseline-Enhanced SSPS",28868.7164141294
2038,"EFTA","Ambitious-Baseline-Baseline-Baseline-Enhanced recycling",25332.4289239498
2038,"EFTA","Ambitious-Baseline-Baseline-Baseline-USA Recycling",29013.5501688219
2038,"EFTA","Ambitious-Baseline-High Capacity-Baseline-Baseline",36770.8368495907
2038,"EFTA","Ambitious-Baseline-Low Capacity-Baseline-Baseline",20551.0214971579
2038,"EFTA","Ambitious-Baseline-Low Capacity-Baseline-Recycling Medium",19508.928903578
2038,"EFTA","Ambitious-Double LFP-Baseline-Baseline-Baseline",29197.5947236045
2038,"EFTA","Ambitious-Double NMC 811-Baseline-Baseline-Baseline",28901.7559665699
2038,"EFTA","Ambitious-Sodium Battery adoption-Baseline-Baseline-Baseline",28987.7724986121
2038,"EFTA","Ambitious-Solid State adoption-Baseline-Baseline-Baseline",29013.5501688219
2038,"European Union","Ambitious-Baseline-Baseline-Baseline-Baseline",663810.698238588
2038,"European Union","Ambitious-Baseline-Baseline-Baseline-Enhanced SSPS",664475.861271456
2038,"European Union","Ambitious-Baseline-Baseline-Baseline-Enhanced recycling",665859.959795039
2038,"European Union","Ambitious-Baseline-Baseline-Baseline-USA Recycling",663810.698238588
2038,"European Union","Ambitious-Baseline-High Capacity-Baseline-Baseline",940440.849916065
2038,"European Union","Ambitious-Baseline-Low Capacity-Baseline-Baseline",519240.430191771
2038,"European Union","Ambitious-Baseline-Low Capacity-Baseline-Recycling Medium",520907.840181785
2038,"European Union","Ambitious-Double LFP-Baseline-Baseline-Baseline",667733.309274909
2038,"European Union","Ambitious-Double NMC 811-Baseline-Baseline-Baseline",661424.42579667
2038,"European Union","Ambitious-Sodium Battery adoption-Baseline-Baseline-Baseline",663467.5009933
2038,"European Union","Ambitious-Solid State adoption-Baseline-Baseline-Baseline",663810.698238589
2038,"India","Ambitious-Baseline-Baseline-Baseline-Baseline",252318.716154345
2038,"India","Ambitious-Baseline-Baseline-Baseline-Enhanced SSPS",253251.383204293
2038,"India","Ambitious-Baseline-Baseline-Baseline-Enhanced recycling",227954.652958827
2038,"India","Ambitious-Baseline-Baseline-Baseline-USA Recycling",252318.716154345
2038,"India","Ambitious-Baseline-High Capacity-Baseline-Baseline",432197.258322576
2038,"India","Ambitious-Baseline-Low Capacity-Baseline-Baseline",220487.128285945
2038,"India","Ambitious-Baseline-Low Capacity-Baseline-Recycling Medium",213825.637625223
2038,"India","Ambitious-Double LFP-Baseline-Baseline-Baseline",252456.687842241
2038,"India","Ambitious-Double NMC 811-Baseline-Baseline-Baseline",251593.529390113
2038,"India","Ambitious-Sodium Battery adoption-Baseline-Baseline-Baseline",252309.298042113
2038,"India","Ambitious-Solid State adoption-Baseline-Baseline-Baseline",252318.716154346
2038,"Japan","Ambitious-Baseline-Baseline-Baseline-Baseline",160291.008872752
2038,"Japan","Ambitious-Baseline-Baseline-Baseline-Enhanced SSPS",159628.448195708
2038,"Japan","Ambitious-Baseline-Baseline-Baseline-Enhanced recycling",151046.787639779
2038,"Japan","Ambitious-Baseline-Baseline-Baseline-USA Recycling",160291.008872752
2038,"Japan","Ambitious-Baseline-High Capacity-Baseline-Baseline",241531.174173472
2038,"Japan","Ambitious-Baseline-Low Capacity-Baseline-Baseline",137688.699810305
2038,"Japan","Ambitious-Baseline-Low Capacity-Baseline-Recycling Medium",135299.185059116
2038,"Japan","Ambitious-Double LFP-Baseline-Baseline-Baseline",160717.817486168
2038,"Japan","Ambitious-Double NMC 811-Baseline-Baseline-Baseline",159232.183389243
2038,"Japan","Ambitious-Sodium Battery adoption-Baseline-Baseline-Baseline",160140.481175029
2038,"Japan","Ambitious-Solid State adoption-Baseline-Baseline-Baseline",160291.008872752
2038,"Mexico","Ambitious-Baseline-Baseline-Baseline-Baseline",104965.772923048
2038,"Mexico","Ambitious-Baseline-Baseline-Baseline-Enhanced SSPS",105123.276553172
2038,"Mexico","Ambitious-Baseline-Baseline-Baseline-Enhanced recycling",100427.255754997
2038,"Mexico","Ambitious-Baseline-Baseline-Baseline-USA Recycling",104965.772923048
2038,"Mexico","Ambitious-Baseline-High Capacity-Baseline-Baseline",136805.748651585
2038,"Mexico","Ambitious-Baseline-Low Capacity-Baseline-Baseline",78928.7261371468
2038,"Mexico","Ambitious-Baseline-Low Capacity-Baseline-Recycling Medium",77609.9727084522
2038,"Mexico","Ambitious-Double LFP-Baseline-Baseline-Baseline",106597.950332627
2038,"Mexico","Ambitious-Double NMC 811-Baseline-Baseline-Baseline",103215.376222569
2038,"Mexico","Ambitious-Sodium Battery adoption-Baseline-Baseline-Baseline",104864.856379975
2038,"Mexico","Ambitious-Solid State adoption-Baseline-Baseline-Baseline",104965.772923048
2038,"Middle East","Ambitious-Baseline-Baseline-Baseline-Baseline",332009.358981059
2038,"Middle East","Ambitious-Baseline-Baseline-Baseline-Enhanced SSPS",331420.479357258
2038,"Middle East","Ambitious-Baseline-Baseline-Baseline-Enhanced recycling",316767.173280661
2038,"Middle East","Ambitious-Baseline-Baseline-Baseline-USA Recycling",332009.358981059
2038,"Middle East","Ambitious-Baseline-High Capacity-Baseline-Baseline",414701.080762957
2038,"Middle East","Ambitious-Baseline-Low Capacity-Baseline-Baseline",226722.825516549
2038,"Middle East","Ambitious-Baseline-Low Capacity-Baseline-Recycling Medium",223136.157985019
2038,"Middle East","Ambitious-Double LFP-Baseline-Baseline-Baseline",338646.334202303
2038,"Middle East","Ambitious-Double NMC 811-Baseline-Baseline-Baseline",329443.020478255
2038,"Middle East","Ambitious-Sodium Battery adoption-Baseline-Baseline-Baseline",331417.109463349
2038,"Middle East","Ambitious-Solid State adoption-Baseline-Baseline-Baseline",332009.358981059
2038,"Other Asia Pacific","Ambitious-Baseline-Baseline-Baseline-Baseline",162851.907204054
2038,"Other Asia Pacific","Ambitious-Baseline-Baseline-Baseline-Enhanced SSPS",163024.449463197
2038,"Other Asia Pacific","Ambitious-Baseline-Baseline-Baseline-Enhanced recycling",153464.023989002
2038,"Other Asia Pacific","Ambitious-Baseline-Baseline-Baseline-USA Recycling",162851.907204054
2038,"Other Asia Pacific","Ambitious-Baseline-High Capacity-Baseline-Baseline",222117.566468452
2038,"Other Asia Pacific","Ambitious-Baseline-Low Capacity-Baseline-Baseline",106414.442366737
2038,"Other Asia Pacific","Ambitious-Baseline-Low Capacity-Baseline-Recycling Medium",104188.748221848
2038,"Other Asia Pacific","Ambitious-Double LFP-Baseline-Baseline-Baseline",163271.889225057
2038,"Other Asia Pacific","Ambitious-Double NMC 811-Baseline-Baseline-Baseline",161840.039822836
2038,"Other Asia Pacific","Ambitious-Sodium Battery adoption-Baseline-Baseline-Baseline",162822.254734573
2038,"Other Asia Pacific","Ambitious-Solid State adoption-Baseline-Baseline-Baseline",162851.907204054
2038,"Other Europe","Ambitious-Baseline-Baseline-Baseline-Baseline",198895.012339645
2038,"Other Europe","Ambitious-Baseline-Baseline-Baseline-Enhanced SSPS",198559.192675729
2038,"Other Europe","Ambitious-Baseline-Baseline-Baseline-Enhanced recycling",186466.303838362
2038,"Other Europe","Ambitious-Baseline-Baseline-Baseline-USA Recycling",198895.012339645
2038,"Other Europe","Ambitious-Baseline-High Capacity-Baseline-Baseline",262151.348582645
2038,"Other Europe","Ambitious-Baseline-Low Capacity-Baseline-Baseline",140044.232443759
2038,"Other Europe","Ambitious-Baseline-Low Capacity-Baseline-Recycling Medium",137194.415852328
2038,"Other Europe","Ambitious-Double LFP-Baseline-Baseline-Baseline",200123.973229112
2038,"Other Europe","Ambitious-Double NMC 811-Baseline-Baseline-Baseline",196660.65525089
2038,"Other Europe","Ambitious-Sodium Battery adoption-Baseline-Baseline-Baseline",198651.534024604
2038,"Other Europe","Ambitious-Solid State adoption-Baseline-Baseline-Baseline",198895.012339646
2038,"Other Latin America and Caribbean","Ambitious-Baseline-Baseline-Baseline-Baseline",405313.764485005
2038,"Other Latin America and Caribbean","Ambitious-Baseline-Baseline-Baseline-Enhanced SSPS",405229.119699694
2038,"Other Latin America and Caribbean","Ambitious-Baseline-Baseline-Baseline-Enhanced recycling",380379.023332964
2038,"Other Latin America and Caribbean","Ambitious-Baseline-Baseline-Baseline-USA Recycling",405313.764485005
2038,"Other Latin America and Caribbean","Ambitious-Baseline-High Capacity-Baseline-Baseline",554465.070107886
2038,"Other Latin America and Caribbean","Ambitious-Baseline-Low Capacity-Baseline-Baseline",294928.177760705
2038,"Other Latin America and Caribbean","Ambitious-Baseline-Low Capacity-Baseline-Recycling Medium",289116.861382913
2038,"Other Latin America and Caribbean","Ambitious-Double LFP-Baseline-Baseline-Baseline",427106.532888877
2038,"Other Latin America and Caribbean","Ambitious-Double NMC 811-Baseline-Baseline-Baseline",397043.494695513
2038,"Other Latin America and Caribbean","Ambitious-Sodium Battery adoption-Baseline-Baseline-Baseline",404382.873809142
2038,"Other Latin America and Caribbean","Ambitious-Solid State adoption-Baseline-Baseline-Baseline",405313.764485006
2038,"South Korea","Ambitious-Baseline-Baseline-Baseline-Baseline",87826.2093499666
2038,"South Korea","Ambitious-Baseline-Baseline-Baseline-Enhanced SSPS",88383.2265169664
2038,"South Korea","Ambitious-Baseline-Baseline-Baseline-Enhanced recycling",78001.6671268524
2038,"South Korea","Ambitious-Baseline-Baseline-Baseline-USA Recycling",87826.2093499666
2038,"South Korea","Ambitious-Baseline-High Capacity-Baseline-Baseline",115964.982113757
2038,"South Korea","Ambitious-Baseline-Low Capacity-Baseline-Baseline",60045.5471927864
2038,"South Korea","Ambitious-Baseline-Low Capacity-Baseline-Recycling Medium",57150.236526893
2038,"South Korea","Ambitious-Double LFP-Baseline-Baseline-Baseline",88064.1920051788
2038,"South Korea","Ambitious-Double NMC 811-Baseline-Baseline-Baseline",87225.9411211424
2038,"South Korea","Ambitious-Sodium Battery adoption-Baseline-Baseline-Baseline",87810.2722751286
2038,"South Korea","Ambitious-Solid State adoption-Baseline-Baseline-Baseline",87826.2093499666
2038,"United Kingdom","Ambitious-Baseline-Baseline-Baseline-Baseline",125564.176741773
2038,"United Kingdom","Ambitious-Baseline-Baseline-Baseline-Enhanced SSPS",126469.913501454
2038,"United Kingdom","Ambitious-Baseline-Baseline-Baseline-Enhanced recycling",114249.454873406
2038,"United Kingdom","Ambitious-Baseline-Baseline-Baseline-USA Recycling",125564.176741773
2038,"United Kingdom","Ambitious-Baseline-High Capacity-Baseline-Baseline",163670.838192304
2038,"United Kingdom","Ambitious-Baseline-Low Capacity-Baseline-Baseline",92005.2615882886
2038,"United Kingdom","Ambitious-Baseline-Low Capacity-Baseline-Recycling Medium",88168.1612149705
2038,"United Kingdom","Ambitious-Double LFP-Baseline-Baseline-Baseline",126259.452656653
2038,"United Kingdom","Ambitious-Double NMC 811-Baseline-Baseline-Baseline",125136.853487597
2038,"United Kingdom","Ambitious-Sodium Battery adoption-Baseline-Baseline-Baseline",125517.768554294
2038,"United Kingdom","Ambitious-Solid State adoption-Baseline-Baseline-Baseline",125564.176741773
2038,"United States","Ambitious-Baseline-Baseline-Baseline-Baseline",759730.012542667
2038,"United States","Ambitious-Baseline-Baseline-Baseline-Enhanced SSPS",755524.575873188
2038,"United States","Ambitious-Baseline-Baseline-Baseline-Enhanced recycling",706346.139213031
2038,"United States","Ambitious-Baseline-Baseline-Baseline-USA Recycling",703928.450900625
2038,"United States","Ambitious-Baseline-High Capacity-Baseline-Baseline",902721.600724952
2038,"United States","Ambitious-Baseline-Low Capacity-Baseline-Baseline",491375.321071891
2038,"United States","Ambitious-Baseline-Low Capacity-Baseline-Recycling Medium",479074.396185703
2038,"United States","Ambitious-Double LFP-Baseline-Baseline-Baseline",779549.411641767
2038,"United States","Ambitious-Double NMC 811-Baseline-Baseline-Baseline",738493.890938992
2038,"United States","Ambitious-Sodium Battery adoption-Baseline-Baseline-Baseline",758157.544391443
2038,"United States","Ambitious-Solid State adoption-Baseline-Baseline-Baseline",759730.012542668
2039,"ASEAN","Ambitious-Baseline-Baseline-Baseline-Baseline",398584.926854061
2039,"ASEAN","Ambitious-Baseline-Baseline-Baseline-Enhanced SSPS",399192.333910327
2039,"ASEAN","Ambitious-Baseline-Baseline-Baseline-Enhanced recycling",375220.879141594
2039,"ASEAN","Ambitious-Baseline-Baseline-Baseline-USA Recycling",398584.926854061
2039,"ASEAN","Ambitious-Baseline-High Capacity-Baseline-Baseline",592837.639164611
2039,"ASEAN","Ambitious-Baseline-Low Capacity-Baseline-Baseline",311769.646733801
2039,"ASEAN","Ambitious-Baseline-Low Capacity-Baseline-Recycling Medium",305220.770235819
2039,"ASEAN","Ambitious-Double LFP-Baseline-Baseline-Baseline",420528.792305251
2039,"ASEAN","Ambitious-Double NMC 811-Baseline-Baseline-Baseline",389151.899395239
2039,"ASEAN","Ambitious-Sodium Battery adoption-Baseline-Baseline-Baseline",397188.319140313
2039,"ASEAN","Ambitious-Solid State adoption-Baseline-Baseline-Baseline",398584.926854061
2039,"Africa","Ambitious-Baseline-Baseline-Baseline-Baseline",210468.107049233
2039,"Africa","Ambitious-Baseline-Baseline-Baseline-Enhanced SSPS",210449.899070443
2039,"Africa","Ambitious-Baseline-Baseline-Baseline-Enhanced recycling",198380.739690653
2039,"Africa","Ambitious-Baseline-Baseline-Baseline-USA Recycling",210468.107049233
2039,"Africa","Ambitious-Baseline-High Capacity-Baseline-Baseline",297387.305633305
2039,"Africa","Ambitious-Baseline-Low Capacity-Baseline-Baseline",157892.896536621
2039,"Africa","Ambitious-Baseline-Low Capacity-Baseline-Recycling Medium",154863.640547662
2039,"Africa","Ambitious-Double LFP-Baseline-Baseline-Baseline",212558.886868601
2039,"Africa","Ambitious-Double NMC 811-Baseline-Baseline-Baseline",206634.018020044
2039,"Africa","Ambitious-Sodium Battery adoption-Baseline-Baseline-Baseline",210289.233641182
2039,"Africa","Ambitious-Solid State adoption-Baseline-Baseline-Baseline",210468.107049233
2039,"Australia/NZ","Ambitious-Baseline-Baseline-Baseline-Baseline",65874.8328240961
2039,"Australia/NZ","Ambitious-Baseline-Baseline-Baseline-Enhanced SSPS",66197.2941799689
2039,"Australia/NZ","Ambitious-Baseline-Baseline-Baseline-Enhanced recycling",61060.1998242422
2039,"Australia/NZ","Ambitious-Baseline-Baseline-Baseline-USA Recycling",65874.8328240961
2039,"Australia/NZ","Ambitious-Baseline-High Capacity-Baseline-Baseline",85455.8477544658
2039,"Australia/NZ","Ambitious-Baseline-Low Capacity-Baseline-Baseline",47735.0212918491
2039,"Australia/NZ","Ambitious-Baseline-Low Capacity-Baseline-Recycling Medium",46199.8511816959
2039,"Australia/NZ","Ambitious-Double LFP-Baseline-Baseline-Baseline",67993.6712972675
2039,"Australia/NZ","Ambitious-Double NMC 811-Baseline-Baseline-Baseline",65589.7554232329
2039,"Australia/NZ","Ambitious-Sodium Battery adoption-Baseline-Baseline-Baseline",65729.5898545152
2039,"Australia/NZ","Ambitious-Solid State adoption-Baseline-Baseline-Baseline",65874.8328240961
2039,"Brazil","Ambitious-Baseline-Baseline-Baseline-Baseline",148896.115801756
2039,"Brazil","Ambitious-Baseline-Baseline-Baseline-Enhanced SSPS",148567.442557833
2039,"Brazil","Ambitious-Baseline-Baseline-Baseline-Enhanced recycling",142151.17458115
2039,"Brazil","Ambitious-Baseline-Baseline-Baseline-USA Recycling",148896.115801756
2039,"Brazil","Ambitious-Baseline-High Capacity-Baseline-Baseline",212467.967179943
2039,"Brazil","Ambitious-Baseline-Low Capacity-Baseline-Baseline",116073.242763888
2039,"Brazil","Ambitious-Baseline-Low Capacity-Baseline-Recycling Medium",114396.130425865
2039,"Brazil","Ambitious-Double LFP-Baseline-Baseline-Baseline",158378.188861
2039,"Brazil","Ambitious-Double NMC 811-Baseline-Baseline-Baseline",139521.803905932
2039,"Brazil","Ambitious-Sodium Battery adoption-Baseline-Baseline-Baseline",148291.01663765
2039,"Brazil","Ambitious-Solid State adoption-Baseline-Baseline-Baseline",148896.115801756
2039,"Canada","Ambitious-Baseline-Baseline-Baseline-Baseline",94679.3733194872
2039,"Canada","Ambitious-Baseline-Baseline-Baseline-Enhanced SSPS",94136.0686056913
2039,"Canada","Ambitious-Baseline-Baseline-Baseline-Enhanced recycling",87707.5903838378
2039,"Canada","Ambitious-Baseline-Baseline-Baseline-USA Recycling",94679.3733194872
2039,"Canada","Ambitious-Baseline-High Capacity-Baseline-Baseline",119232.754694454
2039,"Canada","Ambitious-Baseline-Low Capacity-Baseline-Baseline",65821.5956872054
2039,"Canada","Ambitious-Baseline-Low Capacity-Baseline-Recycling Medium",64172.3071463271
2039,"Canada","Ambitious-Double LFP-Baseline-Baseline-Baseline",97190.958790945
2039,"Canada","Ambitious-Double NMC 811-Baseline-Baseline-Baseline",92024.6969789404
2039,"Canada","Ambitious-Sodium Battery adoption-Baseline-Baseline-Baseline",94448.8392070643
2039,"Canada","Ambitious-Solid State adoption-Baseline-Baseline-Baseline",94679.3733194871
2039,"China","Ambitious-Baseline-Baseline-Baseline-Baseline",1359913.56290283
2039,"China","Ambitious-Baseline-Baseline-Baseline-Enhanced SSPS",1372271.13377864
2039,"China","Ambitious-Baseline-Baseline-Baseline-Enhanced recycling",1364098.19317233
2039,"China","Ambitious-Baseline-Baseline-Baseline-USA Recycling",1359913.56290283
2039,"China","Ambitious-Baseline-High Capacity-Baseline-Baseline",2180042.75756227
2039,"China","Ambitious-Baseline-Low Capacity-Baseline-Baseline",1089332.84292517
2039,"China","Ambitious-Baseline-Low Capacity-Baseline-Recycling Medium",1092227.36111658
2039,"China","Ambitious-Double LFP-Baseline-Baseline-Baseline",1463268.98895121
2039,"China","Ambitious-Double NMC 811-Baseline-Baseline-Baseline",1286719.70469682
2039,"China","Ambitious-Sodium Battery adoption-Baseline-Baseline-Baseline",1352449.72489067
2039,"China","Ambitious-Solid State adoption-Baseline-Baseline-Baseline",1359913.56290283
2039,"EFTA","Ambitious-Baseline-Baseline-Baseline-Baseline",29263.8592040229
2039,"EFTA","Ambitious-Baseline-Baseline-Baseline-Enhanced SSPS",29101.1983044518
2039,"EFTA","Ambitious-Baseline-Baseline-Baseline-Enhanced recycling",25003.0906995447
2039,"EFTA","Ambitious-Baseline-Baseline-Baseline-USA Recycling",29263.8592040229
2039,"EFTA","Ambitious-Baseline-High Capacity-Baseline-Baseline",37211.0632714558
2039,"EFTA","Ambitious-Baseline-Low Capacity-Baseline-Baseline",20705.7935122038
2039,"EFTA","Ambitious-Baseline-Low Capacity-Baseline-Recycling Medium",19535.5891611886
2039,"EFTA","Ambitious-Double LFP-Baseline-Baseline-Baseline",29461.845661992
2039,"EFTA","Ambitious-Double NMC 811-Baseline-Baseline-Baseline",29147.7349781009
2039,"EFTA","Ambitious-Sodium Battery adoption-Baseline-Baseline-Baseline",29235.1552262755
2039,"EFTA","Ambitious-Solid State adoption-Baseline-Baseline-Baseline",29263.8592040229
2039,"European Union","Ambitious-Baseline-Baseline-Baseline-Baseline",672293.388512265
2039,"European Union","Ambitious-Baseline-Baseline-Baseline-Enhanced SSPS",675010.157343931
2039,"European Union","Ambitious-Baseline-Baseline-Baseline-Enhanced recycling",673411.991656029
2039,"European Union","Ambitious-Baseline-Baseline-Baseline-USA Recycling",672293.388512265
2039,"European Union","Ambitious-Baseline-High Capacity-Baseline-Baseline",956866.026274215
2039,"European Union","Ambitious-Baseline-Low Capacity-Baseline-Baseline",524245.674065819
2039,"European Union","Ambitious-Baseline-Low Capacity-Baseline-Recycling Medium",526090.615605459
2039,"European Union","Ambitious-Double LFP-Baseline-Baseline-Baseline",676538.110185912
2039,"European Union","Ambitious-Double NMC 811-Baseline-Baseline-Baseline",669805.480437931
2039,"European Union","Ambitious-Sodium Battery adoption-Baseline-Baseline-Baseline",671947.470429288
2039,"European Union","Ambitious-Solid State adoption-Baseline-Baseline-Baseline",672293.388512265
2039,"India","Ambitious-Baseline-Baseline-Baseline-Baseline",266666.860159009
2039,"India","Ambitious-Baseline-Baseline-Baseline-Enhanced SSPS",267960.729513786
2039,"India","Ambitious-Baseline-Baseline-Baseline-Enhanced recycling",237057.708253976
2039,"India","Ambitious-Baseline-Baseline-Baseline-USA Recycling",266666.860159009
2039,"India","Ambitious-Baseline-High Capacity-Baseline-Baseline",455839.70950584
2039,"India","Ambitious-Baseline-Low Capacity-Baseline-Baseline",233284.73778317
2039,"India","Ambitious-Baseline-Low Capacity-Baseline-Recycling Medium",225012.89288623
2039,"India","Ambitious-Double LFP-Baseline-Baseline-Baseline",266821.649533687
2039,"India","Ambitious-Double NMC 811-Baseline-Baseline-Baseline",265946.485555197
2039,"India","Ambitious-Sodium Battery adoption-Baseline-Baseline-Baseline",266655.84995692
2039,"India","Ambitious-Solid State adoption-Baseline-Baseline-Baseline",266666.860159009
2039,"Japan","Ambitious-Baseline-Baseline-Baseline-Baseline",164999.314432731
2039,"Japan","Ambitious-Baseline-Baseline-Baseline-Enhanced SSPS",164143.791791672
2039,"Japan","Ambitious-Baseline-Baseline-Baseline-Enhanced recycling",153669.113635702
2039,"Japan","Ambitious-Baseline-Baseline-Baseline-USA Recycling",164999.314432731
2039,"Japan","Ambitious-Baseline-High Capacity-Baseline-Baseline",248682.589772786
2039,"Japan","Ambitious-Baseline-Low Capacity-Baseline-Baseline",141566.332318827
2039,"Japan","Ambitious-Baseline-Low Capacity-Baseline-Recycling Medium",138663.786739215
2039,"Japan","Ambitious-Double LFP-Baseline-Baseline-Baseline",165466.831238974
2039,"Japan","Ambitious-Double NMC 811-Baseline-Baseline-Baseline",163948.528644421
2039,"Japan","Ambitious-Sodium Battery adoption-Baseline-Baseline-Baseline",164827.675398297
2039,"Japan","Ambitious-Solid State adoption-Baseline-Baseline-Baseline",164999.314432731
2039,"Mexico","Ambitious-Baseline-Baseline-Baseline-Baseline",110554.003789574
2039,"Mexico","Ambitious-Baseline-Baseline-Baseline-Enhanced SSPS",110786.246031947
2039,"Mexico","Ambitious-Baseline-Baseline-Baseline-Enhanced recycling",104793.023400124
2039,"Mexico","Ambitious-Baseline-Baseline-Baseline-USA Recycling",110554.003789574
2039,"Mexico","Ambitious-Baseline-High Capacity-Baseline-Baseline",144330.700535629
2039,"Mexico","Ambitious-Baseline-Low Capacity-Baseline-Baseline",83012.4808166837
2039,"Mexico","Ambitious-Baseline-Low Capacity-Baseline-Recycling Medium",81318.2056051
2039,"Mexico","Ambitious-Double LFP-Baseline-Baseline-Baseline",112431.960737688
2039,"Mexico","Ambitious-Double NMC 811-Baseline-Baseline-Baseline",108569.144897154
2039,"Mexico","Ambitious-Sodium Battery adoption-Baseline-Baseline-Baseline",110431.166107203
2039,"Mexico","Ambitious-Solid State adoption-Baseline-Baseline-Baseline",110554.003789574
2039,"Middle East","Ambitious-Baseline-Baseline-Baseline-Baseline",361925.822290221
2039,"Middle East","Ambitious-Baseline-Baseline-Baseline-Enhanced SSPS",361108.048360466
2039,"Middle East","Ambitious-Baseline-Baseline-Baseline-Enhanced recycling",342848.49050421
2039,"Middle East","Ambitious-Baseline-Baseline-Baseline-USA Recycling",361925.822290221
2039,"Middle East","Ambitious-Baseline-High Capacity-Baseline-Baseline",452157.429343792
2039,"Middle East","Ambitious-Baseline-Low Capacity-Baseline-Baseline",247205.19321118
2039,"Middle East","Ambitious-Baseline-Low Capacity-Baseline-Recycling Medium",242744.12765895
2039,"Middle East","Ambitious-Double LFP-Baseline-Baseline-Baseline",369539.990427423
2039,"Middle East","Ambitious-Double NMC 811-Baseline-Baseline-Baseline",358998.105488531
2039,"Middle East","Ambitious-Sodium Battery adoption-Baseline-Baseline-Baseline",361218.470640238
2039,"Middle East","Ambitious-Solid State adoption-Baseline-Baseline-Baseline",361925.822290221
2039,"Other Asia Pacific","Ambitious-Baseline-Baseline-Baseline-Baseline",180632.77950586
2039,"Other Asia Pacific","Ambitious-Baseline-Baseline-Baseline-Enhanced SSPS",180888.034586298
2039,"Other Asia Pacific","Ambitious-Baseline-Baseline-Baseline-Enhanced recycling",168715.873093359
2039,"Other Asia Pacific","Ambitious-Baseline-Baseline-Baseline-USA Recycling",180632.77950586
2039,"Other Asia Pacific","Ambitious-Baseline-High Capacity-Baseline-Baseline",246150.164024815
2039,"Other Asia Pacific","Ambitious-Baseline-Low Capacity-Baseline-Baseline",118193.668011028
2039,"Other Asia Pacific","Ambitious-Baseline-Low Capacity-Baseline-Recycling Medium",115349.485109329
2039,"Other Asia Pacific","Ambitious-Double LFP-Baseline-Baseline-Baseline",181137.936029591
2039,"Other Asia Pacific","Ambitious-Double NMC 811-Baseline-Baseline-Baseline",179519.798931524
2039,"Other Asia Pacific","Ambitious-Sodium Battery adoption-Baseline-Baseline-Baseline",180595.680674292
2039,"Other Asia Pacific","Ambitious-Solid State adoption-Baseline-Baseline-Baseline",180632.779505859
2039,"Other Europe","Ambitious-Baseline-Baseline-Baseline-Baseline",214374.399997723
2039,"Other Europe","Ambitious-Baseline-Baseline-Baseline-Enhanced SSPS",213903.047784278
2039,"Other Europe","Ambitious-Baseline-Baseline-Baseline-Enhanced recycling",199125.326792276
2039,"Other Europe","Ambitious-Baseline-Baseline-Baseline-USA Recycling",214374.399997723
2039,"Other Europe","Ambitious-Baseline-High Capacity-Baseline-Baseline",282685.786372842
2039,"Other Europe","Ambitious-Baseline-Low Capacity-Baseline-Baseline",151234.386424029
2039,"Other Europe","Ambitious-Baseline-Low Capacity-Baseline-Recycling Medium",147754.65397306
2039,"Other Europe","Ambitious-Double LFP-Baseline-Baseline-Baseline",215807.079693797
2039,"Other Europe","Ambitious-Double NMC 811-Baseline-Baseline-Baseline",211941.681905993
2039,"Other Europe","Ambitious-Sodium Battery adoption-Baseline-Baseline-Baseline",214091.733076012
2039,"Other Europe","Ambitious-Solid State adoption-Baseline-Baseline-Baseline",214374.399997723
2039,"Other Latin America and Caribbean","Ambitious-Baseline-Baseline-Baseline-Baseline",436309.274218017
2039,"Other Latin America and Caribbean","Ambitious-Baseline-Baseline-Baseline-Enhanced SSPS",436199.971504009
2039,"Other Latin America and Caribbean","Ambitious-Baseline-Baseline-Baseline-Enhanced recycling",405698.309309063
2039,"Other Latin America and Caribbean","Ambitious-Baseline-Baseline-Baseline-USA Recycling",436309.274218017
2039,"Other Latin America and Caribbean","Ambitious-Baseline-High Capacity-Baseline-Baseline",597336.036423121
2039,"Other Latin America and Caribbean","Ambitious-Baseline-Low Capacity-Baseline-Baseline",318065.960468294
2039,"Other Latin America and Caribbean","Ambitious-Baseline-Low Capacity-Baseline-Recycling Medium",310599.622616236
2039,"Other Latin America and Caribbean","Ambitious-Double LFP-Baseline-Baseline-Baseline",460072.724425243
2039,"Other Latin America and Caribbean","Ambitious-Double NMC 811-Baseline-Baseline-Baseline",426697.325635588
2039,"Other Latin America and Caribbean","Ambitious-Sodium Battery adoption-Baseline-Baseline-Baseline",435183.52181234
2039,"Other Latin America and Caribbean","Ambitious-Solid State adoption-Baseline-Baseline-Baseline",436309.274218017
2039,"South Korea","Ambitious-Baseline-Baseline-Baseline-Baseline",89987.9682480745
2039,"South Korea","Ambitious-Baseline-Baseline-Baseline-Enhanced SSPS",90750.7690253792
2039,"South Korea","Ambitious-Baseline-Baseline-Baseline-Enhanced recycling",77907.0791805873
2039,"South Korea","Ambitious-Baseline-Baseline-Baseline-USA Recycling",89987.9682480745
2039,"South Korea","Ambitious-Baseline-High Capacity-Baseline-Baseline",119115.017957268
2039,"South Korea","Ambitious-Baseline-Low Capacity-Baseline-Baseline",61532.4581314374
2039,"South Korea","Ambitious-Baseline-Low Capacity-Baseline-Recycling Medium",57942.4109660278
2039,"South Korea","Ambitious-Double LFP-Baseline-Baseline-Baseline",90246.854500572
2039,"South Korea","Ambitious-Double NMC 811-Baseline-Baseline-Baseline",89394.7127470598
2039,"South Korea","Ambitious-Sodium Battery adoption-Baseline-Baseline-Baseline",89969.850256297
2039,"South Korea","Ambitious-Solid State adoption-Baseline-Baseline-Baseline",89987.9682480745
2039,"United Kingdom","Ambitious-Baseline-Baseline-Baseline-Baseline",128169.274846028
2039,"United Kingdom","Ambitious-Baseline-Baseline-Baseline-Enhanced SSPS",129375.556086558
2039,"United Kingdom","Ambitious-Baseline-Baseline-Baseline-Enhanced recycling",114198.513844128
2039,"United Kingdom","Ambitious-Baseline-Baseline-Baseline-USA Recycling",128169.274846028
2039,"United Kingdom","Ambitious-Baseline-High Capacity-Baseline-Baseline",167297.495432745
2039,"United Kingdom","Ambitious-Baseline-Low Capacity-Baseline-Baseline",93845.3042808486
2039,"United Kingdom","Ambitious-Baseline-Low Capacity-Baseline-Recycling Medium",89106.8598628999
2039,"United Kingdom","Ambitious-Double LFP-Baseline-Baseline-Baseline",128917.942071521
2039,"United Kingdom","Ambitious-Double NMC 811-Baseline-Baseline-Baseline",127723.628932311
2039,"United Kingdom","Ambitious-Sodium Battery adoption-Baseline-Baseline-Baseline",128117.09159942
2039,"United Kingdom","Ambitious-Solid State adoption-Baseline-Baseline-Baseline",128169.274846028
2039,"United States","Ambitious-Baseline-Baseline-Baseline-Baseline",776434.672861877
2039,"United States","Ambitious-Baseline-Baseline-Baseline-Enhanced SSPS",770885.12376318
2039,"United States","Ambitious-Baseline-Baseline-Baseline-Enhanced recycling",711646.091090086
2039,"United States","Ambitious-Baseline-Baseline-Baseline-USA Recycling",708575.219673507
2039,"United States","Ambitious-Baseline-High Capacity-Baseline-Baseline",925577.704176821
2039,"United States","Ambitious-Baseline-Low Capacity-Baseline-Baseline",503474.218756003
2039,"United States","Ambitious-Baseline-Low Capacity-Baseline-Recycling Medium",488717.838005542
2039,"United States","Ambitious-Double LFP-Baseline-Baseline-Baseline",798057.4641772
2039,"United States","Ambitious-Double NMC 811-Baseline-Baseline-Baseline",753587.704563008
2039,"United States","Ambitious-Sodium Battery adoption-Baseline-Baseline-Baseline",774694.565362605
2039,"United States","Ambitious-Solid State adoption-Baseline-Baseline-Baseline",776434.672861877
2040,"ASEAN","Ambitious-Baseline-Baseline-Baseline-Baseline",451527.129024388
2040,"ASEAN","Ambitious-Baseline-Baseline-Baseline-Enhanced SSPS",450491.040019421
2040,"ASEAN","Ambitious-Baseline-Baseline-Baseline-Enhanced recycling",424084.241795376
2040,"ASEAN","Ambitious-Baseline-Baseline-Baseline-USA Recycling",451527.129024388
2040,"ASEAN","Ambitious-Baseline-High Capacity-Baseline-Baseline",662716.938857785
2040,"ASEAN","Ambitious-Baseline-Low Capacity-Baseline-Baseline",357835.008762157
2040,"ASEAN","Ambitious-Baseline-Low Capacity-Baseline-Recycling Medium",350971.317851915
2040,"ASEAN","Ambitious-Double LFP-Baseline-Baseline-Baseline",475831.096009601
2040,"ASEAN","Ambitious-Double NMC 811-Baseline-Baseline-Baseline",440594.323387681
2040,"ASEAN","Ambitious-Sodium Battery adoption-Baseline-Baseline-Baseline",449653.083918008
2040,"ASEAN","Ambitious-Solid State adoption-Baseline-Baseline-Baseline",451527.129024388
2040,"Africa","Ambitious-Baseline-Baseline-Baseline-Baseline",228409.248027335
2040,"Africa","Ambitious-Baseline-Baseline-Baseline-Enhanced SSPS",228284.565975207
2040,"Africa","Ambitious-Baseline-Baseline-Baseline-Enhanced recycling",213364.360136572
2040,"Africa","Ambitious-Baseline-Baseline-Baseline-USA Recycling",228409.248027335
2040,"Africa","Ambitious-Baseline-High Capacity-Baseline-Baseline",322817.360065873
2040,"Africa","Ambitious-Baseline-Low Capacity-Baseline-Baseline",171419.571547753
2040,"Africa","Ambitious-Baseline-Low Capacity-Baseline-Recycling Medium",167582.136666163
2040,"Africa","Ambitious-Double LFP-Baseline-Baseline-Baseline",230912.110683443
2040,"Africa","Ambitious-Double NMC 811-Baseline-Baseline-Baseline",224115.866347424
2040,"Africa","Ambitious-Sodium Battery adoption-Baseline-Baseline-Baseline",228193.496829382
2040,"Africa","Ambitious-Solid State adoption-Baseline-Baseline-Baseline",228409.248027334
2040,"Australia/NZ","Ambitious-Baseline-Baseline-Baseline-Baseline",67528.3304536314
2040,"Australia/NZ","Ambitious-Baseline-Baseline-Baseline-Enhanced SSPS",67950.0588287397
2040,"Australia/NZ","Ambitious-Baseline-Baseline-Baseline-Enhanced recycling",61785.1184451544
2040,"Australia/NZ","Ambitious-Baseline-Baseline-Baseline-USA Recycling",67528.3304536314
2040,"Australia/NZ","Ambitious-Baseline-High Capacity-Baseline-Baseline",87861.9855455506
2040,"Australia/NZ","Ambitious-Baseline-Low Capacity-Baseline-Baseline",48977.1021868918
2040,"Australia/NZ","Ambitious-Baseline-Low Capacity-Baseline-Recycling Medium",47232.1194346623
2040,"Australia/NZ","Ambitious-Double LFP-Baseline-Baseline-Baseline",69783.5806562759
2040,"Australia/NZ","Ambitious-Double NMC 811-Baseline-Baseline-Baseline",67225.1866082058
2040,"Australia/NZ","Ambitious-Sodium Battery adoption-Baseline-Baseline-Baseline",67366.6146933228
2040,"Australia/NZ","Ambitious-Solid State adoption-Baseline-Baseline-Baseline",67528.3304536314
2040,"Brazil","Ambitious-Baseline-Baseline-Baseline-Baseline",162533.214605403
2040,"Brazil","Ambitious-Baseline-Baseline-Baseline-Enhanced SSPS",162077.75805349
2040,"Brazil","Ambitious-Baseline-Baseline-Baseline-Enhanced recycling",154094.989972128
2040,"Brazil","Ambitious-Baseline-Baseline-Baseline-USA Recycling",162533.214605403
2040,"Brazil","Ambitious-Baseline-High Capacity-Baseline-Baseline",232435.779972032
2040,"Brazil","Ambitious-Baseline-Low Capacity-Baseline-Baseline",126649.349664913
2040,"Brazil","Ambitious-Baseline-Low Capacity-Baseline-Recycling Medium",124566.536375545
2040,"Brazil","Ambitious-Double LFP-Baseline-Baseline-Baseline",173386.147272666
2040,"Brazil","Ambitious-Double NMC 811-Baseline-Baseline-Baseline",151813.840657259
2040,"Brazil","Ambitious-Sodium Battery adoption-Baseline-Baseline-Baseline",161800.905809126
2040,"Brazil","Ambitious-Solid State adoption-Baseline-Baseline-Baseline",162533.214605403
2040,"Canada","Ambitious-Baseline-Baseline-Baseline-Baseline",96089.4441038361
2040,"Canada","Ambitious-Baseline-Baseline-Baseline-Enhanced SSPS",95362.680061632
2040,"Canada","Ambitious-Baseline-Baseline-Baseline-Enhanced recycling",87581.9269965163
2040,"Canada","Ambitious-Baseline-Baseline-Baseline-USA Recycling",96089.4441038361
2040,"Canada","Ambitious-Baseline-High Capacity-Baseline-Baseline",121324.366038865
2040,"Canada","Ambitious-Baseline-Low Capacity-Baseline-Baseline",66952.7494360563
2040,"Canada","Ambitious-Baseline-Low Capacity-Baseline-Recycling Medium",64972.3564968671
2040,"Canada","Ambitious-Double LFP-Baseline-Baseline-Baseline",98795.9920495459
2040,"Canada","Ambitious-Double NMC 811-Baseline-Baseline-Baseline",93264.7797171382
2040,"Canada","Ambitious-Sodium Battery adoption-Baseline-Baseline-Baseline",95840.073119628
2040,"Canada","Ambitious-Solid State adoption-Baseline-Baseline-Baseline",96089.4441038361
2040,"China","Ambitious-Baseline-Baseline-Baseline-Baseline",1337957.74995154
2040,"China","Ambitious-Baseline-Baseline-Baseline-Enhanced SSPS",1354196.45971931
2040,"China","Ambitious-Baseline-Baseline-Baseline-Enhanced recycling",1341873.71540954
2040,"China","Ambitious-Baseline-Baseline-Baseline-USA Recycling",1337957.74995154
2040,"China","Ambitious-Baseline-High Capacity-Baseline-Baseline",2156070.93137837
2040,"China","Ambitious-Baseline-Low Capacity-Baseline-Baseline",1070991.65953194
2040,"China","Ambitious-Baseline-Low Capacity-Baseline-Recycling Medium",1073907.26554035
2040,"China","Ambitious-Double LFP-Baseline-Baseline-Baseline",1443975.22609575
2040,"China","Ambitious-Double NMC 811-Baseline-Baseline-Baseline",1261051.56733134
2040,"China","Ambitious-Sodium Battery adoption-Baseline-Baseline-Baseline",1329826.42846479
2040,"China","Ambitious-Solid State adoption-Baseline-Baseline-Baseline",1337957.74995154
2040,"EFTA","Ambitious-Baseline-Baseline-Baseline-Baseline",29473.2983878037
2040,"EFTA","Ambitious-Baseline-Baseline-Baseline-Enhanced SSPS",29293.2810053204
2040,"EFTA","Ambitious-Baseline-Baseline-Baseline-Enhanced recycling",24627.1373032227
2040,"EFTA","Ambitious-Baseline-Baseline-Baseline-USA Recycling",29473.2983878037
2040,"EFTA","Ambitious-Baseline-High Capacity-Baseline-Baseline",37593.1698792525
2040,"EFTA","Ambitious-Baseline-Low Capacity-Baseline-Baseline",20842.4832254543
2040,"EFTA","Ambitious-Baseline-Low Capacity-Baseline-Recycling Medium",19531.422748534
2040,"EFTA","Ambitious-Double LFP-Baseline-Baseline-Baseline",29684.5939108207
2040,"EFTA","Ambitious-Double NMC 811-Baseline-Baseline-Baseline",29353.7713994489
2040,"EFTA","Ambitious-Sodium Battery adoption-Baseline-Baseline-Baseline",29441.5996093293
2040,"EFTA","Ambitious-Solid State adoption-Baseline-Baseline-Baseline",29473.2983878037
2040,"European Union","Ambitious-Baseline-Baseline-Baseline-Baseline",676866.834680457
2040,"European Union","Ambitious-Baseline-Baseline-Baseline-Enhanced SSPS",678152.991875302
2040,"European Union","Ambitious-Baseline-Baseline-Baseline-Enhanced recycling",675745.311359935
2040,"European Union","Ambitious-Baseline-Baseline-Baseline-USA Recycling",676866.834680457
2040,"European Union","Ambitious-Baseline-High Capacity-Baseline-Baseline",965111.096525071
2040,"European Union","Ambitious-Baseline-Low Capacity-Baseline-Baseline",526318.044677361
2040,"European Union","Ambitious-Baseline-Low Capacity-Baseline-Recycling Medium",526863.092196382
2040,"European Union","Ambitious-Double LFP-Baseline-Baseline-Baseline",681410.880273471
2040,"European Union","Ambitious-Double NMC 811-Baseline-Baseline-Baseline",674308.174338936
2040,"European Union","Ambitious-Sodium Battery adoption-Baseline-Baseline-Baseline",676502.158553802
2040,"European Union","Ambitious-Solid State adoption-Baseline-Baseline-Baseline",676866.834680457
2040,"India","Ambitious-Baseline-Baseline-Baseline-Baseline",302565.510234349
2040,"India","Ambitious-Baseline-Baseline-Baseline-Enhanced SSPS",300406.837171238
2040,"India","Ambitious-Baseline-Baseline-Baseline-Enhanced recycling",270993.67305836
2040,"India","Ambitious-Baseline-Baseline-Baseline-USA Recycling",302565.510234349
2040,"India","Ambitious-Baseline-High Capacity-Baseline-Baseline",494771.162456431
2040,"India","Ambitious-Baseline-Low Capacity-Baseline-Baseline",270222.286885169
2040,"India","Ambitious-Baseline-Low Capacity-Baseline-Recycling Medium",262989.285718837
2040,"India","Ambitious-Double LFP-Baseline-Baseline-Baseline",302737.72050906
2040,"India","Ambitious-Double NMC 811-Baseline-Baseline-Baseline",301863.06470179
2040,"India","Ambitious-Sodium Battery adoption-Baseline-Baseline-Baseline",302248.120027264
2040,"India","Ambitious-Solid State adoption-Baseline-Baseline-Baseline",302565.510234349
2040,"Japan","Ambitious-Baseline-Baseline-Baseline-Baseline",168935.893245648
2040,"Japan","Ambitious-Baseline-Baseline-Baseline-Enhanced SSPS",168026.076390683
2040,"Japan","Ambitious-Baseline-Baseline-Baseline-Enhanced recycling",155058.093963067
2040,"Japan","Ambitious-Baseline-Baseline-Baseline-USA Recycling",168935.893245648
2040,"Japan","Ambitious-Baseline-High Capacity-Baseline-Baseline",254913.713415891
2040,"Japan","Ambitious-Baseline-Low Capacity-Baseline-Baseline",144699.48255115
2040,"Japan","Ambitious-Baseline-Low Capacity-Baseline-Recycling Medium",141042.881075021
2040,"Japan","Ambitious-Double LFP-Baseline-Baseline-Baseline",169444.083105861
2040,"Japan","Ambitious-Double NMC 811-Baseline-Baseline-Baseline",167922.682392748
2040,"Japan","Ambitious-Sodium Battery adoption-Baseline-Baseline-Baseline",168738.222166929
2040,"Japan","Ambitious-Solid State adoption-Baseline-Baseline-Baseline",168935.893245648
2040,"Mexico","Ambitious-Baseline-Baseline-Baseline-Baseline",118971.221686837
2040,"Mexico","Ambitious-Baseline-Baseline-Baseline-Enhanced SSPS",118595.104322433
2040,"Mexico","Ambitious-Baseline-Baseline-Baseline-Enhanced recycling",112379.829889067
2040,"Mexico","Ambitious-Baseline-Baseline-Baseline-USA Recycling",118971.221686837
2040,"Mexico","Ambitious-Baseline-High Capacity-Baseline-Baseline",154334.969108734
2040,"Mexico","Ambitious-Baseline-Low Capacity-Baseline-Baseline",90221.0186129413
2040,"Mexico","Ambitious-Baseline-Low Capacity-Baseline-Recycling Medium",88611.6078773409
2040,"Mexico","Ambitious-Double LFP-Baseline-Baseline-Baseline",121121.55675701
2040,"Mexico","Ambitious-Double NMC 811-Baseline-Baseline-Baseline",116731.387604037
2040,"Mexico","Ambitious-Sodium Battery adoption-Baseline-Baseline-Baseline",118785.441463281
2040,"Mexico","Ambitious-Solid State adoption-Baseline-Baseline-Baseline",118971.221686837
2040,"Middle East","Ambitious-Baseline-Baseline-Baseline-Baseline",396201.870660506
2040,"Middle East","Ambitious-Baseline-Baseline-Baseline-Enhanced SSPS",395084.476209817
2040,"Middle East","Ambitious-Baseline-Baseline-Baseline-Enhanced recycling",372638.293646575
2040,"Middle East","Ambitious-Baseline-Baseline-Baseline-USA Recycling",396201.870660506
2040,"Middle East","Ambitious-Baseline-High Capacity-Baseline-Baseline",495931.947211796
2040,"Middle East","Ambitious-Baseline-Low Capacity-Baseline-Baseline",270971.917647213
2040,"Middle East","Ambitious-Baseline-Low Capacity-Baseline-Recycling Medium",265501.749779761
2040,"Middle East","Ambitious-Double LFP-Baseline-Baseline-Baseline",404863.271144425
2040,"Middle East","Ambitious-Double NMC 811-Baseline-Baseline-Baseline",392893.845410835
2040,"Middle East","Ambitious-Sodium Battery adoption-Baseline-Baseline-Baseline",395376.960880352
2040,"Middle East","Ambitious-Solid State adoption-Baseline-Baseline-Baseline",396201.870660506
2040,"Other Asia Pacific","Ambitious-Baseline-Baseline-Baseline-Baseline",202154.857190521
2040,"Other Asia Pacific","Ambitious-Baseline-Baseline-Baseline-Enhanced SSPS",202400.683842307
2040,"Other Asia Pacific","Ambitious-Baseline-Baseline-Baseline-Enhanced recycling",187432.424477073
2040,"Other Asia Pacific","Ambitious-Baseline-Baseline-Baseline-USA Recycling",202154.857190521
2040,"Other Asia Pacific","Ambitious-Baseline-High Capacity-Baseline-Baseline",274620.605715601
2040,"Other Asia Pacific","Ambitious-Baseline-Low Capacity-Baseline-Baseline",133224.825753282
2040,"Other Asia Pacific","Ambitious-Baseline-Low Capacity-Baseline-Recycling Medium",129738.746407559
2040,"Other Asia Pacific","Ambitious-Double LFP-Baseline-Baseline-Baseline",202759.351196337
2040,"Other Asia Pacific","Ambitious-Double NMC 811-Baseline-Baseline-Baseline",200936.086191564
2040,"Other Asia Pacific","Ambitious-Sodium Battery adoption-Baseline-Baseline-Baseline",202086.349661085
2040,"Other Asia Pacific","Ambitious-Solid State adoption-Baseline-Baseline-Baseline",202154.857190521
2040,"Other Europe","Ambitious-Baseline-Baseline-Baseline-Baseline",231976.089846174
2040,"Other Europe","Ambitious-Baseline-Baseline-Baseline-Enhanced SSPS",231316.743762018
2040,"Other Europe","Ambitious-Baseline-Baseline-Baseline-Enhanced recycling",213621.880827967
2040,"Other Europe","Ambitious-Baseline-Baseline-Baseline-USA Recycling",231976.089846174
2040,"Other Europe","Ambitious-Baseline-High Capacity-Baseline-Baseline",305843.72831936
2040,"Other Europe","Ambitious-Baseline-Low Capacity-Baseline-Baseline",163939.179665735
2040,"Other Europe","Ambitious-Baseline-Low Capacity-Baseline-Recycling Medium",159778.732577462
2040,"Other Europe","Ambitious-Double LFP-Baseline-Baseline-Baseline",233652.864524243
2040,"Other Europe","Ambitious-Double NMC 811-Baseline-Baseline-Baseline",229312.510078185
2040,"Other Europe","Ambitious-Sodium Battery adoption-Baseline-Baseline-Baseline",231652.331319158
2040,"Other Europe","Ambitious-Solid State adoption-Baseline-Baseline-Baseline",231976.089846174
2040,"Other Latin America and Caribbean","Ambitious-Baseline-Baseline-Baseline-Baseline",468993.239656918
2040,"Other Latin America and Caribbean","Ambitious-Baseline-Baseline-Baseline-Enhanced SSPS",469062.017149171
2040,"Other Latin America and Caribbean","Ambitious-Baseline-Baseline-Baseline-Enhanced recycling",431940.038705058
2040,"Other Latin America and Caribbean","Ambitious-Baseline-Baseline-Baseline-USA Recycling",468993.239656918
2040,"Other Latin America and Caribbean","Ambitious-Baseline-High Capacity-Baseline-Baseline",642735.239599701
2040,"Other Latin America and Caribbean","Ambitious-Baseline-Low Capacity-Baseline-Baseline",342328.942408234
2040,"Other Latin America and Caribbean","Ambitious-Baseline-Low Capacity-Baseline-Recycling Medium",333092.979114881
2040,"Other Latin America and Caribbean","Ambitious-Double LFP-Baseline-Baseline-Baseline",494838.249888339
2040,"Other Latin America and Caribbean","Ambitious-Double NMC 811-Baseline-Baseline-Baseline",457853.90807464
2040,"Other Latin America and Caribbean","Ambitious-Sodium Battery adoption-Baseline-Baseline-Baseline",467646.746726539
2040,"Other Latin America and Caribbean","Ambitious-Solid State adoption-Baseline-Baseline-Baseline",468993.239656918
2040,"South Korea","Ambitious-Baseline-Baseline-Baseline-Baseline",91083.7424879813
2040,"South Korea","Ambitious-Baseline-Baseline-Baseline-Enhanced SSPS",92096.3678147967
2040,"South Korea","Ambitious-Baseline-Baseline-Baseline-Enhanced recycling",76548.9989441213
2040,"South Korea","Ambitious-Baseline-Baseline-Baseline-USA Recycling",91083.7424879813
2040,"South Korea","Ambitious-Baseline-High Capacity-Baseline-Baseline",121104.695361394
2040,"South Korea","Ambitious-Baseline-Low Capacity-Baseline-Baseline",62079.1067872231
2040,"South Korea","Ambitious-Baseline-Low Capacity-Baseline-Recycling Medium",57734.9784547671
2040,"South Korea","Ambitious-Double LFP-Baseline-Baseline-Baseline",91362.2838154701
2040,"South Korea","Ambitious-Double NMC 811-Baseline-Baseline-Baseline",90517.7644813452
2040,"South Korea","Ambitious-Sodium Battery adoption-Baseline-Baseline-Baseline",91063.4601843117
2040,"South Korea","Ambitious-Solid State adoption-Baseline-Baseline-Baseline",91083.7424879814
2040,"United Kingdom","Ambitious-Baseline-Baseline-Baseline-Baseline",130631.041291602
2040,"United Kingdom","Ambitious-Baseline-Baseline-Baseline-Enhanced SSPS",132209.936643147
2040,"United Kingdom","Ambitious-Baseline-Baseline-Baseline-Enhanced recycling",113577.643064589
2040,"United Kingdom","Ambitious-Baseline-Baseline-Baseline-USA Recycling",130631.041291602
2040,"United Kingdom","Ambitious-Baseline-High Capacity-Baseline-Baseline",170732.106897068
2040,"United Kingdom","Ambitious-Baseline-Low Capacity-Baseline-Baseline",95590.3832658458
2040,"United Kingdom","Ambitious-Baseline-Low Capacity-Baseline-Recycling Medium",90034.9980244862
2040,"United Kingdom","Ambitious-Double LFP-Baseline-Baseline-Baseline",131429.736682075
2040,"United Kingdom","Ambitious-Double NMC 811-Baseline-Baseline-Baseline",130171.169493133
2040,"United Kingdom","Ambitious-Sodium Battery adoption-Baseline-Baseline-Baseline",130573.204646527
2040,"United Kingdom","Ambitious-Solid State adoption-Baseline-Baseline-Baseline",130631.041291602
2040,"United States","Ambitious-Baseline-Baseline-Baseline-Baseline",793939.046196206
2040,"United States","Ambitious-Baseline-Baseline-Baseline-Enhanced SSPS",786778.702132046
2040,"United States","Ambitious-Baseline-Baseline-Baseline-Enhanced recycling",716121.148445342
2040,"United States","Ambitious-Baseline-Baseline-Baseline-USA Recycling",712324.044289576
2040,"United States","Ambitious-Baseline-High Capacity-Baseline-Baseline",951026.02100898
2040,"United States","Ambitious-Baseline-Low Capacity-Baseline-Baseline",516259.011740368
2040,"United States","Ambitious-Baseline-Low Capacity-Baseline-Recycling Medium",498771.344366908
2040,"United States","Ambitious-Double LFP-Baseline-Baseline-Baseline",817431.3981448
2040,"United States","Ambitious-Double NMC 811-Baseline-Baseline-Baseline",769437.563641129
2040,"United States","Ambitious-Sodium Battery adoption-Baseline-Baseline-Baseline",792062.517652055
2040,"United States","Ambitious-Solid State adoption-Baseline-Baseline-Baseline",793939.046196205
2041,"ASEAN","Ambitious-Baseline-Baseline-Baseline-Baseline",477433.99376313
2041,"ASEAN","Ambitious-Baseline-Baseline-Baseline-Enhanced SSPS",476028.962840318
2041,"ASEAN","Ambitious-Baseline-Baseline-Baseline-Enhanced recycling",443396.178500438
2041,"ASEAN","Ambitious-Baseline-Baseline-Baseline-USA Recycling",477433.99376313
2041,"ASEAN","Ambitious-Baseline-High Capacity-Baseline-Baseline",701154.906216812
2041,"ASEAN","Ambitious-Baseline-Low Capacity-Baseline-Baseline",378699.357500513
2041,"ASEAN","Ambitious-Baseline-Low Capacity-Baseline-Recycling Medium",370199.199278365
2041,"ASEAN","Ambitious-Double LFP-Baseline-Baseline-Baseline",503563.279205494
2041,"ASEAN","Ambitious-Double NMC 811-Baseline-Baseline-Baseline",465293.242097259
2041,"ASEAN","Ambitious-Sodium Battery adoption-Baseline-Baseline-Baseline",475489.506182417
2041,"ASEAN","Ambitious-Solid State adoption-Baseline-Baseline-Baseline",477433.99376313
2041,"Africa","Ambitious-Baseline-Baseline-Baseline-Baseline",241088.695163318
2041,"Africa","Ambitious-Baseline-Baseline-Baseline-Enhanced SSPS",240979.970466227
2041,"Africa","Ambitious-Baseline-Baseline-Baseline-Enhanced recycling",222469.10537876
2041,"Africa","Ambitious-Baseline-Baseline-Baseline-USA Recycling",241088.695163318
2041,"Africa","Ambitious-Baseline-High Capacity-Baseline-Baseline",341022.726318605
2041,"Africa","Ambitious-Baseline-Low Capacity-Baseline-Baseline",180718.564341112
2041,"Africa","Ambitious-Baseline-Low Capacity-Baseline-Recycling Medium",176003.998202071
2041,"Africa","Ambitious-Double LFP-Baseline-Baseline-Baseline",243967.245894848
2041,"Africa","Ambitious-Double NMC 811-Baseline-Baseline-Baseline",236454.673704895
2041,"Africa","Ambitious-Sodium Battery adoption-Baseline-Baseline-Baseline",240861.787974718
2041,"Africa","Ambitious-Solid State adoption-Baseline-Baseline-Baseline",241088.695163318
2041,"Australia/NZ","Ambitious-Baseline-Baseline-Baseline-Baseline",68617.7513773723
2041,"Australia/NZ","Ambitious-Baseline-Baseline-Baseline-Enhanced SSPS",69080.6640804249
2041,"Australia/NZ","Ambitious-Baseline-Baseline-Baseline-Enhanced recycling",61576.5416580959
2041,"Australia/NZ","Ambitious-Baseline-Baseline-Baseline-USA Recycling",68617.7513773723
2041,"Australia/NZ","Ambitious-Baseline-High Capacity-Baseline-Baseline",89453.7096771873
2041,"Australia/NZ","Ambitious-Baseline-Low Capacity-Baseline-Baseline",49637.7126839923
2041,"Australia/NZ","Ambitious-Baseline-Low Capacity-Baseline-Recycling Medium",47516.6585101431
2041,"Australia/NZ","Ambitious-Double LFP-Baseline-Baseline-Baseline",71006.5631929634
2041,"Australia/NZ","Ambitious-Double NMC 811-Baseline-Baseline-Baseline",68294.9964439683
2041,"Australia/NZ","Ambitious-Sodium Battery adoption-Baseline-Baseline-Baseline",68455.1523943767
2041,"Australia/NZ","Ambitious-Solid State adoption-Baseline-Baseline-Baseline",68617.7513773724
2041,"Brazil","Ambitious-Baseline-Baseline-Baseline-Baseline",169893.94593081
2041,"Brazil","Ambitious-Baseline-Baseline-Baseline-Enhanced SSPS",169276.164285887
2041,"Brazil","Ambitious-Baseline-Baseline-Baseline-Enhanced recycling",159484.904694656
2041,"Brazil","Ambitious-Baseline-Baseline-Baseline-USA Recycling",169893.94593081
2041,"Brazil","Ambitious-Baseline-High Capacity-Baseline-Baseline",243324.75210309
2041,"Brazil","Ambitious-Baseline-Low Capacity-Baseline-Baseline",132362.890181718
2041,"Brazil","Ambitious-Baseline-Low Capacity-Baseline-Recycling Medium",129814.24526813
2041,"Brazil","Ambitious-Double LFP-Baseline-Baseline-Baseline",181699.246633093
2041,"Brazil","Ambitious-Double NMC 811-Baseline-Baseline-Baseline",158328.541566252
2041,"Brazil","Ambitious-Sodium Battery adoption-Baseline-Baseline-Baseline",169129.93637867
2041,"Brazil","Ambitious-Solid State adoption-Baseline-Baseline-Baseline",169893.94593081
2041,"Canada","Ambitious-Baseline-Baseline-Baseline-Baseline",96790.3183117507
2041,"Canada","Ambitious-Baseline-Baseline-Baseline-Enhanced SSPS",95823.786523342
2041,"Canada","Ambitious-Baseline-Baseline-Baseline-Enhanced recycling",86525.81794997
2041,"Canada","Ambitious-Baseline-Baseline-Baseline-USA Recycling",96790.3183117507
2041,"Canada","Ambitious-Baseline-High Capacity-Baseline-Baseline",122266.106121552
2041,"Canada","Ambitious-Baseline-Low Capacity-Baseline-Baseline",67620.2120206394
2041,"Canada","Ambitious-Baseline-Low Capacity-Baseline-Recycling Medium",65280.0716776911
2041,"Canada","Ambitious-Double LFP-Baseline-Baseline-Baseline",99665.7338345399
2041,"Canada","Ambitious-Double NMC 811-Baseline-Baseline-Baseline",93843.4218895958
2041,"Canada","Ambitious-Sodium Battery adoption-Baseline-Baseline-Baseline",96547.8956819859
2041,"Canada","Ambitious-Solid State adoption-Baseline-Baseline-Baseline",96790.3183117507
2041,"China","Ambitious-Baseline-Baseline-Baseline-Baseline",1311307.2915113
2041,"China","Ambitious-Baseline-Baseline-Baseline-Enhanced SSPS",1311307.2915113
2041,"China","Ambitious-Baseline-Baseline-Baseline-Enhanced recycling",1301924.94132313
2041,"China","Ambitious-Baseline-Baseline-Baseline-USA Recycling",1311307.2915113
2041,"China","Ambitious-Baseline-High Capacity-Baseline-Baseline",2094813.78779002
2041,"China","Ambitious-Baseline-Low Capacity-Baseline-Baseline",1040027.93822309
2041,"China","Ambitious-Baseline-Low Capacity-Baseline-Recycling Medium",1042807.32690742
2041,"China","Ambitious-Double LFP-Baseline-Baseline-Baseline",1419644.31971449
2041,"China","Ambitious-Double NMC 811-Baseline-Baseline-Baseline",1231304.98857939
2041,"China","Ambitious-Sodium Battery adoption-Baseline-Baseline-Baseline",1303117.71175582
2041,"China","Ambitious-Solid State adoption-Baseline-Baseline-Baseline",1311307.2915113
2041,"EFTA","Ambitious-Baseline-Baseline-Baseline-Baseline",28971.8846122606
2041,"EFTA","Ambitious-Baseline-Baseline-Baseline-Enhanced SSPS",28768.2729833173
2041,"EFTA","Ambitious-Baseline-Baseline-Baseline-Enhanced recycling",23547.5711564132
2041,"EFTA","Ambitious-Baseline-Baseline-Baseline-USA Recycling",28971.8846122606
2041,"EFTA","Ambitious-Baseline-High Capacity-Baseline-Baseline",36998.2043038945
2041,"EFTA","Ambitious-Baseline-Low Capacity-Baseline-Baseline",20482.5072695183
2041,"EFTA","Ambitious-Baseline-Low Capacity-Baseline-Recycling Medium",19042.1999857271
2041,"EFTA","Ambitious-Double LFP-Baseline-Baseline-Baseline",29191.3374692845
2041,"EFTA","Ambitious-Double NMC 811-Baseline-Baseline-Baseline",28851.6043810894
2041,"EFTA","Ambitious-Sodium Battery adoption-Baseline-Baseline-Baseline",28940.6383189706
2041,"EFTA","Ambitious-Solid State adoption-Baseline-Baseline-Baseline",28971.8846122606
2041,"European Union","Ambitious-Baseline-Baseline-Baseline-Baseline",661707.440094265
2041,"European Union","Ambitious-Baseline-Baseline-Baseline-Enhanced SSPS",661486.492052332
2041,"European Union","Ambitious-Baseline-Baseline-Baseline-Enhanced recycling",658905.667697795
2041,"European Union","Ambitious-Baseline-Baseline-Baseline-USA Recycling",661707.440094265
2041,"European Union","Ambitious-Baseline-High Capacity-Baseline-Baseline",943858.335052217
2041,"European Union","Ambitious-Baseline-Low Capacity-Baseline-Baseline",513535.35279003
2041,"European Union","Ambitious-Baseline-Low Capacity-Baseline-Recycling Medium",512603.368194477
2041,"European Union","Ambitious-Double LFP-Baseline-Baseline-Baseline",666431.570849246
2041,"European Union","Ambitious-Double NMC 811-Baseline-Baseline-Baseline",659143.144511167
2041,"European Union","Ambitious-Sodium Battery adoption-Baseline-Baseline-Baseline",661347.998513485
2041,"European Union","Ambitious-Solid State adoption-Baseline-Baseline-Baseline",661707.440094265
2041,"India","Ambitious-Baseline-Baseline-Baseline-Baseline",309253.23822415
2041,"India","Ambitious-Baseline-Baseline-Baseline-Enhanced SSPS",306624.242442246
2041,"India","Ambitious-Baseline-Baseline-Baseline-Enhanced recycling",272122.285196423
2041,"India","Ambitious-Baseline-Baseline-Baseline-USA Recycling",309253.23822415
2041,"India","Ambitious-Baseline-High Capacity-Baseline-Baseline",504517.818497922
2041,"India","Ambitious-Baseline-Low Capacity-Baseline-Baseline",276601.503813661
2041,"India","Ambitious-Baseline-Low Capacity-Baseline-Recycling Medium",268047.516306089
2041,"India","Ambitious-Double LFP-Baseline-Baseline-Baseline",309438.395510434
2041,"India","Ambitious-Double NMC 811-Baseline-Baseline-Baseline",308566.722014857
2041,"India","Ambitious-Sodium Battery adoption-Baseline-Baseline-Baseline",308955.422768886
2041,"India","Ambitious-Solid State adoption-Baseline-Baseline-Baseline",309253.23822415
2041,"Japan","Ambitious-Baseline-Baseline-Baseline-Baseline",171018.798542147
2041,"Japan","Ambitious-Baseline-Baseline-Baseline-Enhanced SSPS",169674.394514401
2041,"Japan","Ambitious-Baseline-Baseline-Baseline-Enhanced recycling",155248.587421135
2041,"Japan","Ambitious-Baseline-Baseline-Baseline-USA Recycling",171018.798542147
2041,"Japan","Ambitious-Baseline-High Capacity-Baseline-Baseline",257008.381209262
2041,"Japan","Ambitious-Baseline-Low Capacity-Baseline-Baseline",146645.119735896
2041,"Japan","Ambitious-Baseline-Low Capacity-Baseline-Recycling Medium",142725.111807004
2041,"Japan","Ambitious-Double LFP-Baseline-Baseline-Baseline",171553.578888846
2041,"Japan","Ambitious-Double NMC 811-Baseline-Baseline-Baseline",170004.930803938
2041,"Japan","Ambitious-Sodium Battery adoption-Baseline-Baseline-Baseline",170830.163194505
2041,"Japan","Ambitious-Solid State adoption-Baseline-Baseline-Baseline",171018.798542147
2041,"Mexico","Ambitious-Baseline-Baseline-Baseline-Baseline",121940.404990692
2041,"Mexico","Ambitious-Baseline-Baseline-Baseline-Enhanced SSPS",121409.422426679
2041,"Mexico","Ambitious-Baseline-Baseline-Baseline-Enhanced recycling",113670.726770883
2041,"Mexico","Ambitious-Baseline-Baseline-Baseline-USA Recycling",121940.404990692
2041,"Mexico","Ambitious-Baseline-High Capacity-Baseline-Baseline",158358.987786491
2041,"Mexico","Ambitious-Baseline-Low Capacity-Baseline-Baseline",92361.8565901055
2041,"Mexico","Ambitious-Baseline-Low Capacity-Baseline-Recycling Medium",90361.1963155879
2041,"Mexico","Ambitious-Double LFP-Baseline-Baseline-Baseline",124312.457445279
2041,"Mexico","Ambitious-Double NMC 811-Baseline-Baseline-Baseline",119514.639640416
2041,"Mexico","Ambitious-Sodium Battery adoption-Baseline-Baseline-Baseline",121755.703189193
2041,"Mexico","Ambitious-Solid State adoption-Baseline-Baseline-Baseline",121940.404990692
2041,"Middle East","Ambitious-Baseline-Baseline-Baseline-Baseline",411794.532971626
2041,"Middle East","Ambitious-Baseline-Baseline-Baseline-Enhanced SSPS",410263.346415942
2041,"Middle East","Ambitious-Baseline-Baseline-Baseline-Enhanced recycling",382979.746386096
2041,"Middle East","Ambitious-Baseline-Baseline-Baseline-USA Recycling",411794.532971626
2041,"Middle East","Ambitious-Baseline-High Capacity-Baseline-Baseline",515780.855107567
2041,"Middle East","Ambitious-Baseline-Low Capacity-Baseline-Baseline",281761.218087949
2041,"Middle East","Ambitious-Baseline-Low Capacity-Baseline-Recycling Medium",275144.542760162
2041,"Middle East","Ambitious-Double LFP-Baseline-Baseline-Baseline",421161.230379896
2041,"Middle East","Ambitious-Double NMC 811-Baseline-Baseline-Baseline",408244.161153429
2041,"Middle East","Ambitious-Sodium Battery adoption-Baseline-Baseline-Baseline",410968.145669326
2041,"Middle East","Ambitious-Solid State adoption-Baseline-Baseline-Baseline",411794.532971626
2041,"Other Asia Pacific","Ambitious-Baseline-Baseline-Baseline-Baseline",213259.04792925
2041,"Other Asia Pacific","Ambitious-Baseline-Baseline-Baseline-Enhanced SSPS",213802.98666639
2041,"Other Asia Pacific","Ambitious-Baseline-Baseline-Baseline-Enhanced recycling",194980.433355818
2041,"Other Asia Pacific","Ambitious-Baseline-Baseline-Baseline-USA Recycling",213259.04792925
2041,"Other Asia Pacific","Ambitious-Baseline-High Capacity-Baseline-Baseline",290384.725068132
2041,"Other Asia Pacific","Ambitious-Baseline-Low Capacity-Baseline-Baseline",139901.561136748
2041,"Other Asia Pacific","Ambitious-Baseline-Low Capacity-Baseline-Recycling Medium",135456.922271923
2041,"Other Asia Pacific","Ambitious-Double LFP-Baseline-Baseline-Baseline",213936.26723699
2041,"Other Asia Pacific","Ambitious-Double NMC 811-Baseline-Baseline-Baseline",211989.616822513
2041,"Other Asia Pacific","Ambitious-Sodium Battery adoption-Baseline-Baseline-Baseline",213211.22246855
2041,"Other Asia Pacific","Ambitious-Solid State adoption-Baseline-Baseline-Baseline",213259.04792925
2041,"Other Europe","Ambitious-Baseline-Baseline-Baseline-Baseline",239303.971428814
2041,"Other Europe","Ambitious-Baseline-Baseline-Baseline-Enhanced SSPS",238380.934381166
2041,"Other Europe","Ambitious-Baseline-Baseline-Baseline-Enhanced recycling",217525.660328845
2041,"Other Europe","Ambitious-Baseline-Baseline-Baseline-USA Recycling",239303.971428814
2041,"Other Europe","Ambitious-Baseline-High Capacity-Baseline-Baseline",315456.512910269
2041,"Other Europe","Ambitious-Baseline-Low Capacity-Baseline-Baseline",169584.333868584
2041,"Other Europe","Ambitious-Baseline-Low Capacity-Baseline-Recycling Medium",164693.802673223
2041,"Other Europe","Ambitious-Double LFP-Baseline-Baseline-Baseline",241124.625473136
2041,"Other Europe","Ambitious-Double NMC 811-Baseline-Baseline-Baseline",236574.332142189
2041,"Other Europe","Ambitious-Sodium Battery adoption-Baseline-Baseline-Baseline",238980.270847027
2041,"Other Europe","Ambitious-Solid State adoption-Baseline-Baseline-Baseline",239303.971428814
2041,"Other Latin America and Caribbean","Ambitious-Baseline-Baseline-Baseline-Baseline",486172.883640548
2041,"Other Latin America and Caribbean","Ambitious-Baseline-Baseline-Baseline-Enhanced SSPS",486220.119806621
2041,"Other Latin America and Caribbean","Ambitious-Baseline-Baseline-Baseline-Enhanced recycling",441387.560463484
2041,"Other Latin America and Caribbean","Ambitious-Baseline-Baseline-Baseline-USA Recycling",486172.883640548
2041,"Other Latin America and Caribbean","Ambitious-Baseline-High Capacity-Baseline-Baseline",666631.767271282
2041,"Other Latin America and Caribbean","Ambitious-Baseline-Low Capacity-Baseline-Baseline",355217.053609626
2041,"Other Latin America and Caribbean","Ambitious-Baseline-Low Capacity-Baseline-Recycling Medium",344241.968855659
2041,"Other Latin America and Caribbean","Ambitious-Double LFP-Baseline-Baseline-Baseline",513294.386700868
2041,"Other Latin America and Caribbean","Ambitious-Double NMC 811-Baseline-Baseline-Baseline",473983.218588632
2041,"Other Latin America and Caribbean","Ambitious-Sodium Battery adoption-Baseline-Baseline-Baseline",484779.136086001
2041,"Other Latin America and Caribbean","Ambitious-Solid State adoption-Baseline-Baseline-Baseline",486172.883640548
2041,"South Korea","Ambitious-Baseline-Baseline-Baseline-Baseline",90912.676073043
2041,"South Korea","Ambitious-Baseline-Baseline-Baseline-Enhanced SSPS",92174.3247859386
2041,"South Korea","Ambitious-Baseline-Baseline-Baseline-Enhanced recycling",74122.5169493366
2041,"South Korea","Ambitious-Baseline-Baseline-Baseline-USA Recycling",90912.676073043
2041,"South Korea","Ambitious-Baseline-High Capacity-Baseline-Baseline",120962.520339118
2041,"South Korea","Ambitious-Baseline-Low Capacity-Baseline-Baseline",62135.4664215448
2041,"South Korea","Ambitious-Baseline-Low Capacity-Baseline-Recycling Medium",57149.4272133185
2041,"South Korea","Ambitious-Double LFP-Baseline-Baseline-Baseline",91201.5843492599
2041,"South Korea","Ambitious-Double NMC 811-Baseline-Baseline-Baseline",90363.1410601887
2041,"South Korea","Ambitious-Sodium Battery adoption-Baseline-Baseline-Baseline",90892.7092571048
2041,"South Korea","Ambitious-Solid State adoption-Baseline-Baseline-Baseline",90912.676073043
2041,"United Kingdom","Ambitious-Baseline-Baseline-Baseline-Baseline",129791.611028218
2041,"United Kingdom","Ambitious-Baseline-Baseline-Baseline-Enhanced SSPS",129791.611028218
2041,"United Kingdom","Ambitious-Baseline-Baseline-Baseline-Enhanced recycling",111042.192042458
2041,"United Kingdom","Ambitious-Baseline-Baseline-Baseline-USA Recycling",129791.611028218
2041,"United Kingdom","Ambitious-Baseline-High Capacity-Baseline-Baseline",169500.411719337
2041,"United Kingdom","Ambitious-Baseline-Low Capacity-Baseline-Baseline",95199.0202788705
2041,"United Kingdom","Ambitious-Baseline-Low Capacity-Baseline-Recycling Medium",89755.063033271
2041,"United Kingdom","Ambitious-Double LFP-Baseline-Baseline-Baseline",130624.342295359
2041,"United Kingdom","Ambitious-Double NMC 811-Baseline-Baseline-Baseline",129327.269156829
2041,"United Kingdom","Ambitious-Sodium Battery adoption-Baseline-Baseline-Baseline",129734.123895112
2041,"United Kingdom","Ambitious-Solid State adoption-Baseline-Baseline-Baseline",129791.611028218
2041,"United States","Ambitious-Baseline-Baseline-Baseline-Baseline",779312.739134741
2041,"United States","Ambitious-Baseline-Baseline-Baseline-Enhanced SSPS",775014.207217994
2041,"United States","Ambitious-Baseline-Baseline-Baseline-Enhanced recycling",686919.443019845
2041,"United States","Ambitious-Baseline-Baseline-Baseline-USA Recycling",682374.299277807
2041,"United States","Ambitious-Baseline-High Capacity-Baseline-Baseline",935691.911437487
2041,"United States","Ambitious-Baseline-Low Capacity-Baseline-Baseline",508501.869183062
2041,"United States","Ambitious-Baseline-Low Capacity-Baseline-Recycling Medium",488043.950011433
2041,"United States","Ambitious-Double LFP-Baseline-Baseline-Baseline",803623.350234129
2041,"United States","Ambitious-Double NMC 811-Baseline-Baseline-Baseline",754422.805021384
2041,"United States","Ambitious-Sodium Battery adoption-Baseline-Baseline-Baseline",777549.142615435
2041,"United States","Ambitious-Solid State adoption-Baseline-Baseline-Baseline",779312.739134741
2042,"ASEAN","Ambitious-Baseline-Baseline-Baseline-Baseline",503809.868338147
2042,"ASEAN","Ambitious-Baseline-Baseline-Baseline-Enhanced SSPS",501947.157673738
2042,"ASEAN","Ambitious-Baseline-Baseline-Baseline-Enhanced recycling",462445.847679945
2042,"ASEAN","Ambitious-Baseline-Baseline-Baseline-USA Recycling",503809.868338147
2042,"ASEAN","Ambitious-Baseline-High Capacity-Baseline-Baseline",740075.609381139
2042,"ASEAN","Ambitious-Baseline-Low Capacity-Baseline-Baseline",400103.318709487
2042,"ASEAN","Ambitious-Baseline-Low Capacity-Baseline-Recycling Medium",389810.421876217
2042,"ASEAN","Ambitious-Double LFP-Baseline-Baseline-Baseline",531840.632717611
2042,"ASEAN","Ambitious-Double NMC 811-Baseline-Baseline-Baseline",490400.622627948
2042,"ASEAN","Ambitious-Sodium Battery adoption-Baseline-Baseline-Baseline",501790.18918074
2042,"ASEAN","Ambitious-Solid State adoption-Baseline-Baseline-Baseline",503809.868338147
2042,"Africa","Ambitious-Baseline-Baseline-Baseline-Baseline",254297.407166376
2042,"Africa","Ambitious-Baseline-Baseline-Baseline-Enhanced SSPS",254225.36022807
2042,"Africa","Ambitious-Baseline-Baseline-Baseline-Enhanced recycling",231562.900821208
2042,"Africa","Ambitious-Baseline-Baseline-Baseline-USA Recycling",254297.407166376
2042,"Africa","Ambitious-Baseline-High Capacity-Baseline-Baseline",359854.963722982
2042,"Africa","Ambitious-Baseline-Low Capacity-Baseline-Baseline",190556.870070608
2042,"Africa","Ambitious-Baseline-Low Capacity-Baseline-Recycling Medium",184760.4773141
2042,"Africa","Ambitious-Double LFP-Baseline-Baseline-Baseline",257584.189174562
2042,"Africa","Ambitious-Double NMC 811-Baseline-Baseline-Baseline",249296.571571685
2042,"Africa","Ambitious-Sodium Battery adoption-Baseline-Baseline-Baseline",254059.478913256
2042,"Africa","Ambitious-Solid State adoption-Baseline-Baseline-Baseline",254297.407166376
2042,"Australia/NZ","Ambitious-Baseline-Baseline-Baseline-Baseline",69964.2615730905
2042,"Australia/NZ","Ambitious-Baseline-Baseline-Baseline-Enhanced SSPS",70547.0902545061
2042,"Australia/NZ","Ambitious-Baseline-Baseline-Baseline-Enhanced recycling",61535.216902506
2042,"Australia/NZ","Ambitious-Baseline-Baseline-Baseline-USA Recycling",69964.2615730905
2042,"Australia/NZ","Ambitious-Baseline-High Capacity-Baseline-Baseline",91384.121352119
2042,"Australia/NZ","Ambitious-Baseline-Low Capacity-Baseline-Baseline",50536.2258115905
2042,"Australia/NZ","Ambitious-Baseline-Low Capacity-Baseline-Recycling Medium",47966.4213393491
2042,"Australia/NZ","Ambitious-Double LFP-Baseline-Baseline-Baseline",72505.2127294496
2042,"Australia/NZ","Ambitious-Double NMC 811-Baseline-Baseline-Baseline",69620.0454503656
2042,"Australia/NZ","Ambitious-Sodium Battery adoption-Baseline-Baseline-Baseline",69798.8568949439
2042,"Australia/NZ","Ambitious-Solid State adoption-Baseline-Baseline-Baseline",69964.2615730906
2042,"Brazil","Ambitious-Baseline-Baseline-Baseline-Baseline",177055.261539885
2042,"Brazil","Ambitious-Baseline-Baseline-Baseline-Enhanced SSPS",176243.905876513
2042,"Brazil","Ambitious-Baseline-Baseline-Baseline-Enhanced recycling",164460.904216124
2042,"Brazil","Ambitious-Baseline-Baseline-Baseline-USA Recycling",177055.261539885
2042,"Brazil","Ambitious-Baseline-High Capacity-Baseline-Baseline",253967.699486502
2042,"Brazil","Ambitious-Baseline-Low Capacity-Baseline-Baseline",137924.248521826
2042,"Brazil","Ambitious-Baseline-Low Capacity-Baseline-Recycling Medium",134865.619344125
2042,"Brazil","Ambitious-Double LFP-Baseline-Baseline-Baseline",189855.015175199
2042,"Brazil","Ambitious-Double NMC 811-Baseline-Baseline-Baseline",164634.696895361
2042,"Brazil","Ambitious-Sodium Battery adoption-Baseline-Baseline-Baseline",176259.628999592
2042,"Brazil","Ambitious-Solid State adoption-Baseline-Baseline-Baseline",177055.261539885
2042,"Canada","Ambitious-Baseline-Baseline-Baseline-Baseline",96933.5362250614
2042,"Canada","Ambitious-Baseline-Baseline-Baseline-Enhanced SSPS",95713.8276681811
2042,"Canada","Ambitious-Baseline-Baseline-Baseline-Enhanced recycling",84635.3371881996
2042,"Canada","Ambitious-Baseline-Baseline-Baseline-USA Recycling",96933.5362250614
2042,"Canada","Ambitious-Baseline-High Capacity-Baseline-Baseline",122516.630734832
2042,"Canada","Ambitious-Baseline-Low Capacity-Baseline-Baseline",67904.2036249178
2042,"Canada","Ambitious-Baseline-Low Capacity-Baseline-Recycling Medium",65140.7094062
2042,"Canada","Ambitious-Double LFP-Baseline-Baseline-Baseline",99973.0253649883
2042,"Canada","Ambitious-Double NMC 811-Baseline-Baseline-Baseline",93876.0008454215
2042,"Canada","Ambitious-Sodium Battery adoption-Baseline-Baseline-Baseline",96700.1752148213
2042,"Canada","Ambitious-Solid State adoption-Baseline-Baseline-Baseline",96933.5362250614
2042,"China","Ambitious-Baseline-Baseline-Baseline-Baseline",1267220.713499
2042,"China","Ambitious-Baseline-Baseline-Baseline-Enhanced SSPS",1267220.713499
2042,"China","Ambitious-Baseline-Baseline-Baseline-Enhanced recycling",1258050.96148773
2042,"China","Ambitious-Baseline-Baseline-Baseline-USA Recycling",1267220.713499
2042,"China","Ambitious-Baseline-High Capacity-Baseline-Baseline",2027593.24519521
2042,"China","Ambitious-Baseline-Low Capacity-Baseline-Baseline",1006214.03617242
2042,"China","Ambitious-Baseline-Low Capacity-Baseline-Recycling Medium",1008344.88425341
2042,"China","Ambitious-Double LFP-Baseline-Baseline-Baseline",1376630.0353017
2042,"China","Ambitious-Double NMC 811-Baseline-Baseline-Baseline",1185046.29764109
2042,"China","Ambitious-Sodium Battery adoption-Baseline-Baseline-Baseline",1259001.06750221
2042,"China","Ambitious-Solid State adoption-Baseline-Baseline-Baseline",1267220.713499
2042,"EFTA","Ambitious-Baseline-Baseline-Baseline-Baseline",28547.9043684068
2042,"EFTA","Ambitious-Baseline-Baseline-Baseline-Enhanced SSPS",28327.3444040934
2042,"EFTA","Ambitious-Baseline-Baseline-Baseline-Enhanced recycling",22542.730389045
2042,"EFTA","Ambitious-Baseline-Baseline-Baseline-USA Recycling",28547.9043684068
2042,"EFTA","Ambitious-Baseline-High Capacity-Baseline-Baseline",36477.505652947
2042,"EFTA","Ambitious-Baseline-Low Capacity-Baseline-Baseline",20206.981260145
2042,"EFTA","Ambitious-Baseline-Low Capacity-Baseline-Recycling Medium",18637.9129678264
2042,"EFTA","Ambitious-Double LFP-Baseline-Baseline-Baseline",28774.9490615366
2042,"EFTA","Ambitious-Double NMC 811-Baseline-Baseline-Baseline",28427.3609071964
2042,"EFTA","Ambitious-Sodium Battery adoption-Baseline-Baseline-Baseline",28516.8688560726
2042,"EFTA","Ambitious-Solid State adoption-Baseline-Baseline-Baseline",28547.9043684068
2042,"European Union","Ambitious-Baseline-Baseline-Baseline-Baseline",638126.074864468
2042,"European Union","Ambitious-Baseline-Baseline-Baseline-Enhanced SSPS",637912.35348473
2042,"European Union","Ambitious-Baseline-Baseline-Baseline-Enhanced recycling",636164.193112033
2042,"European Union","Ambitious-Baseline-Baseline-Baseline-USA Recycling",638126.074864468
2042,"European Union","Ambitious-Baseline-High Capacity-Baseline-Baseline",912400.336333522
2042,"European Union","Ambitious-Baseline-Low Capacity-Baseline-Baseline",495869.328058839
2042,"European Union","Ambitious-Baseline-Low Capacity-Baseline-Recycling Medium",494108.190066952
2042,"European Union","Ambitious-Double LFP-Baseline-Baseline-Baseline",642978.531407167
2042,"European Union","Ambitious-Double NMC 811-Baseline-Baseline-Baseline",635585.798054939
2042,"European Union","Ambitious-Sodium Battery adoption-Baseline-Baseline-Baseline",637774.156398317
2042,"European Union","Ambitious-Solid State adoption-Baseline-Baseline-Baseline",638126.074864468
2042,"India","Ambitious-Baseline-Baseline-Baseline-Baseline",315308.279006824
2042,"India","Ambitious-Baseline-Baseline-Baseline-Enhanced SSPS",312157.154530148
2042,"India","Ambitious-Baseline-Baseline-Baseline-Enhanced recycling",272391.143418988
2042,"India","Ambitious-Baseline-Baseline-Baseline-USA Recycling",315308.279006824
2042,"India","Ambitious-Baseline-High Capacity-Baseline-Baseline",512829.407202404
2042,"India","Ambitious-Baseline-Low Capacity-Baseline-Baseline",282432.537131702
2042,"India","Ambitious-Baseline-Low Capacity-Baseline-Recycling Medium",272507.601791185
2042,"India","Ambitious-Double LFP-Baseline-Baseline-Baseline",315506.162083999
2042,"India","Ambitious-Double NMC 811-Baseline-Baseline-Baseline",314646.012336525
2042,"India","Ambitious-Sodium Battery adoption-Baseline-Baseline-Baseline",315024.951467594
2042,"India","Ambitious-Solid State adoption-Baseline-Baseline-Baseline",315308.279006824
2042,"Japan","Ambitious-Baseline-Baseline-Baseline-Baseline",171269.689274167
2042,"Japan","Ambitious-Baseline-Baseline-Baseline-Enhanced SSPS",169588.16024925
2042,"Japan","Ambitious-Baseline-Baseline-Baseline-Enhanced recycling",152434.581908961
2042,"Japan","Ambitious-Baseline-Baseline-Baseline-USA Recycling",171269.689274167
2042,"Japan","Ambitious-Baseline-High Capacity-Baseline-Baseline",256914.812528992
2042,"Japan","Ambitious-Baseline-Low Capacity-Baseline-Baseline",146847.638848369
2042,"Japan","Ambitious-Baseline-Low Capacity-Baseline-Recycling Medium",142206.675757128
2042,"Japan","Ambitious-Double LFP-Baseline-Baseline-Baseline",171829.371801706
2042,"Japan","Ambitious-Double NMC 811-Baseline-Baseline-Baseline",170281.714843734
2042,"Japan","Ambitious-Sodium Battery adoption-Baseline-Baseline-Baseline",171092.559453578
2042,"Japan","Ambitious-Solid State adoption-Baseline-Baseline-Baseline",171269.689274167
2042,"Mexico","Ambitious-Baseline-Baseline-Baseline-Baseline",124723.360179014
2042,"Mexico","Ambitious-Baseline-Baseline-Baseline-Enhanced SSPS",124092.784024523
2042,"Mexico","Ambitious-Baseline-Baseline-Baseline-Enhanced recycling",114453.026721636
2042,"Mexico","Ambitious-Baseline-Baseline-Baseline-USA Recycling",124723.360179014
2042,"Mexico","Ambitious-Baseline-High Capacity-Baseline-Baseline",162121.772196405
2042,"Mexico","Ambitious-Baseline-Low Capacity-Baseline-Baseline",94380.9777591112
2042,"Mexico","Ambitious-Baseline-Low Capacity-Baseline-Recycling Medium",91914.3175815943
2042,"Mexico","Ambitious-Double LFP-Baseline-Baseline-Baseline",127327.788532809
2042,"Mexico","Ambitious-Double NMC 811-Baseline-Baseline-Baseline",122108.987370572
2042,"Mexico","Ambitious-Sodium Battery adoption-Baseline-Baseline-Baseline",124541.04911883
2042,"Mexico","Ambitious-Solid State adoption-Baseline-Baseline-Baseline",124723.360179014
2042,"Middle East","Ambitious-Baseline-Baseline-Baseline-Baseline",427366.354610072
2042,"Middle East","Ambitious-Baseline-Baseline-Baseline-Enhanced SSPS",425482.858569211
2042,"Middle East","Ambitious-Baseline-Baseline-Baseline-Enhanced recycling",392652.709641844
2042,"Middle East","Ambitious-Baseline-Baseline-Baseline-USA Recycling",427366.354610072
2042,"Middle East","Ambitious-Baseline-High Capacity-Baseline-Baseline",535591.505501497
2042,"Middle East","Ambitious-Baseline-Low Capacity-Baseline-Baseline",292606.415565379
2042,"Middle East","Ambitious-Baseline-Low Capacity-Baseline-Recycling Medium",284701.302994114
2042,"Middle East","Ambitious-Double LFP-Baseline-Baseline-Baseline",437463.018007869
2042,"Middle East","Ambitious-Double NMC 811-Baseline-Baseline-Baseline",423570.079534817
2042,"Middle East","Ambitious-Sodium Battery adoption-Baseline-Baseline-Baseline",426542.298544941
2042,"Middle East","Ambitious-Solid State adoption-Baseline-Baseline-Baseline",427366.354610072
2042,"Other Asia Pacific","Ambitious-Baseline-Baseline-Baseline-Baseline",226265.823082048
2042,"Other Asia Pacific","Ambitious-Baseline-Baseline-Baseline-Enhanced SSPS",227045.981977206
2042,"Other Asia Pacific","Ambitious-Baseline-Baseline-Baseline-Enhanced recycling",204188.780257174
2042,"Other Asia Pacific","Ambitious-Baseline-Baseline-Baseline-USA Recycling",226265.823082048
2042,"Other Asia Pacific","Ambitious-Baseline-High Capacity-Baseline-Baseline",308037.343866406
2042,"Other Asia Pacific","Ambitious-Baseline-Low Capacity-Baseline-Baseline",148551.314971674
2042,"Other Asia Pacific","Ambitious-Baseline-Low Capacity-Baseline-Recycling Medium",143125.130172104
2042,"Other Asia Pacific","Ambitious-Double LFP-Baseline-Baseline-Baseline",227020.408271404
2042,"Other Asia Pacific","Ambitious-Double NMC 811-Baseline-Baseline-Baseline",224946.51668004
2042,"Other Asia Pacific","Ambitious-Sodium Battery adoption-Baseline-Baseline-Baseline",226214.792476742
2042,"Other Asia Pacific","Ambitious-Solid State adoption-Baseline-Baseline-Baseline",226265.823082049
2042,"Other Europe","Ambitious-Baseline-Baseline-Baseline-Baseline",246285.078548354
2042,"Other Europe","Ambitious-Baseline-Baseline-Baseline-Enhanced SSPS",245175.698880852
2042,"Other Europe","Ambitious-Baseline-Baseline-Baseline-Enhanced recycling",220820.127646747
2042,"Other Europe","Ambitious-Baseline-Baseline-Baseline-USA Recycling",246285.078548354
2042,"Other Europe","Ambitious-Baseline-High Capacity-Baseline-Baseline",324557.58199367
2042,"Other Europe","Ambitious-Baseline-Low Capacity-Baseline-Baseline",175059.294910139
2042,"Other Europe","Ambitious-Baseline-Low Capacity-Baseline-Recycling Medium",169382.810408624
2042,"Other Europe","Ambitious-Double LFP-Baseline-Baseline-Baseline",248254.58329383
2042,"Other Europe","Ambitious-Double NMC 811-Baseline-Baseline-Baseline",243491.181304657
2042,"Other Europe","Ambitious-Sodium Battery adoption-Baseline-Baseline-Baseline",245964.417346324
2042,"Other Europe","Ambitious-Solid State adoption-Baseline-Baseline-Baseline",246285.078548353
2042,"Other Latin America and Caribbean","Ambitious-Baseline-Baseline-Baseline-Baseline",503441.311832432
2042,"Other Latin America and Caribbean","Ambitious-Baseline-Baseline-Baseline-Enhanced SSPS",503626.376363492
2042,"Other Latin America and Caribbean","Ambitious-Baseline-Baseline-Baseline-Enhanced recycling",449980.437961876
2042,"Other Latin America and Caribbean","Ambitious-Baseline-Baseline-Baseline-USA Recycling",503441.311832432
2042,"Other Latin America and Caribbean","Ambitious-Baseline-High Capacity-Baseline-Baseline",690726.80933119
2042,"Other Latin America and Caribbean","Ambitious-Baseline-Low Capacity-Baseline-Baseline",368240.284557731
2042,"Other Latin America and Caribbean","Ambitious-Baseline-Low Capacity-Baseline-Recycling Medium",354999.408528957
2042,"Other Latin America and Caribbean","Ambitious-Double LFP-Baseline-Baseline-Baseline",531861.692202278
2042,"Other Latin America and Caribbean","Ambitious-Double NMC 811-Baseline-Baseline-Baseline",490160.708459799
2042,"Other Latin America and Caribbean","Ambitious-Sodium Battery adoption-Baseline-Baseline-Baseline",501994.615304579
2042,"Other Latin America and Caribbean","Ambitious-Solid State adoption-Baseline-Baseline-Baseline",503441.311832432
2042,"South Korea","Ambitious-Baseline-Baseline-Baseline-Baseline",89812.050115019
2042,"South Korea","Ambitious-Baseline-Baseline-Baseline-Enhanced SSPS",91406.4500253725
2042,"South Korea","Ambitious-Baseline-Baseline-Baseline-Enhanced recycling",70394.8163366455
2042,"South Korea","Ambitious-Baseline-Baseline-Baseline-USA Recycling",89812.050115019
2042,"South Korea","Ambitious-Baseline-High Capacity-Baseline-Baseline",119758.478363308
2042,"South Korea","Ambitious-Baseline-Low Capacity-Baseline-Baseline",61416.4289876082
2042,"South Korea","Ambitious-Baseline-Low Capacity-Baseline-Recycling Medium",55640.7775191613
2042,"South Korea","Ambitious-Double LFP-Baseline-Baseline-Baseline",90109.3117558995
2042,"South Korea","Ambitious-Double NMC 811-Baseline-Baseline-Baseline",89293.0490279905
2042,"South Korea","Ambitious-Sodium Battery adoption-Baseline-Baseline-Baseline",89792.4202248857
2042,"South Korea","Ambitious-Solid State adoption-Baseline-Baseline-Baseline",89812.050115019
2042,"United Kingdom","Ambitious-Baseline-Baseline-Baseline-Baseline",129587.116706109
2042,"United Kingdom","Ambitious-Baseline-Baseline-Baseline-Enhanced SSPS",129587.116706109
2042,"United Kingdom","Ambitious-Baseline-Baseline-Baseline-Enhanced recycling",107135.305139544
2042,"United Kingdom","Ambitious-Baseline-Baseline-Baseline-USA Recycling",129587.116706109
2042,"United Kingdom","Ambitious-Baseline-High Capacity-Baseline-Baseline",169373.086941147
2042,"United Kingdom","Ambitious-Baseline-Low Capacity-Baseline-Baseline",94998.4062889631
2042,"United Kingdom","Ambitious-Baseline-Low Capacity-Baseline-Recycling Medium",88741.2788837672
2042,"United Kingdom","Ambitious-Double LFP-Baseline-Baseline-Baseline",130453.162005294
2042,"United Kingdom","Ambitious-Double NMC 811-Baseline-Baseline-Baseline",129118.435361464
2042,"United Kingdom","Ambitious-Sodium Battery adoption-Baseline-Baseline-Baseline",129529.923604964
2042,"United Kingdom","Ambitious-Solid State adoption-Baseline-Baseline-Baseline",129587.116706108
2042,"United States","Ambitious-Baseline-Baseline-Baseline-Baseline",777591.365288074
2042,"United States","Ambitious-Baseline-Baseline-Baseline-Enhanced SSPS",780902.663172871
2042,"United States","Ambitious-Baseline-Baseline-Baseline-Enhanced recycling",669588.633898502
2042,"United States","Ambitious-Baseline-Baseline-Baseline-USA Recycling",664414.197876233
2042,"United States","Ambitious-Baseline-High Capacity-Baseline-Baseline",936398.754112188
2042,"United States","Ambitious-Baseline-Low Capacity-Baseline-Baseline",508102.020959423
2042,"United States","Ambitious-Baseline-Low Capacity-Baseline-Recycling Medium",484512.814607052
2042,"United States","Ambitious-Double LFP-Baseline-Baseline-Baseline",803390.593641374
2042,"United States","Ambitious-Double NMC 811-Baseline-Baseline-Baseline",751680.061108797
2042,"United States","Ambitious-Sodium Battery adoption-Baseline-Baseline-Baseline",775903.278460061
2042,"United States","Ambitious-Solid State adoption-Baseline-Baseline-Baseline",777591.365288074
2043,"ASEAN","Ambitious-Baseline-Baseline-Baseline-Baseline",529533.387265648
2043,"ASEAN","Ambitious-Baseline-Baseline-Baseline-Enhanced SSPS",528065.638962374
2043,"ASEAN","Ambitious-Baseline-Baseline-Baseline-Enhanced recycling",479764.954848136
2043,"ASEAN","Ambitious-Baseline-Baseline-Baseline-USA Recycling",529533.387265648
2043,"ASEAN","Ambitious-Baseline-High Capacity-Baseline-Baseline",779101.84629302
2043,"ASEAN","Ambitious-Baseline-Low Capacity-Baseline-Baseline",421074.028839932
2043,"ASEAN","Ambitious-Baseline-Low Capacity-Baseline-Recycling Medium",408718.17510048
2043,"ASEAN","Ambitious-Double LFP-Baseline-Baseline-Baseline",559501.985391342
2043,"ASEAN","Ambitious-Double NMC 811-Baseline-Baseline-Baseline",514815.557606112
2043,"ASEAN","Ambitious-Sodium Battery adoption-Baseline-Baseline-Baseline",527445.511066142
2043,"ASEAN","Ambitious-Solid State adoption-Baseline-Baseline-Baseline",529533.387265648
2043,"Africa","Ambitious-Baseline-Baseline-Baseline-Baseline",268312.969284546
2043,"Africa","Ambitious-Baseline-Baseline-Baseline-Enhanced SSPS",268652.248673828
2043,"Africa","Ambitious-Baseline-Baseline-Baseline-Enhanced recycling",240891.308011053
2043,"Africa","Ambitious-Baseline-Baseline-Baseline-USA Recycling",268312.969284546
2043,"Africa","Ambitious-Baseline-High Capacity-Baseline-Baseline",380003.734063538
2043,"Africa","Ambitious-Baseline-Low Capacity-Baseline-Baseline",201040.770421257
2043,"Africa","Ambitious-Baseline-Low Capacity-Baseline-Recycling Medium",193990.943072925
2043,"Africa","Ambitious-Double LFP-Baseline-Baseline-Baseline",272063.300499086
2043,"Africa","Ambitious-Double NMC 811-Baseline-Baseline-Baseline",262914.404749478
2043,"Africa","Ambitious-Sodium Battery adoption-Baseline-Baseline-Baseline",268063.09886898
2043,"Africa","Ambitious-Solid State adoption-Baseline-Baseline-Baseline",268312.969284546
2043,"Australia/NZ","Ambitious-Baseline-Baseline-Baseline-Baseline",71188.2263085567
2043,"Australia/NZ","Ambitious-Baseline-Baseline-Baseline-Enhanced SSPS",71922.6313274056
2043,"Australia/NZ","Ambitious-Baseline-Baseline-Baseline-Enhanced recycling",61254.6134772503
2043,"Australia/NZ","Ambitious-Baseline-Baseline-Baseline-USA Recycling",71188.2263085567
2043,"Australia/NZ","Ambitious-Baseline-High Capacity-Baseline-Baseline",93173.1642852609
2043,"Australia/NZ","Ambitious-Baseline-Low Capacity-Baseline-Baseline",51361.3184962017
2043,"Australia/NZ","Ambitious-Baseline-Low Capacity-Baseline-Recycling Medium",48295.7596495171
2043,"Australia/NZ","Ambitious-Double LFP-Baseline-Baseline-Baseline",73882.5460306553
2043,"Australia/NZ","Ambitious-Double NMC 811-Baseline-Baseline-Baseline",70822.8307995411
2043,"Australia/NZ","Ambitious-Sodium Battery adoption-Baseline-Baseline-Baseline",71020.049419088
2043,"Australia/NZ","Ambitious-Solid State adoption-Baseline-Baseline-Baseline",71188.2263085568
2043,"Brazil","Ambitious-Baseline-Baseline-Baseline-Baseline",183798.738501051
2043,"Brazil","Ambitious-Baseline-Baseline-Baseline-Enhanced SSPS",182764.216083656
2043,"Brazil","Ambitious-Baseline-Baseline-Baseline-Enhanced recycling",168731.651374155
2043,"Brazil","Ambitious-Baseline-Baseline-Baseline-USA Recycling",183798.738501051
2043,"Brazil","Ambitious-Baseline-High Capacity-Baseline-Baseline",264026.524206881
2043,"Brazil","Ambitious-Baseline-Low Capacity-Baseline-Baseline",143173.726458576
2043,"Brazil","Ambitious-Baseline-Low Capacity-Baseline-Recycling Medium",139541.468747642
2043,"Brazil","Ambitious-Double LFP-Baseline-Baseline-Baseline",197620.840213625
2043,"Brazil","Ambitious-Double NMC 811-Baseline-Baseline-Baseline",170532.275438486
2043,"Brazil","Ambitious-Sodium Battery adoption-Baseline-Baseline-Baseline",182974.220786469
2043,"Brazil","Ambitious-Solid State adoption-Baseline-Baseline-Baseline",183798.738501051
2043,"Canada","Ambitious-Baseline-Baseline-Baseline-Baseline",96064.8703563263
2043,"Canada","Ambitious-Baseline-Baseline-Baseline-Enhanced SSPS",95436.7937746919
2043,"Canada","Ambitious-Baseline-Baseline-Baseline-Enhanced recycling",81553.2694740848
2043,"Canada","Ambitious-Baseline-Baseline-Baseline-USA Recycling",96064.8703563263
2043,"Canada","Ambitious-Baseline-High Capacity-Baseline-Baseline",121503.036582993
2043,"Canada","Ambitious-Baseline-Low Capacity-Baseline-Baseline",67541.6171001832
2043,"Canada","Ambitious-Baseline-Low Capacity-Baseline-Recycling Medium",64328.9747915274
2043,"Canada","Ambitious-Double LFP-Baseline-Baseline-Baseline",99242.6160195365
2043,"Canada","Ambitious-Double NMC 811-Baseline-Baseline-Baseline",92929.8686743461
2043,"Canada","Ambitious-Sodium Battery adoption-Baseline-Baseline-Baseline",95844.316826643
2043,"Canada","Ambitious-Solid State adoption-Baseline-Baseline-Baseline",96064.8703563262
2043,"China","Ambitious-Baseline-Baseline-Baseline-Baseline",1218249.69449733
2043,"China","Ambitious-Baseline-Baseline-Baseline-Enhanced SSPS",1218249.69449733
2043,"China","Ambitious-Baseline-Baseline-Baseline-Enhanced recycling",1209402.40787101
2043,"China","Ambitious-Baseline-Baseline-Baseline-USA Recycling",1218249.69449733
2043,"China","Ambitious-Baseline-High Capacity-Baseline-Baseline",1949937.60973972
2043,"China","Ambitious-Baseline-Low Capacity-Baseline-Baseline",978704.407484131
2043,"China","Ambitious-Baseline-Low Capacity-Baseline-Recycling Medium",970213.058410707
2043,"China","Ambitious-Double LFP-Baseline-Baseline-Baseline",1328135.54980984
2043,"China","Ambitious-Double NMC 811-Baseline-Baseline-Baseline",1134552.96802495
2043,"China","Ambitious-Sodium Battery adoption-Baseline-Baseline-Baseline",1210046.79647661
2043,"China","Ambitious-Solid State adoption-Baseline-Baseline-Baseline",1218249.69449733
2043,"EFTA","Ambitious-Baseline-Baseline-Baseline-Baseline",28164.3118768807
2043,"EFTA","Ambitious-Baseline-Baseline-Baseline-Enhanced SSPS",27927.1220615159
2043,"EFTA","Ambitious-Baseline-Baseline-Baseline-Enhanced recycling",21581.5748374799
2043,"EFTA","Ambitious-Baseline-Baseline-Baseline-USA Recycling",28164.3118768807
2043,"EFTA","Ambitious-Baseline-High Capacity-Baseline-Baseline",35983.330578845
2043,"EFTA","Ambitious-Baseline-Low Capacity-Baseline-Baseline",19986.3935800081
2043,"EFTA","Ambitious-Baseline-Low Capacity-Baseline-Recycling Medium",18293.6775937988
2043,"EFTA","Ambitious-Double LFP-Baseline-Baseline-Baseline",28398.299680055
2043,"EFTA","Ambitious-Double NMC 811-Baseline-Baseline-Baseline",28043.8570756775
2043,"EFTA","Ambitious-Sodium Battery adoption-Baseline-Baseline-Baseline",28133.3464499562
2043,"EFTA","Ambitious-Solid State adoption-Baseline-Baseline-Baseline",28164.3118768808
2043,"European Union","Ambitious-Baseline-Baseline-Baseline-Baseline",609370.360988553
2043,"European Union","Ambitious-Baseline-Baseline-Baseline-Enhanced SSPS",609315.344528843
2043,"European Union","Ambitious-Baseline-Baseline-Baseline-Enhanced recycling",608628.711937993
2043,"European Union","Ambitious-Baseline-Baseline-Baseline-USA Recycling",609370.360988553
2043,"European Union","Ambitious-Baseline-High Capacity-Baseline-Baseline",872761.62467713
2043,"European Union","Ambitious-Baseline-Low Capacity-Baseline-Baseline",473381.496103428
2043,"European Union","Ambitious-Baseline-Low Capacity-Baseline-Recycling Medium",471662.2205289
2043,"European Union","Ambitious-Double LFP-Baseline-Baseline-Baseline",614302.563249282
2043,"European Union","Ambitious-Double NMC 811-Baseline-Baseline-Baseline",606888.652959731
2043,"European Union","Ambitious-Sodium Battery adoption-Baseline-Baseline-Baseline",609028.982142197
2043,"European Union","Ambitious-Solid State adoption-Baseline-Baseline-Baseline",609370.360988554
2043,"India","Ambitious-Baseline-Baseline-Baseline-Baseline",320496.113449709
2043,"India","Ambitious-Baseline-Baseline-Baseline-Enhanced SSPS",316810.828135676
2043,"India","Ambitious-Baseline-Baseline-Baseline-Enhanced recycling",271439.585183311
2043,"India","Ambitious-Baseline-Baseline-Baseline-USA Recycling",320496.113449709
2043,"India","Ambitious-Baseline-High Capacity-Baseline-Baseline",519412.414982882
2043,"India","Ambitious-Baseline-Low Capacity-Baseline-Baseline",287329.798029074
2043,"India","Ambitious-Baseline-Low Capacity-Baseline-Recycling Medium",275918.60894559
2043,"India","Ambitious-Double LFP-Baseline-Baseline-Baseline",320706.197910353
2043,"India","Ambitious-Double NMC 811-Baseline-Baseline-Baseline",319862.279278067
2043,"India","Ambitious-Sodium Battery adoption-Baseline-Baseline-Baseline",320229.384769745
2043,"India","Ambitious-Solid State adoption-Baseline-Baseline-Baseline",320496.11344971
2043,"Japan","Ambitious-Baseline-Baseline-Baseline-Baseline",171030.802580713
2043,"Japan","Ambitious-Baseline-Baseline-Baseline-Enhanced SSPS",168979.138996029
2043,"Japan","Ambitious-Baseline-Baseline-Baseline-Enhanced recycling",148727.872688525
2043,"Japan","Ambitious-Baseline-Baseline-Baseline-USA Recycling",171030.802580713
2043,"Japan","Ambitious-Baseline-High Capacity-Baseline-Baseline",255922.871197494
2043,"Japan","Ambitious-Baseline-Low Capacity-Baseline-Baseline",146687.835700669
2043,"Japan","Ambitious-Baseline-Low Capacity-Baseline-Recycling Medium",141221.968042875
2043,"Japan","Ambitious-Double LFP-Baseline-Baseline-Baseline",171613.581792679
2043,"Japan","Ambitious-Double NMC 811-Baseline-Baseline-Baseline",170070.151817071
2043,"Japan","Ambitious-Sodium Battery adoption-Baseline-Baseline-Baseline",170868.34437564
2043,"Japan","Ambitious-Solid State adoption-Baseline-Baseline-Baseline",171030.802580713
2043,"Mexico","Ambitious-Baseline-Baseline-Baseline-Baseline",127049.463969947
2043,"Mexico","Ambitious-Baseline-Baseline-Baseline-Enhanced SSPS",127703.134296194
2043,"Mexico","Ambitious-Baseline-Baseline-Baseline-Enhanced recycling",114428.358301615
2043,"Mexico","Ambitious-Baseline-Baseline-Baseline-USA Recycling",127049.463969947
2043,"Mexico","Ambitious-Baseline-High Capacity-Baseline-Baseline",166252.78088448
2043,"Mexico","Ambitious-Baseline-Low Capacity-Baseline-Baseline",96050.5832879068
2043,"Mexico","Ambitious-Baseline-Low Capacity-Baseline-Recycling Medium",93037.7650770724
2043,"Mexico","Ambitious-Double LFP-Baseline-Baseline-Baseline",129896.748370067
2043,"Mexico","Ambitious-Double NMC 811-Baseline-Baseline-Baseline",124244.955401913
2043,"Mexico","Ambitious-Sodium Battery adoption-Baseline-Baseline-Baseline",126872.591333661
2043,"Mexico","Ambitious-Solid State adoption-Baseline-Baseline-Baseline",127049.463969947
2043,"Middle East","Ambitious-Baseline-Baseline-Baseline-Baseline",442029.345647835
2043,"Middle East","Ambitious-Baseline-Baseline-Baseline-Enhanced SSPS",440247.354080006
2043,"Middle East","Ambitious-Baseline-Baseline-Baseline-Enhanced recycling",400587.676314583
2043,"Middle East","Ambitious-Baseline-Baseline-Baseline-USA Recycling",442029.345647835
2043,"Middle East","Ambitious-Baseline-High Capacity-Baseline-Baseline",554875.629875403
2043,"Middle East","Ambitious-Baseline-Low Capacity-Baseline-Baseline",302935.24994554
2043,"Middle East","Ambitious-Baseline-Low Capacity-Baseline-Recycling Medium",293579.618219189
2043,"Middle East","Ambitious-Double LFP-Baseline-Baseline-Baseline",452862.651643185
2043,"Middle East","Ambitious-Double NMC 811-Baseline-Baseline-Baseline",437990.530972357
2043,"Middle East","Ambitious-Sodium Battery adoption-Baseline-Baseline-Baseline",441215.582277578
2043,"Middle East","Ambitious-Solid State adoption-Baseline-Baseline-Baseline",442029.345647835
2043,"Other Asia Pacific","Ambitious-Baseline-Baseline-Baseline-Baseline",240554.307070206
2043,"Other Asia Pacific","Ambitious-Baseline-Baseline-Baseline-Enhanced SSPS",241295.024455769
2043,"Other Asia Pacific","Ambitious-Baseline-Baseline-Baseline-Enhanced recycling",214495.963710715
2043,"Other Asia Pacific","Ambitious-Baseline-Baseline-Baseline-USA Recycling",240554.307070206
2043,"Other Asia Pacific","Ambitious-Baseline-High Capacity-Baseline-Baseline",326791.389954034
2043,"Other Asia Pacific","Ambitious-Baseline-Low Capacity-Baseline-Baseline",158864.001157054
2043,"Other Asia Pacific","Ambitious-Baseline-Low Capacity-Baseline-Recycling Medium",152521.021994378
2043,"Other Asia Pacific","Ambitious-Double LFP-Baseline-Baseline-Baseline",241389.763534449
2043,"Other Asia Pacific","Ambitious-Double NMC 811-Baseline-Baseline-Baseline",239187.838223497
2043,"Other Asia Pacific","Ambitious-Sodium Battery adoption-Baseline-Baseline-Baseline",240480.740641924
2043,"Other Asia Pacific","Ambitious-Solid State adoption-Baseline-Baseline-Baseline",240554.307070206
2043,"Other Europe","Ambitious-Baseline-Baseline-Baseline-Baseline",252581.083364765
2043,"Other Europe","Ambitious-Baseline-Baseline-Baseline-Enhanced SSPS",251249.049015933
2043,"Other Europe","Ambitious-Baseline-Baseline-Baseline-Enhanced recycling",223013.463415291
2043,"Other Europe","Ambitious-Baseline-Baseline-Baseline-USA Recycling",252581.083364765
2043,"Other Europe","Ambitious-Baseline-High Capacity-Baseline-Baseline",332738.721428055
2043,"Other Europe","Ambitious-Baseline-Low Capacity-Baseline-Baseline",180085.290785999
2043,"Other Europe","Ambitious-Baseline-Low Capacity-Baseline-Recycling Medium",173555.942480365
2043,"Other Europe","Ambitious-Double LFP-Baseline-Baseline-Baseline",254700.307352429
2043,"Other Europe","Ambitious-Double NMC 811-Baseline-Baseline-Baseline",249730.660164653
2043,"Other Europe","Ambitious-Sodium Battery adoption-Baseline-Baseline-Baseline",252266.978065147
2043,"Other Europe","Ambitious-Solid State adoption-Baseline-Baseline-Baseline",252581.083364765
2043,"Other Latin America and Caribbean","Ambitious-Baseline-Baseline-Baseline-Baseline",519646.740181515
2043,"Other Latin America and Caribbean","Ambitious-Baseline-Baseline-Baseline-Enhanced SSPS",520292.064346263
2043,"Other Latin America and Caribbean","Ambitious-Baseline-Baseline-Baseline-Enhanced recycling",456507.714598224
2043,"Other Latin America and Caribbean","Ambitious-Baseline-Baseline-Baseline-USA Recycling",519646.740181515
2043,"Other Latin America and Caribbean","Ambitious-Baseline-High Capacity-Baseline-Baseline",713693.111958805
2043,"Other Latin America and Caribbean","Ambitious-Baseline-Low Capacity-Baseline-Baseline",380661.367479037
2043,"Other Latin America and Caribbean","Ambitious-Baseline-Low Capacity-Baseline-Recycling Medium",364799.62759163
2043,"Other Latin America and Caribbean","Ambitious-Double LFP-Baseline-Baseline-Baseline",549321.494178061
2043,"Other Latin America and Caribbean","Ambitious-Double NMC 811-Baseline-Baseline-Baseline",505267.403622907
2043,"Other Latin America and Caribbean","Ambitious-Sodium Battery adoption-Baseline-Baseline-Baseline",518148.996365234
2043,"Other Latin America and Caribbean","Ambitious-Solid State adoption-Baseline-Baseline-Baseline",519646.740181515
2043,"South Korea","Ambitious-Baseline-Baseline-Baseline-Baseline",88245.3043724903
2043,"South Korea","Ambitious-Baseline-Baseline-Baseline-Enhanced SSPS",90197.7407324732
2043,"South Korea","Ambitious-Baseline-Baseline-Baseline-Enhanced recycling",66188.2647954309
2043,"South Korea","Ambitious-Baseline-Baseline-Baseline-USA Recycling",88245.3043724903
2043,"South Korea","Ambitious-Baseline-High Capacity-Baseline-Baseline",117940.839731814
2043,"South Korea","Ambitious-Baseline-Low Capacity-Baseline-Baseline",60394.2013083821
2043,"South Korea","Ambitious-Baseline-Low Capacity-Baseline-Recycling Medium",53836.9865534115
2043,"South Korea","Ambitious-Double LFP-Baseline-Baseline-Baseline",88548.8138646566
2043,"South Korea","Ambitious-Double NMC 811-Baseline-Baseline-Baseline",87760.6046803823
2043,"South Korea","Ambitious-Sodium Battery adoption-Baseline-Baseline-Baseline",88226.0874617864
2043,"South Korea","Ambitious-Solid State adoption-Baseline-Baseline-Baseline",88245.3043724905
2043,"United Kingdom","Ambitious-Baseline-Baseline-Baseline-Baseline",128357.203063577
2043,"United Kingdom","Ambitious-Baseline-Baseline-Baseline-Enhanced SSPS",128357.203063577
2043,"United Kingdom","Ambitious-Baseline-Baseline-Baseline-Enhanced recycling",101997.576272998
2043,"United Kingdom","Ambitious-Baseline-Baseline-Baseline-USA Recycling",128357.203063577
2043,"United Kingdom","Ambitious-Baseline-High Capacity-Baseline-Baseline",167897.066187012
2043,"United Kingdom","Ambitious-Baseline-Low Capacity-Baseline-Baseline",94065.2351579138
2043,"United Kingdom","Ambitious-Baseline-Low Capacity-Baseline-Recycling Medium",86793.7503259718
2043,"United Kingdom","Ambitious-Double LFP-Baseline-Baseline-Baseline",129249.904796815
2043,"United Kingdom","Ambitious-Double NMC 811-Baseline-Baseline-Baseline",127888.800566698
2043,"United Kingdom","Ambitious-Sodium Battery adoption-Baseline-Baseline-Baseline",128300.610056889
2043,"United Kingdom","Ambitious-Solid State adoption-Baseline-Baseline-Baseline",128357.203063577
2043,"United States","Ambitious-Baseline-Baseline-Baseline-Baseline",772858.596000577
2043,"United States","Ambitious-Baseline-Baseline-Baseline-Enhanced SSPS",776458.45650483
2043,"United States","Ambitious-Baseline-Baseline-Baseline-Enhanced recycling",644836.460163043
2043,"United States","Ambitious-Baseline-Baseline-Baseline-USA Recycling",642483.426541136
2043,"United States","Ambitious-Baseline-High Capacity-Baseline-Baseline",937996.489278113
2043,"United States","Ambitious-Baseline-Low Capacity-Baseline-Baseline",504044.593077113
2043,"United States","Ambitious-Baseline-Low Capacity-Baseline-Recycling Medium",477253.114003852
2043,"United States","Ambitious-Double LFP-Baseline-Baseline-Baseline",799976.950694371
2043,"United States","Ambitious-Double NMC 811-Baseline-Baseline-Baseline",746160.969733388
2043,"United States","Ambitious-Sodium Battery adoption-Baseline-Baseline-Baseline",771220.346344787
2043,"United States","Ambitious-Solid State adoption-Baseline-Baseline-Baseline",772858.596000577
2044,"ASEAN","Ambitious-Baseline-Baseline-Baseline-Baseline",554391.730340795
2044,"ASEAN","Ambitious-Baseline-Baseline-Baseline-Enhanced SSPS",553485.289638865
2044,"ASEAN","Ambitious-Baseline-Baseline-Baseline-Enhanced recycling",494734.399055877
2044,"ASEAN","Ambitious-Baseline-Baseline-Baseline-USA Recycling",554391.730340795
2044,"ASEAN","Ambitious-Baseline-High Capacity-Baseline-Baseline",816117.39533476
2044,"ASEAN","Ambitious-Baseline-Low Capacity-Baseline-Baseline",441093.763616166
2044,"ASEAN","Ambitious-Baseline-Low Capacity-Baseline-Recycling Medium",426407.789271311
2044,"ASEAN","Ambitious-Double LFP-Baseline-Baseline-Baseline",586295.284623493
2044,"ASEAN","Ambitious-Double NMC 811-Baseline-Baseline-Baseline",538342.364829095
2044,"ASEAN","Ambitious-Sodium Battery adoption-Baseline-Baseline-Baseline",552238.607524741
2044,"ASEAN","Ambitious-Solid State adoption-Baseline-Baseline-Baseline",554391.730340795
2044,"Africa","Ambitious-Baseline-Baseline-Baseline-Baseline",282057.423581971
2044,"Africa","Ambitious-Baseline-Baseline-Baseline-Enhanced SSPS",283130.528769374
2044,"Africa","Ambitious-Baseline-Baseline-Baseline-Enhanced recycling",249423.884578889
2044,"Africa","Ambitious-Baseline-Baseline-Baseline-USA Recycling",282057.423581971
2044,"Africa","Ambitious-Baseline-High Capacity-Baseline-Baseline",400313.201262556
2044,"Africa","Ambitious-Baseline-Low Capacity-Baseline-Baseline",211247.929601951
2044,"Africa","Ambitious-Baseline-Low Capacity-Baseline-Recycling Medium",202809.132578841
2044,"Africa","Ambitious-Double LFP-Baseline-Baseline-Baseline",286305.395329737
2044,"Africa","Ambitious-Double NMC 811-Baseline-Baseline-Baseline",276267.3534836
2044,"Africa","Ambitious-Sodium Battery adoption-Baseline-Baseline-Baseline",281796.478013868
2044,"Africa","Ambitious-Solid State adoption-Baseline-Baseline-Baseline",282057.423581971
2044,"Australia/NZ","Ambitious-Baseline-Baseline-Baseline-Baseline",72139.2461588722
2044,"Australia/NZ","Ambitious-Baseline-Baseline-Baseline-Enhanced SSPS",73047.592187694
2044,"Australia/NZ","Ambitious-Baseline-Baseline-Baseline-Enhanced recycling",60588.4703039892
2044,"Australia/NZ","Ambitious-Baseline-Baseline-Baseline-USA Recycling",72139.2461588722
2044,"Australia/NZ","Ambitious-Baseline-High Capacity-Baseline-Baseline",94612.8138860141
2044,"Australia/NZ","Ambitious-Baseline-Low Capacity-Baseline-Baseline",51969.7289958473
2044,"Australia/NZ","Ambitious-Baseline-Low Capacity-Baseline-Recycling Medium",48399.0469365106
2044,"Australia/NZ","Ambitious-Double LFP-Baseline-Baseline-Baseline",74975.685368383
2044,"Australia/NZ","Ambitious-Double NMC 811-Baseline-Baseline-Baseline",71755.5855313442
2044,"Australia/NZ","Ambitious-Sodium Battery adoption-Baseline-Baseline-Baseline",71969.0856329974
2044,"Australia/NZ","Ambitious-Solid State adoption-Baseline-Baseline-Baseline",72139.2461588723
2044,"Brazil","Ambitious-Baseline-Baseline-Baseline-Baseline",189954.362582918
2044,"Brazil","Ambitious-Baseline-Baseline-Baseline-Enhanced SSPS",189251.650321206
2044,"Brazil","Ambitious-Baseline-Baseline-Baseline-Enhanced recycling",172142.993085711
2044,"Brazil","Ambitious-Baseline-Baseline-Baseline-USA Recycling",189954.362582918
2044,"Brazil","Ambitious-Baseline-High Capacity-Baseline-Baseline",273782.4186022
2044,"Brazil","Ambitious-Baseline-Low Capacity-Baseline-Baseline",147975.117350362
2044,"Brazil","Ambitious-Baseline-Low Capacity-Baseline-Recycling Medium",143712.304577504
2044,"Brazil","Ambitious-Double LFP-Baseline-Baseline-Baseline",204816.507333423
2044,"Brazil","Ambitious-Double NMC 811-Baseline-Baseline-Baseline",175864.070308555
2044,"Brazil","Ambitious-Sodium Battery adoption-Baseline-Baseline-Baseline",189104.071149352
2044,"Brazil","Ambitious-Solid State adoption-Baseline-Baseline-Baseline",189954.362582918
2044,"Canada","Ambitious-Baseline-Baseline-Baseline-Baseline",94406.5034628283
2044,"Canada","Ambitious-Baseline-Baseline-Baseline-Enhanced SSPS",94854.4569012134
2044,"Canada","Ambitious-Baseline-Baseline-Baseline-Enhanced recycling",77571.8907669494
2044,"Canada","Ambitious-Baseline-Baseline-Baseline-USA Recycling",94406.5034628283
2044,"Canada","Ambitious-Baseline-High Capacity-Baseline-Baseline",120382.499400607
2044,"Canada","Ambitious-Baseline-Low Capacity-Baseline-Baseline",66661.400559754
2044,"Canada","Ambitious-Baseline-Low Capacity-Baseline-Recycling Medium",62989.9497043123
2044,"Canada","Ambitious-Double LFP-Baseline-Baseline-Baseline",97708.6249445429
2044,"Canada","Ambitious-Double NMC 811-Baseline-Baseline-Baseline",91215.2593332775
2044,"Canada","Ambitious-Sodium Battery adoption-Baseline-Baseline-Baseline",94201.2315785186
2044,"Canada","Ambitious-Solid State adoption-Baseline-Baseline-Baseline",94406.5034628284
2044,"China","Ambitious-Baseline-Baseline-Baseline-Baseline",1163733.03192472
2044,"China","Ambitious-Baseline-Baseline-Baseline-Enhanced SSPS",1163733.03192472
2044,"China","Ambitious-Baseline-Baseline-Baseline-Enhanced recycling",1155472.57670889
2044,"China","Ambitious-Baseline-Baseline-Baseline-USA Recycling",1163733.03192472
2044,"China","Ambitious-Baseline-High Capacity-Baseline-Baseline",1861200.15152319
2044,"China","Ambitious-Baseline-Low Capacity-Baseline-Baseline",935999.768791568
2044,"China","Ambitious-Baseline-Low Capacity-Baseline-Recycling Medium",927998.137561079
2044,"China","Ambitious-Double LFP-Baseline-Baseline-Baseline",1273498.6166543
2044,"China","Ambitious-Double NMC 811-Baseline-Baseline-Baseline",1079188.48409083
2044,"China","Ambitious-Sodium Battery adoption-Baseline-Baseline-Baseline",1155605.91937166
2044,"China","Ambitious-Solid State adoption-Baseline-Baseline-Baseline",1163733.03192472
2044,"EFTA","Ambitious-Baseline-Baseline-Baseline-Baseline",27745.0100312701
2044,"EFTA","Ambitious-Baseline-Baseline-Baseline-Enhanced SSPS",27492.5912072617
2044,"EFTA","Ambitious-Baseline-Baseline-Baseline-Enhanced recycling",20581.602765647
2044,"EFTA","Ambitious-Baseline-Baseline-Baseline-USA Recycling",27745.0100312701
2044,"EFTA","Ambitious-Baseline-High Capacity-Baseline-Baseline",35426.8554612805
2044,"EFTA","Ambitious-Baseline-Low Capacity-Baseline-Baseline",19754.4821516996
2044,"EFTA","Ambitious-Baseline-Low Capacity-Baseline-Recycling Medium",17940.5900428232
2044,"EFTA","Ambitious-Double LFP-Baseline-Baseline-Baseline",27985.1302361534
2044,"EFTA","Ambitious-Double NMC 811-Baseline-Baseline-Baseline",27625.0573313593
2044,"EFTA","Ambitious-Sodium Battery adoption-Baseline-Baseline-Baseline",27713.9505959814
2044,"EFTA","Ambitious-Solid State adoption-Baseline-Baseline-Baseline",27745.0100312701
2044,"European Union","Ambitious-Baseline-Baseline-Baseline-Baseline",575968.137178228
2044,"European Union","Ambitious-Baseline-Baseline-Baseline-Enhanced SSPS",576189.082899895
2044,"European Union","Ambitious-Baseline-Baseline-Baseline-Enhanced recycling",575443.182117387
2044,"European Union","Ambitious-Baseline-Baseline-Baseline-USA Recycling",575968.137178228
2044,"European Union","Ambitious-Baseline-High Capacity-Baseline-Baseline",825736.363597602
2044,"European Union","Ambitious-Baseline-Low Capacity-Baseline-Baseline",447581.753944403
2044,"European Union","Ambitious-Baseline-Low Capacity-Baseline-Recycling Medium",447175.423855446
2044,"European Union","Ambitious-Double LFP-Baseline-Baseline-Baseline",580933.688869618
2044,"European Union","Ambitious-Double NMC 811-Baseline-Baseline-Baseline",573570.122547383
2044,"European Union","Ambitious-Sodium Battery adoption-Baseline-Baseline-Baseline",575640.443992234
2044,"European Union","Ambitious-Solid State adoption-Baseline-Baseline-Baseline",575968.137178227
2044,"India","Ambitious-Baseline-Baseline-Baseline-Baseline",324866.383693104
2044,"India","Ambitious-Baseline-Baseline-Baseline-Enhanced SSPS",320637.644716003
2044,"India","Ambitious-Baseline-Baseline-Baseline-Enhanced recycling",269409.815292249
2044,"India","Ambitious-Baseline-Baseline-Baseline-USA Recycling",324866.383693104
2044,"India","Ambitious-Baseline-High Capacity-Baseline-Baseline",524287.073613954
2044,"India","Ambitious-Baseline-Low Capacity-Baseline-Baseline",291266.266751679
2044,"India","Ambitious-Baseline-Low Capacity-Baseline-Recycling Medium",278280.888027112
2044,"India","Ambitious-Double LFP-Baseline-Baseline-Baseline",325087.932816796
2044,"India","Ambitious-Double NMC 811-Baseline-Baseline-Baseline",324266.150366922
2044,"India","Ambitious-Sodium Battery adoption-Baseline-Baseline-Baseline",324617.694458059
2044,"India","Ambitious-Solid State adoption-Baseline-Baseline-Baseline",324866.383693103
2044,"Japan","Ambitious-Baseline-Baseline-Baseline-Baseline",169640.454006257
2044,"Japan","Ambitious-Baseline-Baseline-Baseline-Enhanced SSPS",167168.578654018
2044,"Japan","Ambitious-Baseline-Baseline-Baseline-Enhanced recycling",143550.641577127
2044,"Japan","Ambitious-Baseline-Baseline-Baseline-USA Recycling",169640.454006257
2044,"Japan","Ambitious-Baseline-High Capacity-Baseline-Baseline",253121.377912226
2044,"Japan","Ambitious-Baseline-Low Capacity-Baseline-Baseline",145576.261601098
2044,"Japan","Ambitious-Baseline-Low Capacity-Baseline-Recycling Medium",139218.659754884
2044,"Japan","Ambitious-Double LFP-Baseline-Baseline-Baseline",170243.467454926
2044,"Japan","Ambitious-Double NMC 811-Baseline-Baseline-Baseline",168712.042292494
2044,"Japan","Ambitious-Sodium Battery adoption-Baseline-Baseline-Baseline",169496.460854324
2044,"Japan","Ambitious-Solid State adoption-Baseline-Baseline-Baseline",169640.454006257
2044,"Mexico","Ambitious-Baseline-Baseline-Baseline-Baseline",129382.922512627
2044,"Mexico","Ambitious-Baseline-Baseline-Baseline-Enhanced SSPS",129653.438188369
2044,"Mexico","Ambitious-Baseline-Baseline-Baseline-Enhanced recycling",113196.078221989
2044,"Mexico","Ambitious-Baseline-Baseline-Baseline-USA Recycling",129382.922512627
2044,"Mexico","Ambitious-Baseline-High Capacity-Baseline-Baseline",169312.749612753
2044,"Mexico","Ambitious-Baseline-Low Capacity-Baseline-Baseline",97026.1407710608
2044,"Mexico","Ambitious-Baseline-Low Capacity-Baseline-Recycling Medium",93403.6237699332
2044,"Mexico","Ambitious-Double LFP-Baseline-Baseline-Baseline",132475.328799286
2044,"Mexico","Ambitious-Double NMC 811-Baseline-Baseline-Baseline",126395.687145198
2044,"Mexico","Ambitious-Sodium Battery adoption-Baseline-Baseline-Baseline",129202.441069957
2044,"Mexico","Ambitious-Solid State adoption-Baseline-Baseline-Baseline",129382.922512627
2044,"Middle East","Ambitious-Baseline-Baseline-Baseline-Baseline",455354.171736392
2044,"Middle East","Ambitious-Baseline-Baseline-Baseline-Enhanced SSPS",453176.069031749
2044,"Middle East","Ambitious-Baseline-Baseline-Baseline-Enhanced recycling",405941.813565623
2044,"Middle East","Ambitious-Baseline-Baseline-Baseline-USA Recycling",455354.171736392
2044,"Middle East","Ambitious-Baseline-High Capacity-Baseline-Baseline",571758.492103659
2044,"Middle East","Ambitious-Baseline-Low Capacity-Baseline-Baseline",312131.334921143
2044,"Middle East","Ambitious-Baseline-Low Capacity-Baseline-Recycling Medium",301174.613811297
2044,"Middle East","Ambitious-Double LFP-Baseline-Baseline-Baseline",466913.42129309
2044,"Middle East","Ambitious-Double NMC 811-Baseline-Baseline-Baseline",451082.551779175
2044,"Middle East","Ambitious-Sodium Battery adoption-Baseline-Baseline-Baseline",454554.459062348
2044,"Middle East","Ambitious-Solid State adoption-Baseline-Baseline-Baseline",455354.171736392
2044,"Other Asia Pacific","Ambitious-Baseline-Baseline-Baseline-Baseline",254146.057567093
2044,"Other Asia Pacific","Ambitious-Baseline-Baseline-Baseline-Enhanced SSPS",255117.467649179
2044,"Other Asia Pacific","Ambitious-Baseline-Baseline-Baseline-Enhanced recycling",223392.073835839
2044,"Other Asia Pacific","Ambitious-Baseline-Baseline-Baseline-USA Recycling",254146.057567093
2044,"Other Asia Pacific","Ambitious-Baseline-High Capacity-Baseline-Baseline",344714.078626031
2044,"Other Asia Pacific","Ambitious-Baseline-Low Capacity-Baseline-Baseline",168493.196086171
2044,"Other Asia Pacific","Ambitious-Baseline-Low Capacity-Baseline-Recycling Medium",160962.98605249
2044,"Other Asia Pacific","Ambitious-Double LFP-Baseline-Baseline-Baseline",255064.090388532
2044,"Other Asia Pacific","Ambitious-Double NMC 811-Baseline-Baseline-Baseline",252737.316514076
2044,"Other Asia Pacific","Ambitious-Sodium Battery adoption-Baseline-Baseline-Baseline",254054.109377039
2044,"Other Asia Pacific","Ambitious-Solid State adoption-Baseline-Baseline-Baseline",254146.057567093
2044,"Other Europe","Ambitious-Baseline-Baseline-Baseline-Baseline",258050.504950884
2044,"Other Europe","Ambitious-Baseline-Baseline-Baseline-Enhanced SSPS",256680.202022365
2044,"Other Europe","Ambitious-Baseline-Baseline-Baseline-Enhanced recycling",223964.136517452
2044,"Other Europe","Ambitious-Baseline-Baseline-Baseline-USA Recycling",258050.504950884
2044,"Other Europe","Ambitious-Baseline-High Capacity-Baseline-Baseline",339875.631860499
2044,"Other Europe","Ambitious-Baseline-Low Capacity-Baseline-Baseline",184580.555438005
2044,"Other Europe","Ambitious-Baseline-Low Capacity-Baseline-Recycling Medium",177130.641008572
2044,"Other Europe","Ambitious-Double LFP-Baseline-Baseline-Baseline",260318.376406165
2044,"Other Europe","Ambitious-Double NMC 811-Baseline-Baseline-Baseline",255154.684930372
2044,"Other Europe","Ambitious-Sodium Battery adoption-Baseline-Baseline-Baseline",257746.111849898
2044,"Other Europe","Ambitious-Solid State adoption-Baseline-Baseline-Baseline",258050.504950884
2044,"Other Latin America and Caribbean","Ambitious-Baseline-Baseline-Baseline-Baseline",534373.915574836
2044,"Other Latin America and Caribbean","Ambitious-Baseline-Baseline-Baseline-Enhanced SSPS",535280.684644889
2044,"Other Latin America and Caribbean","Ambitious-Baseline-Baseline-Baseline-Enhanced recycling",460272.098859993
2044,"Other Latin America and Caribbean","Ambitious-Baseline-Baseline-Baseline-USA Recycling",534373.915574836
2044,"Other Latin America and Caribbean","Ambitious-Baseline-High Capacity-Baseline-Baseline",734494.225661529
2044,"Other Latin America and Caribbean","Ambitious-Baseline-Low Capacity-Baseline-Baseline",391775.656473787
2044,"Other Latin America and Caribbean","Ambitious-Baseline-Low Capacity-Baseline-Recycling Medium",373087.240093707
2044,"Other Latin America and Caribbean","Ambitious-Double LFP-Baseline-Baseline-Baseline",565177.232139327
2044,"Other Latin America and Caribbean","Ambitious-Double NMC 811-Baseline-Baseline-Baseline",518926.141593669
2044,"Other Latin America and Caribbean","Ambitious-Sodium Battery adoption-Baseline-Baseline-Baseline",532827.317732811
2044,"Other Latin America and Caribbean","Ambitious-Solid State adoption-Baseline-Baseline-Baseline",534373.915574836
2044,"South Korea","Ambitious-Baseline-Baseline-Baseline-Baseline",86225.0149437508
2044,"South Korea","Ambitious-Baseline-Baseline-Baseline-Enhanced SSPS",88556.4246730448
2044,"South Korea","Ambitious-Baseline-Baseline-Baseline-Enhanced recycling",61541.0444671093
2044,"South Korea","Ambitious-Baseline-Baseline-Baseline-USA Recycling",86225.0149437508
2044,"South Korea","Ambitious-Baseline-High Capacity-Baseline-Baseline",115516.332983535
2044,"South Korea","Ambitious-Baseline-Low Capacity-Baseline-Baseline",59063.3382247641
2044,"South Korea","Ambitious-Baseline-Low Capacity-Baseline-Recycling Medium",51737.8691044879
2044,"South Korea","Ambitious-Double LFP-Baseline-Baseline-Baseline",86533.0067285279
2044,"South Korea","Ambitious-Double NMC 811-Baseline-Baseline-Baseline",85776.6079716503
2044,"South Korea","Ambitious-Sodium Battery adoption-Baseline-Baseline-Baseline",86206.2737650117
2044,"South Korea","Ambitious-Solid State adoption-Baseline-Baseline-Baseline",86225.0149437507
2044,"United Kingdom","Ambitious-Baseline-Baseline-Baseline-Baseline",126159.694624799
2044,"United Kingdom","Ambitious-Baseline-Baseline-Baseline-Enhanced SSPS",126159.694624799
2044,"United Kingdom","Ambitious-Baseline-Baseline-Baseline-Enhanced recycling",95985.7894082945
2044,"United Kingdom","Ambitious-Baseline-Baseline-Baseline-USA Recycling",126159.694624799
2044,"United Kingdom","Ambitious-Baseline-High Capacity-Baseline-Baseline",165069.478465326
2044,"United Kingdom","Ambitious-Baseline-Low Capacity-Baseline-Baseline",92503.6159674885
2044,"United Kingdom","Ambitious-Baseline-Low Capacity-Baseline-Recycling Medium",84279.3059510131
2044,"United Kingdom","Ambitious-Double LFP-Baseline-Baseline-Baseline",127071.729024834
2044,"United Kingdom","Ambitious-Double NMC 811-Baseline-Baseline-Baseline",125693.158854466
2044,"United Kingdom","Ambitious-Sodium Battery adoption-Baseline-Baseline-Baseline",126104.081781062
2044,"United Kingdom","Ambitious-Solid State adoption-Baseline-Baseline-Baseline",126159.694624799
2044,"United States","Ambitious-Baseline-Baseline-Baseline-Baseline",770513.046138897
2044,"United States","Ambitious-Baseline-Baseline-Baseline-Enhanced SSPS",770513.046138898
2044,"United States","Ambitious-Baseline-Baseline-Baseline-Enhanced recycling",618080.159062984
2044,"United States","Ambitious-Baseline-Baseline-Baseline-USA Recycling",621497.132085281
2044,"United States","Ambitious-Baseline-High Capacity-Baseline-Baseline",932142.244897202
2044,"United States","Ambitious-Baseline-Low Capacity-Baseline-Baseline",499419.384736841
2044,"United States","Ambitious-Baseline-Low Capacity-Baseline-Recycling Medium",469486.368880925
2044,"United States","Ambitious-Double LFP-Baseline-Baseline-Baseline",798914.025221782
2044,"United States","Ambitious-Double NMC 811-Baseline-Baseline-Baseline",743134.868099961
2044,"United States","Ambitious-Sodium Battery adoption-Baseline-Baseline-Baseline",768849.484921346
2044,"United States","Ambitious-Solid State adoption-Baseline-Baseline-Baseline",770513.046138897
2045,"ASEAN","Ambitious-Baseline-Baseline-Baseline-Baseline",578246.416791974
2045,"ASEAN","Ambitious-Baseline-Baseline-Baseline-Enhanced SSPS",577283.204183232
2045,"ASEAN","Ambitious-Baseline-Baseline-Baseline-Enhanced recycling",507110.614314771
2045,"ASEAN","Ambitious-Baseline-Baseline-Baseline-USA Recycling",578246.416791974
2045,"ASEAN","Ambitious-Baseline-High Capacity-Baseline-Baseline",853295.473554519
2045,"ASEAN","Ambitious-Baseline-Low Capacity-Baseline-Baseline",460186.783626975
2045,"ASEAN","Ambitious-Baseline-Low Capacity-Baseline-Recycling Medium",442590.420680895
2045,"ASEAN","Ambitious-Double LFP-Baseline-Baseline-Baseline",612050.010788841
2045,"ASEAN","Ambitious-Double NMC 811-Baseline-Baseline-Baseline",560858.048329136
2045,"ASEAN","Ambitious-Sodium Battery adoption-Baseline-Baseline-Baseline",576024.83691402
2045,"ASEAN","Ambitious-Solid State adoption-Baseline-Baseline-Baseline",578246.416791973
2045,"Africa","Ambitious-Baseline-Baseline-Baseline-Baseline",297329.878028766
2045,"Africa","Ambitious-Baseline-Baseline-Baseline-Enhanced SSPS",298487.998679145
2045,"Africa","Ambitious-Baseline-Baseline-Baseline-Enhanced recycling",258511.278410258
2045,"Africa","Ambitious-Baseline-Baseline-Baseline-USA Recycling",297329.878028766
2045,"Africa","Ambitious-Baseline-High Capacity-Baseline-Baseline",421765.841898007
2045,"Africa","Ambitious-Baseline-Low Capacity-Baseline-Baseline",222362.273131448
2045,"Africa","Ambitious-Baseline-Low Capacity-Baseline-Recycling Medium",212370.260738906
2045,"Africa","Ambitious-Double LFP-Baseline-Baseline-Baseline",302142.080555344
2045,"Africa","Ambitious-Double NMC 811-Baseline-Baseline-Baseline",291119.892041836
2045,"Africa","Ambitious-Sodium Battery adoption-Baseline-Baseline-Baseline",297049.947551629
2045,"Africa","Ambitious-Solid State adoption-Baseline-Baseline-Baseline",297329.878028766
2045,"Australia/NZ","Ambitious-Baseline-Baseline-Baseline-Baseline",72956.1844325976
2045,"Australia/NZ","Ambitious-Baseline-Baseline-Baseline-Enhanced SSPS",74063.4953687699
2045,"Australia/NZ","Ambitious-Baseline-Baseline-Baseline-Enhanced recycling",60523.6226957079
2045,"Australia/NZ","Ambitious-Baseline-Baseline-Baseline-USA Recycling",72956.1844325976
2045,"Australia/NZ","Ambitious-Baseline-High Capacity-Baseline-Baseline",95880.8778093029
2045,"Australia/NZ","Ambitious-Baseline-Low Capacity-Baseline-Baseline",52642.1756625355
2045,"Australia/NZ","Ambitious-Baseline-Low Capacity-Baseline-Recycling Medium",49952.722335729
2045,"Australia/NZ","Ambitious-Double LFP-Baseline-Baseline-Baseline",75932.0398043186
2045,"Australia/NZ","Ambitious-Double NMC 811-Baseline-Baseline-Baseline",72554.8401810365
2045,"Australia/NZ","Ambitious-Sodium Battery adoption-Baseline-Baseline-Baseline",72784.2555305109
2045,"Australia/NZ","Ambitious-Solid State adoption-Baseline-Baseline-Baseline",72956.1844325976
2045,"Brazil","Ambitious-Baseline-Baseline-Baseline-Baseline",195512.692089298
2045,"Brazil","Ambitious-Baseline-Baseline-Baseline-Enhanced SSPS",196082.617538188
2045,"Brazil","Ambitious-Baseline-Baseline-Baseline-Enhanced recycling",174670.614862524
2045,"Brazil","Ambitious-Baseline-Baseline-Baseline-USA Recycling",195512.692089298
2045,"Brazil","Ambitious-Baseline-High Capacity-Baseline-Baseline",283881.512192368
2045,"Brazil","Ambitious-Baseline-Low Capacity-Baseline-Baseline",152318.856556127
2045,"Brazil","Ambitious-Baseline-Low Capacity-Baseline-Recycling Medium",147346.355710247
2045,"Brazil","Ambitious-Double LFP-Baseline-Baseline-Baseline",211427.927211943
2045,"Brazil","Ambitious-Double NMC 811-Baseline-Baseline-Baseline",180629.512529282
2045,"Brazil","Ambitious-Sodium Battery adoption-Baseline-Baseline-Baseline",194639.252868239
2045,"Brazil","Ambitious-Solid State adoption-Baseline-Baseline-Baseline",195512.692089298
2045,"Canada","Ambitious-Baseline-Baseline-Baseline-Baseline",92415.0785638073
2045,"Canada","Ambitious-Baseline-Baseline-Baseline-Enhanced SSPS",93050.531130537
2045,"Canada","Ambitious-Baseline-Baseline-Baseline-Enhanced recycling",72901.8109422756
2045,"Canada","Ambitious-Baseline-Baseline-Baseline-USA Recycling",92415.0785638073
2045,"Canada","Ambitious-Baseline-High Capacity-Baseline-Baseline",118716.120753348
2045,"Canada","Ambitious-Baseline-Low Capacity-Baseline-Baseline",65367.0325646763
2045,"Canada","Ambitious-Baseline-Low Capacity-Baseline-Recycling Medium",61247.3739891778
2045,"Canada","Ambitious-Double LFP-Baseline-Baseline-Baseline",95829.7150732593
2045,"Canada","Ambitious-Double NMC 811-Baseline-Baseline-Baseline",89187.0394481074
2045,"Canada","Ambitious-Sodium Battery adoption-Baseline-Baseline-Baseline",92222.2370249298
2045,"Canada","Ambitious-Solid State adoption-Baseline-Baseline-Baseline",92415.0785638073
2045,"China","Ambitious-Baseline-Baseline-Baseline-Baseline",1106394.01781859
2045,"China","Ambitious-Baseline-Baseline-Baseline-Enhanced SSPS",1106394.01781859
2045,"China","Ambitious-Baseline-Baseline-Baseline-Enhanced recycling",1099042.66431816
2045,"China","Ambitious-Baseline-Baseline-Baseline-USA Recycling",1106394.01781859
2045,"China","Ambitious-Baseline-High Capacity-Baseline-Baseline",1765021.63203079
2045,"China","Ambitious-Baseline-Low Capacity-Baseline-Baseline",891242.787375032
2045,"China","Ambitious-Baseline-Low Capacity-Baseline-Recycling Medium",883978.167818682
2045,"China","Ambitious-Double LFP-Baseline-Baseline-Baseline",1215549.22081556
2045,"China","Ambitious-Double NMC 811-Baseline-Baseline-Baseline",1021647.27392568
2045,"China","Ambitious-Sodium Battery adoption-Baseline-Baseline-Baseline",1098412.99576661
2045,"China","Ambitious-Solid State adoption-Baseline-Baseline-Baseline",1106394.01781859
2045,"EFTA","Ambitious-Baseline-Baseline-Baseline-Baseline",27362.8546844599
2045,"EFTA","Ambitious-Baseline-Baseline-Baseline-Enhanced SSPS",27095.9012752982
2045,"EFTA","Ambitious-Baseline-Baseline-Baseline-Enhanced recycling",19627.476797051
2045,"EFTA","Ambitious-Baseline-Baseline-Baseline-USA Recycling",27362.8546844599
2045,"EFTA","Ambitious-Baseline-High Capacity-Baseline-Baseline",34901.2350393349
2045,"EFTA","Ambitious-Baseline-Low Capacity-Baseline-Baseline",19570.6023672206
2045,"EFTA","Ambitious-Baseline-Low Capacity-Baseline-Recycling Medium",17640.7204663507
2045,"EFTA","Ambitious-Double LFP-Baseline-Baseline-Baseline",27608.154747916
2045,"EFTA","Ambitious-Double NMC 811-Baseline-Baseline-Baseline",27243.9004909475
2045,"EFTA","Ambitious-Sodium Battery adoption-Baseline-Baseline-Baseline",27331.5522973166
2045,"EFTA","Ambitious-Solid State adoption-Baseline-Baseline-Baseline",27362.8546844599
2045,"European Union","Ambitious-Baseline-Baseline-Baseline-Baseline",540487.107763185
2045,"European Union","Ambitious-Baseline-Baseline-Baseline-Enhanced SSPS",540679.847289769
2045,"European Union","Ambitious-Baseline-Baseline-Baseline-Enhanced recycling",540746.628159815
2045,"European Union","Ambitious-Baseline-Baseline-Baseline-USA Recycling",540487.107763185
2045,"European Union","Ambitious-Baseline-High Capacity-Baseline-Baseline",774811.513923708
2045,"European Union","Ambitious-Baseline-Low Capacity-Baseline-Baseline",420666.93178922
2045,"European Union","Ambitious-Baseline-Low Capacity-Baseline-Recycling Medium",420518.336607659
2045,"European Union","Ambitious-Double LFP-Baseline-Baseline-Baseline",545447.663995149
2045,"European Union","Ambitious-Double NMC 811-Baseline-Baseline-Baseline",538192.229990715
2045,"European Union","Ambitious-Sodium Battery adoption-Baseline-Baseline-Baseline",540176.027431009
2045,"European Union","Ambitious-Solid State adoption-Baseline-Baseline-Baseline",540487.107763184
2045,"India","Ambitious-Baseline-Baseline-Baseline-Baseline",328500.84046993
2045,"India","Ambitious-Baseline-Baseline-Baseline-Enhanced SSPS",323731.47762062
2045,"India","Ambitious-Baseline-Baseline-Baseline-Enhanced recycling",266471.638033781
2045,"India","Ambitious-Baseline-Baseline-Baseline-USA Recycling",328500.84046993
2045,"India","Ambitious-Baseline-High Capacity-Baseline-Baseline",532128.674933042
2045,"India","Ambitious-Baseline-Low Capacity-Baseline-Baseline",294392.243981384
2045,"India","Ambitious-Baseline-Low Capacity-Baseline-Recycling Medium",279762.894680038
2045,"India","Ambitious-Double LFP-Baseline-Baseline-Baseline",328733.192570541
2045,"India","Ambitious-Double NMC 811-Baseline-Baseline-Baseline",327935.461271412
2045,"India","Ambitious-Sodium Battery adoption-Baseline-Baseline-Baseline",328270.73835509
2045,"India","Ambitious-Solid State adoption-Baseline-Baseline-Baseline",328500.84046993
2045,"Japan","Ambitious-Baseline-Baseline-Baseline-Baseline",166689.16139029
2045,"Japan","Ambitious-Baseline-Baseline-Baseline-Enhanced SSPS",163765.629938392
2045,"Japan","Ambitious-Baseline-Baseline-Baseline-Enhanced recycling",136624.410131686
2045,"Japan","Ambitious-Baseline-Baseline-Baseline-USA Recycling",166689.16139029
2045,"Japan","Ambitious-Baseline-High Capacity-Baseline-Baseline",250381.560411668
2045,"Japan","Ambitious-Baseline-Low Capacity-Baseline-Baseline",143148.918557232
2045,"Japan","Ambitious-Baseline-Low Capacity-Baseline-Recycling Medium",135866.220829683
2045,"Japan","Ambitious-Double LFP-Baseline-Baseline-Baseline",167308.314363984
2045,"Japan","Ambitious-Double NMC 811-Baseline-Baseline-Baseline",165800.934503929
2045,"Japan","Ambitious-Sodium Battery adoption-Baseline-Baseline-Baseline",166567.291012165
2045,"Japan","Ambitious-Solid State adoption-Baseline-Baseline-Baseline",166689.161390289
2045,"Mexico","Ambitious-Baseline-Baseline-Baseline-Baseline",130415.214019836
2045,"Mexico","Ambitious-Baseline-Baseline-Baseline-Enhanced SSPS",130415.214019836
2045,"Mexico","Ambitious-Baseline-Baseline-Baseline-Enhanced recycling",110555.593304827
2045,"Mexico","Ambitious-Baseline-Baseline-Baseline-USA Recycling",130415.214019836
2045,"Mexico","Ambitious-Baseline-High Capacity-Baseline-Baseline",170590.124892822
2045,"Mexico","Ambitious-Baseline-Low Capacity-Baseline-Baseline",97446.9628568798
2045,"Mexico","Ambitious-Baseline-Low Capacity-Baseline-Recycling Medium",92768.4072400755
2045,"Mexico","Ambitious-Double LFP-Baseline-Baseline-Baseline",133748.846513875
2045,"Mexico","Ambitious-Double NMC 811-Baseline-Baseline-Baseline",127262.405850364
2045,"Mexico","Ambitious-Sodium Battery adoption-Baseline-Baseline-Baseline",130226.707705698
2045,"Mexico","Ambitious-Solid State adoption-Baseline-Baseline-Baseline",130415.214019836
2045,"Middle East","Ambitious-Baseline-Baseline-Baseline-Baseline",466859.794652355
2045,"Middle East","Ambitious-Baseline-Baseline-Baseline-Enhanced SSPS",466478.983683287
2045,"Middle East","Ambitious-Baseline-Baseline-Baseline-Enhanced recycling",408717.298808075
2045,"Middle East","Ambitious-Baseline-Baseline-Baseline-USA Recycling",466859.794652355
2045,"Middle East","Ambitious-Baseline-High Capacity-Baseline-Baseline",586648.062380041
2045,"Middle East","Ambitious-Baseline-Low Capacity-Baseline-Baseline",320185.391683379
2045,"Middle East","Ambitious-Baseline-Low Capacity-Baseline-Recycling Medium",307489.855409338
2045,"Middle East","Ambitious-Double LFP-Baseline-Baseline-Baseline",479126.01447981
2045,"Middle East","Ambitious-Double NMC 811-Baseline-Baseline-Baseline",462368.690836841
2045,"Middle East","Ambitious-Sodium Battery adoption-Baseline-Baseline-Baseline",466079.128678108
2045,"Middle East","Ambitious-Solid State adoption-Baseline-Baseline-Baseline",466859.794652355
2045,"Other Asia Pacific","Ambitious-Baseline-Baseline-Baseline-Baseline",267823.863988737
2045,"Other Asia Pacific","Ambitious-Baseline-Baseline-Baseline-Enhanced SSPS",268745.29939247
2045,"Other Asia Pacific","Ambitious-Baseline-Baseline-Baseline-Enhanced recycling",232850.535806677
2045,"Other Asia Pacific","Ambitious-Baseline-Baseline-Baseline-USA Recycling",267823.863988737
2045,"Other Asia Pacific","Ambitious-Baseline-High Capacity-Baseline-Baseline",362351.960703094
2045,"Other Asia Pacific","Ambitious-Baseline-Low Capacity-Baseline-Baseline",178953.816849025
2045,"Other Asia Pacific","Ambitious-Baseline-Low Capacity-Baseline-Recycling Medium",171641.818229397
2045,"Other Asia Pacific","Ambitious-Double LFP-Baseline-Baseline-Baseline",268827.00632697
2045,"Other Asia Pacific","Ambitious-Double NMC 811-Baseline-Baseline-Baseline",266377.484904745
2045,"Other Asia Pacific","Ambitious-Sodium Battery adoption-Baseline-Baseline-Baseline",267709.55799473
2045,"Other Asia Pacific","Ambitious-Solid State adoption-Baseline-Baseline-Baseline",267823.863988737
2045,"Other Europe","Ambitious-Baseline-Baseline-Baseline-Baseline",262576.280902358
2045,"Other Europe","Ambitious-Baseline-Baseline-Baseline-Enhanced SSPS",261311.415073604
2045,"Other Europe","Ambitious-Baseline-Baseline-Baseline-Enhanced recycling",223539.401188506
2045,"Other Europe","Ambitious-Baseline-Baseline-Baseline-USA Recycling",262576.280902358
2045,"Other Europe","Ambitious-Baseline-High Capacity-Baseline-Baseline",346095.617275986
2045,"Other Europe","Ambitious-Baseline-Low Capacity-Baseline-Baseline",188394.400771875
2045,"Other Europe","Ambitious-Baseline-Low Capacity-Baseline-Recycling Medium",179958.51455133
2045,"Other Europe","Ambitious-Double LFP-Baseline-Baseline-Baseline",264990.311534362
2045,"Other Europe","Ambitious-Double NMC 811-Baseline-Baseline-Baseline",259649.19011097
2045,"Other Europe","Ambitious-Sodium Battery adoption-Baseline-Baseline-Baseline",262283.146149688
2045,"Other Europe","Ambitious-Solid State adoption-Baseline-Baseline-Baseline",262576.280902358
2045,"Other Latin America and Caribbean","Ambitious-Baseline-Baseline-Baseline-Baseline",547188.530539386
2045,"Other Latin America and Caribbean","Ambitious-Baseline-Baseline-Baseline-Enhanced SSPS",548518.945629281
2045,"Other Latin America and Caribbean","Ambitious-Baseline-Baseline-Baseline-Enhanced recycling",461000.83568474
2045,"Other Latin America and Caribbean","Ambitious-Baseline-Baseline-Baseline-USA Recycling",547188.530539386
2045,"Other Latin America and Caribbean","Ambitious-Baseline-High Capacity-Baseline-Baseline",752716.014636666
2045,"Other Latin America and Caribbean","Ambitious-Baseline-Low Capacity-Baseline-Baseline",401481.780089962
2045,"Other Latin America and Caribbean","Ambitious-Baseline-Low Capacity-Baseline-Recycling Medium",379797.316474407
2045,"Other Latin America and Caribbean","Ambitious-Double LFP-Baseline-Baseline-Baseline",579032.384966411
2045,"Other Latin America and Caribbean","Ambitious-Double NMC 811-Baseline-Baseline-Baseline",530696.145825744
2045,"Other Latin America and Caribbean","Ambitious-Sodium Battery adoption-Baseline-Baseline-Baseline",545594.402963204
2045,"Other Latin America and Caribbean","Ambitious-Solid State adoption-Baseline-Baseline-Baseline",547188.530539386
2045,"South Korea","Ambitious-Baseline-Baseline-Baseline-Baseline",85432.9545449881
2045,"South Korea","Ambitious-Baseline-Baseline-Baseline-Enhanced SSPS",86709.7474686459
2045,"South Korea","Ambitious-Baseline-Baseline-Baseline-Enhanced recycling",63219.9263536475
2045,"South Korea","Ambitious-Baseline-Baseline-Baseline-USA Recycling",85432.9545449881
2045,"South Korea","Ambitious-Baseline-High Capacity-Baseline-Baseline",112755.299767141
2045,"South Korea","Ambitious-Baseline-Low Capacity-Baseline-Baseline",62938.0358895393
2045,"South Korea","Ambitious-Baseline-Low Capacity-Baseline-Recycling Medium",58357.7200002038
2045,"South Korea","Ambitious-Double LFP-Baseline-Baseline-Baseline",85744.4074195262
2045,"South Korea","Ambitious-Double NMC 811-Baseline-Baseline-Baseline",85019.3018733959
2045,"South Korea","Ambitious-Sodium Battery adoption-Baseline-Baseline-Baseline",85394.6716588734
2045,"South Korea","Ambitious-Solid State adoption-Baseline-Baseline-Baseline",85432.9545449882
2045,"United Kingdom","Ambitious-Baseline-Baseline-Baseline-Baseline",122459.290702659
2045,"United Kingdom","Ambitious-Baseline-Baseline-Baseline-Enhanced SSPS",122459.290702659
2045,"United Kingdom","Ambitious-Baseline-Baseline-Baseline-Enhanced recycling",88430.1903225629
2045,"United Kingdom","Ambitious-Baseline-Baseline-Baseline-USA Recycling",122459.290702659
2045,"United Kingdom","Ambitious-Baseline-High Capacity-Baseline-Baseline",160382.878357598
2045,"United Kingdom","Ambitious-Baseline-Low Capacity-Baseline-Baseline",89752.0362485456
2045,"United Kingdom","Ambitious-Baseline-Low Capacity-Baseline-Recycling Medium",80573.0554579874
2045,"United Kingdom","Ambitious-Double LFP-Baseline-Baseline-Baseline",123383.092972334
2045,"United Kingdom","Ambitious-Double NMC 811-Baseline-Baseline-Baseline",122002.523423966
2045,"United Kingdom","Ambitious-Sodium Battery adoption-Baseline-Baseline-Baseline",122405.108857835
2045,"United Kingdom","Ambitious-Solid State adoption-Baseline-Baseline-Baseline",122459.290702659
2045,"United States","Ambitious-Baseline-Baseline-Baseline-Baseline",760776.572801557
2045,"United States","Ambitious-Baseline-Baseline-Baseline-Enhanced SSPS",760776.572801557
2045,"United States","Ambitious-Baseline-Baseline-Baseline-Enhanced recycling",587456.511192525
2045,"United States","Ambitious-Baseline-Baseline-Baseline-USA Recycling",591090.208982486
2045,"United States","Ambitious-Baseline-High Capacity-Baseline-Baseline",922087.920264294
2045,"United States","Ambitious-Baseline-Low Capacity-Baseline-Baseline",493255.143292961
2045,"United States","Ambitious-Baseline-Low Capacity-Baseline-Recycling Medium",460266.22824443
2045,"United States","Ambitious-Double LFP-Baseline-Baseline-Baseline",790176.579631568
2045,"United States","Ambitious-Double NMC 811-Baseline-Baseline-Baseline",733068.895103891
2045,"United States","Ambitious-Sodium Battery adoption-Baseline-Baseline-Baseline",759105.379674253
2045,"United States","Ambitious-Solid State adoption-Baseline-Baseline-Baseline",760776.572801555
2046,"ASEAN","Ambitious-Baseline-Baseline-Baseline-Baseline",589220.344513568
2046,"ASEAN","Ambitious-Baseline-Baseline-Baseline-Enhanced SSPS",588837.755084113
2046,"ASEAN","Ambitious-Baseline-Baseline-Baseline-Enhanced recycling",505676.37854367
2046,"ASEAN","Ambitious-Baseline-Baseline-Baseline-USA Recycling",589220.344513568
2046,"ASEAN","Ambitious-Baseline-High Capacity-Baseline-Baseline",869734.644168893
2046,"ASEAN","Ambitious-Baseline-Low Capacity-Baseline-Baseline",469227.570098739
2046,"ASEAN","Ambitious-Baseline-Low Capacity-Baseline-Recycling Medium",448192.685554459
2046,"ASEAN","Ambitious-Double LFP-Baseline-Baseline-Baseline",624318.328494873
2046,"ASEAN","Ambitious-Double NMC 811-Baseline-Baseline-Baseline",570786.796187037
2046,"ASEAN","Ambitious-Sodium Battery adoption-Baseline-Baseline-Baseline",586966.453784441
2046,"ASEAN","Ambitious-Solid State adoption-Baseline-Baseline-Baseline",589220.344513568
2046,"Africa","Ambitious-Baseline-Baseline-Baseline-Baseline",302738.739974494
2046,"Africa","Ambitious-Baseline-Baseline-Baseline-Enhanced SSPS",304026.504777392
2046,"Africa","Ambitious-Baseline-Baseline-Baseline-Enhanced recycling",257351.159398971
2046,"Africa","Ambitious-Baseline-Baseline-Baseline-USA Recycling",302738.739974494
2046,"Africa","Ambitious-Baseline-High Capacity-Baseline-Baseline",429682.475403025
2046,"Africa","Ambitious-Baseline-Low Capacity-Baseline-Baseline",226044.336499991
2046,"Africa","Ambitious-Baseline-Low Capacity-Baseline-Recycling Medium",214432.157983178
2046,"Africa","Ambitious-Double LFP-Baseline-Baseline-Baseline",307943.731625519
2046,"Africa","Ambitious-Double NMC 811-Baseline-Baseline-Baseline",296367.783699895
2046,"Africa","Ambitious-Sodium Battery adoption-Baseline-Baseline-Baseline",302448.411539039
2046,"Africa","Ambitious-Solid State adoption-Baseline-Baseline-Baseline",302738.739974493
2046,"Australia/NZ","Ambitious-Baseline-Baseline-Baseline-Baseline",71620.2287407266
2046,"Australia/NZ","Ambitious-Baseline-Baseline-Baseline-Enhanced SSPS",71620.2287407265
2046,"Australia/NZ","Ambitious-Baseline-Baseline-Baseline-Enhanced recycling",57721.0783063053
2046,"Australia/NZ","Ambitious-Baseline-Baseline-Baseline-USA Recycling",71620.2287407266
2046,"Australia/NZ","Ambitious-Baseline-High Capacity-Baseline-Baseline",93644.4852080876
2046,"Australia/NZ","Ambitious-Baseline-Low Capacity-Baseline-Baseline",51983.3063748059
2046,"Australia/NZ","Ambitious-Baseline-Low Capacity-Baseline-Recycling Medium",48697.1014608156
2046,"Australia/NZ","Ambitious-Double LFP-Baseline-Baseline-Baseline",74661.609418432
2046,"Australia/NZ","Ambitious-Double NMC 811-Baseline-Baseline-Baseline",71211.237981193
2046,"Australia/NZ","Ambitious-Sodium Battery adoption-Baseline-Baseline-Baseline",71450.76410929
2046,"Australia/NZ","Ambitious-Solid State adoption-Baseline-Baseline-Baseline",71620.2287407266
2046,"Brazil","Ambitious-Baseline-Baseline-Baseline-Baseline",197082.645604803
2046,"Brazil","Ambitious-Baseline-Baseline-Baseline-Enhanced SSPS",197871.021135363
2046,"Brazil","Ambitious-Baseline-Baseline-Baseline-Enhanced recycling",172732.972786987
2046,"Brazil","Ambitious-Baseline-Baseline-Baseline-USA Recycling",197082.645604803
2046,"Brazil","Ambitious-Baseline-High Capacity-Baseline-Baseline",286696.294208826
2046,"Brazil","Ambitious-Baseline-Low Capacity-Baseline-Baseline",153371.247701806
2046,"Brazil","Ambitious-Baseline-Low Capacity-Baseline-Recycling Medium",147694.654325985
2046,"Brazil","Ambitious-Double LFP-Baseline-Baseline-Baseline",213745.121632852
2046,"Brazil","Ambitious-Double NMC 811-Baseline-Baseline-Baseline",181725.707107912
2046,"Brazil","Ambitious-Sodium Battery adoption-Baseline-Baseline-Baseline",196202.717493938
2046,"Brazil","Ambitious-Solid State adoption-Baseline-Baseline-Baseline",197082.645604803
2046,"Canada","Ambitious-Baseline-Baseline-Baseline-Baseline",90291.8499377988
2046,"Canada","Ambitious-Baseline-Baseline-Baseline-Enhanced SSPS",90291.8499377988
2046,"Canada","Ambitious-Baseline-Baseline-Baseline-Enhanced recycling",67394.3267983817
2046,"Canada","Ambitious-Baseline-Baseline-Baseline-USA Recycling",90291.8499377988
2046,"Canada","Ambitious-Baseline-High Capacity-Baseline-Baseline",115325.272982249
2046,"Canada","Ambitious-Baseline-Low Capacity-Baseline-Baseline",63540.7921739538
2046,"Canada","Ambitious-Baseline-Low Capacity-Baseline-Recycling Medium",58998.8561145615
2046,"Canada","Ambitious-Double LFP-Baseline-Baseline-Baseline",93778.5392134251
2046,"Canada","Ambitious-Double NMC 811-Baseline-Baseline-Baseline",87073.1283415105
2046,"Canada","Ambitious-Sodium Battery adoption-Baseline-Baseline-Baseline",90100.3441436268
2046,"Canada","Ambitious-Solid State adoption-Baseline-Baseline-Baseline",90291.8499377989
2046,"China","Ambitious-Baseline-Baseline-Baseline-Baseline",1048150.5945468
2046,"China","Ambitious-Baseline-Baseline-Baseline-Enhanced SSPS",1048150.5945468
2046,"China","Ambitious-Baseline-Baseline-Baseline-Enhanced recycling",1041931.53094847
2046,"China","Ambitious-Baseline-Baseline-Baseline-USA Recycling",1048150.5945468
2046,"China","Ambitious-Baseline-High Capacity-Baseline-Baseline",1664243.57689845
2046,"China","Ambitious-Baseline-Low Capacity-Baseline-Baseline",846108.398068067
2046,"China","Ambitious-Baseline-Low Capacity-Baseline-Recycling Medium",839746.552550656
2046,"China","Ambitious-Double LFP-Baseline-Baseline-Baseline",1156327.63345479
2046,"China","Ambitious-Double NMC 811-Baseline-Baseline-Baseline",963785.928410762
2046,"China","Ambitious-Sodium Battery adoption-Baseline-Baseline-Baseline",1040393.57558734
2046,"China","Ambitious-Solid State adoption-Baseline-Baseline-Baseline",1048150.5945468
2046,"EFTA","Ambitious-Baseline-Baseline-Baseline-Baseline",26969.0381803789
2046,"EFTA","Ambitious-Baseline-Baseline-Baseline-Enhanced SSPS",26688.1415626388
2046,"EFTA","Ambitious-Baseline-Baseline-Baseline-Enhanced recycling",18673.4790456514
2046,"EFTA","Ambitious-Baseline-Baseline-Baseline-USA Recycling",26969.0381803789
2046,"EFTA","Ambitious-Baseline-High Capacity-Baseline-Baseline",34345.8733639906
2046,"EFTA","Ambitious-Baseline-Low Capacity-Baseline-Baseline",19396.5044326036
2046,"EFTA","Ambitious-Baseline-Low Capacity-Baseline-Recycling Medium",17356.3287790021
2046,"EFTA","Ambitious-Double LFP-Baseline-Baseline-Baseline",27218.4313640385
2046,"EFTA","Ambitious-Double NMC 811-Baseline-Baseline-Baseline",26851.8041631983
2046,"EFTA","Ambitious-Sodium Battery adoption-Baseline-Baseline-Baseline",26937.3622504145
2046,"EFTA","Ambitious-Solid State adoption-Baseline-Baseline-Baseline",26969.0381803789
2046,"European Union","Ambitious-Baseline-Baseline-Baseline-Baseline",505611.738362028
2046,"European Union","Ambitious-Baseline-Baseline-Baseline-Enhanced SSPS",505736.01909109
2046,"European Union","Ambitious-Baseline-Baseline-Baseline-Enhanced recycling",505837.479132532
2046,"European Union","Ambitious-Baseline-Baseline-Baseline-USA Recycling",505611.738362028
2046,"European Union","Ambitious-Baseline-High Capacity-Baseline-Baseline",723249.733207653
2046,"European Union","Ambitious-Baseline-Low Capacity-Baseline-Baseline",394842.392722141
2046,"European Union","Ambitious-Baseline-Low Capacity-Baseline-Recycling Medium",394852.792503101
2046,"European Union","Ambitious-Double LFP-Baseline-Baseline-Baseline",510538.236548877
2046,"European Union","Ambitious-Double NMC 811-Baseline-Baseline-Baseline",503426.457082608
2046,"European Union","Ambitious-Sodium Battery adoption-Baseline-Baseline-Baseline",505319.503495968
2046,"European Union","Ambitious-Solid State adoption-Baseline-Baseline-Baseline",505611.738362029
2046,"India","Ambitious-Baseline-Baseline-Baseline-Baseline",329863.357760264
2046,"India","Ambitious-Baseline-Baseline-Baseline-Enhanced SSPS",324556.260594846
2046,"India","Ambitious-Baseline-Baseline-Baseline-Enhanced recycling",261208.88034295
2046,"India","Ambitious-Baseline-Baseline-Baseline-USA Recycling",329863.357760264
2046,"India","Ambitious-Baseline-High Capacity-Baseline-Baseline",533977.624550159
2046,"India","Ambitious-Baseline-Low Capacity-Baseline-Baseline",295478.05428888
2046,"India","Ambitious-Baseline-Low Capacity-Baseline-Recycling Medium",279177.675551211
2046,"India","Ambitious-Double LFP-Baseline-Baseline-Baseline",330105.68538499
2046,"India","Ambitious-Double NMC 811-Baseline-Baseline-Baseline",329334.87309146
2046,"India","Ambitious-Sodium Battery adoption-Baseline-Baseline-Baseline",329651.748148727
2046,"India","Ambitious-Solid State adoption-Baseline-Baseline-Baseline",329863.357760264
2046,"Japan","Ambitious-Baseline-Baseline-Baseline-Baseline",161891.451834509
2046,"Japan","Ambitious-Baseline-Baseline-Baseline-Enhanced SSPS",161524.959562249
2046,"Japan","Ambitious-Baseline-Baseline-Baseline-Enhanced recycling",127835.635527077
2046,"Japan","Ambitious-Baseline-Baseline-Baseline-USA Recycling",161891.451834509
2046,"Japan","Ambitious-Baseline-High Capacity-Baseline-Baseline",244491.59358116
2046,"Japan","Ambitious-Baseline-Low Capacity-Baseline-Baseline",139189.033913902
2046,"Japan","Ambitious-Baseline-Low Capacity-Baseline-Recycling Medium",130990.314725336
2046,"Japan","Ambitious-Double LFP-Baseline-Baseline-Baseline",162522.18468823
2046,"Japan","Ambitious-Double NMC 811-Baseline-Baseline-Baseline",161050.877411885
2046,"Japan","Ambitious-Sodium Battery adoption-Baseline-Baseline-Baseline",161794.444231071
2046,"Japan","Ambitious-Solid State adoption-Baseline-Baseline-Baseline",161891.451834509
2046,"Mexico","Ambitious-Baseline-Baseline-Baseline-Baseline",129610.626451045
2046,"Mexico","Ambitious-Baseline-Baseline-Baseline-Enhanced SSPS",129610.626451045
2046,"Mexico","Ambitious-Baseline-Baseline-Baseline-Enhanced recycling",106259.376322594
2046,"Mexico","Ambitious-Baseline-Baseline-Baseline-USA Recycling",129610.626451045
2046,"Mexico","Ambitious-Baseline-High Capacity-Baseline-Baseline",169721.05471225
2046,"Mexico","Ambitious-Baseline-Low Capacity-Baseline-Baseline",97176.1872489712
2046,"Mexico","Ambitious-Baseline-Low Capacity-Baseline-Recycling Medium",90990.9038145602
2046,"Mexico","Ambitious-Double LFP-Baseline-Baseline-Baseline",133151.101671868
2046,"Mexico","Ambitious-Double NMC 811-Baseline-Baseline-Baseline",126332.205108515
2046,"Mexico","Ambitious-Sodium Battery adoption-Baseline-Baseline-Baseline",129416.554069462
2046,"Mexico","Ambitious-Solid State adoption-Baseline-Baseline-Baseline",129610.626451045
2046,"Middle East","Ambitious-Baseline-Baseline-Baseline-Baseline",470004.910710459
2046,"Middle East","Ambitious-Baseline-Baseline-Baseline-Enhanced SSPS",471083.831182048
2046,"Middle East","Ambitious-Baseline-Baseline-Baseline-Enhanced recycling",402498.216924874
2046,"Middle East","Ambitious-Baseline-Baseline-Baseline-USA Recycling",470004.910710459
2046,"Middle East","Ambitious-Baseline-High Capacity-Baseline-Baseline",593071.917403161
2046,"Middle East","Ambitious-Baseline-Low Capacity-Baseline-Baseline",323003.8481804
2046,"Middle East","Ambitious-Baseline-Low Capacity-Baseline-Recycling Medium",308101.667158441
2046,"Middle East","Ambitious-Double LFP-Baseline-Baseline-Baseline",482760.257697929
2046,"Middle East","Ambitious-Double NMC 811-Baseline-Baseline-Baseline",465379.890507176
2046,"Middle East","Ambitious-Sodium Battery adoption-Baseline-Baseline-Baseline",469259.39703729
2046,"Middle East","Ambitious-Solid State adoption-Baseline-Baseline-Baseline",470004.910710459
2046,"Other Asia Pacific","Ambitious-Baseline-Baseline-Baseline-Baseline",274446.383408992
2046,"Other Asia Pacific","Ambitious-Baseline-Baseline-Baseline-Enhanced SSPS",274280.997666993
2046,"Other Asia Pacific","Ambitious-Baseline-Baseline-Baseline-Enhanced recycling",234360.710038847
2046,"Other Asia Pacific","Ambitious-Baseline-Baseline-Baseline-USA Recycling",274446.383408992
2046,"Other Asia Pacific","Ambitious-Baseline-High Capacity-Baseline-Baseline",370517.534094104
2046,"Other Asia Pacific","Ambitious-Baseline-Low Capacity-Baseline-Baseline",183836.852789512
2046,"Other Asia Pacific","Ambitious-Baseline-Low Capacity-Baseline-Recycling Medium",175248.579394964
2046,"Other Asia Pacific","Ambitious-Double LFP-Baseline-Baseline-Baseline",275514.62805472
2046,"Other Asia Pacific","Ambitious-Double NMC 811-Baseline-Baseline-Baseline",273001.101879241
2046,"Other Asia Pacific","Ambitious-Sodium Battery adoption-Baseline-Baseline-Baseline",274335.959115517
2046,"Other Asia Pacific","Ambitious-Solid State adoption-Baseline-Baseline-Baseline",274446.383408992
2046,"Other Europe","Ambitious-Baseline-Baseline-Baseline-Baseline",262499.069974495
2046,"Other Europe","Ambitious-Baseline-Baseline-Baseline-Enhanced SSPS",260899.82165132
2046,"Other Europe","Ambitious-Baseline-Baseline-Baseline-Enhanced recycling",218089.394841683
2046,"Other Europe","Ambitious-Baseline-Baseline-Baseline-USA Recycling",262499.069974495
2046,"Other Europe","Ambitious-Baseline-High Capacity-Baseline-Baseline",345348.575754875
2046,"Other Europe","Ambitious-Baseline-Low Capacity-Baseline-Baseline",188819.652872683
2046,"Other Europe","Ambitious-Baseline-Low Capacity-Baseline-Recycling Medium",179263.330481329
2046,"Other Europe","Ambitious-Double LFP-Baseline-Baseline-Baseline",265014.739844452
2046,"Other Europe","Ambitious-Double NMC 811-Baseline-Baseline-Baseline",259600.726779786
2046,"Other Europe","Ambitious-Sodium Battery adoption-Baseline-Baseline-Baseline",262217.477328997
2046,"Other Europe","Ambitious-Solid State adoption-Baseline-Baseline-Baseline",262499.069974495
2046,"Other Latin America and Caribbean","Ambitious-Baseline-Baseline-Baseline-Baseline",549045.005631891
2046,"Other Latin America and Caribbean","Ambitious-Baseline-Baseline-Baseline-Enhanced SSPS",550531.95346483
2046,"Other Latin America and Caribbean","Ambitious-Baseline-Baseline-Baseline-Enhanced recycling",449754.809444157
2046,"Other Latin America and Caribbean","Ambitious-Baseline-Baseline-Baseline-USA Recycling",549045.005631891
2046,"Other Latin America and Caribbean","Ambitious-Baseline-High Capacity-Baseline-Baseline",755388.833578561
2046,"Other Latin America and Caribbean","Ambitious-Baseline-Low Capacity-Baseline-Baseline",403148.324170398
2046,"Other Latin America and Caribbean","Ambitious-Baseline-Low Capacity-Baseline-Recycling Medium",377929.554775978
2046,"Other Latin America and Caribbean","Ambitious-Double LFP-Baseline-Baseline-Baseline",581185.371157768
2046,"Other Latin America and Caribbean","Ambitious-Double NMC 811-Baseline-Baseline-Baseline",531871.112484565
2046,"Other Latin America and Caribbean","Ambitious-Sodium Battery adoption-Baseline-Baseline-Baseline",547437.17682776
2046,"Other Latin America and Caribbean","Ambitious-Solid State adoption-Baseline-Baseline-Baseline",549045.005631891
2046,"South Korea","Ambitious-Baseline-Baseline-Baseline-Baseline",82272.2298998644
2046,"South Korea","Ambitious-Baseline-Baseline-Baseline-Enhanced SSPS",82370.9728001185
2046,"South Korea","Ambitious-Baseline-Baseline-Baseline-Enhanced recycling",57974.4694554321
2046,"South Korea","Ambitious-Baseline-Baseline-Baseline-USA Recycling",82272.2298998644
2046,"South Korea","Ambitious-Baseline-High Capacity-Baseline-Baseline",108430.471624857
2046,"South Korea","Ambitious-Baseline-Low Capacity-Baseline-Baseline",61129.3098181174
2046,"South Korea","Ambitious-Baseline-Low Capacity-Baseline-Recycling Medium",56064.7497687513
2046,"South Korea","Ambitious-Double LFP-Baseline-Baseline-Baseline",82586.3554419776
2046,"South Korea","Ambitious-Double NMC 811-Baseline-Baseline-Baseline",81890.6423913306
2046,"South Korea","Ambitious-Sodium Battery adoption-Baseline-Baseline-Baseline",82243.5720274099
2046,"South Korea","Ambitious-Solid State adoption-Baseline-Baseline-Baseline",82272.2298998645
2046,"United Kingdom","Ambitious-Baseline-Baseline-Baseline-Baseline",117969.654324893
2046,"United Kingdom","Ambitious-Baseline-Baseline-Baseline-Enhanced SSPS",117969.654324893
2046,"United Kingdom","Ambitious-Baseline-Baseline-Baseline-Enhanced recycling",80377.1356276534
2046,"United Kingdom","Ambitious-Baseline-Baseline-Baseline-USA Recycling",117969.654324893
2046,"United Kingdom","Ambitious-Baseline-High Capacity-Baseline-Baseline",154646.312047912
2046,"United Kingdom","Ambitious-Baseline-Low Capacity-Baseline-Baseline",86429.2324553139
2046,"United Kingdom","Ambitious-Baseline-Low Capacity-Baseline-Recycling Medium",76394.7322110711
2046,"United Kingdom","Ambitious-Double LFP-Baseline-Baseline-Baseline",118900.545806445
2046,"United Kingdom","Ambitious-Double NMC 811-Baseline-Baseline-Baseline",117525.174911973
2046,"United Kingdom","Ambitious-Sodium Battery adoption-Baseline-Baseline-Baseline",117917.258108179
2046,"United Kingdom","Ambitious-Solid State adoption-Baseline-Baseline-Baseline",117969.654324893
2046,"United States","Ambitious-Baseline-Baseline-Baseline-Baseline",732629.726722897
2046,"United States","Ambitious-Baseline-Baseline-Baseline-Enhanced SSPS",732629.726722897
2046,"United States","Ambitious-Baseline-Baseline-Baseline-Enhanced recycling",538814.301351957
2046,"United States","Ambitious-Baseline-Baseline-Baseline-USA Recycling",542455.201930026
2046,"United States","Ambitious-Baseline-High Capacity-Baseline-Baseline",890695.954308966
2046,"United States","Ambitious-Baseline-Low Capacity-Baseline-Baseline",477096.664977667
2046,"United States","Ambitious-Baseline-Low Capacity-Baseline-Recycling Medium",441189.755325977
2046,"United States","Ambitious-Double LFP-Baseline-Baseline-Baseline",762039.928780095
2046,"United States","Ambitious-Double NMC 811-Baseline-Baseline-Baseline",705564.711797559
2046,"United States","Ambitious-Sodium Battery adoption-Baseline-Baseline-Baseline",731008.018841556
2046,"United States","Ambitious-Solid State adoption-Baseline-Baseline-Baseline",732629.726722898
2047,"ASEAN","Ambitious-Baseline-Baseline-Baseline-Baseline",597894.616102099
2047,"ASEAN","Ambitious-Baseline-Baseline-Baseline-Enhanced SSPS",597680.957181891
2047,"ASEAN","Ambitious-Baseline-Baseline-Baseline-Enhanced recycling",502097.191480365
2047,"ASEAN","Ambitious-Baseline-Baseline-Baseline-USA Recycling",597894.616102099
2047,"ASEAN","Ambitious-Baseline-High Capacity-Baseline-Baseline",882691.804607121
2047,"ASEAN","Ambitious-Baseline-Low Capacity-Baseline-Baseline",476135.811908507
2047,"ASEAN","Ambitious-Baseline-Low Capacity-Baseline-Recycling Medium",451918.176241695
2047,"ASEAN","Ambitious-Double LFP-Baseline-Baseline-Baseline",634151.589438559
2047,"ASEAN","Ambitious-Double NMC 811-Baseline-Baseline-Baseline",578480.5892825
2047,"ASEAN","Ambitious-Sodium Battery adoption-Baseline-Baseline-Baseline",595615.692453328
2047,"ASEAN","Ambitious-Solid State adoption-Baseline-Baseline-Baseline",597894.616102099
2047,"Africa","Ambitious-Baseline-Baseline-Baseline-Baseline",307492.675386797
2047,"Africa","Ambitious-Baseline-Baseline-Baseline-Enhanced SSPS",309033.32163763
2047,"Africa","Ambitious-Baseline-Baseline-Baseline-Enhanced recycling",255570.491671705
2047,"Africa","Ambitious-Baseline-Baseline-Baseline-USA Recycling",307492.675386797
2047,"Africa","Ambitious-Baseline-High Capacity-Baseline-Baseline",436723.480660635
2047,"Africa","Ambitious-Baseline-Low Capacity-Baseline-Baseline",229590.627082863
2047,"Africa","Ambitious-Baseline-Low Capacity-Baseline-Recycling Medium",216075.11983246
2047,"Africa","Ambitious-Double LFP-Baseline-Baseline-Baseline",313096.585230437
2047,"Africa","Ambitious-Double NMC 811-Baseline-Baseline-Baseline",300981.58659703
2047,"Africa","Ambitious-Sodium Battery adoption-Baseline-Baseline-Baseline",307192.083834409
2047,"Africa","Ambitious-Solid State adoption-Baseline-Baseline-Baseline",307492.675386797
2047,"Australia/NZ","Ambitious-Baseline-Baseline-Baseline-Baseline",70431.1726625083
2047,"Australia/NZ","Ambitious-Baseline-Baseline-Baseline-Enhanced SSPS",70431.1726625083
2047,"Australia/NZ","Ambitious-Baseline-Baseline-Baseline-Enhanced recycling",54673.1665815054
2047,"Australia/NZ","Ambitious-Baseline-Baseline-Baseline-USA Recycling",70431.1726625083
2047,"Australia/NZ","Ambitious-Baseline-High Capacity-Baseline-Baseline",92164.8602196589
2047,"Australia/NZ","Ambitious-Baseline-Low Capacity-Baseline-Baseline",51251.7844701065
2047,"Australia/NZ","Ambitious-Baseline-Low Capacity-Baseline-Recycling Medium",47358.9531976456
2047,"Australia/NZ","Ambitious-Double LFP-Baseline-Baseline-Baseline",73534.7459409529
2047,"Australia/NZ","Ambitious-Double NMC 811-Baseline-Baseline-Baseline",70015.1222949775
2047,"Australia/NZ","Ambitious-Sodium Battery adoption-Baseline-Baseline-Baseline",70264.7233719704
2047,"Australia/NZ","Ambitious-Solid State adoption-Baseline-Baseline-Baseline",70431.1726625083
2047,"Brazil","Ambitious-Baseline-Baseline-Baseline-Baseline",199056.8561497
2047,"Brazil","Ambitious-Baseline-Baseline-Baseline-Enhanced SSPS",199056.8561497
2047,"Brazil","Ambitious-Baseline-Baseline-Baseline-Enhanced recycling",169971.440671221
2047,"Brazil","Ambitious-Baseline-Baseline-Baseline-USA Recycling",199056.8561497
2047,"Brazil","Ambitious-Baseline-High Capacity-Baseline-Baseline",288644.784827756
2047,"Brazil","Ambitious-Baseline-Low Capacity-Baseline-Baseline",153960.416984324
2047,"Brazil","Ambitious-Baseline-Low Capacity-Baseline-Recycling Medium",147521.597740128
2047,"Brazil","Ambitious-Double LFP-Baseline-Baseline-Baseline",216440.811303389
2047,"Brazil","Ambitious-Double NMC 811-Baseline-Baseline-Baseline",183287.925483405
2047,"Brazil","Ambitious-Sodium Battery adoption-Baseline-Baseline-Baseline",198158.0256364
2047,"Brazil","Ambitious-Solid State adoption-Baseline-Baseline-Baseline",199056.8561497
2047,"Canada","Ambitious-Baseline-Baseline-Baseline-Baseline",86983.3374328348
2047,"Canada","Ambitious-Baseline-Baseline-Baseline-Enhanced SSPS",86983.3374328348
2047,"Canada","Ambitious-Baseline-Baseline-Baseline-Enhanced recycling",61583.6206633898
2047,"Canada","Ambitious-Baseline-Baseline-Baseline-USA Recycling",86983.3374328348
2047,"Canada","Ambitious-Baseline-High Capacity-Baseline-Baseline",111200.555000948
2047,"Canada","Ambitious-Baseline-Low Capacity-Baseline-Baseline",61449.8769975565
2047,"Canada","Ambitious-Baseline-Low Capacity-Baseline-Recycling Medium",56527.251889796
2047,"Canada","Ambitious-Double LFP-Baseline-Baseline-Baseline",90502.9969832873
2047,"Canada","Ambitious-Double NMC 811-Baseline-Baseline-Baseline",83818.3515703261
2047,"Canada","Ambitious-Sodium Battery adoption-Baseline-Baseline-Baseline",86795.8230773189
2047,"Canada","Ambitious-Solid State adoption-Baseline-Baseline-Baseline",86983.3374328348
2047,"China","Ambitious-Baseline-Baseline-Baseline-Baseline",990102.332297283
2047,"China","Ambitious-Baseline-Baseline-Baseline-Enhanced SSPS",990102.332297283
2047,"China","Ambitious-Baseline-Baseline-Baseline-Enhanced recycling",987147.277033474
2047,"China","Ambitious-Baseline-Baseline-Baseline-USA Recycling",990102.332297283
2047,"China","Ambitious-Baseline-High Capacity-Baseline-Baseline",1560734.47766074
2047,"China","Ambitious-Baseline-Low Capacity-Baseline-Baseline",801523.554277502
2047,"China","Ambitious-Baseline-Low Capacity-Baseline-Recycling Medium",796272.8876364
2047,"China","Ambitious-Double LFP-Baseline-Baseline-Baseline",1097010.94576939
2047,"China","Ambitious-Double NMC 811-Baseline-Baseline-Baseline",906651.823215511
2047,"China","Ambitious-Sodium Battery adoption-Baseline-Baseline-Baseline",982650.211054183
2047,"China","Ambitious-Solid State adoption-Baseline-Baseline-Baseline",990102.332297284
2047,"EFTA","Ambitious-Baseline-Baseline-Baseline-Baseline",26696.6326788892
2047,"EFTA","Ambitious-Baseline-Baseline-Baseline-Enhanced SSPS",26403.103895268
2047,"EFTA","Ambitious-Baseline-Baseline-Baseline-Enhanced recycling",17917.4720805394
2047,"EFTA","Ambitious-Baseline-Baseline-Baseline-USA Recycling",26696.6326788892
2047,"EFTA","Ambitious-Baseline-High Capacity-Baseline-Baseline",33893.0284578054
2047,"EFTA","Ambitious-Baseline-Low Capacity-Baseline-Baseline",19365.3592674402
2047,"EFTA","Ambitious-Baseline-Low Capacity-Baseline-Recycling Medium",17242.2028602611
2047,"EFTA","Ambitious-Double LFP-Baseline-Baseline-Baseline",26949.0435607999
2047,"EFTA","Ambitious-Double NMC 811-Baseline-Baseline-Baseline",26579.4075573622
2047,"EFTA","Ambitious-Sodium Battery adoption-Baseline-Baseline-Baseline",26664.4273298348
2047,"EFTA","Ambitious-Solid State adoption-Baseline-Baseline-Baseline",26696.6326788892
2047,"European Union","Ambitious-Baseline-Baseline-Baseline-Baseline",473174.582664639
2047,"European Union","Ambitious-Baseline-Baseline-Baseline-Enhanced SSPS",473226.592030275
2047,"European Union","Ambitious-Baseline-Baseline-Baseline-Enhanced recycling",473372.325672698
2047,"European Union","Ambitious-Baseline-Baseline-Baseline-USA Recycling",473174.582664639
2047,"European Union","Ambitious-Baseline-High Capacity-Baseline-Baseline",673981.593519318
2047,"European Union","Ambitious-Baseline-Low Capacity-Baseline-Baseline",371368.00143131
2047,"European Union","Ambitious-Baseline-Low Capacity-Baseline-Recycling Medium",371531.926338961
2047,"European Union","Ambitious-Double LFP-Baseline-Baseline-Baseline",478053.100667408
2047,"European Union","Ambitious-Double NMC 811-Baseline-Baseline-Baseline",471104.51948953
2047,"European Union","Ambitious-Sodium Battery adoption-Baseline-Baseline-Baseline",472902.727325446
2047,"European Union","Ambitious-Solid State adoption-Baseline-Baseline-Baseline",473174.582664639
2047,"India","Ambitious-Baseline-Baseline-Baseline-Baseline",330635.374503376
2047,"India","Ambitious-Baseline-Baseline-Baseline-Enhanced SSPS",325155.448841288
2047,"India","Ambitious-Baseline-Baseline-Baseline-Enhanced recycling",255370.027226888
2047,"India","Ambitious-Baseline-Baseline-Baseline-USA Recycling",330635.374503376
2047,"India","Ambitious-Baseline-High Capacity-Baseline-Baseline",533993.422099339
2047,"India","Ambitious-Baseline-Low Capacity-Baseline-Baseline",295907.748434049
2047,"India","Ambitious-Baseline-Low Capacity-Baseline-Recycling Medium",277896.818286284
2047,"India","Ambitious-Double LFP-Baseline-Baseline-Baseline",330886.79161627
2047,"India","Ambitious-Double NMC 811-Baseline-Baseline-Baseline",330145.138993351
2047,"India","Ambitious-Sodium Battery adoption-Baseline-Baseline-Baseline",330440.493032735
2047,"India","Ambitious-Solid State adoption-Baseline-Baseline-Baseline",330635.374503376
2047,"Japan","Ambitious-Baseline-Baseline-Baseline-Baseline",155776.906985861
2047,"Japan","Ambitious-Baseline-Baseline-Baseline-Enhanced SSPS",156038.769354769
2047,"Japan","Ambitious-Baseline-Baseline-Baseline-Enhanced recycling",117851.607098249
2047,"Japan","Ambitious-Baseline-Baseline-Baseline-USA Recycling",155776.906985861
2047,"Japan","Ambitious-Baseline-High Capacity-Baseline-Baseline",235742.128948947
2047,"Japan","Ambitious-Baseline-Low Capacity-Baseline-Baseline",134140.423059853
2047,"Japan","Ambitious-Baseline-Low Capacity-Baseline-Recycling Medium",125054.929295088
2047,"Japan","Ambitious-Double LFP-Baseline-Baseline-Baseline",156414.463364887
2047,"Japan","Ambitious-Double NMC 811-Baseline-Baseline-Baseline",154990.041110051
2047,"Japan","Ambitious-Sodium Battery adoption-Baseline-Baseline-Baseline",155705.325836532
2047,"Japan","Ambitious-Solid State adoption-Baseline-Baseline-Baseline",155776.906985861
2047,"Mexico","Ambitious-Baseline-Baseline-Baseline-Baseline",127559.884467772
2047,"Mexico","Ambitious-Baseline-Baseline-Baseline-Enhanced SSPS",127559.884467772
2047,"Mexico","Ambitious-Baseline-Baseline-Baseline-Enhanced recycling",101594.687761872
2047,"Mexico","Ambitious-Baseline-Baseline-Baseline-USA Recycling",127559.884467772
2047,"Mexico","Ambitious-Baseline-High Capacity-Baseline-Baseline",167279.775302835
2047,"Mexico","Ambitious-Baseline-Low Capacity-Baseline-Baseline",95478.0955282753
2047,"Mexico","Ambitious-Baseline-Low Capacity-Baseline-Recycling Medium",88283.9019199453
2047,"Mexico","Ambitious-Double LFP-Baseline-Baseline-Baseline",131294.75826695
2047,"Mexico","Ambitious-Double NMC 811-Baseline-Baseline-Baseline",124178.54282375
2047,"Mexico","Ambitious-Sodium Battery adoption-Baseline-Baseline-Baseline",127361.451198767
2047,"Mexico","Ambitious-Solid State adoption-Baseline-Baseline-Baseline",127559.884467772
2047,"Middle East","Ambitious-Baseline-Baseline-Baseline-Baseline",472887.448146114
2047,"Middle East","Ambitious-Baseline-Baseline-Baseline-Enhanced SSPS",473266.045987424
2047,"Middle East","Ambitious-Baseline-Baseline-Baseline-Enhanced recycling",394361.79945866
2047,"Middle East","Ambitious-Baseline-Baseline-Baseline-USA Recycling",472887.448146114
2047,"Middle East","Ambitious-Baseline-High Capacity-Baseline-Baseline",596409.383741765
2047,"Middle East","Ambitious-Baseline-Low Capacity-Baseline-Baseline",324540.191981759
2047,"Middle East","Ambitious-Baseline-Low Capacity-Baseline-Recycling Medium",307551.612265277
2047,"Middle East","Ambitious-Double LFP-Baseline-Baseline-Baseline",486091.929252935
2047,"Middle East","Ambitious-Double NMC 811-Baseline-Baseline-Baseline",468148.440504149
2047,"Middle East","Ambitious-Sodium Battery adoption-Baseline-Baseline-Baseline",472160.249729163
2047,"Middle East","Ambitious-Solid State adoption-Baseline-Baseline-Baseline",472887.448146115
2047,"Other Asia Pacific","Ambitious-Baseline-Baseline-Baseline-Baseline",280889.879723611
2047,"Other Asia Pacific","Ambitious-Baseline-Baseline-Baseline-Enhanced SSPS",281180.190714891
2047,"Other Asia Pacific","Ambitious-Baseline-Baseline-Baseline-Enhanced recycling",235600.836988606
2047,"Other Asia Pacific","Ambitious-Baseline-Baseline-Baseline-USA Recycling",280889.879723611
2047,"Other Asia Pacific","Ambitious-Baseline-High Capacity-Baseline-Baseline",379282.86219781
2047,"Other Asia Pacific","Ambitious-Baseline-Low Capacity-Baseline-Baseline",188576.65578654
2047,"Other Asia Pacific","Ambitious-Baseline-Low Capacity-Baseline-Recycling Medium",178392.825383415
2047,"Other Asia Pacific","Ambitious-Double LFP-Baseline-Baseline-Baseline",282022.764182366
2047,"Other Asia Pacific","Ambitious-Double NMC 811-Baseline-Baseline-Baseline",279448.654590537
2047,"Other Asia Pacific","Ambitious-Sodium Battery adoption-Baseline-Baseline-Baseline",280783.707642258
2047,"Other Asia Pacific","Ambitious-Solid State adoption-Baseline-Baseline-Baseline",280889.879723611
2047,"Other Europe","Ambitious-Baseline-Baseline-Baseline-Baseline",261464.987104866
2047,"Other Europe","Ambitious-Baseline-Baseline-Baseline-Enhanced SSPS",259494.342077629
2047,"Other Europe","Ambitious-Baseline-Baseline-Baseline-Enhanced recycling",211430.134128955
2047,"Other Europe","Ambitious-Baseline-Baseline-Baseline-USA Recycling",261464.987104866
2047,"Other Europe","Ambitious-Baseline-High Capacity-Baseline-Baseline",343246.631289836
2047,"Other Europe","Ambitious-Baseline-Low Capacity-Baseline-Baseline",188670.536342783
2047,"Other Europe","Ambitious-Baseline-Low Capacity-Baseline-Recycling Medium",177905.37735106
2047,"Other Europe","Ambitious-Double LFP-Baseline-Baseline-Baseline",264071.926739501
2047,"Other Europe","Ambitious-Double NMC 811-Baseline-Baseline-Baseline",258613.254516615
2047,"Other Europe","Ambitious-Sodium Battery adoption-Baseline-Baseline-Baseline",261193.101657036
2047,"Other Europe","Ambitious-Solid State adoption-Baseline-Baseline-Baseline",261464.987104866
2047,"Other Latin America and Caribbean","Ambitious-Baseline-Baseline-Baseline-Baseline",548513.621028849
2047,"Other Latin America and Caribbean","Ambitious-Baseline-Baseline-Baseline-Enhanced SSPS",550262.491307187
2047,"Other Latin America and Caribbean","Ambitious-Baseline-Baseline-Baseline-Enhanced recycling",435874.715698501
2047,"Other Latin America and Caribbean","Ambitious-Baseline-Baseline-Baseline-USA Recycling",548513.621028849
2047,"Other Latin America and Caribbean","Ambitious-Baseline-High Capacity-Baseline-Baseline",754880.612002697
2047,"Other Latin America and Caribbean","Ambitious-Baseline-Low Capacity-Baseline-Baseline",403177.755983255
2047,"Other Latin America and Caribbean","Ambitious-Baseline-Low Capacity-Baseline-Recycling Medium",374211.151111699
2047,"Other Latin America and Caribbean","Ambitious-Double LFP-Baseline-Baseline-Baseline",580812.21043996
2047,"Other Latin America and Caribbean","Ambitious-Double NMC 811-Baseline-Baseline-Baseline",530736.297497904
2047,"Other Latin America and Caribbean","Ambitious-Sodium Battery adoption-Baseline-Baseline-Baseline",546898.581157391
2047,"Other Latin America and Caribbean","Ambitious-Solid State adoption-Baseline-Baseline-Baseline",548513.62102885
2047,"South Korea","Ambitious-Baseline-Baseline-Baseline-Baseline",79177.9919818608
2047,"South Korea","Ambitious-Baseline-Baseline-Baseline-Enhanced SSPS",79361.5299980073
2047,"South Korea","Ambitious-Baseline-Baseline-Baseline-Enhanced recycling",53100.5358608086
2047,"South Korea","Ambitious-Baseline-Baseline-Baseline-USA Recycling",79177.9919818608
2047,"South Korea","Ambitious-Baseline-High Capacity-Baseline-Baseline",104324.623488511
2047,"South Korea","Ambitious-Baseline-Low Capacity-Baseline-Baseline",59472.9811385356
2047,"South Korea","Ambitious-Baseline-Low Capacity-Baseline-Recycling Medium",54064.4594248462
2047,"South Korea","Ambitious-Double LFP-Baseline-Baseline-Baseline",79494.1365958606
2047,"South Korea","Ambitious-Double NMC 811-Baseline-Baseline-Baseline",78825.428758582
2047,"South Korea","Ambitious-Sodium Battery adoption-Baseline-Baseline-Baseline",79156.3647976893
2047,"South Korea","Ambitious-Solid State adoption-Baseline-Baseline-Baseline",79177.9919818608
2047,"United Kingdom","Ambitious-Baseline-Baseline-Baseline-Baseline",113162.75998068
2047,"United Kingdom","Ambitious-Baseline-Baseline-Baseline-Enhanced SSPS",113162.75998068
2047,"United Kingdom","Ambitious-Baseline-Baseline-Baseline-Enhanced recycling",72404.7208579644
2047,"United Kingdom","Ambitious-Baseline-Baseline-Baseline-USA Recycling",113162.75998068
2047,"United Kingdom","Ambitious-Baseline-High Capacity-Baseline-Baseline",148418.890512887
2047,"United Kingdom","Ambitious-Baseline-Low Capacity-Baseline-Baseline",82931.2110039787
2047,"United Kingdom","Ambitious-Baseline-Low Capacity-Baseline-Recycling Medium",72162.675296729
2047,"United Kingdom","Ambitious-Double LFP-Baseline-Baseline-Baseline",114096.977805229
2047,"United Kingdom","Ambitious-Double NMC 811-Baseline-Baseline-Baseline",112732.219694995
2047,"United Kingdom","Ambitious-Sodium Battery adoption-Baseline-Baseline-Baseline",113112.533135529
2047,"United Kingdom","Ambitious-Solid State adoption-Baseline-Baseline-Baseline",113162.75998068
2047,"United States","Ambitious-Baseline-Baseline-Baseline-Baseline",716296.852385469
2047,"United States","Ambitious-Baseline-Baseline-Baseline-Enhanced SSPS",716296.852385469
2047,"United States","Ambitious-Baseline-Baseline-Baseline-Enhanced recycling",503201.746669687
2047,"United States","Ambitious-Baseline-Baseline-Baseline-USA Recycling",506419.344045326
2047,"United States","Ambitious-Baseline-High Capacity-Baseline-Baseline",871958.240442243
2047,"United States","Ambitious-Baseline-Low Capacity-Baseline-Baseline",468556.957149504
2047,"United States","Ambitious-Baseline-Low Capacity-Baseline-Recycling Medium",429916.460731235
2047,"United States","Ambitious-Double LFP-Baseline-Baseline-Baseline",746360.486684119
2047,"United States","Ambitious-Double NMC 811-Baseline-Baseline-Baseline",689315.937210282
2047,"United States","Ambitious-Sodium Battery adoption-Baseline-Baseline-Baseline",714692.055362944
2047,"United States","Ambitious-Solid State adoption-Baseline-Baseline-Baseline",716296.85238547
2048,"ASEAN","Ambitious-Baseline-Baseline-Baseline-Baseline",604773.131386384
2048,"ASEAN","Ambitious-Baseline-Baseline-Baseline-Enhanced SSPS",604611.555775615
2048,"ASEAN","Ambitious-Baseline-Baseline-Baseline-Enhanced recycling",495943.233501899
2048,"ASEAN","Ambitious-Baseline-Baseline-Baseline-USA Recycling",604773.131386384
2048,"ASEAN","Ambitious-Baseline-High Capacity-Baseline-Baseline",893157.646243553
2048,"ASEAN","Ambitious-Baseline-Low Capacity-Baseline-Baseline",481778.975051968
2048,"ASEAN","Ambitious-Baseline-Low Capacity-Baseline-Recycling Medium",454112.804143541
2048,"ASEAN","Ambitious-Double LFP-Baseline-Baseline-Baseline",642098.400947434
2048,"ASEAN","Ambitious-Double NMC 811-Baseline-Baseline-Baseline",584440.063920537
2048,"ASEAN","Ambitious-Sodium Battery adoption-Baseline-Baseline-Baseline",602476.649389845
2048,"ASEAN","Ambitious-Solid State adoption-Baseline-Baseline-Baseline",604773.131386384
2048,"Africa","Ambitious-Baseline-Baseline-Baseline-Baseline",312221.178039252
2048,"Africa","Ambitious-Baseline-Baseline-Baseline-Enhanced SSPS",314048.799008306
2048,"Africa","Ambitious-Baseline-Baseline-Baseline-Enhanced recycling",253639.03973583
2048,"Africa","Ambitious-Baseline-Baseline-Baseline-USA Recycling",312221.178039252
2048,"Africa","Ambitious-Baseline-High Capacity-Baseline-Baseline",443640.048374277
2048,"Africa","Ambitious-Baseline-Low Capacity-Baseline-Baseline",233299.9215082
2048,"Africa","Ambitious-Baseline-Low Capacity-Baseline-Recycling Medium",217695.531970618
2048,"Africa","Ambitious-Double LFP-Baseline-Baseline-Baseline",318239.986904512
2048,"Africa","Ambitious-Double NMC 811-Baseline-Baseline-Baseline",305576.661759733
2048,"Africa","Ambitious-Sodium Battery adoption-Baseline-Baseline-Baseline",311910.359185731
2048,"Africa","Ambitious-Solid State adoption-Baseline-Baseline-Baseline",312221.178039252
2048,"Australia/NZ","Ambitious-Baseline-Baseline-Baseline-Baseline",68806.750108027
2048,"Australia/NZ","Ambitious-Baseline-Baseline-Baseline-Enhanced SSPS",68806.750108027
2048,"Australia/NZ","Ambitious-Baseline-Baseline-Baseline-Enhanced recycling",51246.2239983027
2048,"Australia/NZ","Ambitious-Baseline-Baseline-Baseline-USA Recycling",68806.750108027
2048,"Australia/NZ","Ambitious-Baseline-High Capacity-Baseline-Baseline",90128.403638235
2048,"Australia/NZ","Ambitious-Baseline-Low Capacity-Baseline-Baseline",50089.940171336
2048,"Australia/NZ","Ambitious-Baseline-Low Capacity-Baseline-Recycling Medium",45772.0511989378
2048,"Australia/NZ","Ambitious-Double LFP-Baseline-Baseline-Baseline",71953.5686194883
2048,"Australia/NZ","Ambitious-Double NMC 811-Baseline-Baseline-Baseline",68389.946492318
2048,"Australia/NZ","Ambitious-Sodium Battery adoption-Baseline-Baseline-Baseline",68644.6517773836
2048,"Australia/NZ","Ambitious-Solid State adoption-Baseline-Baseline-Baseline",68806.750108027
2048,"Brazil","Ambitious-Baseline-Baseline-Baseline-Baseline",199689.241279454
2048,"Brazil","Ambitious-Baseline-Baseline-Baseline-Enhanced SSPS",199689.241279454
2048,"Brazil","Ambitious-Baseline-Baseline-Baseline-Enhanced recycling",166478.475349398
2048,"Brazil","Ambitious-Baseline-Baseline-Baseline-USA Recycling",199689.241279454
2048,"Brazil","Ambitious-Baseline-High Capacity-Baseline-Baseline",289721.409236304
2048,"Brazil","Ambitious-Baseline-Low Capacity-Baseline-Baseline",154136.821122644
2048,"Brazil","Ambitious-Baseline-Low Capacity-Baseline-Recycling Medium",146900.640575789
2048,"Brazil","Ambitious-Double LFP-Baseline-Baseline-Baseline",217717.250618411
2048,"Brazil","Ambitious-Double NMC 811-Baseline-Baseline-Baseline",183617.509265941
2048,"Brazil","Ambitious-Sodium Battery adoption-Baseline-Baseline-Baseline",198777.479079611
2048,"Brazil","Ambitious-Solid State adoption-Baseline-Baseline-Baseline",199689.241279454
2048,"Canada","Ambitious-Baseline-Baseline-Baseline-Baseline",83423.3984146653
2048,"Canada","Ambitious-Baseline-Baseline-Baseline-Enhanced SSPS",83423.3984146653
2048,"Canada","Ambitious-Baseline-Baseline-Baseline-Enhanced recycling",55833.4726833804
2048,"Canada","Ambitious-Baseline-Baseline-Baseline-USA Recycling",83423.3984146653
2048,"Canada","Ambitious-Baseline-High Capacity-Baseline-Baseline",106689.224572041
2048,"Canada","Ambitious-Baseline-Low Capacity-Baseline-Baseline",59315.453617995
2048,"Canada","Ambitious-Baseline-Low Capacity-Baseline-Recycling Medium",54051.6487306309
2048,"Canada","Ambitious-Double LFP-Baseline-Baseline-Baseline",86958.2150387948
2048,"Canada","Ambitious-Double NMC 811-Baseline-Baseline-Baseline",80331.7690401984
2048,"Canada","Ambitious-Sodium Battery adoption-Baseline-Baseline-Baseline",83241.4537114445
2048,"Canada","Ambitious-Solid State adoption-Baseline-Baseline-Baseline",83423.3984146652
2048,"China","Ambitious-Baseline-Baseline-Baseline-Baseline",934354.032890047
2048,"China","Ambitious-Baseline-Baseline-Baseline-Enhanced SSPS",934354.032890047
2048,"China","Ambitious-Baseline-Baseline-Baseline-Enhanced recycling",934354.032890047
2048,"China","Ambitious-Baseline-Baseline-Baseline-USA Recycling",934354.032890047
2048,"China","Ambitious-Baseline-High Capacity-Baseline-Baseline",1458962.58963424
2048,"China","Ambitious-Baseline-Low Capacity-Baseline-Baseline",759075.040559502
2048,"China","Ambitious-Baseline-Low Capacity-Baseline-Recycling Medium",755007.958088432
2048,"China","Ambitious-Double LFP-Baseline-Baseline-Baseline",1039888.38144337
2048,"China","Ambitious-Double NMC 811-Baseline-Baseline-Baseline",852221.778172094
2048,"China","Ambitious-Sodium Battery adoption-Baseline-Baseline-Baseline",927281.537719102
2048,"China","Ambitious-Solid State adoption-Baseline-Baseline-Baseline",934354.032890045
2048,"EFTA","Ambitious-Baseline-Baseline-Baseline-Baseline",26280.6345537877
2048,"EFTA","Ambitious-Baseline-Baseline-Baseline-Enhanced SSPS",25975.8139093341
2048,"EFTA","Ambitious-Baseline-Baseline-Baseline-Enhanced recycling",16984.5733339149
2048,"EFTA","Ambitious-Baseline-Baseline-Baseline-USA Recycling",26280.6345537877
2048,"EFTA","Ambitious-Baseline-High Capacity-Baseline-Baseline",33282.8220305527
2048,"EFTA","Ambitious-Baseline-Low Capacity-Baseline-Baseline",19203.500523625
2048,"EFTA","Ambitious-Baseline-Low Capacity-Baseline-Recycling Medium",16981.6993570834
2048,"EFTA","Ambitious-Double LFP-Baseline-Baseline-Baseline",26534.9338780363
2048,"EFTA","Ambitious-Double NMC 811-Baseline-Baseline-Baseline",26166.0070433678
2048,"EFTA","Ambitious-Sodium Battery adoption-Baseline-Baseline-Baseline",26247.7211142661
2048,"EFTA","Ambitious-Solid State adoption-Baseline-Baseline-Baseline",26280.6345537877
2048,"European Union","Ambitious-Baseline-Baseline-Baseline-Baseline",444990.560817109
2048,"European Union","Ambitious-Baseline-Baseline-Baseline-Enhanced SSPS",444982.504596924
2048,"European Union","Ambitious-Baseline-Baseline-Baseline-Enhanced recycling",445179.213106187
2048,"European Union","Ambitious-Baseline-Baseline-Baseline-USA Recycling",444990.560817109
2048,"European Union","Ambitious-Baseline-High Capacity-Baseline-Baseline",629986.74856078
2048,"European Union","Ambitious-Baseline-Low Capacity-Baseline-Baseline",351537.055838146
2048,"European Union","Ambitious-Baseline-Low Capacity-Baseline-Recycling Medium",351865.863684342
2048,"European Union","Ambitious-Double LFP-Baseline-Baseline-Baseline",449817.55925044
2048,"European Union","Ambitious-Double NMC 811-Baseline-Baseline-Baseline",443033.008347463
2048,"European Union","Ambitious-Sodium Battery adoption-Baseline-Baseline-Baseline",444740.249356105
2048,"European Union","Ambitious-Solid State adoption-Baseline-Baseline-Baseline",444990.560817111
2048,"India","Ambitious-Baseline-Baseline-Baseline-Baseline",331122.688884724
2048,"India","Ambitious-Baseline-Baseline-Baseline-Enhanced SSPS",327544.726743737
2048,"India","Ambitious-Baseline-Baseline-Baseline-Enhanced recycling",249362.857715859
2048,"India","Ambitious-Baseline-Baseline-Baseline-USA Recycling",331122.688884724
2048,"India","Ambitious-Baseline-High Capacity-Baseline-Baseline",533024.917371732
2048,"India","Ambitious-Baseline-Low Capacity-Baseline-Baseline",296026.791260563
2048,"India","Ambitious-Baseline-Low Capacity-Baseline-Recycling Medium",276308.843492825
2048,"India","Ambitious-Double LFP-Baseline-Baseline-Baseline",331382.424588651
2048,"India","Ambitious-Double NMC 811-Baseline-Baseline-Baseline",330670.008688029
2048,"India","Ambitious-Sodium Battery adoption-Baseline-Baseline-Baseline",330941.611486798
2048,"India","Ambitious-Solid State adoption-Baseline-Baseline-Baseline",331122.688884724
2048,"Japan","Ambitious-Baseline-Baseline-Baseline-Baseline",148790.442840446
2048,"Japan","Ambitious-Baseline-Baseline-Baseline-Enhanced SSPS",149513.726269911
2048,"Japan","Ambitious-Baseline-Baseline-Baseline-Enhanced recycling",107245.902518783
2048,"Japan","Ambitious-Baseline-Baseline-Baseline-USA Recycling",148790.442840446
2048,"Japan","Ambitious-Baseline-High Capacity-Baseline-Baseline",225342.225389556
2048,"Japan","Ambitious-Baseline-Low Capacity-Baseline-Baseline",128374.059261802
2048,"Japan","Ambitious-Baseline-Low Capacity-Baseline-Recycling Medium",118455.361861397
2048,"Japan","Ambitious-Double LFP-Baseline-Baseline-Baseline",149430.386576478
2048,"Japan","Ambitious-Double NMC 811-Baseline-Baseline-Baseline",148062.042451642
2048,"Japan","Ambitious-Sodium Battery adoption-Baseline-Baseline-Baseline",148742.56652252
2048,"Japan","Ambitious-Solid State adoption-Baseline-Baseline-Baseline",148790.442840446
2048,"Mexico","Ambitious-Baseline-Baseline-Baseline-Baseline",124781.753787047
2048,"Mexico","Ambitious-Baseline-Baseline-Baseline-Enhanced SSPS",124781.753787047
2048,"Mexico","Ambitious-Baseline-Baseline-Baseline-Enhanced recycling",95531.0075607363
2048,"Mexico","Ambitious-Baseline-Baseline-Baseline-USA Recycling",124781.753787047
2048,"Mexico","Ambitious-Baseline-High Capacity-Baseline-Baseline",163875.026149517
2048,"Mexico","Ambitious-Baseline-Low Capacity-Baseline-Baseline",93243.9005920877
2048,"Mexico","Ambitious-Baseline-Low Capacity-Baseline-Recycling Medium",85119.2685238677
2048,"Mexico","Ambitious-Double LFP-Baseline-Baseline-Baseline",128700.791334355
2048,"Mexico","Ambitious-Double NMC 811-Baseline-Baseline-Baseline",121315.299072966
2048,"Mexico","Ambitious-Sodium Battery adoption-Baseline-Baseline-Baseline",124580.17922501
2048,"Mexico","Ambitious-Solid State adoption-Baseline-Baseline-Baseline",124781.753787047
2048,"Middle East","Ambitious-Baseline-Baseline-Baseline-Baseline",473885.051917772
2048,"Middle East","Ambitious-Baseline-Baseline-Baseline-Enhanced SSPS",474268.351476189
2048,"Middle East","Ambitious-Baseline-Baseline-Baseline-Enhanced recycling",384233.675638255
2048,"Middle East","Ambitious-Baseline-Baseline-Baseline-USA Recycling",473885.051917772
2048,"Middle East","Ambitious-Baseline-High Capacity-Baseline-Baseline",597147.426335988
2048,"Middle East","Ambitious-Baseline-Low Capacity-Baseline-Baseline",325019.837361959
2048,"Middle East","Ambitious-Baseline-Low Capacity-Baseline-Recycling Medium",305965.179565234
2048,"Middle East","Ambitious-Double LFP-Baseline-Baseline-Baseline",487473.275667067
2048,"Middle East","Ambitious-Double NMC 811-Baseline-Baseline-Baseline",469061.395956398
2048,"Middle East","Ambitious-Sodium Battery adoption-Baseline-Baseline-Baseline",473170.643480047
2048,"Middle East","Ambitious-Solid State adoption-Baseline-Baseline-Baseline",473885.051917772
2048,"Other Asia Pacific","Ambitious-Baseline-Baseline-Baseline-Baseline",286692.809056002
2048,"Other Asia Pacific","Ambitious-Baseline-Baseline-Baseline-Enhanced SSPS",287147.274090093
2048,"Other Asia Pacific","Ambitious-Baseline-Baseline-Baseline-Enhanced recycling",235386.121064478
2048,"Other Asia Pacific","Ambitious-Baseline-Baseline-Baseline-USA Recycling",286692.809056002
2048,"Other Asia Pacific","Ambitious-Baseline-High Capacity-Baseline-Baseline",387174.764514919
2048,"Other Asia Pacific","Ambitious-Baseline-Low Capacity-Baseline-Baseline",192658.163248158
2048,"Other Asia Pacific","Ambitious-Baseline-Low Capacity-Baseline-Recycling Medium",181014.645370984
2048,"Other Asia Pacific","Ambitious-Double LFP-Baseline-Baseline-Baseline",287887.960409017
2048,"Other Asia Pacific","Ambitious-Double NMC 811-Baseline-Baseline-Baseline",285261.957812743
2048,"Other Asia Pacific","Ambitious-Sodium Battery adoption-Baseline-Baseline-Baseline",286590.176873988
2048,"Other Asia Pacific","Ambitious-Solid State adoption-Baseline-Baseline-Baseline",286692.809056002
2048,"Other Europe","Ambitious-Baseline-Baseline-Baseline-Baseline",259471.154361673
2048,"Other Europe","Ambitious-Baseline-Baseline-Baseline-Enhanced SSPS",257230.783308812
2048,"Other Europe","Ambitious-Baseline-Baseline-Baseline-Enhanced recycling",203949.840740733
2048,"Other Europe","Ambitious-Baseline-Baseline-Baseline-USA Recycling",259471.154361673
2048,"Other Europe","Ambitious-Baseline-High Capacity-Baseline-Baseline",339957.581826459
2048,"Other Europe","Ambitious-Baseline-Low Capacity-Baseline-Baseline",188047.940510819
2048,"Other Europe","Ambitious-Baseline-Low Capacity-Baseline-Recycling Medium",175987.460824133
2048,"Other Europe","Ambitious-Double LFP-Baseline-Baseline-Baseline",262158.204695493
2048,"Other Europe","Ambitious-Double NMC 811-Baseline-Baseline-Baseline",256681.137822904
2048,"Other Europe","Ambitious-Sodium Battery adoption-Baseline-Baseline-Baseline",259208.5622064
2048,"Other Europe","Ambitious-Solid State adoption-Baseline-Baseline-Baseline",259471.154361673
2048,"Other Latin America and Caribbean","Ambitious-Baseline-Baseline-Baseline-Baseline",546006.548281762
2048,"Other Latin America and Caribbean","Ambitious-Baseline-Baseline-Baseline-Enhanced SSPS",548111.242049822
2048,"Other Latin America and Caribbean","Ambitious-Baseline-Baseline-Baseline-Enhanced recycling",419738.645531931
2048,"Other Latin America and Caribbean","Ambitious-Baseline-Baseline-Baseline-USA Recycling",546006.548281762
2048,"Other Latin America and Caribbean","Ambitious-Baseline-High Capacity-Baseline-Baseline",751647.4280746
2048,"Other Latin America and Caribbean","Ambitious-Baseline-Low Capacity-Baseline-Baseline",401873.429194881
2048,"Other Latin America and Caribbean","Ambitious-Baseline-Low Capacity-Baseline-Recycling Medium",369035.618851232
2048,"Other Latin America and Caribbean","Ambitious-Double LFP-Baseline-Baseline-Baseline",578356.796293902
2048,"Other Latin America and Caribbean","Ambitious-Double NMC 811-Baseline-Baseline-Baseline",527700.285720278
2048,"Other Latin America and Caribbean","Ambitious-Sodium Battery adoption-Baseline-Baseline-Baseline",544392.593423368
2048,"Other Latin America and Caribbean","Ambitious-Solid State adoption-Baseline-Baseline-Baseline",546006.548281761
2048,"South Korea","Ambitious-Baseline-Baseline-Baseline-Baseline",76144.8130980615
2048,"South Korea","Ambitious-Baseline-Baseline-Baseline-Enhanced SSPS",76332.4472507738
2048,"South Korea","Ambitious-Baseline-Baseline-Baseline-Enhanced recycling",48429.5081755427
2048,"South Korea","Ambitious-Baseline-Baseline-Baseline-USA Recycling",76144.8130980615
2048,"South Korea","Ambitious-Baseline-High Capacity-Baseline-Baseline",100138.437999485
2048,"South Korea","Ambitious-Baseline-Low Capacity-Baseline-Baseline",57863.5881275874
2048,"South Korea","Ambitious-Baseline-Low Capacity-Baseline-Recycling Medium",52135.523518374
2048,"South Korea","Ambitious-Double LFP-Baseline-Baseline-Baseline",76462.390916839
2048,"South Korea","Ambitious-Double NMC 811-Baseline-Baseline-Baseline",75818.1802805065
2048,"South Korea","Ambitious-Sodium Battery adoption-Baseline-Baseline-Baseline",76128.0317340302
2048,"South Korea","Ambitious-Solid State adoption-Baseline-Baseline-Baseline",76144.8130980615
2048,"United Kingdom","Ambitious-Baseline-Baseline-Baseline-Baseline",108573.652324388
2048,"United Kingdom","Ambitious-Baseline-Baseline-Baseline-Enhanced SSPS",108573.652324388
2048,"United Kingdom","Ambitious-Baseline-Baseline-Baseline-Enhanced recycling",65086.8313370202
2048,"United Kingdom","Ambitious-Baseline-Baseline-Baseline-USA Recycling",108573.652324388
2048,"United Kingdom","Ambitious-Baseline-High Capacity-Baseline-Baseline",142399.152095847
2048,"United Kingdom","Ambitious-Baseline-Low Capacity-Baseline-Baseline",79639.6812030065
2048,"United Kingdom","Ambitious-Baseline-Low Capacity-Baseline-Recycling Medium",68256.6445073649
2048,"United Kingdom","Ambitious-Double LFP-Baseline-Baseline-Baseline",109510.14674071
2048,"United Kingdom","Ambitious-Double NMC 811-Baseline-Baseline-Baseline",108156.849097568
2048,"United Kingdom","Ambitious-Sodium Battery adoption-Baseline-Baseline-Baseline",108525.876811513
2048,"United Kingdom","Ambitious-Solid State adoption-Baseline-Baseline-Baseline",108573.652324388
2048,"United States","Ambitious-Baseline-Baseline-Baseline-Baseline",695441.327937647
2048,"United States","Ambitious-Baseline-Baseline-Baseline-Enhanced SSPS",695441.327937647
2048,"United States","Ambitious-Baseline-Baseline-Baseline-Enhanced recycling",464247.597377504
2048,"United States","Ambitious-Baseline-Baseline-Baseline-USA Recycling",466921.334641625
2048,"United States","Ambitious-Baseline-High Capacity-Baseline-Baseline",847611.825415658
2048,"United States","Ambitious-Baseline-Low Capacity-Baseline-Baseline",457977.350933083
2048,"United States","Ambitious-Baseline-Low Capacity-Baseline-Recycling Medium",416789.886311079
2048,"United States","Ambitious-Double LFP-Baseline-Baseline-Baseline",725867.771856138
2048,"United States","Ambitious-Double NMC 811-Baseline-Baseline-Baseline",668843.713885757
2048,"United States","Ambitious-Sodium Battery adoption-Baseline-Baseline-Baseline",693874.415462128
2048,"United States","Ambitious-Solid State adoption-Baseline-Baseline-Baseline",695441.327937645
2049,"ASEAN","Ambitious-Baseline-Baseline-Baseline-Baseline",610306.972068247
2049,"ASEAN","Ambitious-Baseline-Baseline-Baseline-Enhanced SSPS",610359.056524815
2049,"ASEAN","Ambitious-Baseline-Baseline-Baseline-Enhanced recycling",488089.941474348
2049,"ASEAN","Ambitious-Baseline-Baseline-Baseline-USA Recycling",610306.972068247
2049,"ASEAN","Ambitious-Baseline-High Capacity-Baseline-Baseline",900910.500607267
2049,"ASEAN","Ambitious-Baseline-Low Capacity-Baseline-Baseline",487286.114462281
2049,"ASEAN","Ambitious-Baseline-Low Capacity-Baseline-Recycling Medium",455431.740140749
2049,"ASEAN","Ambitious-Double LFP-Baseline-Baseline-Baseline",648616.851889222
2049,"ASEAN","Ambitious-Double NMC 811-Baseline-Baseline-Baseline",589118.438826008
2049,"ASEAN","Ambitious-Sodium Battery adoption-Baseline-Baseline-Baseline",607993.979348537
2049,"ASEAN","Ambitious-Solid State adoption-Baseline-Baseline-Baseline",610306.972068247
2049,"Africa","Ambitious-Baseline-Baseline-Baseline-Baseline",316304.214270345
2049,"Africa","Ambitious-Baseline-Baseline-Baseline-Enhanced SSPS",318449.037741793
2049,"Africa","Ambitious-Baseline-Baseline-Baseline-Enhanced recycling",251186.324220464
2049,"Africa","Ambitious-Baseline-Baseline-Baseline-USA Recycling",316304.214270345
2049,"Africa","Ambitious-Baseline-High Capacity-Baseline-Baseline",449578.589551376
2049,"Africa","Ambitious-Baseline-Low Capacity-Baseline-Baseline",236436.852504668
2049,"Africa","Ambitious-Baseline-Low Capacity-Baseline-Recycling Medium",218879.190402305
2049,"Africa","Ambitious-Double LFP-Baseline-Baseline-Baseline",322730.41310393
2049,"Africa","Ambitious-Double NMC 811-Baseline-Baseline-Baseline",309554.32382971
2049,"Africa","Ambitious-Sodium Battery adoption-Baseline-Baseline-Baseline",315984.617543458
2049,"Africa","Ambitious-Solid State adoption-Baseline-Baseline-Baseline",316304.214270345
2049,"Australia/NZ","Ambitious-Baseline-Baseline-Baseline-Baseline",67080.2412003255
2049,"Australia/NZ","Ambitious-Baseline-Baseline-Baseline-Enhanced SSPS",67080.2412003255
2049,"Australia/NZ","Ambitious-Baseline-Baseline-Baseline-Enhanced recycling",48000.0197948869
2049,"Australia/NZ","Ambitious-Baseline-Baseline-Baseline-USA Recycling",67080.2412003255
2049,"Australia/NZ","Ambitious-Baseline-High Capacity-Baseline-Baseline",87822.3668128438
2049,"Australia/NZ","Ambitious-Baseline-Low Capacity-Baseline-Baseline",48990.0786591356
2049,"Australia/NZ","Ambitious-Baseline-Low Capacity-Baseline-Recycling Medium",44182.0682590509
2049,"Australia/NZ","Ambitious-Double LFP-Baseline-Baseline-Baseline",70244.0875701308
2049,"Australia/NZ","Ambitious-Double NMC 811-Baseline-Baseline-Baseline",66648.2156966101
2049,"Australia/NZ","Ambitious-Sodium Battery adoption-Baseline-Baseline-Baseline",66924.0025638464
2049,"Australia/NZ","Ambitious-Solid State adoption-Baseline-Baseline-Baseline",67080.2412003254
2049,"Brazil","Ambitious-Baseline-Baseline-Baseline-Baseline",199753.691388484
2049,"Brazil","Ambitious-Baseline-Baseline-Baseline-Enhanced SSPS",199753.691388484
2049,"Brazil","Ambitious-Baseline-Baseline-Baseline-Enhanced recycling",162281.111196385
2049,"Brazil","Ambitious-Baseline-Baseline-Baseline-USA Recycling",199753.691388484
2049,"Brazil","Ambitious-Baseline-High Capacity-Baseline-Baseline",289894.685621723
2049,"Brazil","Ambitious-Baseline-Low Capacity-Baseline-Baseline",155094.23097572
2049,"Brazil","Ambitious-Baseline-Low Capacity-Baseline-Recycling Medium",145837.192807803
2049,"Brazil","Ambitious-Double LFP-Baseline-Baseline-Baseline",218388.353386586
2049,"Brazil","Ambitious-Double NMC 811-Baseline-Baseline-Baseline",183446.703857233
2049,"Brazil","Ambitious-Sodium Battery adoption-Baseline-Baseline-Baseline",198832.792120952
2049,"Brazil","Ambitious-Solid State adoption-Baseline-Baseline-Baseline",199753.691388484
2049,"Canada","Ambitious-Baseline-Baseline-Baseline-Baseline",79717.7840311502
2049,"Canada","Ambitious-Baseline-Baseline-Baseline-Enhanced SSPS",79717.7840311501
2049,"Canada","Ambitious-Baseline-Baseline-Baseline-Enhanced recycling",50281.6180281697
2049,"Canada","Ambitious-Baseline-Baseline-Baseline-USA Recycling",79717.7840311502
2049,"Canada","Ambitious-Baseline-High Capacity-Baseline-Baseline",101921.773875158
2049,"Canada","Ambitious-Baseline-Low Capacity-Baseline-Baseline",57214.4904301029
2049,"Canada","Ambitious-Baseline-Low Capacity-Baseline-Recycling Medium",51643.0711495151
2049,"Canada","Ambitious-Double LFP-Baseline-Baseline-Baseline",83250.0858228276
2049,"Canada","Ambitious-Double NMC 811-Baseline-Baseline-Baseline",76716.1809107461
2049,"Canada","Ambitious-Sodium Battery adoption-Baseline-Baseline-Baseline",79542.6182967374
2049,"Canada","Ambitious-Solid State adoption-Baseline-Baseline-Baseline",79717.7840311503
2049,"China","Ambitious-Baseline-Baseline-Baseline-Baseline",882289.750390212
2049,"China","Ambitious-Baseline-Baseline-Baseline-Enhanced SSPS",882289.750390222
2049,"China","Ambitious-Baseline-Baseline-Baseline-Enhanced recycling",882289.750390222
2049,"China","Ambitious-Baseline-Baseline-Baseline-USA Recycling",882289.750390212
2049,"China","Ambitious-Baseline-High Capacity-Baseline-Baseline",1361817.4552142
2049,"China","Ambitious-Baseline-Low Capacity-Baseline-Baseline",719814.42441622
2049,"China","Ambitious-Baseline-Low Capacity-Baseline-Recycling Medium",716957.425016615
2049,"China","Ambitious-Double LFP-Baseline-Baseline-Baseline",986488.347642464
2049,"China","Ambitious-Double NMC 811-Baseline-Baseline-Baseline",801756.692761344
2049,"China","Ambitious-Sodium Battery adoption-Baseline-Baseline-Baseline",875640.438784916
2049,"China","Ambitious-Solid State adoption-Baseline-Baseline-Baseline",882289.75039021
2049,"EFTA","Ambitious-Baseline-Baseline-Baseline-Baseline",25869.1304006145
2049,"EFTA","Ambitious-Baseline-Baseline-Baseline-Enhanced SSPS",25555.1362605207
2049,"EFTA","Ambitious-Baseline-Baseline-Baseline-Enhanced recycling",16092.9692355065
2049,"EFTA","Ambitious-Baseline-Baseline-Baseline-USA Recycling",25869.1304006145
2049,"EFTA","Ambitious-Baseline-High Capacity-Baseline-Baseline",32666.2815544118
2049,"EFTA","Ambitious-Baseline-Low Capacity-Baseline-Baseline",19052.3887265701
2049,"EFTA","Ambitious-Baseline-Low Capacity-Baseline-Recycling Medium",16738.5941285717
2049,"EFTA","Ambitious-Double LFP-Baseline-Baseline-Baseline",26124.4728934203
2049,"EFTA","Ambitious-Double NMC 811-Baseline-Baseline-Baseline",25757.4065939626
2049,"EFTA","Ambitious-Sodium Battery adoption-Baseline-Baseline-Baseline",25835.2280921537
2049,"EFTA","Ambitious-Solid State adoption-Baseline-Baseline-Baseline",25869.1304006145
2049,"European Union","Ambitious-Baseline-Baseline-Baseline-Baseline",421810.363112089
2049,"European Union","Ambitious-Baseline-Baseline-Baseline-Enhanced SSPS",421740.466162029
2049,"European Union","Ambitious-Baseline-Baseline-Baseline-Enhanced recycling",421988.822969989
2049,"European Union","Ambitious-Baseline-Baseline-Baseline-USA Recycling",421810.363112089
2049,"European Union","Ambitious-Baseline-High Capacity-Baseline-Baseline",592591.324719859
2049,"European Union","Ambitious-Baseline-Low Capacity-Baseline-Baseline",335776.120044837
2049,"European Union","Ambitious-Baseline-Low Capacity-Baseline-Recycling Medium",336267.716365187
2049,"European Union","Ambitious-Double LFP-Baseline-Baseline-Baseline",426592.332933125
2049,"European Union","Ambitious-Double NMC 811-Baseline-Baseline-Baseline",419955.561268529
2049,"European Union","Ambitious-Sodium Battery adoption-Baseline-Baseline-Baseline",421580.907736105
2049,"European Union","Ambitious-Solid State adoption-Baseline-Baseline-Baseline",421810.363112088
2049,"India","Ambitious-Baseline-Baseline-Baseline-Baseline",331611.938128375
2049,"India","Ambitious-Baseline-Baseline-Baseline-Enhanced SSPS",328142.615490075
2049,"India","Ambitious-Baseline-Baseline-Baseline-Enhanced recycling",243550.654045332
2049,"India","Ambitious-Baseline-Baseline-Baseline-USA Recycling",331611.938128375
2049,"India","Ambitious-Baseline-High Capacity-Baseline-Baseline",531543.419481046
2049,"India","Ambitious-Baseline-Low Capacity-Baseline-Baseline",296105.379800276
2049,"India","Ambitious-Baseline-Low Capacity-Baseline-Recycling Medium",274711.103612802
2049,"India","Ambitious-Double LFP-Baseline-Baseline-Baseline",331879.308344145
2049,"India","Ambitious-Double NMC 811-Baseline-Baseline-Baseline",331195.40666114
2049,"India","Ambitious-Sodium Battery adoption-Baseline-Baseline-Baseline",331440.809276373
2049,"India","Ambitious-Solid State adoption-Baseline-Baseline-Baseline",331611.938128375
2049,"Japan","Ambitious-Baseline-Baseline-Baseline-Baseline",141642.154940308
2049,"Japan","Ambitious-Baseline-Baseline-Baseline-Enhanced SSPS",142408.37502535
2049,"Japan","Ambitious-Baseline-Baseline-Baseline-Enhanced recycling",96586.3215941439
2049,"Japan","Ambitious-Baseline-Baseline-Baseline-USA Recycling",141642.154940308
2049,"Japan","Ambitious-Baseline-High Capacity-Baseline-Baseline",214002.127181307
2049,"Japan","Ambitious-Baseline-Low Capacity-Baseline-Baseline",122341.711302047
2049,"Japan","Ambitious-Baseline-Low Capacity-Baseline-Recycling Medium",111643.932574319
2049,"Japan","Ambitious-Double LFP-Baseline-Baseline-Baseline",142281.622702078
2049,"Japan","Ambitious-Double NMC 811-Baseline-Baseline-Baseline",140973.367546471
2049,"Japan","Ambitious-Sodium Battery adoption-Baseline-Baseline-Baseline",141611.04172463
2049,"Japan","Ambitious-Solid State adoption-Baseline-Baseline-Baseline",141642.154940308
2049,"Mexico","Ambitious-Baseline-Baseline-Baseline-Baseline",121507.323822879
2049,"Mexico","Ambitious-Baseline-Baseline-Baseline-Enhanced SSPS",121507.323822879
2049,"Mexico","Ambitious-Baseline-Baseline-Baseline-Enhanced recycling",89054.5304664007
2049,"Mexico","Ambitious-Baseline-Baseline-Baseline-USA Recycling",121507.323822879
2049,"Mexico","Ambitious-Baseline-High Capacity-Baseline-Baseline",159791.540590308
2049,"Mexico","Ambitious-Baseline-Low Capacity-Baseline-Baseline",90656.7658802944
2049,"Mexico","Ambitious-Baseline-Low Capacity-Baseline-Recycling Medium",81728.4326084693
2049,"Mexico","Ambitious-Double LFP-Baseline-Baseline-Baseline",125602.556635564
2049,"Mexico","Ambitious-Double NMC 811-Baseline-Baseline-Baseline",117970.428800253
2049,"Mexico","Ambitious-Sodium Battery adoption-Baseline-Baseline-Baseline",121303.515869421
2049,"Mexico","Ambitious-Solid State adoption-Baseline-Baseline-Baseline",121507.323822879
2049,"Middle East","Ambitious-Baseline-Baseline-Baseline-Baseline",472861.311368931
2049,"Middle East","Ambitious-Baseline-Baseline-Baseline-Enhanced SSPS",473416.413695322
2049,"Middle East","Ambitious-Baseline-Baseline-Baseline-Enhanced recycling",372365.503635514
2049,"Middle East","Ambitious-Baseline-Baseline-Baseline-USA Recycling",472861.311368931
2049,"Middle East","Ambitious-Baseline-High Capacity-Baseline-Baseline",595855.742317375
2049,"Middle East","Ambitious-Baseline-Low Capacity-Baseline-Baseline",324623.622921501
2049,"Middle East","Ambitious-Baseline-Low Capacity-Baseline-Recycling Medium",303456.736805598
2049,"Middle East","Ambitious-Double LFP-Baseline-Baseline-Baseline",486778.657007254
2049,"Middle East","Ambitious-Double NMC 811-Baseline-Baseline-Baseline",467977.721748254
2049,"Middle East","Ambitious-Sodium Battery adoption-Baseline-Baseline-Baseline",472162.588867354
2049,"Middle East","Ambitious-Solid State adoption-Baseline-Baseline-Baseline",472861.311368931
2049,"Other Asia Pacific","Ambitious-Baseline-Baseline-Baseline-Baseline",291744.716522604
2049,"Other Asia Pacific","Ambitious-Baseline-Baseline-Baseline-Enhanced SSPS",292266.084125562
2049,"Other Asia Pacific","Ambitious-Baseline-Baseline-Baseline-Enhanced recycling",234111.823849284
2049,"Other Asia Pacific","Ambitious-Baseline-Baseline-Baseline-USA Recycling",291744.716522604
2049,"Other Asia Pacific","Ambitious-Baseline-High Capacity-Baseline-Baseline",394036.570587131
2049,"Other Asia Pacific","Ambitious-Baseline-Low Capacity-Baseline-Baseline",196222.420387435
2049,"Other Asia Pacific","Ambitious-Baseline-Low Capacity-Baseline-Recycling Medium",183083.108353111
2049,"Other Asia Pacific","Ambitious-Double LFP-Baseline-Baseline-Baseline",292999.02438025
2049,"Other Asia Pacific","Ambitious-Double NMC 811-Baseline-Baseline-Baseline",290330.667202563
2049,"Other Asia Pacific","Ambitious-Sodium Battery adoption-Baseline-Baseline-Baseline",291644.181815522
2049,"Other Asia Pacific","Ambitious-Solid State adoption-Baseline-Baseline-Baseline",291744.716522604
2049,"Other Europe","Ambitious-Baseline-Baseline-Baseline-Baseline",256652.240766942
2049,"Other Europe","Ambitious-Baseline-Baseline-Baseline-Enhanced SSPS",254180.800209935
2049,"Other Europe","Ambitious-Baseline-Baseline-Baseline-Enhanced recycling",195698.705065523
2049,"Other Europe","Ambitious-Baseline-Baseline-Baseline-USA Recycling",256652.240766942
2049,"Other Europe","Ambitious-Baseline-High Capacity-Baseline-Baseline",335531.426613044
2049,"Other Europe","Ambitious-Baseline-Low Capacity-Baseline-Baseline",187041.765329287
2049,"Other Europe","Ambitious-Baseline-Low Capacity-Baseline-Recycling Medium",173563.311681795
2049,"Other Europe","Ambitious-Double LFP-Baseline-Baseline-Baseline",259408.992258902
2049,"Other Europe","Ambitious-Double NMC 811-Baseline-Baseline-Baseline",253935.251012805
2049,"Other Europe","Ambitious-Sodium Battery adoption-Baseline-Baseline-Baseline",256397.971739104
2049,"Other Europe","Ambitious-Solid State adoption-Baseline-Baseline-Baseline",256652.240766942
2049,"Other Latin America and Caribbean","Ambitious-Baseline-Baseline-Baseline-Baseline",541456.567106899
2049,"Other Latin America and Caribbean","Ambitious-Baseline-Baseline-Baseline-Enhanced SSPS",543943.269601821
2049,"Other Latin America and Caribbean","Ambitious-Baseline-Baseline-Baseline-Enhanced recycling",401320.496290264
2049,"Other Latin America and Caribbean","Ambitious-Baseline-Baseline-Baseline-USA Recycling",541456.567106899
2049,"Other Latin America and Caribbean","Ambitious-Baseline-High Capacity-Baseline-Baseline",745522.027152904
2049,"Other Latin America and Caribbean","Ambitious-Baseline-Low Capacity-Baseline-Baseline",398980.434267812
2049,"Other Latin America and Caribbean","Ambitious-Baseline-Low Capacity-Baseline-Recycling Medium",362370.759083998
2049,"Other Latin America and Caribbean","Ambitious-Double LFP-Baseline-Baseline-Baseline",573747.832713163
2049,"Other Latin America and Caribbean","Ambitious-Double NMC 811-Baseline-Baseline-Baseline",522704.020218234
2049,"Other Latin America and Caribbean","Ambitious-Sodium Battery adoption-Baseline-Baseline-Baseline",539851.363100776
2049,"Other Latin America and Caribbean","Ambitious-Solid State adoption-Baseline-Baseline-Baseline",541456.567106899
2049,"South Korea","Ambitious-Baseline-Baseline-Baseline-Baseline",73251.9765748175
2049,"South Korea","Ambitious-Baseline-Baseline-Baseline-Enhanced SSPS",73279.7512436691
2049,"South Korea","Ambitious-Baseline-Baseline-Baseline-Enhanced recycling",43980.6334283456
2049,"South Korea","Ambitious-Baseline-Baseline-Baseline-USA Recycling",73251.9765748175
2049,"South Korea","Ambitious-Baseline-High Capacity-Baseline-Baseline",95872.6720685328
2049,"South Korea","Ambitious-Baseline-Low Capacity-Baseline-Baseline",56300.4466290612
2049,"South Korea","Ambitious-Baseline-Low Capacity-Baseline-Recycling Medium",50277.3494672334
2049,"South Korea","Ambitious-Double LFP-Baseline-Baseline-Baseline",73570.4643806707
2049,"South Korea","Ambitious-Double NMC 811-Baseline-Baseline-Baseline",72948.6450747579
2049,"South Korea","Ambitious-Sodium Battery adoption-Baseline-Baseline-Baseline",73236.3845447592
2049,"South Korea","Ambitious-Solid State adoption-Baseline-Baseline-Baseline",73251.9765748173
2049,"United Kingdom","Ambitious-Baseline-Baseline-Baseline-Baseline",104570.647819687
2049,"United Kingdom","Ambitious-Baseline-Baseline-Baseline-Enhanced SSPS",104570.647819687
2049,"United Kingdom","Ambitious-Baseline-Baseline-Baseline-Enhanced recycling",58773.9874312155
2049,"United Kingdom","Ambitious-Baseline-Baseline-Baseline-USA Recycling",104570.647819687
2049,"United Kingdom","Ambitious-Baseline-High Capacity-Baseline-Baseline",137066.488789707
2049,"United Kingdom","Ambitious-Baseline-Low Capacity-Baseline-Baseline",76819.4401719622
2049,"United Kingdom","Ambitious-Baseline-Low Capacity-Baseline-Recycling Medium",64927.4902273335
2049,"United Kingdom","Ambitious-Double LFP-Baseline-Baseline-Baseline",105510.614186371
2049,"United Kingdom","Ambitious-Double NMC 811-Baseline-Baseline-Baseline",104166.070329098
2049,"United Kingdom","Ambitious-Sodium Battery adoption-Baseline-Baseline-Baseline",104525.305439278
2049,"United Kingdom","Ambitious-Solid State adoption-Baseline-Baseline-Baseline",104570.647819687
2049,"United States","Ambitious-Baseline-Baseline-Baseline-Baseline",676552.43685861
2049,"United States","Ambitious-Baseline-Baseline-Baseline-Enhanced SSPS",676552.43685861
2049,"United States","Ambitious-Baseline-Baseline-Baseline-Enhanced recycling",429032.112255408
2049,"United States","Ambitious-Baseline-Baseline-Baseline-USA Recycling",430970.221207754
2049,"United States","Ambitious-Baseline-High Capacity-Baseline-Baseline",825290.30988933
2049,"United States","Ambitious-Baseline-Low Capacity-Baseline-Baseline",449221.92117802
2049,"United States","Ambitious-Baseline-Low Capacity-Baseline-Recycling Medium",405689.195625177
2049,"United States","Ambitious-Double LFP-Baseline-Baseline-Baseline",707384.157142909
2049,"United States","Ambitious-Double NMC 811-Baseline-Baseline-Baseline",650323.205156437
2049,"United States","Ambitious-Sodium Battery adoption-Baseline-Baseline-Baseline",675022.15610465
2049,"United States","Ambitious-Solid State adoption-Baseline-Baseline-Baseline",676552.436858611
2050,"ASEAN","Ambitious-Baseline-Baseline-Baseline-Baseline",614929.80788668
2050,"ASEAN","Ambitious-Baseline-Baseline-Baseline-Enhanced SSPS",615125.951558397
2050,"ASEAN","Ambitious-Baseline-Baseline-Baseline-Enhanced recycling",479165.278545433
2050,"ASEAN","Ambitious-Baseline-Baseline-Baseline-USA Recycling",614929.80788668
2050,"ASEAN","Ambitious-Baseline-High Capacity-Baseline-Baseline",907441.006376639
2050,"ASEAN","Ambitious-Baseline-Low Capacity-Baseline-Baseline",491769.673906565
2050,"ASEAN","Ambitious-Baseline-Low Capacity-Baseline-Recycling Medium",455902.160097479
2050,"ASEAN","Ambitious-Double LFP-Baseline-Baseline-Baseline",654189.00537772
2050,"ASEAN","Ambitious-Double NMC 811-Baseline-Baseline-Baseline",592940.522829426
2050,"ASEAN","Ambitious-Sodium Battery adoption-Baseline-Baseline-Baseline",612609.38960598
2050,"ASEAN","Ambitious-Solid State adoption-Baseline-Baseline-Baseline",614929.80788668
2050,"Africa","Ambitious-Baseline-Baseline-Baseline-Baseline",320493.488574477
2050,"Africa","Ambitious-Baseline-Baseline-Baseline-Enhanced SSPS",322961.971464135
2050,"Africa","Ambitious-Baseline-Baseline-Baseline-Enhanced recycling",248799.228817806
2050,"Africa","Ambitious-Baseline-Baseline-Baseline-USA Recycling",320493.488574477
2050,"Africa","Ambitious-Baseline-High Capacity-Baseline-Baseline",455772.19751356
2050,"Africa","Ambitious-Baseline-Low Capacity-Baseline-Baseline",239476.765698448
2050,"Africa","Ambitious-Baseline-Low Capacity-Baseline-Recycling Medium",220056.611344358
2050,"Africa","Ambitious-Double LFP-Baseline-Baseline-Baseline",327346.09423865
2050,"Africa","Ambitious-Double NMC 811-Baseline-Baseline-Baseline",313670.858392922
2050,"Africa","Ambitious-Sodium Battery adoption-Baseline-Baseline-Baseline",320165.235475912
2050,"Africa","Ambitious-Solid State adoption-Baseline-Baseline-Baseline",320493.488574477
2050,"Australia/NZ","Ambitious-Baseline-Baseline-Baseline-Baseline",64764.9236975347
2050,"Australia/NZ","Ambitious-Baseline-Baseline-Baseline-Enhanced SSPS",64764.9236975347
2050,"Australia/NZ","Ambitious-Baseline-Baseline-Baseline-Enhanced recycling",43860.5051654049
2050,"Australia/NZ","Ambitious-Baseline-Baseline-Baseline-USA Recycling",64764.9236975347
2050,"Australia/NZ","Ambitious-Baseline-High Capacity-Baseline-Baseline",84832.0579089631
2050,"Australia/NZ","Ambitious-Baseline-Low Capacity-Baseline-Baseline",47397.7304855211
2050,"Australia/NZ","Ambitious-Baseline-Low Capacity-Baseline-Recycling Medium",42168.1248552667
2050,"Australia/NZ","Ambitious-Double LFP-Baseline-Baseline-Baseline",67924.8716211296
2050,"Australia/NZ","Ambitious-Double NMC 811-Baseline-Baseline-Baseline",64333.0451052781
2050,"Australia/NZ","Ambitious-Sodium Battery adoption-Baseline-Baseline-Baseline",64615.7424511989
2050,"Australia/NZ","Ambitious-Solid State adoption-Baseline-Baseline-Baseline",64764.9236975348
2050,"Brazil","Ambitious-Baseline-Baseline-Baseline-Baseline",199457.849841772
2050,"Brazil","Ambitious-Baseline-Baseline-Baseline-Enhanced SSPS",199457.849841772
2050,"Brazil","Ambitious-Baseline-Baseline-Baseline-Enhanced recycling",157638.583817569
2050,"Brazil","Ambitious-Baseline-Baseline-Baseline-USA Recycling",199457.849841772
2050,"Brazil","Ambitious-Baseline-High Capacity-Baseline-Baseline",289465.599561963
2050,"Brazil","Ambitious-Baseline-Low Capacity-Baseline-Baseline",154983.430077387
2050,"Brazil","Ambitious-Baseline-Low Capacity-Baseline-Recycling Medium",144496.750218756
2050,"Brazil","Ambitious-Double LFP-Baseline-Baseline-Baseline",218664.030924567
2050,"Brazil","Ambitious-Double NMC 811-Baseline-Baseline-Baseline",182979.205219725
2050,"Brazil","Ambitious-Sodium Battery adoption-Baseline-Baseline-Baseline",198531.826510438
2050,"Brazil","Ambitious-Solid State adoption-Baseline-Baseline-Baseline",199457.849841772
2050,"Canada","Ambitious-Baseline-Baseline-Baseline-Baseline",76570.2210739543
2050,"Canada","Ambitious-Baseline-Baseline-Baseline-Enhanced SSPS",76570.2210739543
2050,"Canada","Ambitious-Baseline-Baseline-Baseline-Enhanced recycling",45639.2617707575
2050,"Canada","Ambitious-Baseline-Baseline-Baseline-USA Recycling",76570.2210739543
2050,"Canada","Ambitious-Baseline-High Capacity-Baseline-Baseline",97790.64643092
2050,"Canada","Ambitious-Baseline-Low Capacity-Baseline-Baseline",55627.718429371
2050,"Canada","Ambitious-Baseline-Low Capacity-Baseline-Recycling Medium",49776.4118628487
2050,"Canada","Ambitious-Double LFP-Baseline-Baseline-Baseline",80101.1220036894
2050,"Canada","Ambitious-Double NMC 811-Baseline-Baseline-Baseline",73654.9904478752
2050,"Canada","Ambitious-Sodium Battery adoption-Baseline-Baseline-Baseline",76402.0063298789
2050,"Canada","Ambitious-Solid State adoption-Baseline-Baseline-Baseline",76570.2210739544
2050,"China","Ambitious-Baseline-Baseline-Baseline-Baseline",836033.837327937
2050,"China","Ambitious-Baseline-Baseline-Baseline-Enhanced SSPS",836033.837327937
2050,"China","Ambitious-Baseline-Baseline-Baseline-Enhanced recycling",836033.837327937
2050,"China","Ambitious-Baseline-Baseline-Baseline-USA Recycling",836033.837327937
2050,"China","Ambitious-Baseline-High Capacity-Baseline-Baseline",1273504.32051828
2050,"China","Ambitious-Baseline-Low Capacity-Baseline-Baseline",685333.198546273
2050,"China","Ambitious-Baseline-Low Capacity-Baseline-Recycling Medium",683670.074821465
2050,"China","Ambitious-Double LFP-Baseline-Baseline-Baseline",939109.917919473
2050,"China","Ambitious-Double NMC 811-Baseline-Baseline-Baseline",757235.591782791
2050,"China","Ambitious-Sodium Battery adoption-Baseline-Baseline-Baseline",829832.812628673
2050,"China","Ambitious-Solid State adoption-Baseline-Baseline-Baseline",836033.837327938
2050,"EFTA","Ambitious-Baseline-Baseline-Baseline-Baseline",25528.5786975754
2050,"EFTA","Ambitious-Baseline-Baseline-Baseline-Enhanced SSPS",25207.5207866414
2050,"EFTA","Ambitious-Baseline-Baseline-Baseline-Enhanced recycling",15315.1593460077
2050,"EFTA","Ambitious-Baseline-Baseline-Baseline-USA Recycling",25528.5786975754
2050,"EFTA","Ambitious-Baseline-High Capacity-Baseline-Baseline",32131.2513455135
2050,"EFTA","Ambitious-Baseline-Low Capacity-Baseline-Baseline",18957.3534840487
2050,"EFTA","Ambitious-Baseline-Low Capacity-Baseline-Recycling Medium",16558.1810443623
2050,"EFTA","Ambitious-Double LFP-Baseline-Baseline-Baseline",25784.5392449784
2050,"EFTA","Ambitious-Double NMC 811-Baseline-Baseline-Baseline",25419.8039763815
2050,"EFTA","Ambitious-Sodium Battery adoption-Baseline-Baseline-Baseline",25493.3420961137
2050,"EFTA","Ambitious-Solid State adoption-Baseline-Baseline-Baseline",25528.5786975754
2050,"European Union","Ambitious-Baseline-Baseline-Baseline-Baseline",404713.527665232
2050,"European Union","Ambitious-Baseline-Baseline-Baseline-Enhanced SSPS",404584.427889376
2050,"European Union","Ambitious-Baseline-Baseline-Baseline-Enhanced recycling",404884.163987857
2050,"European Union","Ambitious-Baseline-Baseline-Baseline-USA Recycling",404713.527665232
2050,"European Union","Ambitious-Baseline-High Capacity-Baseline-Baseline",563613.48998891
2050,"European Union","Ambitious-Baseline-Low Capacity-Baseline-Baseline",324792.978746564
2050,"European Union","Ambitious-Baseline-Low Capacity-Baseline-Recycling Medium",325434.453510331
2050,"European Union","Ambitious-Double LFP-Baseline-Baseline-Baseline",409463.411878657
2050,"European Union","Ambitious-Double NMC 811-Baseline-Baseline-Baseline",402949.495095961
2050,"European Union","Ambitious-Sodium Battery adoption-Baseline-Baseline-Baseline",404503.576652065
2050,"European Union","Ambitious-Solid State adoption-Baseline-Baseline-Baseline",404713.527665231
2050,"India","Ambitious-Baseline-Baseline-Baseline-Baseline",332634.115450472
2050,"India","Ambitious-Baseline-Baseline-Baseline-Enhanced SSPS",329121.139645002
2050,"India","Ambitious-Baseline-Baseline-Baseline-Enhanced recycling",238519.773033234
2050,"India","Ambitious-Baseline-Baseline-Baseline-USA Recycling",332634.115450472
2050,"India","Ambitious-Baseline-High Capacity-Baseline-Baseline",530500.765459204
2050,"India","Ambitious-Baseline-Low Capacity-Baseline-Baseline",296584.035342631
2050,"India","Ambitious-Baseline-Low Capacity-Baseline-Recycling Medium",273567.499702501
2050,"India","Ambitious-Double LFP-Baseline-Baseline-Baseline",332908.607639345
2050,"India","Ambitious-Double NMC 811-Baseline-Baseline-Baseline",332250.850034172
2050,"India","Ambitious-Sodium Battery adoption-Baseline-Baseline-Baseline",332468.481023946
2050,"India","Ambitious-Solid State adoption-Baseline-Baseline-Baseline",332634.115450472
2050,"Japan","Ambitious-Baseline-Baseline-Baseline-Baseline",136064.204182268
2050,"Japan","Ambitious-Baseline-Baseline-Baseline-Enhanced SSPS",136064.204182268
2050,"Japan","Ambitious-Baseline-Baseline-Baseline-Enhanced recycling",87264.3766882124
2050,"Japan","Ambitious-Baseline-Baseline-Baseline-USA Recycling",136064.204182268
2050,"Japan","Ambitious-Baseline-High Capacity-Baseline-Baseline",203614.181199824
2050,"Japan","Ambitious-Baseline-Low Capacity-Baseline-Baseline",117188.929916381
2050,"Japan","Ambitious-Baseline-Low Capacity-Baseline-Recycling Medium",105770.222129808
2050,"Japan","Ambitious-Double LFP-Baseline-Baseline-Baseline",136701.396890607
2050,"Japan","Ambitious-Double NMC 811-Baseline-Baseline-Baseline",135450.296519243
2050,"Japan","Ambitious-Sodium Battery adoption-Baseline-Baseline-Baseline",136034.197478677
2050,"Japan","Ambitious-Solid State adoption-Baseline-Baseline-Baseline",136064.204182268
2050,"Mexico","Ambitious-Baseline-Baseline-Baseline-Baseline",118610.112357384
2050,"Mexico","Ambitious-Baseline-Baseline-Baseline-Enhanced SSPS",118610.112357384
2050,"Mexico","Ambitious-Baseline-Baseline-Baseline-Enhanced recycling",83185.3112897345
2050,"Mexico","Ambitious-Baseline-Baseline-Baseline-USA Recycling",118610.112357384
2050,"Mexico","Ambitious-Baseline-High Capacity-Baseline-Baseline",156134.909418114
2050,"Mexico","Ambitious-Baseline-Low Capacity-Baseline-Baseline",88402.8042799314
2050,"Mexico","Ambitious-Baseline-Low Capacity-Baseline-Recycling Medium",79137.2780715575
2050,"Mexico","Ambitious-Double LFP-Baseline-Baseline-Baseline",122879.401409567
2050,"Mexico","Ambitious-Double NMC 811-Baseline-Baseline-Baseline",115010.298601868
2050,"Mexico","Ambitious-Sodium Battery adoption-Baseline-Baseline-Baseline",118404.728794051
2050,"Mexico","Ambitious-Solid State adoption-Baseline-Baseline-Baseline",118610.112357384
2050,"Middle East","Ambitious-Baseline-Baseline-Baseline-Baseline",471392.137329592
2050,"Middle East","Ambitious-Baseline-Baseline-Baseline-Enhanced SSPS",472118.878973584
2050,"Middle East","Ambitious-Baseline-Baseline-Baseline-Enhanced recycling",360220.889200511
2050,"Middle East","Ambitious-Baseline-Baseline-Baseline-USA Recycling",471392.137329592
2050,"Middle East","Ambitious-Baseline-High Capacity-Baseline-Baseline",594189.517892415
2050,"Middle East","Ambitious-Baseline-Low Capacity-Baseline-Baseline",324056.12769629
2050,"Middle East","Ambitious-Baseline-Low Capacity-Baseline-Recycling Medium",300838.840960626
2050,"Middle East","Ambitious-Double LFP-Baseline-Baseline-Baseline",485610.349645163
2050,"Middle East","Ambitious-Double NMC 811-Baseline-Baseline-Baseline",466462.947172326
2050,"Middle East","Ambitious-Sodium Battery adoption-Baseline-Baseline-Baseline",470711.067218876
2050,"Middle East","Ambitious-Solid State adoption-Baseline-Baseline-Baseline",471392.137329593
2050,"Other Asia Pacific","Ambitious-Baseline-Baseline-Baseline-Baseline",296645.628584992
2050,"Other Asia Pacific","Ambitious-Baseline-Baseline-Baseline-Enhanced SSPS",297117.576568429
2050,"Other Asia Pacific","Ambitious-Baseline-Baseline-Baseline-Enhanced recycling",232464.260908255
2050,"Other Asia Pacific","Ambitious-Baseline-Baseline-Baseline-USA Recycling",296645.628584992
2050,"Other Asia Pacific","Ambitious-Baseline-High Capacity-Baseline-Baseline",400372.093188701
2050,"Other Asia Pacific","Ambitious-Baseline-Low Capacity-Baseline-Baseline",199642.580227677
2050,"Other Asia Pacific","Ambitious-Baseline-Low Capacity-Baseline-Recycling Medium",185082.003799667
2050,"Other Asia Pacific","Ambitious-Double LFP-Baseline-Baseline-Baseline",297956.11345475
2050,"Other Asia Pacific","Ambitious-Double NMC 811-Baseline-Baseline-Baseline",295252.422735935
2050,"Other Asia Pacific","Ambitious-Sodium Battery adoption-Baseline-Baseline-Baseline",296544.630281223
2050,"Other Asia Pacific","Ambitious-Solid State adoption-Baseline-Baseline-Baseline",296645.628584992
2050,"Other Europe","Ambitious-Baseline-Baseline-Baseline-Baseline",253952.517481517
2050,"Other Europe","Ambitious-Baseline-Baseline-Baseline-Enhanced SSPS",251270.119753606
2050,"Other Europe","Ambitious-Baseline-Baseline-Baseline-Enhanced recycling",187800.836488088
2050,"Other Europe","Ambitious-Baseline-Baseline-Baseline-USA Recycling",253952.517481517
2050,"Other Europe","Ambitious-Baseline-High Capacity-Baseline-Baseline",331245.539656152
2050,"Other Europe","Ambitious-Baseline-Low Capacity-Baseline-Baseline",186058.495882762
2050,"Other Europe","Ambitious-Baseline-Low Capacity-Baseline-Recycling Medium",171294.716150715
2050,"Other Europe","Ambitious-Double LFP-Baseline-Baseline-Baseline",256771.149121849
2050,"Other Europe","Ambitious-Double NMC 811-Baseline-Baseline-Baseline",251312.076942095
2050,"Other Europe","Ambitious-Sodium Battery adoption-Baseline-Baseline-Baseline",253704.749506607
2050,"Other Europe","Ambitious-Solid State adoption-Baseline-Baseline-Baseline",253952.517481517
2050,"Other Latin America and Caribbean","Ambitious-Baseline-Baseline-Baseline-Baseline",536197.863104543
2050,"Other Latin America and Caribbean","Ambitious-Baseline-Baseline-Baseline-Enhanced SSPS",539082.922409085
2050,"Other Latin America and Caribbean","Ambitious-Baseline-Baseline-Baseline-Enhanced recycling",382474.623751735
2050,"Other Latin America and Caribbean","Ambitious-Baseline-Baseline-Baseline-USA Recycling",536197.863104543
2050,"Other Latin America and Caribbean","Ambitious-Baseline-High Capacity-Baseline-Baseline",738358.328617052
2050,"Other Latin America and Caribbean","Ambitious-Baseline-Low Capacity-Baseline-Baseline",395536.22414881
2050,"Other Latin America and Caribbean","Ambitious-Baseline-Low Capacity-Baseline-Recycling Medium",355215.115069093
2050,"Other Latin America and Caribbean","Ambitious-Double LFP-Baseline-Baseline-Baseline",568389.401825363
2050,"Other Latin America and Caribbean","Ambitious-Double NMC 811-Baseline-Baseline-Baseline",517062.763241544
2050,"Other Latin America and Caribbean","Ambitious-Sodium Battery adoption-Baseline-Baseline-Baseline",534607.344213881
2050,"Other Latin America and Caribbean","Ambitious-Solid State adoption-Baseline-Baseline-Baseline",536197.863104543
2050,"South Korea","Ambitious-Baseline-Baseline-Baseline-Baseline",70738.5613311216
2050,"South Korea","Ambitious-Baseline-Baseline-Baseline-Enhanced SSPS",70721.6826591193
2050,"South Korea","Ambitious-Baseline-Baseline-Baseline-Enhanced recycling",40286.6055041278
2050,"South Korea","Ambitious-Baseline-Baseline-Baseline-USA Recycling",70738.5613311216
2050,"South Korea","Ambitious-Baseline-High Capacity-Baseline-Baseline",92234.7375292232
2050,"South Korea","Ambitious-Baseline-Low Capacity-Baseline-Baseline",55145.5371336264
2050,"South Korea","Ambitious-Baseline-Low Capacity-Baseline-Recycling Medium",48852.6299578082
2050,"South Korea","Ambitious-Double LFP-Baseline-Baseline-Baseline",71057.2793625496
2050,"South Korea","Ambitious-Double NMC 811-Baseline-Baseline-Baseline",70455.9728498956
2050,"South Korea","Ambitious-Sodium Battery adoption-Baseline-Baseline-Baseline",70723.4536706787
2050,"South Korea","Ambitious-Solid State adoption-Baseline-Baseline-Baseline",70738.5613311216
2050,"United Kingdom","Ambitious-Baseline-Baseline-Baseline-Baseline",101923.080217144
2050,"United Kingdom","Ambitious-Baseline-Baseline-Baseline-Enhanced SSPS",101923.080217144
2050,"United Kingdom","Ambitious-Baseline-Baseline-Baseline-Enhanced recycling",54185.9905337819
2050,"United Kingdom","Ambitious-Baseline-Baseline-Baseline-USA Recycling",101923.080217144
2050,"United Kingdom","Ambitious-Baseline-High Capacity-Baseline-Baseline",133410.466820112
2050,"United Kingdom","Ambitious-Baseline-Low Capacity-Baseline-Baseline",75061.6681525412
2050,"United Kingdom","Ambitious-Baseline-Low Capacity-Baseline-Recycling Medium",62746.0092161313
2050,"United Kingdom","Ambitious-Double LFP-Baseline-Baseline-Baseline",102869.782609438
2050,"United Kingdom","Ambitious-Double NMC 811-Baseline-Baseline-Baseline",101527.962929435
2050,"United Kingdom","Ambitious-Sodium Battery adoption-Baseline-Baseline-Baseline",101879.999382152
2050,"United Kingdom","Ambitious-Solid State adoption-Baseline-Baseline-Baseline",101923.080217144
2050,"United States","Ambitious-Baseline-Baseline-Baseline-Baseline",657442.524650065
2050,"United States","Ambitious-Baseline-Baseline-Baseline-Enhanced SSPS",657442.524650065
2050,"United States","Ambitious-Baseline-Baseline-Baseline-Enhanced recycling",395625.620903911
2050,"United States","Ambitious-Baseline-Baseline-Baseline-USA Recycling",396652.898125359
2050,"United States","Ambitious-Baseline-High Capacity-Baseline-Baseline",802380.070467687
2050,"United States","Ambitious-Baseline-Low Capacity-Baseline-Baseline",441100.04861319
2050,"United States","Ambitious-Baseline-Low Capacity-Baseline-Recycling Medium",395409.829140036
2050,"United States","Ambitious-Double LFP-Baseline-Baseline-Baseline",688546.895571341
2050,"United States","Ambitious-Double NMC 811-Baseline-Baseline-Baseline",631705.449211682
2050,"United States","Ambitious-Sodium Battery adoption-Baseline-Baseline-Baseline",655958.839571533
2050,"United States","Ambitious-Solid State adoption-Baseline-Baseline-Baseline",657442.524650065
2051,"ASEAN","Ambitious-Baseline-Baseline-Baseline-Baseline",610672.746076918
2051,"ASEAN","Ambitious-Baseline-Baseline-Baseline-Enhanced SSPS",611491.412486133
2051,"ASEAN","Ambitious-Baseline-Baseline-Baseline-Enhanced recycling",461039.142549488
2051,"ASEAN","Ambitious-Baseline-Baseline-Baseline-USA Recycling",610672.746076918
2051,"ASEAN","Ambitious-Baseline-High Capacity-Baseline-Baseline",900844.175609556
2051,"ASEAN","Ambitious-Baseline-Low Capacity-Baseline-Baseline",488762.118054
2051,"ASEAN","Ambitious-Baseline-Low Capacity-Baseline-Recycling Medium",448124.540373217
2051,"ASEAN","Ambitious-Double LFP-Baseline-Baseline-Baseline",649592.352925232
2051,"ASEAN","Ambitious-Double NMC 811-Baseline-Baseline-Baseline",588802.897326553
2051,"ASEAN","Ambitious-Sodium Battery adoption-Baseline-Baseline-Baseline",608382.304988887
2051,"ASEAN","Ambitious-Solid State adoption-Baseline-Baseline-Baseline",610672.746076918
2051,"Africa","Ambitious-Baseline-Baseline-Baseline-Baseline",317835.767604156
2051,"Africa","Ambitious-Baseline-Baseline-Baseline-Enhanced SSPS",320651.385714465
2051,"Africa","Ambitious-Baseline-Baseline-Baseline-Enhanced recycling",239462.459298759
2051,"Africa","Ambitious-Baseline-Baseline-Baseline-USA Recycling",317835.767604156
2051,"Africa","Ambitious-Baseline-High Capacity-Baseline-Baseline",452074.551586413
2051,"Africa","Ambitious-Baseline-Low Capacity-Baseline-Baseline",237726.283165528
2051,"Africa","Ambitious-Baseline-Low Capacity-Baseline-Recycling Medium",216000.18742369
2051,"Africa","Ambitious-Double LFP-Baseline-Baseline-Baseline",324679.46148731
2051,"Africa","Ambitious-Double NMC 811-Baseline-Baseline-Baseline",311052.523451367
2051,"Africa","Ambitious-Sodium Battery adoption-Baseline-Baseline-Baseline",317508.375824323
2051,"Africa","Ambitious-Solid State adoption-Baseline-Baseline-Baseline",317835.767604156
2051,"Australia/NZ","Ambitious-Baseline-Baseline-Baseline-Baseline",62293.9091217084
2051,"Australia/NZ","Ambitious-Baseline-Baseline-Baseline-Enhanced SSPS",62293.9091217084
2051,"Australia/NZ","Ambitious-Baseline-Baseline-Baseline-Enhanced recycling",39703.5139085977
2051,"Australia/NZ","Ambitious-Baseline-Baseline-Baseline-USA Recycling",62293.9091217084
2051,"Australia/NZ","Ambitious-Baseline-High Capacity-Baseline-Baseline",81599.5386720418
2051,"Australia/NZ","Ambitious-Baseline-Low Capacity-Baseline-Baseline",45734.4587780379
2051,"Australia/NZ","Ambitious-Baseline-Low Capacity-Baseline-Recycling Medium",39864.96634567
2051,"Australia/NZ","Ambitious-Double LFP-Baseline-Baseline-Baseline",65352.4389217032
2051,"Australia/NZ","Ambitious-Double NMC 811-Baseline-Baseline-Baseline",61875.5202031112
2051,"Australia/NZ","Ambitious-Sodium Battery adoption-Baseline-Baseline-Baseline",62150.7243267799
2051,"Australia/NZ","Ambitious-Solid State adoption-Baseline-Baseline-Baseline",62293.9091217085
2051,"Brazil","Ambitious-Baseline-Baseline-Baseline-Baseline",197218.701366873
2051,"Brazil","Ambitious-Baseline-Baseline-Baseline-Enhanced SSPS",197218.701366873
2051,"Brazil","Ambitious-Baseline-Baseline-Baseline-Enhanced recycling",150828.000353544
2051,"Brazil","Ambitious-Baseline-Baseline-Baseline-USA Recycling",197218.701366873
2051,"Brazil","Ambitious-Baseline-High Capacity-Baseline-Baseline",285946.99692645
2051,"Brazil","Ambitious-Baseline-Low Capacity-Baseline-Baseline",153431.422100692
2051,"Brazil","Ambitious-Baseline-Low Capacity-Baseline-Recycling Medium",141012.58501074
2051,"Brazil","Ambitious-Double LFP-Baseline-Baseline-Baseline",216333.184038704
2051,"Brazil","Ambitious-Double NMC 811-Baseline-Baseline-Baseline",180837.963920193
2051,"Brazil","Ambitious-Sodium Battery adoption-Baseline-Baseline-Baseline",196296.961008077
2051,"Brazil","Ambitious-Solid State adoption-Baseline-Baseline-Baseline",197218.701366873
2051,"Canada","Ambitious-Baseline-Baseline-Baseline-Baseline",73991.4198253883
2051,"Canada","Ambitious-Baseline-Baseline-Baseline-Enhanced SSPS",73991.4198253883
2051,"Canada","Ambitious-Baseline-Baseline-Baseline-Enhanced recycling",41123.2541252743
2051,"Canada","Ambitious-Baseline-Baseline-Baseline-USA Recycling",73991.4198253883
2051,"Canada","Ambitious-Baseline-High Capacity-Baseline-Baseline",94296.257724816
2051,"Canada","Ambitious-Baseline-Low Capacity-Baseline-Baseline",53711.8501928787
2051,"Canada","Ambitious-Baseline-Low Capacity-Baseline-Recycling Medium",47611.9412031781
2051,"Canada","Ambitious-Double LFP-Baseline-Baseline-Baseline",77415.4380353074
2051,"Canada","Ambitious-Double NMC 811-Baseline-Baseline-Baseline",71177.4368470069
2051,"Canada","Ambitious-Sodium Battery adoption-Baseline-Baseline-Baseline",73829.3396019547
2051,"Canada","Ambitious-Solid State adoption-Baseline-Baseline-Baseline",73991.4198253885
2051,"China","Ambitious-Baseline-Baseline-Baseline-Baseline",792217.710480737
2051,"China","Ambitious-Baseline-Baseline-Baseline-Enhanced SSPS",792217.710480737
2051,"China","Ambitious-Baseline-Baseline-Baseline-Enhanced recycling",792217.710480737
2051,"China","Ambitious-Baseline-Baseline-Baseline-USA Recycling",792217.710480737
2051,"China","Ambitious-Baseline-High Capacity-Baseline-Baseline",1188727.24289403
2051,"China","Ambitious-Baseline-Low Capacity-Baseline-Baseline",653656.439686843
2051,"China","Ambitious-Baseline-Low Capacity-Baseline-Recycling Medium",644400.19976142
2051,"China","Ambitious-Double LFP-Baseline-Baseline-Baseline",890727.71491535
2051,"China","Ambitious-Double NMC 811-Baseline-Baseline-Baseline",717101.942068084
2051,"China","Ambitious-Sodium Battery adoption-Baseline-Baseline-Baseline",786441.676083838
2051,"China","Ambitious-Solid State adoption-Baseline-Baseline-Baseline",792217.710480737
2051,"EFTA","Ambitious-Baseline-Baseline-Baseline-Baseline",25053.9553762115
2051,"EFTA","Ambitious-Baseline-Baseline-Baseline-Enhanced SSPS",24722.0263954804
2051,"EFTA","Ambitious-Baseline-Baseline-Baseline-Enhanced recycling",14454.5829888631
2051,"EFTA","Ambitious-Baseline-Baseline-Baseline-USA Recycling",25053.9553762115
2051,"EFTA","Ambitious-Baseline-High Capacity-Baseline-Baseline",31462.4960140864
2051,"EFTA","Ambitious-Baseline-Low Capacity-Baseline-Baseline",18704.4164060593
2051,"EFTA","Ambitious-Baseline-Low Capacity-Baseline-Recycling Medium",16229.9751928262
2051,"EFTA","Ambitious-Double LFP-Baseline-Baseline-Baseline",25305.6761515926
2051,"EFTA","Ambitious-Double NMC 811-Baseline-Baseline-Baseline",24947.2878619548
2051,"EFTA","Ambitious-Sodium Battery adoption-Baseline-Baseline-Baseline",25019.7266370352
2051,"EFTA","Ambitious-Solid State adoption-Baseline-Baseline-Baseline",25053.9553762115
2051,"European Union","Ambitious-Baseline-Baseline-Baseline-Baseline",387373.609371149
2051,"European Union","Ambitious-Baseline-Baseline-Baseline-Enhanced SSPS",387493.040544588
2051,"European Union","Ambitious-Baseline-Baseline-Baseline-Enhanced recycling",387482.134036713
2051,"European Union","Ambitious-Baseline-Baseline-Baseline-USA Recycling",387373.609371149
2051,"European Union","Ambitious-Baseline-High Capacity-Baseline-Baseline",534475.113747768
2051,"European Union","Ambitious-Baseline-Low Capacity-Baseline-Baseline",313522.116043389
2051,"European Union","Ambitious-Baseline-Low Capacity-Baseline-Recycling Medium",313297.159881993
2051,"European Union","Ambitious-Double LFP-Baseline-Baseline-Baseline",391927.099828101
2051,"European Union","Ambitious-Double NMC 811-Baseline-Baseline-Baseline",385685.664556403
2051,"European Union","Ambitious-Sodium Battery adoption-Baseline-Baseline-Baseline",387181.381232462
2051,"European Union","Ambitious-Solid State adoption-Baseline-Baseline-Baseline",387373.609371149
2051,"India","Ambitious-Baseline-Baseline-Baseline-Baseline",328264.413946401
2051,"India","Ambitious-Baseline-Baseline-Baseline-Enhanced SSPS",327476.613542123
2051,"India","Ambitious-Baseline-Baseline-Baseline-Enhanced recycling",228385.187761049
2051,"India","Ambitious-Baseline-Baseline-Baseline-USA Recycling",328264.413946401
2051,"India","Ambitious-Baseline-High Capacity-Baseline-Baseline",524863.444762505
2051,"India","Ambitious-Baseline-Low Capacity-Baseline-Baseline",291953.800089336
2051,"India","Ambitious-Baseline-Low Capacity-Baseline-Recycling Medium",267392.442248777
2051,"India","Ambitious-Double LFP-Baseline-Baseline-Baseline",328537.155670981
2051,"India","Ambitious-Double NMC 811-Baseline-Baseline-Baseline",327891.392729137
2051,"India","Ambitious-Sodium Battery adoption-Baseline-Baseline-Baseline",328139.735308833
2051,"India","Ambitious-Solid State adoption-Baseline-Baseline-Baseline",328264.413946401
2051,"Japan","Ambitious-Baseline-Baseline-Baseline-Baseline",130716.70583323
2051,"Japan","Ambitious-Baseline-Baseline-Baseline-Enhanced SSPS",130716.70583323
2051,"Japan","Ambitious-Baseline-Baseline-Baseline-Enhanced recycling",77947.5393815887
2051,"Japan","Ambitious-Baseline-Baseline-Baseline-USA Recycling",130716.70583323
2051,"Japan","Ambitious-Baseline-High Capacity-Baseline-Baseline",194521.190396308
2051,"Japan","Ambitious-Baseline-Low Capacity-Baseline-Baseline",111535.816627619
2051,"Japan","Ambitious-Baseline-Low Capacity-Baseline-Recycling Medium",99478.2485946755
2051,"Japan","Ambitious-Double LFP-Baseline-Baseline-Baseline",131335.782415298
2051,"Japan","Ambitious-Double NMC 811-Baseline-Baseline-Baseline",130134.192576948
2051,"Japan","Ambitious-Sodium Battery adoption-Baseline-Baseline-Baseline",130687.777119152
2051,"Japan","Ambitious-Solid State adoption-Baseline-Baseline-Baseline",130716.70583323
2051,"Mexico","Ambitious-Baseline-Baseline-Baseline-Baseline",115210.864422562
2051,"Mexico","Ambitious-Baseline-Baseline-Baseline-Enhanced SSPS",115210.864422562
2051,"Mexico","Ambitious-Baseline-Baseline-Baseline-Enhanced recycling",77062.8424811915
2051,"Mexico","Ambitious-Baseline-Baseline-Baseline-USA Recycling",115210.864422562
2051,"Mexico","Ambitious-Baseline-High Capacity-Baseline-Baseline",151671.206054753
2051,"Mexico","Ambitious-Baseline-Low Capacity-Baseline-Baseline",85913.553724212
2051,"Mexico","Ambitious-Baseline-Low Capacity-Baseline-Recycling Medium",75961.8488120095
2051,"Mexico","Ambitious-Double LFP-Baseline-Baseline-Baseline",119439.429252862
2051,"Mexico","Ambitious-Double NMC 811-Baseline-Baseline-Baseline",111654.506301944
2051,"Mexico","Ambitious-Sodium Battery adoption-Baseline-Baseline-Baseline",115007.987965593
2051,"Mexico","Ambitious-Solid State adoption-Baseline-Baseline-Baseline",115210.864422562
2051,"Middle East","Ambitious-Baseline-Baseline-Baseline-Baseline",465931.164036014
2051,"Middle East","Ambitious-Baseline-Baseline-Baseline-Enhanced SSPS",466930.431976662
2051,"Middle East","Ambitious-Baseline-Baseline-Baseline-Enhanced recycling",343020.715441982
2051,"Middle East","Ambitious-Baseline-Baseline-Baseline-USA Recycling",465931.164036014
2051,"Middle East","Ambitious-Baseline-High Capacity-Baseline-Baseline",587495.439731798
2051,"Middle East","Ambitious-Baseline-Low Capacity-Baseline-Baseline",320382.577528592
2051,"Middle East","Ambitious-Baseline-Low Capacity-Baseline-Recycling Medium",294179.955464821
2051,"Middle East","Ambitious-Double LFP-Baseline-Baseline-Baseline",480033.311923135
2051,"Middle East","Ambitious-Double NMC 811-Baseline-Baseline-Baseline",461047.47641279
2051,"Middle East","Ambitious-Sodium Battery adoption-Baseline-Baseline-Baseline",465263.688279335
2051,"Middle East","Ambitious-Solid State adoption-Baseline-Baseline-Baseline",465931.164036014
2051,"Other Asia Pacific","Ambitious-Baseline-Baseline-Baseline-Baseline",295197.080200751
2051,"Other Asia Pacific","Ambitious-Baseline-Baseline-Baseline-Enhanced SSPS",295751.539785836
2051,"Other Asia Pacific","Ambitious-Baseline-Baseline-Baseline-Enhanced recycling",224267.005360168
2051,"Other Asia Pacific","Ambitious-Baseline-Baseline-Baseline-USA Recycling",295197.080200751
2051,"Other Asia Pacific","Ambitious-Baseline-High Capacity-Baseline-Baseline",398245.233116515
2051,"Other Asia Pacific","Ambitious-Baseline-Low Capacity-Baseline-Baseline",198735.066232584
2051,"Other Asia Pacific","Ambitious-Baseline-Low Capacity-Baseline-Recycling Medium",182855.949831698
2051,"Other Asia Pacific","Ambitious-Double LFP-Baseline-Baseline-Baseline",296505.671910336
2051,"Other Asia Pacific","Ambitious-Double NMC 811-Baseline-Baseline-Baseline",293818.173978533
2051,"Other Asia Pacific","Ambitious-Sodium Battery adoption-Baseline-Baseline-Baseline",295099.552271237
2051,"Other Asia Pacific","Ambitious-Solid State adoption-Baseline-Baseline-Baseline",295197.080200751
2051,"Other Europe","Ambitious-Baseline-Baseline-Baseline-Baseline",248325.751937019
2051,"Other Europe","Ambitious-Baseline-Baseline-Baseline-Enhanced SSPS",246299.918244487
2051,"Other Europe","Ambitious-Baseline-Baseline-Baseline-Enhanced recycling",176967.950734694
2051,"Other Europe","Ambitious-Baseline-Baseline-Baseline-USA Recycling",248325.751937019
2051,"Other Europe","Ambitious-Baseline-High Capacity-Baseline-Baseline",323708.90389107
2051,"Other Europe","Ambitious-Baseline-Low Capacity-Baseline-Baseline",182614.747844894
2051,"Other Europe","Ambitious-Baseline-Low Capacity-Baseline-Recycling Medium",166429.536131108
2051,"Other Europe","Ambitious-Double LFP-Baseline-Baseline-Baseline",251111.137688242
2051,"Other Europe","Ambitious-Double NMC 811-Baseline-Baseline-Baseline",245738.684646029
2051,"Other Europe","Ambitious-Sodium Battery adoption-Baseline-Baseline-Baseline",248101.188239464
2051,"Other Europe","Ambitious-Solid State adoption-Baseline-Baseline-Baseline",248325.751937019
2051,"Other Latin America and Caribbean","Ambitious-Baseline-Baseline-Baseline-Baseline",525746.395416766
2051,"Other Latin America and Caribbean","Ambitious-Baseline-Baseline-Baseline-Enhanced SSPS",529048.127852859
2051,"Other Latin America and Caribbean","Ambitious-Baseline-Baseline-Baseline-Enhanced recycling",358654.024502108
2051,"Other Latin America and Caribbean","Ambitious-Baseline-Baseline-Baseline-USA Recycling",525746.395416766
2051,"Other Latin America and Caribbean","Ambitious-Baseline-High Capacity-Baseline-Baseline",723989.441539263
2051,"Other Latin America and Caribbean","Ambitious-Baseline-Low Capacity-Baseline-Baseline",388227.42482422
2051,"Other Latin America and Caribbean","Ambitious-Baseline-Low Capacity-Baseline-Recycling Medium",344222.278761908
2051,"Other Latin America and Caribbean","Ambitious-Double LFP-Baseline-Baseline-Baseline",557153.170085414
2051,"Other Latin America and Caribbean","Ambitious-Double NMC 811-Baseline-Baseline-Baseline",506971.691686398
2051,"Other Latin America and Caribbean","Ambitious-Sodium Battery adoption-Baseline-Baseline-Baseline",524191.030633642
2051,"Other Latin America and Caribbean","Ambitious-Solid State adoption-Baseline-Baseline-Baseline",525746.395416765
2051,"South Korea","Ambitious-Baseline-Baseline-Baseline-Baseline",69034.2133561674
2051,"South Korea","Ambitious-Baseline-Baseline-Baseline-Enhanced SSPS",69045.3380619621
2051,"South Korea","Ambitious-Baseline-Baseline-Baseline-Enhanced recycling",36762.5431774539
2051,"South Korea","Ambitious-Baseline-Baseline-Baseline-USA Recycling",69034.2133561674
2051,"South Korea","Ambitious-Baseline-High Capacity-Baseline-Baseline",89722.4878520574
2051,"South Korea","Ambitious-Baseline-Low Capacity-Baseline-Baseline",53661.8683354156
2051,"South Korea","Ambitious-Baseline-Low Capacity-Baseline-Recycling Medium",47131.0246223525
2051,"South Korea","Ambitious-Double LFP-Baseline-Baseline-Baseline",69347.5349173343
2051,"South Korea","Ambitious-Double NMC 811-Baseline-Baseline-Baseline",68756.8887372765
2051,"South Korea","Ambitious-Sodium Battery adoption-Baseline-Baseline-Baseline",69019.7017323503
2051,"South Korea","Ambitious-Solid State adoption-Baseline-Baseline-Baseline",69034.2133561673
2051,"United Kingdom","Ambitious-Baseline-Baseline-Baseline-Baseline",99900.5797076461
2051,"United Kingdom","Ambitious-Baseline-Baseline-Baseline-Enhanced SSPS",99900.5797076461
2051,"United Kingdom","Ambitious-Baseline-Baseline-Baseline-Enhanced recycling",50530.5796645022
2051,"United Kingdom","Ambitious-Baseline-Baseline-Baseline-USA Recycling",99900.5797076461
2051,"United Kingdom","Ambitious-Baseline-High Capacity-Baseline-Baseline",130542.191301443
2051,"United Kingdom","Ambitious-Baseline-Low Capacity-Baseline-Baseline",73776.7192086632
2051,"United Kingdom","Ambitious-Baseline-Low Capacity-Baseline-Recycling Medium",61102.2467382138
2051,"United Kingdom","Ambitious-Double LFP-Baseline-Baseline-Baseline",100834.931990304
2051,"United Kingdom","Ambitious-Double NMC 811-Baseline-Baseline-Baseline",99511.2994686927
2051,"United Kingdom","Ambitious-Sodium Battery adoption-Baseline-Baseline-Baseline",99858.5674102348
2051,"United Kingdom","Ambitious-Solid State adoption-Baseline-Baseline-Baseline",99900.5797076463
2051,"United States","Ambitious-Baseline-Baseline-Baseline-Baseline",636738.974514156
2051,"United States","Ambitious-Baseline-Baseline-Baseline-Enhanced SSPS",636738.974514156
2051,"United States","Ambitious-Baseline-Baseline-Baseline-Enhanced recycling",360795.782564842
2051,"United States","Ambitious-Baseline-Baseline-Baseline-USA Recycling",362826.222303129
2051,"United States","Ambitious-Baseline-High Capacity-Baseline-Baseline",777350.239295793
2051,"United States","Ambitious-Baseline-Low Capacity-Baseline-Baseline",430120.738745076
2051,"United States","Ambitious-Baseline-Low Capacity-Baseline-Recycling Medium",379638.505282979
2051,"United States","Ambitious-Double LFP-Baseline-Baseline-Baseline",666868.379272024
2051,"United States","Ambitious-Double NMC 811-Baseline-Baseline-Baseline",611924.947580433
2051,"United States","Ambitious-Sodium Battery adoption-Baseline-Baseline-Baseline",635311.405287494
2051,"United States","Ambitious-Solid State adoption-Baseline-Baseline-Baseline",636738.974514156
2052,"ASEAN","Ambitious-Baseline-Baseline-Baseline-Baseline",605215.239261077
2052,"ASEAN","Ambitious-Baseline-Baseline-Baseline-Enhanced SSPS",606152.128084874
2052,"ASEAN","Ambitious-Baseline-Baseline-Baseline-Enhanced recycling",441562.857441292
2052,"ASEAN","Ambitious-Baseline-Baseline-Baseline-USA Recycling",605215.239261077
2052,"ASEAN","Ambitious-Baseline-High Capacity-Baseline-Baseline",892371.408918912
2052,"ASEAN","Ambitious-Baseline-Low Capacity-Baseline-Baseline",484481.494448588
2052,"ASEAN","Ambitious-Baseline-Low Capacity-Baseline-Recycling Medium",439747.611019871
2052,"ASEAN","Ambitious-Double LFP-Baseline-Baseline-Baseline",643720.3184916
2052,"ASEAN","Ambitious-Double NMC 811-Baseline-Baseline-Baseline",583508.031730161
2052,"ASEAN","Ambitious-Sodium Battery adoption-Baseline-Baseline-Baseline",602962.544983403
2052,"ASEAN","Ambitious-Solid State adoption-Baseline-Baseline-Baseline",605215.239261077
2052,"Africa","Ambitious-Baseline-Baseline-Baseline-Baseline",315085.108682112
2052,"Africa","Ambitious-Baseline-Baseline-Baseline-Enhanced SSPS",318233.57928603
2052,"Africa","Ambitious-Baseline-Baseline-Baseline-Enhanced recycling",230075.836454156
2052,"Africa","Ambitious-Baseline-Baseline-Baseline-USA Recycling",315085.108682112
2052,"Africa","Ambitious-Baseline-High Capacity-Baseline-Baseline",448301.400117938
2052,"Africa","Ambitious-Baseline-Low Capacity-Baseline-Baseline",235767.086248811
2052,"Africa","Ambitious-Baseline-Low Capacity-Baseline-Recycling Medium",212046.211772667
2052,"Africa","Ambitious-Double LFP-Baseline-Baseline-Baseline",321921.538285587
2052,"Africa","Ambitious-Double NMC 811-Baseline-Baseline-Baseline",308349.571177217
2052,"Africa","Ambitious-Sodium Battery adoption-Baseline-Baseline-Baseline",314759.201231227
2052,"Africa","Ambitious-Solid State adoption-Baseline-Baseline-Baseline",315085.108682112
2052,"Australia/NZ","Ambitious-Baseline-Baseline-Baseline-Baseline",59550.9121272567
2052,"Australia/NZ","Ambitious-Baseline-Baseline-Baseline-Enhanced SSPS",59550.9121272567
2052,"Australia/NZ","Ambitious-Baseline-Baseline-Baseline-Enhanced recycling",35353.3607434241
2052,"Australia/NZ","Ambitious-Baseline-Baseline-Baseline-USA Recycling",59550.9121272567
2052,"Australia/NZ","Ambitious-Baseline-High Capacity-Baseline-Baseline",78070.6706141965
2052,"Australia/NZ","Ambitious-Baseline-Low Capacity-Baseline-Baseline",43808.6667120003
2052,"Australia/NZ","Ambitious-Baseline-Low Capacity-Baseline-Recycling Medium",37511.073559572
2052,"Australia/NZ","Ambitious-Double LFP-Baseline-Baseline-Baseline",62496.8261824477
2052,"Australia/NZ","Ambitious-Double NMC 811-Baseline-Baseline-Baseline",59147.583382013
2052,"Australia/NZ","Ambitious-Sodium Battery adoption-Baseline-Baseline-Baseline",59414.7336783868
2052,"Australia/NZ","Ambitious-Solid State adoption-Baseline-Baseline-Baseline",59550.9121272568
2052,"Brazil","Ambitious-Baseline-Baseline-Baseline-Baseline",194143.690192253
2052,"Brazil","Ambitious-Baseline-Baseline-Baseline-Enhanced SSPS",194143.690192253
2052,"Brazil","Ambitious-Baseline-Baseline-Baseline-Enhanced recycling",144185.601549274
2052,"Brazil","Ambitious-Baseline-Baseline-Baseline-USA Recycling",194143.690192253
2052,"Brazil","Ambitious-Baseline-High Capacity-Baseline-Baseline",281418.225448668
2052,"Brazil","Ambitious-Baseline-Low Capacity-Baseline-Baseline",151116.974296696
2052,"Brazil","Ambitious-Baseline-Low Capacity-Baseline-Recycling Medium",137240.941324168
2052,"Brazil","Ambitious-Double LFP-Baseline-Baseline-Baseline",213097.879286404
2052,"Brazil","Ambitious-Double NMC 811-Baseline-Baseline-Baseline",177933.65135554
2052,"Brazil","Ambitious-Sodium Battery adoption-Baseline-Baseline-Baseline",193231.935418521
2052,"Brazil","Ambitious-Solid State adoption-Baseline-Baseline-Baseline",194143.690192253
2052,"Canada","Ambitious-Baseline-Baseline-Baseline-Baseline",71539.1496705383
2052,"Canada","Ambitious-Baseline-Baseline-Baseline-Enhanced SSPS",71539.1496705383
2052,"Canada","Ambitious-Baseline-Baseline-Baseline-Enhanced recycling",37449.6929139493
2052,"Canada","Ambitious-Baseline-Baseline-Baseline-USA Recycling",71539.1496705383
2052,"Canada","Ambitious-Baseline-High Capacity-Baseline-Baseline",91062.2340250643
2052,"Canada","Ambitious-Baseline-Low Capacity-Baseline-Baseline",52196.1442890689
2052,"Canada","Ambitious-Baseline-Low Capacity-Baseline-Recycling Medium",45874.3621259183
2052,"Canada","Ambitious-Double LFP-Baseline-Baseline-Baseline",74857.1914632882
2052,"Canada","Ambitious-Double NMC 811-Baseline-Baseline-Baseline",68824.7155525024
2052,"Canada","Ambitious-Sodium Battery adoption-Baseline-Baseline-Baseline",71383.5987156491
2052,"Canada","Ambitious-Solid State adoption-Baseline-Baseline-Baseline",71539.1496705385
2052,"China","Ambitious-Baseline-Baseline-Baseline-Baseline",746692.348923755
2052,"China","Ambitious-Baseline-Baseline-Baseline-Enhanced SSPS",746692.348923755
2052,"China","Ambitious-Baseline-Baseline-Baseline-Enhanced recycling",746692.348923755
2052,"China","Ambitious-Baseline-Baseline-Baseline-USA Recycling",746692.348923755
2052,"China","Ambitious-Baseline-High Capacity-Baseline-Baseline",1108122.83567548
2052,"China","Ambitious-Baseline-Low Capacity-Baseline-Baseline",618618.41027958
2052,"China","Ambitious-Baseline-Low Capacity-Baseline-Recycling Medium",610798.186259296
2052,"China","Ambitious-Double LFP-Baseline-Baseline-Baseline",840459.164499894
2052,"China","Ambitious-Double NMC 811-Baseline-Baseline-Baseline",675468.578227525
2052,"China","Ambitious-Sodium Battery adoption-Baseline-Baseline-Baseline",741378.984413894
2052,"China","Ambitious-Solid State adoption-Baseline-Baseline-Baseline",746692.348923753
2052,"EFTA","Ambitious-Baseline-Baseline-Baseline-Baseline",24597.7842124222
2052,"EFTA","Ambitious-Baseline-Baseline-Baseline-Enhanced SSPS",24259.5681494509
2052,"EFTA","Ambitious-Baseline-Baseline-Baseline-Enhanced recycling",13635.769447167
2052,"EFTA","Ambitious-Baseline-Baseline-Baseline-USA Recycling",24597.7842124222
2052,"EFTA","Ambitious-Baseline-High Capacity-Baseline-Baseline",30833.1412014773
2052,"EFTA","Ambitious-Baseline-Low Capacity-Baseline-Baseline",18442.6286448882
2052,"EFTA","Ambitious-Baseline-Low Capacity-Baseline-Recycling Medium",15890.9172782903
2052,"EFTA","Ambitious-Double LFP-Baseline-Baseline-Baseline",24845.2143846266
2052,"EFTA","Ambitious-Double NMC 811-Baseline-Baseline-Baseline",24493.2130115905
2052,"EFTA","Ambitious-Sodium Battery adoption-Baseline-Baseline-Baseline",24564.3538837119
2052,"EFTA","Ambitious-Solid State adoption-Baseline-Baseline-Baseline",24597.7842124222
2052,"European Union","Ambitious-Baseline-Baseline-Baseline-Baseline",370178.951445093
2052,"European Union","Ambitious-Baseline-Baseline-Baseline-Enhanced SSPS",370265.053125033
2052,"European Union","Ambitious-Baseline-Baseline-Baseline-Enhanced recycling",370262.503256061
2052,"European Union","Ambitious-Baseline-Baseline-Baseline-USA Recycling",370178.951445093
2052,"European Union","Ambitious-Baseline-High Capacity-Baseline-Baseline",507292.600550818
2052,"European Union","Ambitious-Baseline-Low Capacity-Baseline-Baseline",301348.251012719
2052,"European Union","Ambitious-Baseline-Low Capacity-Baseline-Recycling Medium",301152.510992457
2052,"European Union","Ambitious-Double LFP-Baseline-Baseline-Baseline",374535.677474998
2052,"European Union","Ambitious-Double NMC 811-Baseline-Baseline-Baseline",368576.796912237
2052,"European Union","Ambitious-Sodium Battery adoption-Baseline-Baseline-Baseline",370004.336309092
2052,"European Union","Ambitious-Solid State adoption-Baseline-Baseline-Baseline",370178.951445094
2052,"India","Ambitious-Baseline-Baseline-Baseline-Baseline",324257.962330929
2052,"India","Ambitious-Baseline-Baseline-Baseline-Enhanced SSPS",324300.207574823
2052,"India","Ambitious-Baseline-Baseline-Baseline-Enhanced recycling",218965.091608071
2052,"India","Ambitious-Baseline-Baseline-Baseline-USA Recycling",324257.962330929
2052,"India","Ambitious-Baseline-High Capacity-Baseline-Baseline",518067.606038591
2052,"India","Ambitious-Baseline-Low Capacity-Baseline-Baseline",287728.27866552
2052,"India","Ambitious-Baseline-Low Capacity-Baseline-Recycling Medium",261717.072676977
2052,"India","Ambitious-Double LFP-Baseline-Baseline-Baseline",324529.064104578
2052,"India","Ambitious-Double NMC 811-Baseline-Baseline-Baseline",323893.29926878
2052,"India","Ambitious-Sodium Battery adoption-Baseline-Baseline-Baseline",324170.976444881
2052,"India","Ambitious-Solid State adoption-Baseline-Baseline-Baseline",324257.962330929
2052,"Japan","Ambitious-Baseline-Baseline-Baseline-Baseline",125252.246993512
2052,"Japan","Ambitious-Baseline-Baseline-Baseline-Enhanced SSPS",125252.246993512
2052,"Japan","Ambitious-Baseline-Baseline-Baseline-Enhanced recycling",69930.0230115213
2052,"Japan","Ambitious-Baseline-Baseline-Baseline-USA Recycling",125252.246993512
2052,"Japan","Ambitious-Baseline-High Capacity-Baseline-Baseline",185754.744139063
2052,"Japan","Ambitious-Baseline-Low Capacity-Baseline-Baseline",106688.408447724
2052,"Japan","Ambitious-Baseline-Low Capacity-Baseline-Recycling Medium",94071.2939095892
2052,"Japan","Ambitious-Double LFP-Baseline-Baseline-Baseline",125851.457140717
2052,"Japan","Ambitious-Double NMC 811-Baseline-Baseline-Baseline",124701.457964888
2052,"Japan","Ambitious-Sodium Battery adoption-Baseline-Baseline-Baseline",125224.58540579
2052,"Japan","Ambitious-Solid State adoption-Baseline-Baseline-Baseline",125252.246993512
2052,"Mexico","Ambitious-Baseline-Baseline-Baseline-Baseline",111995.193196674
2052,"Mexico","Ambitious-Baseline-Baseline-Baseline-Enhanced SSPS",111995.193196674
2052,"Mexico","Ambitious-Baseline-Baseline-Baseline-Enhanced recycling",71231.2166065501
2052,"Mexico","Ambitious-Baseline-Baseline-Baseline-USA Recycling",111995.193196674
2052,"Mexico","Ambitious-Baseline-High Capacity-Baseline-Baseline",147504.176846377
2052,"Mexico","Ambitious-Baseline-Low Capacity-Baseline-Baseline",83504.8152707423
2052,"Mexico","Ambitious-Baseline-Low Capacity-Baseline-Recycling Medium",72880.4938793345
2052,"Mexico","Ambitious-Double LFP-Baseline-Baseline-Baseline",116180.723953904
2052,"Mexico","Ambitious-Double NMC 811-Baseline-Baseline-Baseline",108485.410410251
2052,"Mexico","Ambitious-Sodium Battery adoption-Baseline-Baseline-Baseline",111795.425699136
2052,"Mexico","Ambitious-Solid State adoption-Baseline-Baseline-Baseline",111995.193196674
2052,"Middle East","Ambitious-Baseline-Baseline-Baseline-Baseline",459447.172522288
2052,"Middle East","Ambitious-Baseline-Baseline-Baseline-Enhanced SSPS",460268.284457446
2052,"Middle East","Ambitious-Baseline-Baseline-Baseline-Enhanced recycling",326563.349835611
2052,"Middle East","Ambitious-Baseline-Baseline-Baseline-USA Recycling",459447.172522288
2052,"Middle East","Ambitious-Baseline-High Capacity-Baseline-Baseline",579120.183777645
2052,"Middle East","Ambitious-Baseline-Low Capacity-Baseline-Baseline",316981.347623865
2052,"Middle East","Ambitious-Baseline-Low Capacity-Baseline-Recycling Medium",287347.546957648
2052,"Middle East","Ambitious-Double LFP-Baseline-Baseline-Baseline",473392.48942022
2052,"Middle East","Ambitious-Double NMC 811-Baseline-Baseline-Baseline",454625.408313051
2052,"Middle East","Ambitious-Sodium Battery adoption-Baseline-Baseline-Baseline",458791.983394616
2052,"Middle East","Ambitious-Solid State adoption-Baseline-Baseline-Baseline",459447.172522288
2052,"Other Asia Pacific","Ambitious-Baseline-Baseline-Baseline-Baseline",293184.761261474
2052,"Other Asia Pacific","Ambitious-Baseline-Baseline-Baseline-Enhanced SSPS",293825.944563826
2052,"Other Asia Pacific","Ambitious-Baseline-Baseline-Baseline-Enhanced recycling",215688.220907938
2052,"Other Asia Pacific","Ambitious-Baseline-Baseline-Baseline-USA Recycling",293184.761261474
2052,"Other Asia Pacific","Ambitious-Baseline-High Capacity-Baseline-Baseline",395501.941240453
2052,"Other Asia Pacific","Ambitious-Baseline-Low Capacity-Baseline-Baseline",197461.49578599
2052,"Other Asia Pacific","Ambitious-Baseline-Low Capacity-Baseline-Recycling Medium",180046.226618664
2052,"Other Asia Pacific","Ambitious-Double LFP-Baseline-Baseline-Baseline",294488.376594714
2052,"Other Asia Pacific","Ambitious-Double NMC 811-Baseline-Baseline-Baseline",291825.72356027
2052,"Other Asia Pacific","Ambitious-Sodium Battery adoption-Baseline-Baseline-Baseline",293091.023963958
2052,"Other Asia Pacific","Ambitious-Solid State adoption-Baseline-Baseline-Baseline",293184.761261474
2052,"Other Europe","Ambitious-Baseline-Baseline-Baseline-Baseline",242493.60582919
2052,"Other Europe","Ambitious-Baseline-Baseline-Baseline-Enhanced SSPS",241801.157291642
2052,"Other Europe","Ambitious-Baseline-Baseline-Baseline-Enhanced recycling",166153.813759515
2052,"Other Europe","Ambitious-Baseline-Baseline-Baseline-USA Recycling",242493.60582919
2052,"Other Europe","Ambitious-Baseline-High Capacity-Baseline-Baseline",317705.097681851
2052,"Other Europe","Ambitious-Baseline-Low Capacity-Baseline-Baseline",178922.18047613
2052,"Other Europe","Ambitious-Baseline-Low Capacity-Baseline-Recycling Medium",161568.329828483
2052,"Other Europe","Ambitious-Double LFP-Baseline-Baseline-Baseline",245239.614145626
2052,"Other Europe","Ambitious-Double NMC 811-Baseline-Baseline-Baseline",239967.11467619
2052,"Other Europe","Ambitious-Sodium Battery adoption-Baseline-Baseline-Baseline",242291.328423399
2052,"Other Europe","Ambitious-Solid State adoption-Baseline-Baseline-Baseline",242493.60582919
2052,"Other Latin America and Caribbean","Ambitious-Baseline-Baseline-Baseline-Baseline",514480.370243544
2052,"Other Latin America and Caribbean","Ambitious-Baseline-Baseline-Baseline-Enhanced SSPS",518179.370559082
2052,"Other Latin America and Caribbean","Ambitious-Baseline-Baseline-Baseline-Enhanced recycling",334288.1203975
2052,"Other Latin America and Caribbean","Ambitious-Baseline-Baseline-Baseline-USA Recycling",514480.370243544
2052,"Other Latin America and Caribbean","Ambitious-Baseline-High Capacity-Baseline-Baseline",708656.971141007
2052,"Other Latin America and Caribbean","Ambitious-Baseline-Low Capacity-Baseline-Baseline",380142.270953491
2052,"Other Latin America and Caribbean","Ambitious-Baseline-Low Capacity-Baseline-Recycling Medium",332708.459155536
2052,"Other Latin America and Caribbean","Ambitious-Double LFP-Baseline-Baseline-Baseline",545042.947743688
2052,"Other Latin America and Caribbean","Ambitious-Double NMC 811-Baseline-Baseline-Baseline",496102.062911075
2052,"Other Latin America and Caribbean","Ambitious-Sodium Battery adoption-Baseline-Baseline-Baseline",512967.133944342
2052,"Other Latin America and Caribbean","Ambitious-Solid State adoption-Baseline-Baseline-Baseline",514480.370243544
2052,"South Korea","Ambitious-Baseline-Baseline-Baseline-Baseline",67074.0225961326
2052,"South Korea","Ambitious-Baseline-Baseline-Baseline-Enhanced SSPS",67074.0225961326
2052,"South Korea","Ambitious-Baseline-Baseline-Baseline-Enhanced recycling",33745.1761848812
2052,"South Korea","Ambitious-Baseline-Baseline-Baseline-USA Recycling",67074.0225961326
2052,"South Korea","Ambitious-Baseline-High Capacity-Baseline-Baseline",87017.2750181877
2052,"South Korea","Ambitious-Baseline-Low Capacity-Baseline-Baseline",52387.6667403158
2052,"South Korea","Ambitious-Baseline-Low Capacity-Baseline-Recycling Medium",45648.3006666906
2052,"South Korea","Ambitious-Double LFP-Baseline-Baseline-Baseline",67380.0775837693
2052,"South Korea","Ambitious-Double NMC 811-Baseline-Baseline-Baseline",66805.0592374917
2052,"South Korea","Ambitious-Sodium Battery adoption-Baseline-Baseline-Baseline",67060.0064026886
2052,"South Korea","Ambitious-Solid State adoption-Baseline-Baseline-Baseline",67074.0225961326
2052,"United Kingdom","Ambitious-Baseline-Baseline-Baseline-Baseline",98503.3998704298
2052,"United Kingdom","Ambitious-Baseline-Baseline-Baseline-Enhanced SSPS",98503.3998704298
2052,"United Kingdom","Ambitious-Baseline-Baseline-Baseline-Enhanced recycling",47619.0233234532
2052,"United Kingdom","Ambitious-Baseline-Baseline-Baseline-USA Recycling",98503.3998704298
2052,"United Kingdom","Ambitious-Baseline-High Capacity-Baseline-Baseline",128564.682822527
2052,"United Kingdom","Ambitious-Baseline-Low Capacity-Baseline-Baseline",72871.3161343261
2052,"United Kingdom","Ambitious-Baseline-Low Capacity-Baseline-Recycling Medium",59841.4809626311
2052,"United Kingdom","Ambitious-Double LFP-Baseline-Baseline-Baseline",99427.7667180152
2052,"United Kingdom","Ambitious-Double NMC 811-Baseline-Baseline-Baseline",98118.5103694872
2052,"United Kingdom","Ambitious-Sodium Battery adoption-Baseline-Baseline-Baseline",98462.4212554819
2052,"United Kingdom","Ambitious-Solid State adoption-Baseline-Baseline-Baseline",98503.3998704296
2052,"United States","Ambitious-Baseline-Baseline-Baseline-Baseline",614932.972869055
2052,"United States","Ambitious-Baseline-Baseline-Baseline-Enhanced SSPS",614932.972869055
2052,"United States","Ambitious-Baseline-Baseline-Baseline-Enhanced recycling",328457.597065987
2052,"United States","Ambitious-Baseline-Baseline-Baseline-USA Recycling",328457.597065987
2052,"United States","Ambitious-Baseline-High Capacity-Baseline-Baseline",751365.236714962
2052,"United States","Ambitious-Baseline-Low Capacity-Baseline-Baseline",419749.422443384
2052,"United States","Ambitious-Baseline-Low Capacity-Baseline-Recycling Medium",365284.908581547
2052,"United States","Ambitious-Double LFP-Baseline-Baseline-Baseline",644036.949158718
2052,"United States","Ambitious-Double NMC 811-Baseline-Baseline-Baseline",591086.653808642
2052,"United States","Ambitious-Sodium Battery adoption-Baseline-Baseline-Baseline",613568.067758938
2052,"United States","Ambitious-Solid State adoption-Baseline-Baseline-Baseline",614932.972869055
2053,"ASEAN","Ambitious-Baseline-Baseline-Baseline-Baseline",599584.547429555
2053,"ASEAN","Ambitious-Baseline-Baseline-Baseline-Enhanced SSPS",600054.816083201
2053,"ASEAN","Ambitious-Baseline-Baseline-Baseline-Enhanced recycling",421539.774511905
2053,"ASEAN","Ambitious-Baseline-Baseline-Baseline-USA Recycling",599584.547429555
2053,"ASEAN","Ambitious-Baseline-High Capacity-Baseline-Baseline",882871.252070019
2053,"ASEAN","Ambitious-Baseline-Low Capacity-Baseline-Baseline",479547.597666757
2053,"ASEAN","Ambitious-Baseline-Low Capacity-Baseline-Recycling Medium",431051.637567962
2053,"ASEAN","Ambitious-Double LFP-Baseline-Baseline-Baseline",637626.083873178
2053,"ASEAN","Ambitious-Double NMC 811-Baseline-Baseline-Baseline",578081.57374132
2053,"ASEAN","Ambitious-Sodium Battery adoption-Baseline-Baseline-Baseline",597366.988188811
2053,"ASEAN","Ambitious-Solid State adoption-Baseline-Baseline-Baseline",599584.547429555
2053,"Africa","Ambitious-Baseline-Baseline-Baseline-Baseline",312448.556728246
2053,"Africa","Ambitious-Baseline-Baseline-Baseline-Enhanced SSPS",315928.655882416
2053,"Africa","Ambitious-Baseline-Baseline-Baseline-Enhanced recycling",220898.071432169
2053,"Africa","Ambitious-Baseline-Baseline-Baseline-USA Recycling",312448.556728246
2053,"Africa","Ambitious-Baseline-High Capacity-Baseline-Baseline",444695.936706089
2053,"Africa","Ambitious-Baseline-Low Capacity-Baseline-Baseline",233866.93252918
2053,"Africa","Ambitious-Baseline-Low Capacity-Baseline-Recycling Medium",208359.983627383
2053,"Africa","Ambitious-Double LFP-Baseline-Baseline-Baseline",319270.419297694
2053,"Africa","Ambitious-Double NMC 811-Baseline-Baseline-Baseline",305763.41602782
2053,"Africa","Ambitious-Sodium Battery adoption-Baseline-Baseline-Baseline",312124.788929654
2053,"Africa","Ambitious-Solid State adoption-Baseline-Baseline-Baseline",312448.556728246
2053,"Australia/NZ","Ambitious-Baseline-Baseline-Baseline-Baseline",56949.1999808723
2053,"Australia/NZ","Ambitious-Baseline-Baseline-Baseline-Enhanced SSPS",56949.1999808724
2053,"Australia/NZ","Ambitious-Baseline-Baseline-Baseline-Enhanced recycling",31340.5453914201
2053,"Australia/NZ","Ambitious-Baseline-Baseline-Baseline-USA Recycling",56949.1999808723
2053,"Australia/NZ","Ambitious-Baseline-High Capacity-Baseline-Baseline",74723.7602741137
2053,"Australia/NZ","Ambitious-Baseline-Low Capacity-Baseline-Baseline",41969.6428538567
2053,"Australia/NZ","Ambitious-Baseline-Low Capacity-Baseline-Recycling Medium",35363.7262923284
2053,"Australia/NZ","Ambitious-Double LFP-Baseline-Baseline-Baseline",59783.5505581065
2053,"Australia/NZ","Ambitious-Double NMC 811-Baseline-Baseline-Baseline",56560.9190928748
2053,"Australia/NZ","Ambitious-Sodium Battery adoption-Baseline-Baseline-Baseline",56820.0649861208
2053,"Australia/NZ","Ambitious-Solid State adoption-Baseline-Baseline-Baseline",56949.1999808725
2053,"Brazil","Ambitious-Baseline-Baseline-Baseline-Baseline",190685.225689288
2053,"Brazil","Ambitious-Baseline-Baseline-Baseline-Enhanced SSPS",190685.225689288
2053,"Brazil","Ambitious-Baseline-Baseline-Baseline-Enhanced recycling",136129.608424195
2053,"Brazil","Ambitious-Baseline-Baseline-Baseline-USA Recycling",190685.225689288
2053,"Brazil","Ambitious-Baseline-High Capacity-Baseline-Baseline",276359.519718739
2053,"Brazil","Ambitious-Baseline-Low Capacity-Baseline-Baseline",148481.387159599
2053,"Brazil","Ambitious-Baseline-Low Capacity-Baseline-Recycling Medium",133169.844943225
2053,"Brazil","Ambitious-Double LFP-Baseline-Baseline-Baseline",209428.831798765
2053,"Brazil","Ambitious-Double NMC 811-Baseline-Baseline-Baseline",174690.709378975
2053,"Brazil","Ambitious-Sodium Battery adoption-Baseline-Baseline-Baseline",189787.431323323
2053,"Brazil","Ambitious-Solid State adoption-Baseline-Baseline-Baseline",190685.225689287
2053,"Canada","Ambitious-Baseline-Baseline-Baseline-Baseline",69608.8760661984
2053,"Canada","Ambitious-Baseline-Baseline-Baseline-Enhanced SSPS",69608.8760661984
2053,"Canada","Ambitious-Baseline-Baseline-Baseline-Enhanced recycling",34506.55351698
2053,"Canada","Ambitious-Baseline-Baseline-Baseline-USA Recycling",69608.8760661984
2053,"Canada","Ambitious-Baseline-High Capacity-Baseline-Baseline",88491.729686471
2053,"Canada","Ambitious-Baseline-Low Capacity-Baseline-Baseline",51006.4710806539
2053,"Canada","Ambitious-Baseline-Low Capacity-Baseline-Recycling Medium",44483.8250463033
2053,"Canada","Ambitious-Double LFP-Baseline-Baseline-Baseline",72834.6452536839
2053,"Canada","Ambitious-Double NMC 811-Baseline-Baseline-Baseline",66977.6974091417
2053,"Canada","Ambitious-Sodium Battery adoption-Baseline-Baseline-Baseline",69459.2080102009
2053,"Canada","Ambitious-Solid State adoption-Baseline-Baseline-Baseline",69608.8760661986
2053,"China","Ambitious-Baseline-Baseline-Baseline-Baseline",708287.111758775
2053,"China","Ambitious-Baseline-Baseline-Baseline-Enhanced SSPS",708287.111758775
2053,"China","Ambitious-Baseline-Baseline-Baseline-Enhanced recycling",708287.111758775
2053,"China","Ambitious-Baseline-Baseline-Baseline-USA Recycling",708287.111758775
2053,"China","Ambitious-Baseline-High Capacity-Baseline-Baseline",1040874.7036822
2053,"China","Ambitious-Baseline-Low Capacity-Baseline-Baseline",589079.515561365
2053,"China","Ambitious-Baseline-Low Capacity-Baseline-Recycling Medium",582607.476476662
2053,"China","Ambitious-Double LFP-Baseline-Baseline-Baseline",797784.081624631
2053,"China","Ambitious-Double NMC 811-Baseline-Baseline-Baseline",640662.575541867
2053,"China","Ambitious-Sodium Battery adoption-Baseline-Baseline-Baseline",703403.554231732
2053,"China","Ambitious-Solid State adoption-Baseline-Baseline-Baseline",708287.111758776
2053,"EFTA","Ambitious-Baseline-Baseline-Baseline-Baseline",24200.8183594006
2053,"EFTA","Ambitious-Baseline-Baseline-Baseline-Enhanced SSPS",23857.7900976168
2053,"EFTA","Ambitious-Baseline-Baseline-Baseline-Enhanced recycling",12918.6921150877
2053,"EFTA","Ambitious-Baseline-Baseline-Baseline-USA Recycling",24200.8183594006
2053,"EFTA","Ambitious-Baseline-High Capacity-Baseline-Baseline",30286.7398225987
2053,"EFTA","Ambitious-Baseline-Low Capacity-Baseline-Baseline",18207.6173073067
2053,"EFTA","Ambitious-Baseline-Low Capacity-Baseline-Recycling Medium",15584.9442567828
2053,"EFTA","Ambitious-Double LFP-Baseline-Baseline-Baseline",24444.1962726123
2053,"EFTA","Ambitious-Double NMC 811-Baseline-Baseline-Baseline",24098.0920668502
2053,"EFTA","Ambitious-Sodium Battery adoption-Baseline-Baseline-Baseline",24167.9985518452
2053,"EFTA","Ambitious-Solid State adoption-Baseline-Baseline-Baseline",24200.8183594006
2053,"European Union","Ambitious-Baseline-Baseline-Baseline-Baseline",355339.452482738
2053,"European Union","Ambitious-Baseline-Baseline-Baseline-Enhanced SSPS",355390.701641033
2053,"European Union","Ambitious-Baseline-Baseline-Baseline-Enhanced recycling",355393.567692988
2053,"European Union","Ambitious-Baseline-Baseline-Baseline-USA Recycling",355339.452482738
2053,"European Union","Ambitious-Baseline-High Capacity-Baseline-Baseline",484151.196865156
2053,"European Union","Ambitious-Baseline-Low Capacity-Baseline-Baseline",290650.442609439
2053,"European Union","Ambitious-Baseline-Low Capacity-Baseline-Recycling Medium",290476.930965241
2053,"European Union","Ambitious-Double LFP-Baseline-Baseline-Baseline",359506.382691259
2053,"European Union","Ambitious-Double NMC 811-Baseline-Baseline-Baseline",353813.953564157
2053,"European Union","Ambitious-Sodium Battery adoption-Baseline-Baseline-Baseline",355180.567372587
2053,"European Union","Ambitious-Solid State adoption-Baseline-Baseline-Baseline",355339.45248274
2053,"India","Ambitious-Baseline-Baseline-Baseline-Baseline",320552.123556585
2053,"India","Ambitious-Baseline-Baseline-Baseline-Enhanced SSPS",321334.065301523
2053,"India","Ambitious-Baseline-Baseline-Baseline-Enhanced recycling",210142.190061625
2053,"India","Ambitious-Baseline-Baseline-Baseline-USA Recycling",320552.123556585
2053,"India","Ambitious-Baseline-High Capacity-Baseline-Baseline",511892.990426723
2053,"India","Ambitious-Baseline-Low Capacity-Baseline-Baseline",283881.703275651
2053,"India","Ambitious-Baseline-Low Capacity-Baseline-Recycling Medium",256500.602929252
2053,"India","Ambitious-Double LFP-Baseline-Baseline-Baseline",320821.5989381
2053,"India","Ambitious-Double NMC 811-Baseline-Baseline-Baseline",320193.225840889
2053,"India","Ambitious-Sodium Battery adoption-Baseline-Baseline-Baseline",320500.298791844
2053,"India","Ambitious-Solid State adoption-Baseline-Baseline-Baseline",320552.123556585
2053,"Japan","Ambitious-Baseline-Baseline-Baseline-Baseline",120567.080889805
2053,"Japan","Ambitious-Baseline-Baseline-Baseline-Enhanced SSPS",120567.080889805
2053,"Japan","Ambitious-Baseline-Baseline-Baseline-Enhanced recycling",63097.2097869574
2053,"Japan","Ambitious-Baseline-Baseline-Baseline-USA Recycling",120567.080889805
2053,"Japan","Ambitious-Baseline-High Capacity-Baseline-Baseline",178239.807845817
2053,"Japan","Ambitious-Baseline-Low Capacity-Baseline-Baseline",103521.395633348
2053,"Japan","Ambitious-Baseline-Low Capacity-Baseline-Recycling Medium",89469.8346302545
2053,"Japan","Ambitious-Double LFP-Baseline-Baseline-Baseline",121147.917301649
2053,"Japan","Ambitious-Double NMC 811-Baseline-Baseline-Baseline",120041.13879924
2053,"Japan","Ambitious-Sodium Battery adoption-Baseline-Baseline-Baseline",120540.623864274
2053,"Japan","Ambitious-Solid State adoption-Baseline-Baseline-Baseline",120567.080889805
2053,"Mexico","Ambitious-Baseline-Baseline-Baseline-Baseline",109191.352589951
2053,"Mexico","Ambitious-Baseline-Baseline-Baseline-Enhanced SSPS",109191.352589951
2053,"Mexico","Ambitious-Baseline-Baseline-Baseline-Enhanced recycling",66020.585566955
2053,"Mexico","Ambitious-Baseline-Baseline-Baseline-USA Recycling",109191.352589951
2053,"Mexico","Ambitious-Baseline-High Capacity-Baseline-Baseline",143858.748006811
2053,"Mexico","Ambitious-Baseline-Low Capacity-Baseline-Baseline",81408.6084451046
2053,"Mexico","Ambitious-Baseline-Low Capacity-Baseline-Recycling Medium",70164.8620329002
2053,"Mexico","Ambitious-Double LFP-Baseline-Baseline-Baseline",113331.917323473
2053,"Mexico","Ambitious-Double NMC 811-Baseline-Baseline-Baseline",105728.11255724
2053,"Mexico","Ambitious-Sodium Battery adoption-Baseline-Baseline-Baseline",108994.970367579
2053,"Mexico","Ambitious-Solid State adoption-Baseline-Baseline-Baseline",109191.352589951
2053,"Middle East","Ambitious-Baseline-Baseline-Baseline-Baseline",452467.746797258
2053,"Middle East","Ambitious-Baseline-Baseline-Baseline-Enhanced SSPS",453370.140098207
2053,"Middle East","Ambitious-Baseline-Baseline-Baseline-Enhanced recycling",309626.315441463
2053,"Middle East","Ambitious-Baseline-Baseline-Baseline-USA Recycling",452467.746797258
2053,"Middle East","Ambitious-Baseline-High Capacity-Baseline-Baseline",570437.687467714
2053,"Middle East","Ambitious-Baseline-Low Capacity-Baseline-Baseline",312589.827619471
2053,"Middle East","Ambitious-Baseline-Low Capacity-Baseline-Recycling Medium",280180.461354944
2053,"Middle East","Ambitious-Double LFP-Baseline-Baseline-Baseline",466226.226834203
2053,"Middle East","Ambitious-Double NMC 811-Baseline-Baseline-Baseline",447718.14768221
2053,"Middle East","Ambitious-Sodium Battery adoption-Baseline-Baseline-Baseline",451827.364927477
2053,"Middle East","Ambitious-Solid State adoption-Baseline-Baseline-Baseline",452467.746797258
2053,"Other Asia Pacific","Ambitious-Baseline-Baseline-Baseline-Baseline",290814.531143093
2053,"Other Asia Pacific","Ambitious-Baseline-Baseline-Baseline-Enhanced SSPS",291544.365294923
2053,"Other Asia Pacific","Ambitious-Baseline-Baseline-Baseline-Enhanced recycling",206742.593121439
2053,"Other Asia Pacific","Ambitious-Baseline-Baseline-Baseline-USA Recycling",290814.531143093
2053,"Other Asia Pacific","Ambitious-Baseline-High Capacity-Baseline-Baseline",392305.921806002
2053,"Other Asia Pacific","Ambitious-Baseline-Low Capacity-Baseline-Baseline",195880.280845054
2053,"Other Asia Pacific","Ambitious-Baseline-Low Capacity-Baseline-Recycling Medium",176942.988483059
2053,"Other Asia Pacific","Ambitious-Double LFP-Baseline-Baseline-Baseline",292109.872533001
2053,"Other Asia Pacific","Ambitious-Double NMC 811-Baseline-Baseline-Baseline",289477.336048369
2053,"Other Asia Pacific","Ambitious-Sodium Battery adoption-Baseline-Baseline-Baseline",290724.872609728
2053,"Other Asia Pacific","Ambitious-Solid State adoption-Baseline-Baseline-Baseline",290814.531143093
2053,"Other Europe","Ambitious-Baseline-Baseline-Baseline-Baseline",236599.420904655
2053,"Other Europe","Ambitious-Baseline-Baseline-Baseline-Enhanced SSPS",236284.602896336
2053,"Other Europe","Ambitious-Baseline-Baseline-Baseline-Enhanced recycling",155431.277714722
2053,"Other Europe","Ambitious-Baseline-Baseline-Baseline-USA Recycling",236599.420904655
2053,"Other Europe","Ambitious-Baseline-High Capacity-Baseline-Baseline",310262.998281755
2053,"Other Europe","Ambitious-Baseline-Low Capacity-Baseline-Baseline",175124.524255479
2053,"Other Europe","Ambitious-Baseline-Low Capacity-Baseline-Recycling Medium",156752.935792655
2053,"Other Europe","Ambitious-Double LFP-Baseline-Baseline-Baseline",239299.837061481
2053,"Other Europe","Ambitious-Double NMC 811-Baseline-Baseline-Baseline",234135.723272189
2053,"Other Europe","Ambitious-Sodium Battery adoption-Baseline-Baseline-Baseline",236418.66873718
2053,"Other Europe","Ambitious-Solid State adoption-Baseline-Baseline-Baseline",236599.420904655
2053,"Other Latin America and Caribbean","Ambitious-Baseline-Baseline-Baseline-Baseline",503052.281777284
2053,"Other Latin America and Caribbean","Ambitious-Baseline-Baseline-Baseline-Enhanced SSPS",507141.299137853
2053,"Other Latin America and Caribbean","Ambitious-Baseline-Baseline-Baseline-Enhanced recycling",310360.497511657
2053,"Other Latin America and Caribbean","Ambitious-Baseline-Baseline-Baseline-USA Recycling",503052.281777284
2053,"Other Latin America and Caribbean","Ambitious-Baseline-High Capacity-Baseline-Baseline",693143.252861232
2053,"Other Latin America and Caribbean","Ambitious-Baseline-Low Capacity-Baseline-Baseline",371836.885191476
2053,"Other Latin America and Caribbean","Ambitious-Baseline-Low Capacity-Baseline-Recycling Medium",321048.249028036
2053,"Other Latin America and Caribbean","Ambitious-Double LFP-Baseline-Baseline-Baseline",532747.093159815
2053,"Other Latin America and Caribbean","Ambitious-Double NMC 811-Baseline-Baseline-Baseline",485105.857417444
2053,"Other Latin America and Caribbean","Ambitious-Sodium Battery adoption-Baseline-Baseline-Baseline",501585.603163689
2053,"Other Latin America and Caribbean","Ambitious-Solid State adoption-Baseline-Baseline-Baseline",503052.281777284
2053,"South Korea","Ambitious-Baseline-Baseline-Baseline-Baseline",65387.0812776731
2053,"South Korea","Ambitious-Baseline-Baseline-Baseline-Enhanced SSPS",65387.0812776731
2053,"South Korea","Ambitious-Baseline-Baseline-Baseline-Enhanced recycling",31210.9953469848
2053,"South Korea","Ambitious-Baseline-Baseline-Baseline-USA Recycling",65387.0812776731
2053,"South Korea","Ambitious-Baseline-High Capacity-Baseline-Baseline",84704.9165111668
2053,"South Korea","Ambitious-Baseline-Low Capacity-Baseline-Baseline",51305.1983246853
2053,"South Korea","Ambitious-Baseline-Low Capacity-Baseline-Recycling Medium",44383.4262292064
2053,"South Korea","Ambitious-Double LFP-Baseline-Baseline-Baseline",65686.0215881972
2053,"South Korea","Ambitious-Double NMC 811-Baseline-Baseline-Baseline",65124.6475252512
2053,"South Korea","Ambitious-Sodium Battery adoption-Baseline-Baseline-Baseline",65373.5592897038
2053,"South Korea","Ambitious-Solid State adoption-Baseline-Baseline-Baseline",65387.0812776731
2053,"United Kingdom","Ambitious-Baseline-Baseline-Baseline-Baseline",97686.1097073909
2053,"United Kingdom","Ambitious-Baseline-Baseline-Baseline-Enhanced SSPS",97686.1097073909
2053,"United Kingdom","Ambitious-Baseline-Baseline-Baseline-Enhanced recycling",45450.3476145989
2053,"United Kingdom","Ambitious-Baseline-Baseline-Baseline-USA Recycling",97686.1097073909
2053,"United Kingdom","Ambitious-Baseline-High Capacity-Baseline-Baseline",127374.170894064
2053,"United Kingdom","Ambitious-Baseline-Low Capacity-Baseline-Baseline",72353.2688823699
2053,"United Kingdom","Ambitious-Baseline-Low Capacity-Baseline-Recycling Medium",58996.7265245974
2053,"United Kingdom","Ambitious-Double LFP-Baseline-Baseline-Baseline",98602.785478908
2053,"United Kingdom","Ambitious-Double NMC 811-Baseline-Baseline-Baseline",97303.927457682
2053,"United Kingdom","Ambitious-Sodium Battery adoption-Baseline-Baseline-Baseline",97645.9944905059
2053,"United Kingdom","Ambitious-Solid State adoption-Baseline-Baseline-Baseline",97686.1097073913
2053,"United States","Ambitious-Baseline-Baseline-Baseline-Baseline",596165.1765802
2053,"United States","Ambitious-Baseline-Baseline-Baseline-Enhanced SSPS",596165.1765802
2053,"United States","Ambitious-Baseline-Baseline-Baseline-Enhanced recycling",299043.634615308
2053,"United States","Ambitious-Baseline-Baseline-Baseline-USA Recycling",299043.634615308
2053,"United States","Ambitious-Baseline-High Capacity-Baseline-Baseline",728792.270015233
2053,"United States","Ambitious-Baseline-Low Capacity-Baseline-Baseline",409499.629926743
2053,"United States","Ambitious-Baseline-Low Capacity-Baseline-Recycling Medium",352713.37644246
2053,"United States","Ambitious-Double LFP-Baseline-Baseline-Baseline",624323.842872056
2053,"United States","Ambitious-Double NMC 811-Baseline-Baseline-Baseline",573181.182846791
2053,"United States","Ambitious-Sodium Battery adoption-Baseline-Baseline-Baseline",594859.218405328
2053,"United States","Ambitious-Solid State adoption-Baseline-Baseline-Baseline",596165.1765802
2054,"ASEAN","Ambitious-Baseline-Baseline-Baseline-Baseline",592805.089482011
2054,"ASEAN","Ambitious-Baseline-Baseline-Baseline-Enhanced SSPS",593305.292271617
2054,"ASEAN","Ambitious-Baseline-Baseline-Baseline-Enhanced recycling",401563.106385885
2054,"ASEAN","Ambitious-Baseline-Baseline-Baseline-USA Recycling",592805.089482011
2054,"ASEAN","Ambitious-Baseline-High Capacity-Baseline-Baseline",872565.022687408
2054,"ASEAN","Ambitious-Baseline-Low Capacity-Baseline-Baseline",474031.961279301
2054,"ASEAN","Ambitious-Baseline-Low Capacity-Baseline-Recycling Medium",421926.205001685
2054,"ASEAN","Ambitious-Double LFP-Baseline-Baseline-Baseline",630341.156715558
2054,"ASEAN","Ambitious-Double NMC 811-Baseline-Baseline-Baseline",571547.647083236
2054,"ASEAN","Ambitious-Sodium Battery adoption-Baseline-Baseline-Baseline",590629.678589733
2054,"ASEAN","Ambitious-Solid State adoption-Baseline-Baseline-Baseline",592805.089482011
2054,"Africa","Ambitious-Baseline-Baseline-Baseline-Baseline",309837.391220131
2054,"Africa","Ambitious-Baseline-Baseline-Baseline-Enhanced SSPS",313647.681487132
2054,"Africa","Ambitious-Baseline-Baseline-Baseline-Enhanced recycling",211816.995795122
2054,"Africa","Ambitious-Baseline-Baseline-Baseline-USA Recycling",309837.391220131
2054,"Africa","Ambitious-Baseline-High Capacity-Baseline-Baseline",441155.49778658
2054,"Africa","Ambitious-Baseline-Low Capacity-Baseline-Baseline",231950.470880258
2054,"Africa","Ambitious-Baseline-Low Capacity-Baseline-Recycling Medium",204603.104138483
2054,"Africa","Ambitious-Double LFP-Baseline-Baseline-Baseline",316635.798176348
2054,"Africa","Ambitious-Double NMC 811-Baseline-Baseline-Baseline",303206.316452582
2054,"Africa","Ambitious-Sodium Battery adoption-Baseline-Baseline-Baseline",309516.494004844
2054,"Africa","Ambitious-Solid State adoption-Baseline-Baseline-Baseline",309837.391220131
2054,"Australia/NZ","Ambitious-Baseline-Baseline-Baseline-Baseline",54605.6593320092
2054,"Australia/NZ","Ambitious-Baseline-Baseline-Baseline-Enhanced SSPS",54605.6593320092
2054,"Australia/NZ","Ambitious-Baseline-Baseline-Baseline-Enhanced recycling",27772.4647757096
2054,"Australia/NZ","Ambitious-Baseline-Baseline-Baseline-USA Recycling",54605.6593320092
2054,"Australia/NZ","Ambitious-Baseline-High Capacity-Baseline-Baseline",71708.1963561596
2054,"Australia/NZ","Ambitious-Baseline-Low Capacity-Baseline-Baseline",40296.978794452
2054,"Australia/NZ","Ambitious-Baseline-Low Capacity-Baseline-Recycling Medium",33574.2073720045
2054,"Australia/NZ","Ambitious-Double LFP-Baseline-Baseline-Baseline",57335.6400172923
2054,"Australia/NZ","Ambitious-Double NMC 811-Baseline-Baseline-Baseline",54231.5762573914
2054,"Australia/NZ","Ambitious-Sodium Battery adoption-Baseline-Baseline-Baseline",54483.2100115205
2054,"Australia/NZ","Ambitious-Solid State adoption-Baseline-Baseline-Baseline",54605.6593320093
2054,"Brazil","Ambitious-Baseline-Baseline-Baseline-Baseline",186892.474761052
2054,"Brazil","Ambitious-Baseline-Baseline-Baseline-Enhanced SSPS",186892.474761052
2054,"Brazil","Ambitious-Baseline-Baseline-Baseline-Enhanced recycling",127864.900237807
2054,"Brazil","Ambitious-Baseline-Baseline-Baseline-USA Recycling",186892.474761052
2054,"Brazil","Ambitious-Baseline-High Capacity-Baseline-Baseline",270849.396302362
2054,"Brazil","Ambitious-Baseline-Low Capacity-Baseline-Baseline",145560.720836931
2054,"Brazil","Ambitious-Baseline-Low Capacity-Baseline-Recycling Medium",129494.620516558
2054,"Brazil","Ambitious-Double LFP-Baseline-Baseline-Baseline",205378.666390839
2054,"Brazil","Ambitious-Double NMC 811-Baseline-Baseline-Baseline",171154.621881526
2054,"Brazil","Ambitious-Sodium Battery adoption-Baseline-Baseline-Baseline",186012.403889438
2054,"Brazil","Ambitious-Solid State adoption-Baseline-Baseline-Baseline",186892.474761052
2054,"Canada","Ambitious-Baseline-Baseline-Baseline-Baseline",68119.6193664223
2054,"Canada","Ambitious-Baseline-Baseline-Baseline-Enhanced SSPS",68119.6193664223
2054,"Canada","Ambitious-Baseline-Baseline-Baseline-Enhanced recycling",32174.4291323909
2054,"Canada","Ambitious-Baseline-Baseline-Baseline-USA Recycling",68119.6193664223
2054,"Canada","Ambitious-Baseline-High Capacity-Baseline-Baseline",86492.2670051272
2054,"Canada","Ambitious-Baseline-Low Capacity-Baseline-Baseline",50077.1225119369
2054,"Canada","Ambitious-Baseline-Low Capacity-Baseline-Recycling Medium",43369.8451252003
2054,"Canada","Ambitious-Double LFP-Baseline-Baseline-Baseline",71265.6734315298
2054,"Canada","Ambitious-Double NMC 811-Baseline-Baseline-Baseline",65557.4583932254
2054,"Canada","Ambitious-Sodium Battery adoption-Baseline-Baseline-Baseline",67975.219807159
2054,"Canada","Ambitious-Solid State adoption-Baseline-Baseline-Baseline",68119.6193664225
2054,"China","Ambitious-Baseline-Baseline-Baseline-Baseline",676738.461182536
2054,"China","Ambitious-Baseline-Baseline-Baseline-Enhanced SSPS",676738.461182536
2054,"China","Ambitious-Baseline-Baseline-Baseline-Enhanced recycling",676738.461182536
2054,"China","Ambitious-Baseline-Baseline-Baseline-USA Recycling",676738.461182536
2054,"China","Ambitious-Baseline-High Capacity-Baseline-Baseline",986503.329980271
2054,"China","Ambitious-Baseline-Low Capacity-Baseline-Baseline",564842.007001454
2054,"China","Ambitious-Baseline-Low Capacity-Baseline-Recycling Medium",559586.432158614
2054,"China","Ambitious-Double LFP-Baseline-Baseline-Baseline",762470.285635766
2054,"China","Ambitious-Double NMC 811-Baseline-Baseline-Baseline",612370.885330769
2054,"China","Ambitious-Sodium Battery adoption-Baseline-Baseline-Baseline",672239.650082193
2054,"China","Ambitious-Solid State adoption-Baseline-Baseline-Baseline",676738.461182536
2054,"EFTA","Ambitious-Baseline-Baseline-Baseline-Baseline",23861.9658782519
2054,"EFTA","Ambitious-Baseline-Baseline-Baseline-Enhanced SSPS",23515.0235308403
2054,"EFTA","Ambitious-Baseline-Baseline-Baseline-Enhanced recycling",12299.7140083885
2054,"EFTA","Ambitious-Baseline-Baseline-Baseline-USA Recycling",23861.9658782519
2054,"EFTA","Ambitious-Baseline-High Capacity-Baseline-Baseline",29823.1923105435
2054,"EFTA","Ambitious-Baseline-Low Capacity-Baseline-Baseline",17997.0260543524
2054,"EFTA","Ambitious-Baseline-Low Capacity-Baseline-Recycling Medium",15310.5793719364
2054,"EFTA","Ambitious-Double LFP-Baseline-Baseline-Baseline",24101.5632403317
2054,"EFTA","Ambitious-Double NMC 811-Baseline-Baseline-Baseline",23760.8269390946
2054,"EFTA","Ambitious-Sodium Battery adoption-Baseline-Baseline-Baseline",23829.587870913
2054,"EFTA","Ambitious-Solid State adoption-Baseline-Baseline-Baseline",23861.9658782518
2054,"European Union","Ambitious-Baseline-Baseline-Baseline-Baseline",341983.210970602
2054,"European Union","Ambitious-Baseline-Baseline-Baseline-Enhanced SSPS",342025.463463905
2054,"European Union","Ambitious-Baseline-Baseline-Baseline-Enhanced recycling",342033.227250125
2054,"European Union","Ambitious-Baseline-Baseline-Baseline-USA Recycling",341983.210970602
2054,"European Union","Ambitious-Baseline-High Capacity-Baseline-Baseline",463831.804547612
2054,"European Union","Ambitious-Baseline-Low Capacity-Baseline-Baseline",280792.704912076
2054,"European Union","Ambitious-Baseline-Low Capacity-Baseline-Recycling Medium",280641.561524968
2054,"European Union","Ambitious-Double LFP-Baseline-Baseline-Baseline",345963.385939979
2054,"European Union","Ambitious-Double NMC 811-Baseline-Baseline-Baseline",340527.81761062
2054,"European Union","Ambitious-Sodium Battery adoption-Baseline-Baseline-Baseline",341838.492688481
2054,"European Union","Ambitious-Solid State adoption-Baseline-Baseline-Baseline",341983.210970602
2054,"India","Ambitious-Baseline-Baseline-Baseline-Baseline",317202.403156717
2054,"India","Ambitious-Baseline-Baseline-Baseline-Enhanced SSPS",318630.039362214
2054,"India","Ambitious-Baseline-Baseline-Baseline-Enhanced recycling",201967.909093371
2054,"India","Ambitious-Baseline-Baseline-Baseline-USA Recycling",317202.403156717
2054,"India","Ambitious-Baseline-High Capacity-Baseline-Baseline",506462.414185403
2054,"India","Ambitious-Baseline-Low Capacity-Baseline-Baseline",280474.743221802
2054,"India","Ambitious-Baseline-Low Capacity-Baseline-Recycling Medium",251799.97628072
2054,"India","Ambitious-Double LFP-Baseline-Baseline-Baseline",317470.324301424
2054,"India","Ambitious-Double NMC 811-Baseline-Baseline-Baseline",316846.825807146
2054,"India","Ambitious-Sodium Battery adoption-Baseline-Baseline-Baseline",317182.953339863
2054,"India","Ambitious-Solid State adoption-Baseline-Baseline-Baseline",317202.403156717
2054,"Japan","Ambitious-Baseline-Baseline-Baseline-Baseline",116579.184598509
2054,"Japan","Ambitious-Baseline-Baseline-Baseline-Enhanced SSPS",116579.184598508
2054,"Japan","Ambitious-Baseline-Baseline-Baseline-Enhanced recycling",57323.7201753291
2054,"Japan","Ambitious-Baseline-Baseline-Baseline-USA Recycling",116579.184598509
2054,"Japan","Ambitious-Baseline-High Capacity-Baseline-Baseline",171890.774599404
2054,"Japan","Ambitious-Baseline-Low Capacity-Baseline-Baseline",100278.909855146
2054,"Japan","Ambitious-Baseline-Low Capacity-Baseline-Recycling Medium",85586.2096081979
2054,"Japan","Ambitious-Double LFP-Baseline-Baseline-Baseline",117143.131583586
2054,"Japan","Ambitious-Double NMC 811-Baseline-Baseline-Baseline",116072.199005417
2054,"Japan","Ambitious-Sodium Battery adoption-Baseline-Baseline-Baseline",116553.861145601
2054,"Japan","Ambitious-Solid State adoption-Baseline-Baseline-Baseline",116579.184598508
2054,"Mexico","Ambitious-Baseline-Baseline-Baseline-Baseline",106773.99431767
2054,"Mexico","Ambitious-Baseline-Baseline-Baseline-Enhanced SSPS",106773.99431767
2054,"Mexico","Ambitious-Baseline-Baseline-Baseline-Enhanced recycling",61391.1162647984
2054,"Mexico","Ambitious-Baseline-Baseline-Baseline-USA Recycling",106773.99431767
2054,"Mexico","Ambitious-Baseline-High Capacity-Baseline-Baseline",140714.521485723
2054,"Mexico","Ambitious-Baseline-Low Capacity-Baseline-Baseline",79596.4619275552
2054,"Mexico","Ambitious-Baseline-Low Capacity-Baseline-Recycling Medium",67783.5060555114
2054,"Mexico","Ambitious-Double LFP-Baseline-Baseline-Baseline",110867.538798495
2054,"Mexico","Ambitious-Double NMC 811-Baseline-Baseline-Baseline",103357.572305108
2054,"Mexico","Ambitious-Sodium Battery adoption-Baseline-Baseline-Baseline",106581.260269278
2054,"Mexico","Ambitious-Solid State adoption-Baseline-Baseline-Baseline",106773.99431767
2054,"Middle East","Ambitious-Baseline-Baseline-Baseline-Baseline",445258.600638723
2054,"Middle East","Ambitious-Baseline-Baseline-Baseline-Enhanced SSPS",446243.278345502
2054,"Middle East","Ambitious-Baseline-Baseline-Baseline-Enhanced recycling",292372.04330711
2054,"Middle East","Ambitious-Baseline-Baseline-Baseline-USA Recycling",445258.600638723
2054,"Middle East","Ambitious-Baseline-High Capacity-Baseline-Baseline",561476.744966903
2054,"Middle East","Ambitious-Baseline-Low Capacity-Baseline-Baseline",307925.591889369
2054,"Middle East","Ambitious-Baseline-Low Capacity-Baseline-Recycling Medium",272837.098348993
2054,"Middle East","Ambitious-Double LFP-Baseline-Baseline-Baseline",458807.116925275
2054,"Middle East","Ambitious-Double NMC 811-Baseline-Baseline-Baseline",440588.563733025
2054,"Middle East","Ambitious-Sodium Battery adoption-Baseline-Baseline-Baseline",444634.848524962
2054,"Middle East","Ambitious-Solid State adoption-Baseline-Baseline-Baseline",445258.600638723
2054,"Other Asia Pacific","Ambitious-Baseline-Baseline-Baseline-Baseline",288088.16881279
2054,"Other Asia Pacific","Ambitious-Baseline-Baseline-Baseline-Enhanced SSPS",288998.253447346
2054,"Other Asia Pacific","Ambitious-Baseline-Baseline-Baseline-Enhanced recycling",197780.478929769
2054,"Other Asia Pacific","Ambitious-Baseline-Baseline-Baseline-USA Recycling",288088.16881279
2054,"Other Asia Pacific","Ambitious-Baseline-High Capacity-Baseline-Baseline",388710.431681511
2054,"Other Asia Pacific","Ambitious-Baseline-Low Capacity-Baseline-Baseline",194025.410737706
2054,"Other Asia Pacific","Ambitious-Baseline-Low Capacity-Baseline-Recycling Medium",173571.425242534
2054,"Other Asia Pacific","Ambitious-Double LFP-Baseline-Baseline-Baseline",289371.80227519
2054,"Other Asia Pacific","Ambitious-Double NMC 811-Baseline-Baseline-Baseline",286774.447882782
2054,"Other Asia Pacific","Ambitious-Sodium Battery adoption-Baseline-Baseline-Baseline",288002.839723567
2054,"Other Asia Pacific","Ambitious-Solid State adoption-Baseline-Baseline-Baseline",288088.16881279
2054,"Other Europe","Ambitious-Baseline-Baseline-Baseline-Baseline",230625.408064658
2054,"Other Europe","Ambitious-Baseline-Baseline-Baseline-Enhanced SSPS",230654.016608532
2054,"Other Europe","Ambitious-Baseline-Baseline-Baseline-Enhanced recycling",144918.487924347
2054,"Other Europe","Ambitious-Baseline-Baseline-Baseline-USA Recycling",230625.408064658
2054,"Other Europe","Ambitious-Baseline-High Capacity-Baseline-Baseline",302711.188478067
2054,"Other Europe","Ambitious-Baseline-Low Capacity-Baseline-Baseline",171201.462760599
2054,"Other Europe","Ambitious-Baseline-Low Capacity-Baseline-Recycling Medium",151866.541511398
2054,"Other Europe","Ambitious-Double LFP-Baseline-Baseline-Baseline",233273.583462077
2054,"Other Europe","Ambitious-Double NMC 811-Baseline-Baseline-Baseline",228227.22823736
2054,"Other Europe","Ambitious-Sodium Battery adoption-Baseline-Baseline-Baseline",230465.310905188
2054,"Other Europe","Ambitious-Solid State adoption-Baseline-Baseline-Baseline",230625.408064659
2054,"Other Latin America and Caribbean","Ambitious-Baseline-Baseline-Baseline-Baseline",491555.078077597
2054,"Other Latin America and Caribbean","Ambitious-Baseline-Baseline-Baseline-Enhanced SSPS",496022.03992394
2054,"Other Latin America and Caribbean","Ambitious-Baseline-Baseline-Baseline-Enhanced recycling",287056.624331652
2054,"Other Latin America and Caribbean","Ambitious-Baseline-Baseline-Baseline-USA Recycling",491555.078077597
2054,"Other Latin America and Caribbean","Ambitious-Baseline-High Capacity-Baseline-Baseline",677602.13980336
2054,"Other Latin America and Caribbean","Ambitious-Baseline-Low Capacity-Baseline-Baseline",363365.101220255
2054,"Other Latin America and Caribbean","Ambitious-Baseline-Low Capacity-Baseline-Recycling Medium",309290.525023733
2054,"Other Latin America and Caribbean","Ambitious-Double LFP-Baseline-Baseline-Baseline",520370.524030924
2054,"Other Latin America and Caribbean","Ambitious-Double NMC 811-Baseline-Baseline-Baseline",474072.796474748
2054,"Other Latin America and Caribbean","Ambitious-Sodium Battery adoption-Baseline-Baseline-Baseline",490138.800018663
2054,"Other Latin America and Caribbean","Ambitious-Solid State adoption-Baseline-Baseline-Baseline",491555.078077597
2054,"South Korea","Ambitious-Baseline-Baseline-Baseline-Baseline",63940.1329284005
2054,"South Korea","Ambitious-Baseline-Baseline-Baseline-Enhanced SSPS",63940.1329284005
2054,"South Korea","Ambitious-Baseline-Baseline-Baseline-Enhanced recycling",29099.268531589
2054,"South Korea","Ambitious-Baseline-Baseline-Baseline-USA Recycling",63940.1329284005
2054,"South Korea","Ambitious-Baseline-High Capacity-Baseline-Baseline",82730.193731707
2054,"South Korea","Ambitious-Baseline-Low Capacity-Baseline-Baseline",50378.5211389927
2054,"South Korea","Ambitious-Baseline-Low Capacity-Baseline-Recycling Medium",43300.1328607191
2054,"South Korea","Ambitious-Double LFP-Baseline-Baseline-Baseline",64232.1323282109
2054,"South Korea","Ambitious-Double NMC 811-Baseline-Baseline-Baseline",63682.8142731344
2054,"South Korea","Ambitious-Sodium Battery adoption-Baseline-Baseline-Baseline",63927.0940256665
2054,"South Korea","Ambitious-Solid State adoption-Baseline-Baseline-Baseline",63940.1329284005
2054,"United Kingdom","Ambitious-Baseline-Baseline-Baseline-Baseline",97246.0744354923
2054,"United Kingdom","Ambitious-Baseline-Baseline-Baseline-Enhanced SSPS",97246.0744354923
2054,"United Kingdom","Ambitious-Baseline-Baseline-Baseline-Enhanced recycling",43781.5376300219
2054,"United Kingdom","Ambitious-Baseline-Baseline-Baseline-USA Recycling",97246.0744354923
2054,"United Kingdom","Ambitious-Baseline-High Capacity-Baseline-Baseline",126719.804348671
2054,"United Kingdom","Ambitious-Baseline-Low Capacity-Baseline-Baseline",72064.8076634926
2054,"United Kingdom","Ambitious-Baseline-Low Capacity-Baseline-Recycling Medium",58403.954488638
2054,"United Kingdom","Ambitious-Double LFP-Baseline-Baseline-Baseline",98156.4063490032
2054,"United Kingdom","Ambitious-Double NMC 811-Baseline-Baseline-Baseline",96865.4804282109
2054,"United Kingdom","Ambitious-Sodium Battery adoption-Baseline-Baseline-Baseline",97206.7004675427
2054,"United Kingdom","Ambitious-Solid State adoption-Baseline-Baseline-Baseline",97246.0744354924
2054,"United States","Ambitious-Baseline-Baseline-Baseline-Baseline",580628.372743254
2054,"United States","Ambitious-Baseline-Baseline-Baseline-Enhanced SSPS",580628.372743254
2054,"United States","Ambitious-Baseline-Baseline-Baseline-Enhanced recycling",274525.816627228
2054,"United States","Ambitious-Baseline-Baseline-Baseline-USA Recycling",274525.816627228
2054,"United States","Ambitious-Baseline-High Capacity-Baseline-Baseline",709926.283126859
2054,"United States","Ambitious-Baseline-Low Capacity-Baseline-Baseline",400662.825073679
2054,"United States","Ambitious-Baseline-Low Capacity-Baseline-Recycling Medium",341951.868731321
2054,"United States","Ambitious-Double LFP-Baseline-Baseline-Baseline",607945.07049456
2054,"United States","Ambitious-Double NMC 811-Baseline-Baseline-Baseline",558388.840251938
2054,"United States","Ambitious-Sodium Battery adoption-Baseline-Baseline-Baseline",579376.194081966
2054,"United States","Ambitious-Solid State adoption-Baseline-Baseline-Baseline",580628.372743254
2055,"ASEAN","Ambitious-Baseline-Baseline-Baseline-Baseline",585597.97826276
2055,"ASEAN","Ambitious-Baseline-Baseline-Baseline-Enhanced SSPS",586126.666009119
2055,"ASEAN","Ambitious-Baseline-Baseline-Baseline-Enhanced recycling",381593.668500545
2055,"ASEAN","Ambitious-Baseline-Baseline-Baseline-USA Recycling",585597.97826276
2055,"ASEAN","Ambitious-Baseline-High Capacity-Baseline-Baseline",861730.444707493
2055,"ASEAN","Ambitious-Baseline-Low Capacity-Baseline-Baseline",468141.309098804
2055,"ASEAN","Ambitious-Baseline-Low Capacity-Baseline-Recycling Medium",413279.874426237
2055,"ASEAN","Ambitious-Double LFP-Baseline-Baseline-Baseline",622621.465075491
2055,"ASEAN","Ambitious-Double NMC 811-Baseline-Baseline-Baseline",564612.158530751
2055,"ASEAN","Ambitious-Sodium Battery adoption-Baseline-Baseline-Baseline",583468.090570334
2055,"ASEAN","Ambitious-Solid State adoption-Baseline-Baseline-Baseline",585597.97826276
2055,"Africa","Ambitious-Baseline-Baseline-Baseline-Baseline",307260.17474963
2055,"Africa","Ambitious-Baseline-Baseline-Baseline-Enhanced SSPS",311399.882591815
2055,"Africa","Ambitious-Baseline-Baseline-Baseline-Enhanced recycling",202834.371202297
2055,"Africa","Ambitious-Baseline-Baseline-Baseline-USA Recycling",307260.17474963
2055,"Africa","Ambitious-Baseline-High Capacity-Baseline-Baseline",437678.290136398
2055,"Africa","Ambitious-Baseline-Low Capacity-Baseline-Baseline",230023.786938202
2055,"Africa","Ambitious-Baseline-Low Capacity-Baseline-Recycling Medium",201010.326116515
2055,"Africa","Ambitious-Double LFP-Baseline-Baseline-Baseline",314024.721544956
2055,"Africa","Ambitious-Double NMC 811-Baseline-Baseline-Baseline",300686.862161046
2055,"Africa","Ambitious-Sodium Battery adoption-Baseline-Baseline-Baseline",306942.826358293
2055,"Africa","Ambitious-Solid State adoption-Baseline-Baseline-Baseline",307260.174749631
2055,"Australia/NZ","Ambitious-Baseline-Baseline-Baseline-Baseline",52618.9388560319
2055,"Australia/NZ","Ambitious-Baseline-Baseline-Baseline-Enhanced SSPS",52618.9388560319
2055,"Australia/NZ","Ambitious-Baseline-Baseline-Baseline-Enhanced recycling",24730.5898271073
2055,"Australia/NZ","Ambitious-Baseline-Baseline-Baseline-USA Recycling",52618.9388560319
2055,"Australia/NZ","Ambitious-Baseline-High Capacity-Baseline-Baseline",69144.5234208308
2055,"Australia/NZ","Ambitious-Baseline-Low Capacity-Baseline-Baseline",38869.728814626
2055,"Australia/NZ","Ambitious-Baseline-Low Capacity-Baseline-Recycling Medium",31880.5997942453
2055,"Australia/NZ","Ambitious-Double LFP-Baseline-Baseline-Baseline",55255.4047134461
2055,"Australia/NZ","Ambitious-Double NMC 811-Baseline-Baseline-Baseline",52257.700080923
2055,"Australia/NZ","Ambitious-Sodium Battery adoption-Baseline-Baseline-Baseline",52502.4888956396
2055,"Australia/NZ","Ambitious-Solid State adoption-Baseline-Baseline-Baseline",52618.938856032
2055,"Brazil","Ambitious-Baseline-Baseline-Baseline-Baseline",182870.22847605
2055,"Brazil","Ambitious-Baseline-Baseline-Baseline-Enhanced SSPS",182870.22847605
2055,"Brazil","Ambitious-Baseline-Baseline-Baseline-Enhanced recycling",119560.764846306
2055,"Brazil","Ambitious-Baseline-Baseline-Baseline-USA Recycling",182870.22847605
2055,"Brazil","Ambitious-Baseline-High Capacity-Baseline-Baseline",265024.32704047
2055,"Brazil","Ambitious-Baseline-Low Capacity-Baseline-Baseline",142440.374708297
2055,"Brazil","Ambitious-Baseline-Low Capacity-Baseline-Recycling Medium",125654.206757752
2055,"Brazil","Ambitious-Double LFP-Baseline-Baseline-Baseline",201060.77042319
2055,"Brazil","Ambitious-Double NMC 811-Baseline-Baseline-Baseline",167420.974378041
2055,"Brazil","Ambitious-Sodium Battery adoption-Baseline-Baseline-Baseline",182010.68979233
2055,"Brazil","Ambitious-Solid State adoption-Baseline-Baseline-Baseline",182870.228476049
2055,"Canada","Ambitious-Baseline-Baseline-Baseline-Baseline",67072.9546216677
2055,"Canada","Ambitious-Baseline-Baseline-Baseline-Enhanced SSPS",67072.9546216677
2055,"Canada","Ambitious-Baseline-Baseline-Baseline-Enhanced recycling",30426.8328843273
2055,"Canada","Ambitious-Baseline-Baseline-Baseline-USA Recycling",67072.9546216677
2055,"Canada","Ambitious-Baseline-High Capacity-Baseline-Baseline",85064.0316423413
2055,"Canada","Ambitious-Baseline-Low Capacity-Baseline-Baseline",49426.6109479736
2055,"Canada","Ambitious-Baseline-Low Capacity-Baseline-Recycling Medium",42551.179234681
2055,"Canada","Ambitious-Double LFP-Baseline-Baseline-Baseline",70151.3805694362
2055,"Canada","Ambitious-Double NMC 811-Baseline-Baseline-Baseline",64566.4298905679
2055,"Canada","Ambitious-Sodium Battery adoption-Baseline-Baseline-Baseline",66933.1186626955
2055,"Canada","Ambitious-Solid State adoption-Baseline-Baseline-Baseline",67072.9546216679
2055,"China","Ambitious-Baseline-Baseline-Baseline-Baseline",652275.201347816
2055,"China","Ambitious-Baseline-Baseline-Baseline-Enhanced SSPS",652275.201347816
2055,"China","Ambitious-Baseline-Baseline-Baseline-Enhanced recycling",652275.201347816
2055,"China","Ambitious-Baseline-Baseline-Baseline-USA Recycling",652275.201347816
2055,"China","Ambitious-Baseline-High Capacity-Baseline-Baseline",944707.191897683
2055,"China","Ambitious-Baseline-Low Capacity-Baseline-Baseline",546224.582265676
2055,"China","Ambitious-Baseline-Low Capacity-Baseline-Recycling Medium",542023.043220674
2055,"China","Ambitious-Double LFP-Baseline-Baseline-Baseline",734782.729722184
2055,"China","Ambitious-Double NMC 811-Baseline-Baseline-Baseline",590771.575803366
2055,"China","Ambitious-Sodium Battery adoption-Baseline-Baseline-Baseline",648101.323391805
2055,"China","Ambitious-Solid State adoption-Baseline-Baseline-Baseline",652275.201347818
2055,"EFTA","Ambitious-Baseline-Baseline-Baseline-Baseline",23590.0690695608
2055,"EFTA","Ambitious-Baseline-Baseline-Baseline-Enhanced SSPS",23240.181611436
2055,"EFTA","Ambitious-Baseline-Baseline-Baseline-Enhanced recycling",11782.9231427862
2055,"EFTA","Ambitious-Baseline-Baseline-Baseline-USA Recycling",23590.0690695608
2055,"EFTA","Ambitious-Baseline-High Capacity-Baseline-Baseline",29450.466897613
2055,"EFTA","Ambitious-Baseline-Low Capacity-Baseline-Baseline",17822.3243855345
2055,"EFTA","Ambitious-Baseline-Low Capacity-Baseline-Recycling Medium",15078.8621136184
2055,"EFTA","Ambitious-Double LFP-Baseline-Baseline-Baseline",23826.2471924923
2055,"EFTA","Ambitious-Double NMC 811-Baseline-Baseline-Baseline",23490.2129182073
2055,"EFTA","Ambitious-Sodium Battery adoption-Baseline-Baseline-Baseline",23557.9627278076
2055,"EFTA","Ambitious-Solid State adoption-Baseline-Baseline-Baseline",23590.0690695608
2055,"European Union","Ambitious-Baseline-Baseline-Baseline-Baseline",329802.169911336
2055,"European Union","Ambitious-Baseline-Baseline-Baseline-Enhanced SSPS",329836.5593657
2055,"European Union","Ambitious-Baseline-Baseline-Baseline-Enhanced recycling",329849.354067795
2055,"European Union","Ambitious-Baseline-Baseline-Baseline-USA Recycling",329802.169911336
2055,"European Union","Ambitious-Baseline-High Capacity-Baseline-Baseline",445617.845323235
2055,"European Union","Ambitious-Baseline-Low Capacity-Baseline-Baseline",271637.739838123
2055,"European Union","Ambitious-Baseline-Low Capacity-Baseline-Recycling Medium",271509.746603469
2055,"European Union","Ambitious-Double LFP-Baseline-Baseline-Baseline",333598.65457035
2055,"European Union","Ambitious-Double NMC 811-Baseline-Baseline-Baseline",328410.836569673
2055,"European Union","Ambitious-Sodium Battery adoption-Baseline-Baseline-Baseline",329669.691325289
2055,"European Union","Ambitious-Solid State adoption-Baseline-Baseline-Baseline",329802.169911335
2055,"India","Ambitious-Baseline-Baseline-Baseline-Baseline",315952.437366469
2055,"India","Ambitious-Baseline-Baseline-Baseline-Enhanced SSPS",316350.306659685
2055,"India","Ambitious-Baseline-Baseline-Baseline-Enhanced recycling",194602.737503829
2055,"India","Ambitious-Baseline-Baseline-Baseline-USA Recycling",315952.437366469
2055,"India","Ambitious-Baseline-High Capacity-Baseline-Baseline",501999.679122833
2055,"India","Ambitious-Baseline-Low Capacity-Baseline-Baseline",277648.749380525
2055,"India","Ambitious-Baseline-Low Capacity-Baseline-Recycling Medium",247756.851176119
2055,"India","Ambitious-Double LFP-Baseline-Baseline-Baseline",316218.98177035
2055,"India","Ambitious-Double NMC 811-Baseline-Baseline-Baseline",315597.165984341
2055,"India","Ambitious-Sodium Battery adoption-Baseline-Baseline-Baseline",315940.429877026
2055,"India","Ambitious-Solid State adoption-Baseline-Baseline-Baseline",315952.437366469
2055,"Japan","Ambitious-Baseline-Baseline-Baseline-Baseline",113322.848415523
2055,"Japan","Ambitious-Baseline-Baseline-Baseline-Enhanced SSPS",113322.848415523
2055,"Japan","Ambitious-Baseline-Baseline-Baseline-Enhanced recycling",52606.8648759078
2055,"Japan","Ambitious-Baseline-Baseline-Baseline-USA Recycling",113322.848415523
2055,"Japan","Ambitious-Baseline-High Capacity-Baseline-Baseline",166729.79535186
2055,"Japan","Ambitious-Baseline-Low Capacity-Baseline-Baseline",97562.4841506359
2055,"Japan","Ambitious-Baseline-Low Capacity-Baseline-Recycling Medium",82439.4385694086
2055,"Japan","Ambitious-Double LFP-Baseline-Baseline-Baseline",113871.685603205
2055,"Japan","Ambitious-Double NMC 811-Baseline-Baseline-Baseline",112828.840381598
2055,"Japan","Ambitious-Sodium Battery adoption-Baseline-Baseline-Baseline",113298.542637478
2055,"Japan","Ambitious-Solid State adoption-Baseline-Baseline-Baseline",113322.848415523
2055,"Mexico","Ambitious-Baseline-Baseline-Baseline-Baseline",104759.378387863
2055,"Mexico","Ambitious-Baseline-Baseline-Baseline-Enhanced SSPS",104759.378387863
2055,"Mexico","Ambitious-Baseline-Baseline-Baseline-Enhanced recycling",57343.7874308605
2055,"Mexico","Ambitious-Baseline-Baseline-Baseline-USA Recycling",104759.378387863
2055,"Mexico","Ambitious-Baseline-High Capacity-Baseline-Baseline",138086.939623527
2055,"Mexico","Ambitious-Baseline-Low Capacity-Baseline-Baseline",78086.3283167293
2055,"Mexico","Ambitious-Baseline-Low Capacity-Baseline-Recycling Medium",65751.3522948704
2055,"Mexico","Ambitious-Double LFP-Baseline-Baseline-Baseline",108804.538876873
2055,"Mexico","Ambitious-Double NMC 811-Baseline-Baseline-Baseline",101389.310847371
2055,"Mexico","Ambitious-Sodium Battery adoption-Baseline-Baseline-Baseline",104570.404333685
2055,"Mexico","Ambitious-Solid State adoption-Baseline-Baseline-Baseline",104759.378387863
2055,"Middle East","Ambitious-Baseline-Baseline-Baseline-Baseline",437906.534910896
2055,"Middle East","Ambitious-Baseline-Baseline-Baseline-Enhanced SSPS",438970.871184132
2055,"Middle East","Ambitious-Baseline-Baseline-Baseline-Enhanced recycling",275330.956787798
2055,"Middle East","Ambitious-Baseline-Baseline-Baseline-USA Recycling",437906.534910896
2055,"Middle East","Ambitious-Baseline-High Capacity-Baseline-Baseline",552319.365548813
2055,"Middle East","Ambitious-Baseline-Low Capacity-Baseline-Baseline",303054.093918882
2055,"Middle East","Ambitious-Baseline-Low Capacity-Baseline-Recycling Medium",265440.502422767
2055,"Middle East","Ambitious-Double LFP-Baseline-Baseline-Baseline",451225.981251206
2055,"Middle East","Ambitious-Double NMC 811-Baseline-Baseline-Baseline",433321.726235168
2055,"Middle East","Ambitious-Sodium Battery adoption-Baseline-Baseline-Baseline",437300.398884999
2055,"Middle East","Ambitious-Solid State adoption-Baseline-Baseline-Baseline",437906.534910896
2055,"Other Asia Pacific","Ambitious-Baseline-Baseline-Baseline-Baseline",285130.66870919
2055,"Other Asia Pacific","Ambitious-Baseline-Baseline-Baseline-Enhanced SSPS",286295.096420562
2055,"Other Asia Pacific","Ambitious-Baseline-Baseline-Baseline-Enhanced recycling",188531.697674901
2055,"Other Asia Pacific","Ambitious-Baseline-Baseline-Baseline-USA Recycling",285130.66870919
2055,"Other Asia Pacific","Ambitious-Baseline-High Capacity-Baseline-Baseline",384968.122126101
2055,"Other Asia Pacific","Ambitious-Baseline-Low Capacity-Baseline-Baseline",192289.564536551
2055,"Other Asia Pacific","Ambitious-Baseline-Low Capacity-Baseline-Recycling Medium",170037.913943031
2055,"Other Asia Pacific","Ambitious-Double LFP-Baseline-Baseline-Baseline",286399.366615941
2055,"Other Asia Pacific","Ambitious-Double NMC 811-Baseline-Baseline-Baseline",283841.158670608
2055,"Other Asia Pacific","Ambitious-Sodium Battery adoption-Baseline-Baseline-Baseline",285049.825437922
2055,"Other Asia Pacific","Ambitious-Solid State adoption-Baseline-Baseline-Baseline",285130.668709189
2055,"Other Europe","Ambitious-Baseline-Baseline-Baseline-Baseline",224753.794435928
2055,"Other Europe","Ambitious-Baseline-Baseline-Baseline-Enhanced SSPS",225081.85288795
2055,"Other Europe","Ambitious-Baseline-Baseline-Baseline-Enhanced recycling",134834.208488014
2055,"Other Europe","Ambitious-Baseline-Baseline-Baseline-USA Recycling",224753.794435928
2055,"Other Europe","Ambitious-Baseline-High Capacity-Baseline-Baseline",295257.945272095
2055,"Other Europe","Ambitious-Baseline-Low Capacity-Baseline-Baseline",167286.902045686
2055,"Other Europe","Ambitious-Baseline-Low Capacity-Baseline-Recycling Medium",146987.26883027
2055,"Other Europe","Ambitious-Double LFP-Baseline-Baseline-Baseline",227344.84205494
2055,"Other Europe","Ambitious-Double NMC 811-Baseline-Baseline-Baseline",222420.615972322
2055,"Other Europe","Ambitious-Sodium Battery adoption-Baseline-Baseline-Baseline",224613.075497289
2055,"Other Europe","Ambitious-Solid State adoption-Baseline-Baseline-Baseline",224753.794435928
2055,"Other Latin America and Caribbean","Ambitious-Baseline-Baseline-Baseline-Baseline",480562.865182973
2055,"Other Latin America and Caribbean","Ambitious-Baseline-Baseline-Baseline-Enhanced SSPS",485391.59759841
2055,"Other Latin America and Caribbean","Ambitious-Baseline-Baseline-Baseline-Enhanced recycling",265023.37006941
2055,"Other Latin America and Caribbean","Ambitious-Baseline-Baseline-Baseline-USA Recycling",480562.865182973
2055,"Other Latin America and Caribbean","Ambitious-Baseline-High Capacity-Baseline-Baseline",662757.002188912
2055,"Other Latin America and Caribbean","Ambitious-Baseline-Low Capacity-Baseline-Baseline",355182.116229417
2055,"Other Latin America and Caribbean","Ambitious-Baseline-Low Capacity-Baseline-Recycling Medium",298019.15099495
2055,"Other Latin America and Caribbean","Ambitious-Double LFP-Baseline-Baseline-Baseline",508521.50098843
2055,"Other Latin America and Caribbean","Ambitious-Double NMC 811-Baseline-Baseline-Baseline",463564.335698268
2055,"Other Latin America and Caribbean","Ambitious-Sodium Battery adoption-Baseline-Baseline-Baseline",479198.628117816
2055,"Other Latin America and Caribbean","Ambitious-Solid State adoption-Baseline-Baseline-Baseline",480562.865182973
2055,"South Korea","Ambitious-Baseline-Baseline-Baseline-Baseline",62751.4867994013
2055,"South Korea","Ambitious-Baseline-Baseline-Baseline-Enhanced SSPS",62751.4867994013
2055,"South Korea","Ambitious-Baseline-Baseline-Baseline-Enhanced recycling",27414.7909692208
2055,"South Korea","Ambitious-Baseline-Baseline-Baseline-USA Recycling",62751.4867994013
2055,"South Korea","Ambitious-Baseline-High Capacity-Baseline-Baseline",81106.492427064
2055,"South Korea","Ambitious-Baseline-Low Capacity-Baseline-Baseline",49635.3555678435
2055,"South Korea","Ambitious-Baseline-Low Capacity-Baseline-Recycling Medium",42425.0918808052
2055,"South Korea","Ambitious-Double LFP-Baseline-Baseline-Baseline",63036.884524419
2055,"South Korea","Ambitious-Double NMC 811-Baseline-Baseline-Baseline",62497.7516655858
2055,"South Korea","Ambitious-Sodium Battery adoption-Baseline-Baseline-Baseline",62738.8989210946
2055,"South Korea","Ambitious-Solid State adoption-Baseline-Baseline-Baseline",62751.4867994012
2055,"United Kingdom","Ambitious-Baseline-Baseline-Baseline-Baseline",97050.9517941205
2055,"United Kingdom","Ambitious-Baseline-Baseline-Baseline-Enhanced SSPS",97050.9517941205
2055,"United Kingdom","Ambitious-Baseline-Baseline-Baseline-Enhanced recycling",42462.4176740024
2055,"United Kingdom","Ambitious-Baseline-Baseline-Baseline-USA Recycling",97050.9517941205
2055,"United Kingdom","Ambitious-Baseline-High Capacity-Baseline-Baseline",126417.514927628
2055,"United Kingdom","Ambitious-Baseline-Low Capacity-Baseline-Baseline",71925.3688165057
2055,"United Kingdom","Ambitious-Baseline-Low Capacity-Baseline-Recycling Medium",57981.7419145847
2055,"United Kingdom","Ambitious-Double LFP-Baseline-Baseline-Baseline",97955.7436672336
2055,"United Kingdom","Ambitious-Double NMC 811-Baseline-Baseline-Baseline",96671.146776637
2055,"United Kingdom","Ambitious-Sodium Battery adoption-Baseline-Baseline-Baseline",97012.1928834332
2055,"United Kingdom","Ambitious-Solid State adoption-Baseline-Baseline-Baseline",97050.9517941206
2055,"United States","Ambitious-Baseline-Baseline-Baseline-Baseline",569368.624036888
2055,"United States","Ambitious-Baseline-Baseline-Baseline-Enhanced SSPS",569368.624036888
2055,"United States","Ambitious-Baseline-Baseline-Baseline-Enhanced recycling",255754.443979847
2055,"United States","Ambitious-Baseline-Baseline-Baseline-USA Recycling",255754.443979847
2055,"United States","Ambitious-Baseline-High Capacity-Baseline-Baseline",695993.087180237
2055,"United States","Ambitious-Baseline-Low Capacity-Baseline-Baseline",394090.349372521
2055,"United States","Ambitious-Baseline-Low Capacity-Baseline-Recycling Medium",333799.964521859
2055,"United States","Ambitious-Double LFP-Baseline-Baseline-Baseline",595963.78506504
2055,"United States","Ambitious-Double NMC 811-Baseline-Baseline-Baseline",547736.205639262
2055,"United States","Ambitious-Sodium Battery adoption-Baseline-Baseline-Baseline",568163.215917599
2055,"United States","Ambitious-Solid State adoption-Baseline-Baseline-Baseline",569368.624036888
2056,"ASEAN","Ambitious-Baseline-Baseline-Baseline-Baseline",577989.000122154
2056,"ASEAN","Ambitious-Baseline-Baseline-Baseline-Enhanced SSPS",578549.049427569
2056,"ASEAN","Ambitious-Baseline-Baseline-Baseline-Enhanced recycling",361304.261299763
2056,"ASEAN","Ambitious-Baseline-Baseline-Baseline-USA Recycling",577989.000122154
2056,"ASEAN","Ambitious-Baseline-High Capacity-Baseline-Baseline",850366.823448893
2056,"ASEAN","Ambitious-Baseline-Low Capacity-Baseline-Baseline",462029.304788497
2056,"ASEAN","Ambitious-Baseline-Low Capacity-Baseline-Recycling Medium",403552.146785596
2056,"ASEAN","Ambitious-Double LFP-Baseline-Baseline-Baseline",614487.118635146
2056,"ASEAN","Ambitious-Double NMC 811-Baseline-Baseline-Baseline",557301.489953117
2056,"ASEAN","Ambitious-Sodium Battery adoption-Baseline-Baseline-Baseline",575905.621828224
2056,"ASEAN","Ambitious-Solid State adoption-Baseline-Baseline-Baseline",577989.000122154
2056,"Africa","Ambitious-Baseline-Baseline-Baseline-Baseline",304693.716626885
2056,"Africa","Ambitious-Baseline-Baseline-Baseline-Enhanced SSPS",309161.409315304
2056,"Africa","Ambitious-Baseline-Baseline-Baseline-Enhanced recycling",193980.259009089
2056,"Africa","Ambitious-Baseline-Baseline-Baseline-USA Recycling",304693.716626885
2056,"Africa","Ambitious-Baseline-High Capacity-Baseline-Baseline",434215.090010214
2056,"Africa","Ambitious-Baseline-Low Capacity-Baseline-Baseline",228087.782776537
2056,"Africa","Ambitious-Baseline-Low Capacity-Baseline-Recycling Medium",197237.212722663
2056,"Africa","Ambitious-Double LFP-Baseline-Baseline-Baseline",311413.678271609
2056,"Africa","Ambitious-Double NMC 811-Baseline-Baseline-Baseline",298180.159258585
2056,"Africa","Ambitious-Sodium Battery adoption-Baseline-Baseline-Baseline",304380.336391845
2056,"Africa","Ambitious-Solid State adoption-Baseline-Baseline-Baseline",304693.716626885
2056,"Australia/NZ","Ambitious-Baseline-Baseline-Baseline-Baseline",51059.4656359008
2056,"Australia/NZ","Ambitious-Baseline-Baseline-Baseline-Enhanced SSPS",51059.4656359008
2056,"Australia/NZ","Ambitious-Baseline-Baseline-Baseline-Enhanced recycling",22262.7407419344
2056,"Australia/NZ","Ambitious-Baseline-Baseline-Baseline-USA Recycling",51059.4656359008
2056,"Australia/NZ","Ambitious-Baseline-High Capacity-Baseline-Baseline",67118.9787184584
2056,"Australia/NZ","Ambitious-Baseline-Low Capacity-Baseline-Baseline",37748.4752020974
2056,"Australia/NZ","Ambitious-Baseline-Low Capacity-Baseline-Recycling Medium",30530.6478459035
2056,"Australia/NZ","Ambitious-Double LFP-Baseline-Baseline-Baseline",53615.6284447195
2056,"Australia/NZ","Ambitious-Double NMC 811-Baseline-Baseline-Baseline",50709.3779587669
2056,"Australia/NZ","Ambitious-Sodium Battery adoption-Baseline-Baseline-Baseline",50947.9946088957
2056,"Australia/NZ","Ambitious-Solid State adoption-Baseline-Baseline-Baseline",51059.4656359008
2056,"Brazil","Ambitious-Baseline-Baseline-Baseline-Baseline",178780.898780762
2056,"Brazil","Ambitious-Baseline-Baseline-Baseline-Enhanced SSPS",178780.898780762
2056,"Brazil","Ambitious-Baseline-Baseline-Baseline-Enhanced recycling",111435.384247583
2056,"Brazil","Ambitious-Baseline-Baseline-Baseline-USA Recycling",178780.898780762
2056,"Brazil","Ambitious-Baseline-High Capacity-Baseline-Baseline",259105.979027731
2056,"Brazil","Ambitious-Baseline-Low Capacity-Baseline-Baseline",139256.604180254
2056,"Brazil","Ambitious-Baseline-Low Capacity-Baseline-Recycling Medium",121371.990690764
2056,"Brazil","Ambitious-Double LFP-Baseline-Baseline-Baseline",196650.849646229
2056,"Brazil","Ambitious-Double NMC 811-Baseline-Baseline-Baseline",163637.615394252
2056,"Brazil","Ambitious-Sodium Battery adoption-Baseline-Baseline-Baseline",177943.085271033
2056,"Brazil","Ambitious-Solid State adoption-Baseline-Baseline-Baseline",178780.898780762
2056,"Canada","Ambitious-Baseline-Baseline-Baseline-Baseline",66345.2183230765
2056,"Canada","Ambitious-Baseline-Baseline-Baseline-Enhanced SSPS",66345.2183230765
2056,"Canada","Ambitious-Baseline-Baseline-Baseline-Enhanced recycling",29115.3012998144
2056,"Canada","Ambitious-Baseline-Baseline-Baseline-USA Recycling",66345.2183230765
2056,"Canada","Ambitious-Baseline-High Capacity-Baseline-Baseline",84048.8834434113
2056,"Canada","Ambitious-Baseline-Low Capacity-Baseline-Baseline",48981.2495770144
2056,"Canada","Ambitious-Baseline-Low Capacity-Baseline-Recycling Medium",41957.7158033413
2056,"Canada","Ambitious-Double LFP-Baseline-Baseline-Baseline",69364.9002240365
2056,"Canada","Ambitious-Double NMC 811-Baseline-Baseline-Baseline",63884.421271988
2056,"Canada","Ambitious-Sodium Battery adoption-Baseline-Baseline-Baseline",66209.2071585034
2056,"Canada","Ambitious-Solid State adoption-Baseline-Baseline-Baseline",66345.2183230767
2056,"China","Ambitious-Baseline-Baseline-Baseline-Baseline",633502.528180531
2056,"China","Ambitious-Baseline-Baseline-Baseline-Enhanced SSPS",633502.528180531
2056,"China","Ambitious-Baseline-Baseline-Baseline-Enhanced recycling",633502.528180531
2056,"China","Ambitious-Baseline-Baseline-Baseline-USA Recycling",633502.528180531
2056,"China","Ambitious-Baseline-High Capacity-Baseline-Baseline",912656.304944472
2056,"China","Ambitious-Baseline-Low Capacity-Baseline-Baseline",532177.492063461
2056,"China","Ambitious-Baseline-Low Capacity-Baseline-Recycling Medium",528830.507386022
2056,"China","Ambitious-Double LFP-Baseline-Baseline-Baseline",713200.053715194
2056,"China","Ambitious-Double NMC 811-Baseline-Baseline-Baseline",574526.269761286
2056,"China","Ambitious-Sodium Battery adoption-Baseline-Baseline-Baseline",629587.168089313
2056,"China","Ambitious-Solid State adoption-Baseline-Baseline-Baseline",633502.52818053
2056,"EFTA","Ambitious-Baseline-Baseline-Baseline-Baseline",23381.4715400753
2056,"EFTA","Ambitious-Baseline-Baseline-Baseline-Enhanced SSPS",23029.7290318704
2056,"EFTA","Ambitious-Baseline-Baseline-Baseline-Enhanced recycling",11363.4150877616
2056,"EFTA","Ambitious-Baseline-Baseline-Baseline-USA Recycling",23381.4715400753
2056,"EFTA","Ambitious-Baseline-High Capacity-Baseline-Baseline",29161.8860867002
2056,"EFTA","Ambitious-Baseline-Low Capacity-Baseline-Baseline",17686.4389244192
2056,"EFTA","Ambitious-Baseline-Low Capacity-Baseline-Recycling Medium",14893.3129760769
2056,"EFTA","Ambitious-Double LFP-Baseline-Baseline-Baseline",23614.5984503853
2056,"EFTA","Ambitious-Double NMC 811-Baseline-Baseline-Baseline",23282.6084606619
2056,"EFTA","Ambitious-Sodium Battery adoption-Baseline-Baseline-Baseline",23349.4546170404
2056,"EFTA","Ambitious-Solid State adoption-Baseline-Baseline-Baseline",23381.4715400753
2056,"European Union","Ambitious-Baseline-Baseline-Baseline-Baseline",318617.617883257
2056,"European Union","Ambitious-Baseline-Baseline-Baseline-Enhanced SSPS",318643.993808571
2056,"European Union","Ambitious-Baseline-Baseline-Baseline-Enhanced recycling",318663.349441182
2056,"European Union","Ambitious-Baseline-Baseline-Baseline-USA Recycling",318617.617883257
2056,"European Union","Ambitious-Baseline-High Capacity-Baseline-Baseline",429069.105651688
2056,"European Union","Ambitious-Baseline-Low Capacity-Baseline-Baseline",263142.266866606
2056,"European Union","Ambitious-Baseline-Low Capacity-Baseline-Recycling Medium",263078.59168994
2056,"European Union","Ambitious-Double LFP-Baseline-Baseline-Baseline",322234.623104288
2056,"European Union","Ambitious-Double NMC 811-Baseline-Baseline-Baseline",317284.337283382
2056,"European Union","Ambitious-Sodium Battery adoption-Baseline-Baseline-Baseline",318495.036928713
2056,"European Union","Ambitious-Solid State adoption-Baseline-Baseline-Baseline",318617.617883256
2056,"India","Ambitious-Baseline-Baseline-Baseline-Baseline",314495.390189446
2056,"India","Ambitious-Baseline-Baseline-Baseline-Enhanced SSPS",314495.390189446
2056,"India","Ambitious-Baseline-Baseline-Baseline-Enhanced recycling",188038.394373391
2056,"India","Ambitious-Baseline-Baseline-Baseline-USA Recycling",314495.390189446
2056,"India","Ambitious-Baseline-High Capacity-Baseline-Baseline",498415.523512285
2056,"India","Ambitious-Baseline-Low Capacity-Baseline-Baseline",275359.463298315
2056,"India","Ambitious-Baseline-Low Capacity-Baseline-Recycling Medium",244329.511932954
2056,"India","Ambitious-Double LFP-Baseline-Baseline-Baseline",314759.782627019
2056,"India","Ambitious-Double NMC 811-Baseline-Baseline-Baseline",314140.635037714
2056,"India","Ambitious-Sodium Battery adoption-Baseline-Baseline-Baseline",314483.372989109
2056,"India","Ambitious-Solid State adoption-Baseline-Baseline-Baseline",314495.390189447
2056,"Japan","Ambitious-Baseline-Baseline-Baseline-Baseline",110663.921227904
2056,"Japan","Ambitious-Baseline-Baseline-Baseline-Enhanced SSPS",110663.921227904
2056,"Japan","Ambitious-Baseline-Baseline-Baseline-Enhanced recycling",48783.3611121209
2056,"Japan","Ambitious-Baseline-Baseline-Baseline-USA Recycling",110663.921227904
2056,"Japan","Ambitious-Baseline-High Capacity-Baseline-Baseline",162519.966763277
2056,"Japan","Ambitious-Baseline-Low Capacity-Baseline-Baseline",95352.1748905415
2056,"Japan","Ambitious-Baseline-Low Capacity-Baseline-Recycling Medium",79906.4202663276
2056,"Japan","Ambitious-Double LFP-Baseline-Baseline-Baseline",111199.250918743
2056,"Japan","Ambitious-Double NMC 811-Baseline-Baseline-Baseline",110178.186360537
2056,"Japan","Ambitious-Sodium Battery adoption-Baseline-Baseline-Baseline",110640.484487007
2056,"Japan","Ambitious-Solid State adoption-Baseline-Baseline-Baseline",110663.921227904
2056,"Mexico","Ambitious-Baseline-Baseline-Baseline-Baseline",103080.531582738
2056,"Mexico","Ambitious-Baseline-Baseline-Baseline-Enhanced SSPS",103080.531582738
2056,"Mexico","Ambitious-Baseline-Baseline-Baseline-Enhanced recycling",53806.3873494539
2056,"Mexico","Ambitious-Baseline-Baseline-Baseline-USA Recycling",103080.531582738
2056,"Mexico","Ambitious-Baseline-High Capacity-Baseline-Baseline",135889.421318537
2056,"Mexico","Ambitious-Baseline-Low Capacity-Baseline-Baseline",76830.9458714181
2056,"Mexico","Ambitious-Baseline-Low Capacity-Baseline-Recycling Medium",64020.5571572861
2056,"Mexico","Ambitious-Double LFP-Baseline-Baseline-Baseline",107075.915422039
2056,"Mexico","Ambitious-Double NMC 811-Baseline-Baseline-Baseline",99756.176564522
2056,"Mexico","Ambitious-Sodium Battery adoption-Baseline-Baseline-Baseline",102895.225687994
2056,"Mexico","Ambitious-Solid State adoption-Baseline-Baseline-Baseline",103080.531582738
2056,"Middle East","Ambitious-Baseline-Baseline-Baseline-Baseline",430642.592918308
2056,"Middle East","Ambitious-Baseline-Baseline-Baseline-Enhanced SSPS",431783.273938733
2056,"Middle East","Ambitious-Baseline-Baseline-Baseline-Enhanced recycling",258975.624743278
2056,"Middle East","Ambitious-Baseline-Baseline-Baseline-USA Recycling",430642.592918308
2056,"Middle East","Ambitious-Baseline-High Capacity-Baseline-Baseline",543239.753715898
2056,"Middle East","Ambitious-Baseline-Low Capacity-Baseline-Baseline",298171.8757969
2056,"Middle East","Ambitious-Baseline-Low Capacity-Baseline-Recycling Medium",258247.696073836
2056,"Middle East","Ambitious-Double LFP-Baseline-Baseline-Baseline",443722.28623773
2056,"Middle East","Ambitious-Double NMC 811-Baseline-Baseline-Baseline",426145.276409802
2056,"Middle East","Ambitious-Sodium Battery adoption-Baseline-Baseline-Baseline",430053.678410391
2056,"Middle East","Ambitious-Solid State adoption-Baseline-Baseline-Baseline",430642.592918308
2056,"Other Asia Pacific","Ambitious-Baseline-Baseline-Baseline-Baseline",282010.895524859
2056,"Other Asia Pacific","Ambitious-Baseline-Baseline-Baseline-Enhanced SSPS",283333.596642164
2056,"Other Asia Pacific","Ambitious-Baseline-Baseline-Baseline-Enhanced recycling",179266.829346012
2056,"Other Asia Pacific","Ambitious-Baseline-Baseline-Baseline-USA Recycling",282010.895524859
2056,"Other Asia Pacific","Ambitious-Baseline-High Capacity-Baseline-Baseline",380898.923415907
2056,"Other Asia Pacific","Ambitious-Baseline-Low Capacity-Baseline-Baseline",190217.571586838
2056,"Other Asia Pacific","Ambitious-Baseline-Low Capacity-Baseline-Recycling Medium",166501.025323863
2056,"Other Asia Pacific","Ambitious-Double LFP-Baseline-Baseline-Baseline",283262.054632293
2056,"Other Asia Pacific","Ambitious-Double NMC 811-Baseline-Baseline-Baseline",280745.065507303
2056,"Other Asia Pacific","Ambitious-Sodium Battery adoption-Baseline-Baseline-Baseline",281934.558012889
2056,"Other Asia Pacific","Ambitious-Solid State adoption-Baseline-Baseline-Baseline",282010.895524859
2056,"Other Europe","Ambitious-Baseline-Baseline-Baseline-Baseline",219097.552480866
2056,"Other Europe","Ambitious-Baseline-Baseline-Baseline-Enhanced SSPS",219680.900104158
2056,"Other Europe","Ambitious-Baseline-Baseline-Baseline-Enhanced recycling",125313.469150358
2056,"Other Europe","Ambitious-Baseline-Baseline-Baseline-USA Recycling",219097.552480866
2056,"Other Europe","Ambitious-Baseline-High Capacity-Baseline-Baseline",288042.120493106
2056,"Other Europe","Ambitious-Baseline-Low Capacity-Baseline-Baseline",163481.376406217
2056,"Other Europe","Ambitious-Baseline-Low Capacity-Baseline-Recycling Medium",142293.822963452
2056,"Other Europe","Ambitious-Double LFP-Baseline-Baseline-Baseline",221628.361431304
2056,"Other Europe","Ambitious-Double NMC 811-Baseline-Baseline-Baseline",216826.656618031
2056,"Other Europe","Ambitious-Sodium Battery adoption-Baseline-Baseline-Baseline",218974.541268606
2056,"Other Europe","Ambitious-Solid State adoption-Baseline-Baseline-Baseline",219097.552480866
2056,"Other Latin America and Caribbean","Ambitious-Baseline-Baseline-Baseline-Baseline",470174.385169049
2056,"Other Latin America and Caribbean","Ambitious-Baseline-Baseline-Baseline-Enhanced SSPS",475344.502016305
2056,"Other Latin America and Caribbean","Ambitious-Baseline-Baseline-Baseline-Enhanced recycling",244416.673926968
2056,"Other Latin America and Caribbean","Ambitious-Baseline-Baseline-Baseline-USA Recycling",470174.385169049
2056,"Other Latin America and Caribbean","Ambitious-Baseline-High Capacity-Baseline-Baseline",648722.343596281
2056,"Other Latin America and Caribbean","Ambitious-Baseline-Low Capacity-Baseline-Baseline",347393.265762297
2056,"Other Latin America and Caribbean","Ambitious-Baseline-Low Capacity-Baseline-Recycling Medium",287361.352707433
2056,"Other Latin America and Caribbean","Ambitious-Double LFP-Baseline-Baseline-Baseline",497313.386227108
2056,"Other Latin America and Caribbean","Ambitious-Double NMC 811-Baseline-Baseline-Baseline",453667.984510582
2056,"Other Latin America and Caribbean","Ambitious-Sodium Battery adoption-Baseline-Baseline-Baseline",468861.178494879
2056,"Other Latin America and Caribbean","Ambitious-Solid State adoption-Baseline-Baseline-Baseline",470174.385169049
2056,"South Korea","Ambitious-Baseline-Baseline-Baseline-Baseline",61800.5992621737
2056,"South Korea","Ambitious-Baseline-Baseline-Baseline-Enhanced SSPS",61800.5992621737
2056,"South Korea","Ambitious-Baseline-Baseline-Baseline-Enhanced recycling",26121.779564681
2056,"South Korea","Ambitious-Baseline-Baseline-Baseline-USA Recycling",61800.5992621737
2056,"South Korea","Ambitious-Baseline-High Capacity-Baseline-Baseline",79801.012369012
2056,"South Korea","Ambitious-Baseline-Low Capacity-Baseline-Baseline",49066.8536488364
2056,"South Korea","Ambitious-Baseline-Low Capacity-Baseline-Recycling Medium",41749.1050525761
2056,"South Korea","Ambitious-Double LFP-Baseline-Baseline-Baseline",62079.9043432285
2056,"South Korea","Ambitious-Double NMC 811-Baseline-Baseline-Baseline",61548.9676787366
2056,"South Korea","Ambitious-Sodium Battery adoption-Baseline-Baseline-Baseline",61788.4023929994
2056,"South Korea","Ambitious-Solid State adoption-Baseline-Baseline-Baseline",61800.5992621737
2056,"United Kingdom","Ambitious-Baseline-Baseline-Baseline-Baseline",96991.963523891
2056,"United Kingdom","Ambitious-Baseline-Baseline-Baseline-Enhanced SSPS",96991.963523891
2056,"United Kingdom","Ambitious-Baseline-Baseline-Baseline-Enhanced recycling",41373.3407798
2056,"United Kingdom","Ambitious-Baseline-Baseline-Baseline-USA Recycling",96991.963523891
2056,"United Kingdom","Ambitious-Baseline-High Capacity-Baseline-Baseline",126312.603313388
2056,"United Kingdom","Ambitious-Baseline-Low Capacity-Baseline-Baseline",71870.0200830971
2056,"United Kingdom","Ambitious-Baseline-Low Capacity-Baseline-Recycling Medium",57665.2488747525
2056,"United Kingdom","Ambitious-Double LFP-Baseline-Baseline-Baseline",97891.712828283
2056,"United Kingdom","Ambitious-Double NMC 811-Baseline-Baseline-Baseline",96612.3592620263
2056,"United Kingdom","Ambitious-Sodium Battery adoption-Baseline-Baseline-Baseline",96953.6558537026
2056,"United Kingdom","Ambitious-Solid State adoption-Baseline-Baseline-Baseline",96991.9635238912
2056,"United States","Ambitious-Baseline-Baseline-Baseline-Baseline",560887.707744521
2056,"United States","Ambitious-Baseline-Baseline-Baseline-Enhanced SSPS",560887.707744521
2056,"United States","Ambitious-Baseline-Baseline-Baseline-Enhanced recycling",241005.413715463
2056,"United States","Ambitious-Baseline-Baseline-Baseline-USA Recycling",241005.413715463
2056,"United States","Ambitious-Baseline-High Capacity-Baseline-Baseline",685275.077822386
2056,"United States","Ambitious-Baseline-Low Capacity-Baseline-Baseline",389030.973119108
2056,"United States","Ambitious-Baseline-Low Capacity-Baseline-Recycling Medium",327416.074311874
2056,"United States","Ambitious-Double LFP-Baseline-Baseline-Baseline",586858.156000232
2056,"United States","Ambitious-Double NMC 811-Baseline-Baseline-Baseline",539757.818137247
2056,"United States","Ambitious-Sodium Battery adoption-Baseline-Baseline-Baseline",559721.477405328
2056,"United States","Ambitious-Solid State adoption-Baseline-Baseline-Baseline",560887.707744521
2057,"ASEAN","Ambitious-Baseline-Baseline-Baseline-Baseline",570168.300516461
2057,"ASEAN","Ambitious-Baseline-Baseline-Baseline-Enhanced SSPS",570757.569443288
2057,"ASEAN","Ambitious-Baseline-Baseline-Baseline-Enhanced recycling",341426.23469907
2057,"ASEAN","Ambitious-Baseline-Baseline-Baseline-USA Recycling",570168.300516461
2057,"ASEAN","Ambitious-Baseline-High Capacity-Baseline-Baseline",838719.501105659
2057,"ASEAN","Ambitious-Baseline-Low Capacity-Baseline-Baseline",455841.960057046
2057,"ASEAN","Ambitious-Baseline-Low Capacity-Baseline-Recycling Medium",393822.83507487
2057,"ASEAN","Ambitious-Double LFP-Baseline-Baseline-Baseline",606131.461587548
2057,"ASEAN","Ambitious-Double NMC 811-Baseline-Baseline-Baseline",549800.813062495
2057,"ASEAN","Ambitious-Sodium Battery adoption-Baseline-Baseline-Baseline",568129.374751905
2057,"ASEAN","Ambitious-Solid State adoption-Baseline-Baseline-Baseline",570168.300516461
2057,"Africa","Ambitious-Baseline-Baseline-Baseline-Baseline",301976.867861555
2057,"Africa","Ambitious-Baseline-Baseline-Baseline-Enhanced SSPS",306771.730290144
2057,"Africa","Ambitious-Baseline-Baseline-Baseline-Enhanced recycling",185104.739404023
2057,"Africa","Ambitious-Baseline-Baseline-Baseline-USA Recycling",301976.867861555
2057,"Africa","Ambitious-Baseline-High Capacity-Baseline-Baseline",430525.469991296
2057,"Africa","Ambitious-Baseline-Low Capacity-Baseline-Baseline",226031.50468885
2057,"Africa","Ambitious-Baseline-Low Capacity-Baseline-Recycling Medium",193376.353317697
2057,"Africa","Ambitious-Double LFP-Baseline-Baseline-Baseline",308638.432690185
2057,"Africa","Ambitious-Double NMC 811-Baseline-Baseline-Baseline",295528.315503868
2057,"Africa","Ambitious-Sodium Battery adoption-Baseline-Baseline-Baseline",301667.756230935
2057,"Africa","Ambitious-Solid State adoption-Baseline-Baseline-Baseline",301976.867861555
2057,"Australia/NZ","Ambitious-Baseline-Baseline-Baseline-Baseline",49800.009337652
2057,"Australia/NZ","Ambitious-Baseline-Baseline-Baseline-Enhanced SSPS",49800.009337652
2057,"Australia/NZ","Ambitious-Baseline-Baseline-Baseline-Enhanced recycling",20215.5095365697
2057,"Australia/NZ","Ambitious-Baseline-Baseline-Baseline-USA Recycling",49800.009337652
2057,"Australia/NZ","Ambitious-Baseline-High Capacity-Baseline-Baseline",65469.6724350493
2057,"Australia/NZ","Ambitious-Baseline-Low Capacity-Baseline-Baseline",36845.499556935
2057,"Australia/NZ","Ambitious-Baseline-Low Capacity-Baseline-Recycling Medium",29430.4005790688
2057,"Australia/NZ","Ambitious-Double LFP-Baseline-Baseline-Baseline",52284.9703588479
2057,"Australia/NZ","Ambitious-Double NMC 811-Baseline-Baseline-Baseline",49459.8850620297
2057,"Australia/NZ","Ambitious-Sodium Battery adoption-Baseline-Baseline-Baseline",49692.5464308645
2057,"Australia/NZ","Ambitious-Solid State adoption-Baseline-Baseline-Baseline",49800.0093376521
2057,"Brazil","Ambitious-Baseline-Baseline-Baseline-Baseline",174760.202615331
2057,"Brazil","Ambitious-Baseline-Baseline-Baseline-Enhanced SSPS",174760.202615331
2057,"Brazil","Ambitious-Baseline-Baseline-Baseline-Enhanced recycling",103657.977700738
2057,"Brazil","Ambitious-Baseline-Baseline-Baseline-USA Recycling",174760.202615331
2057,"Brazil","Ambitious-Baseline-High Capacity-Baseline-Baseline",253280.034910266
2057,"Brazil","Ambitious-Baseline-Low Capacity-Baseline-Baseline",136122.115345751
2057,"Brazil","Ambitious-Baseline-Low Capacity-Baseline-Recycling Medium",117215.634414492
2057,"Brazil","Ambitious-Double LFP-Baseline-Baseline-Baseline",192296.335969824
2057,"Brazil","Ambitious-Double NMC 811-Baseline-Baseline-Baseline",159926.770110981
2057,"Brazil","Ambitious-Sodium Battery adoption-Baseline-Baseline-Baseline",173943.634640231
2057,"Brazil","Ambitious-Solid State adoption-Baseline-Baseline-Baseline",174760.20261533
2057,"Canada","Ambitious-Baseline-Baseline-Baseline-Baseline",65823.7742690821
2057,"Canada","Ambitious-Baseline-Baseline-Baseline-Enhanced SSPS",65823.7742690821
2057,"Canada","Ambitious-Baseline-Baseline-Baseline-Enhanced recycling",28114.001071464
2057,"Canada","Ambitious-Baseline-Baseline-Baseline-USA Recycling",65823.7742690821
2057,"Canada","Ambitious-Baseline-High Capacity-Baseline-Baseline",83302.5818169448
2057,"Canada","Ambitious-Baseline-Low Capacity-Baseline-Baseline",48677.8985226638
2057,"Canada","Ambitious-Baseline-Low Capacity-Baseline-Recycling Medium",41524.6653891288
2057,"Canada","Ambitious-Double LFP-Baseline-Baseline-Baseline",68790.500126607
2057,"Canada","Ambitious-Double NMC 811-Baseline-Baseline-Baseline",63401.6823483166
2057,"Canada","Ambitious-Sodium Battery adoption-Baseline-Baseline-Baseline",65690.8137750899
2057,"Canada","Ambitious-Solid State adoption-Baseline-Baseline-Baseline",65823.7742690822
2057,"China","Ambitious-Baseline-Baseline-Baseline-Baseline",619222.114898764
2057,"China","Ambitious-Baseline-Baseline-Baseline-Enhanced SSPS",619222.114898764
2057,"China","Ambitious-Baseline-Baseline-Baseline-Enhanced recycling",619222.114898764
2057,"China","Ambitious-Baseline-Baseline-Baseline-USA Recycling",619222.114898764
2057,"China","Ambitious-Baseline-High Capacity-Baseline-Baseline",888051.305357513
2057,"China","Ambitious-Baseline-Low Capacity-Baseline-Baseline",521765.635920988
2057,"China","Ambitious-Baseline-Low Capacity-Baseline-Recycling Medium",519109.881284494
2057,"China","Ambitious-Double LFP-Baseline-Baseline-Baseline",696393.020727328
2057,"China","Ambitious-Double NMC 811-Baseline-Baseline-Baseline",562503.428710813
2057,"China","Ambitious-Sodium Battery adoption-Baseline-Baseline-Baseline",615497.798849673
2057,"China","Ambitious-Solid State adoption-Baseline-Baseline-Baseline",619222.114898765
2057,"EFTA","Ambitious-Baseline-Baseline-Baseline-Baseline",23233.544726049
2057,"EFTA","Ambitious-Baseline-Baseline-Baseline-Enhanced SSPS",22880.5343672805
2057,"EFTA","Ambitious-Baseline-Baseline-Baseline-Enhanced recycling",11035.1647259818
2057,"EFTA","Ambitious-Baseline-Baseline-Baseline-USA Recycling",23233.544726049
2057,"EFTA","Ambitious-Baseline-High Capacity-Baseline-Baseline",28952.7554485764
2057,"EFTA","Ambitious-Baseline-Low Capacity-Baseline-Baseline",17590.0647093353
2057,"EFTA","Ambitious-Baseline-Low Capacity-Baseline-Recycling Medium",14754.3043721501
2057,"EFTA","Ambitious-Double LFP-Baseline-Baseline-Baseline",23464.016931697
2057,"EFTA","Ambitious-Double NMC 811-Baseline-Baseline-Baseline",23135.3865455379
2057,"EFTA","Ambitious-Sodium Battery adoption-Baseline-Baseline-Baseline",23201.4367911194
2057,"EFTA","Ambitious-Solid State adoption-Baseline-Baseline-Baseline",23233.544726049
2057,"European Union","Ambitious-Baseline-Baseline-Baseline-Baseline",308497.31608254
2057,"European Union","Ambitious-Baseline-Baseline-Baseline-Enhanced SSPS",308515.002094508
2057,"European Union","Ambitious-Baseline-Baseline-Baseline-Enhanced recycling",308543.011277551
2057,"European Union","Ambitious-Baseline-Baseline-Baseline-USA Recycling",308497.31608254
2057,"European Union","Ambitious-Baseline-High Capacity-Baseline-Baseline",414165.001599833
2057,"European Union","Ambitious-Baseline-Low Capacity-Baseline-Baseline",255419.998935475
2057,"European Union","Ambitious-Baseline-Low Capacity-Baseline-Recycling Medium",255396.650700237
2057,"European Union","Ambitious-Double LFP-Baseline-Baseline-Baseline",311941.231231603
2057,"European Union","Ambitious-Double NMC 811-Baseline-Baseline-Baseline",307215.549387756
2057,"European Union","Ambitious-Sodium Battery adoption-Baseline-Baseline-Baseline",308381.971899446
2057,"European Union","Ambitious-Solid State adoption-Baseline-Baseline-Baseline",308497.316082541
2057,"India","Ambitious-Baseline-Baseline-Baseline-Baseline",313065.182514629
2057,"India","Ambitious-Baseline-Baseline-Baseline-Enhanced SSPS",313065.182514629
2057,"India","Ambitious-Baseline-Baseline-Baseline-Enhanced recycling",182264.508281842
2057,"India","Ambitious-Baseline-Baseline-Baseline-USA Recycling",313065.182514629
2057,"India","Ambitious-Baseline-High Capacity-Baseline-Baseline",495663.947960043
2057,"India","Ambitious-Baseline-Low Capacity-Baseline-Baseline",274139.033940684
2057,"India","Ambitious-Baseline-Low Capacity-Baseline-Recycling Medium",241492.813453119
2057,"India","Ambitious-Double LFP-Baseline-Baseline-Baseline",313327.362951393
2057,"India","Ambitious-Double NMC 811-Baseline-Baseline-Baseline",312709.30232543
2057,"India","Ambitious-Sodium Battery adoption-Baseline-Baseline-Baseline",313053.336499339
2057,"India","Ambitious-Solid State adoption-Baseline-Baseline-Baseline",313065.182514629
2057,"Japan","Ambitious-Baseline-Baseline-Baseline-Baseline",108505.663312582
2057,"Japan","Ambitious-Baseline-Baseline-Baseline-Enhanced SSPS",108505.663312582
2057,"Japan","Ambitious-Baseline-Baseline-Baseline-Enhanced recycling",45737.8738454095
2057,"Japan","Ambitious-Baseline-Baseline-Baseline-USA Recycling",108505.663312582
2057,"Japan","Ambitious-Baseline-High Capacity-Baseline-Baseline",159096.644763026
2057,"Japan","Ambitious-Baseline-Low Capacity-Baseline-Baseline",93566.0648302893
2057,"Japan","Ambitious-Baseline-Low Capacity-Baseline-Recycling Medium",77901.5476214579
2057,"Japan","Ambitious-Double LFP-Baseline-Baseline-Baseline",109028.991804726
2057,"Japan","Ambitious-Double NMC 811-Baseline-Baseline-Baseline",108024.405132373
2057,"Japan","Ambitious-Sodium Battery adoption-Baseline-Baseline-Baseline",108482.911015681
2057,"Japan","Ambitious-Solid State adoption-Baseline-Baseline-Baseline",108505.663312582
2057,"Mexico","Ambitious-Baseline-Baseline-Baseline-Baseline",101669.907137736
2057,"Mexico","Ambitious-Baseline-Baseline-Baseline-Enhanced SSPS",101669.907137736
2057,"Mexico","Ambitious-Baseline-Baseline-Baseline-Enhanced recycling",50703.1279523016
2057,"Mexico","Ambitious-Baseline-Baseline-Baseline-USA Recycling",101669.907137736
2057,"Mexico","Ambitious-Baseline-High Capacity-Baseline-Baseline",134033.295982289
2057,"Mexico","Ambitious-Baseline-Low Capacity-Baseline-Baseline",75780.7702519091
2057,"Mexico","Ambitious-Baseline-Low Capacity-Baseline-Recycling Medium",62539.7643668562
2057,"Mexico","Ambitious-Double LFP-Baseline-Baseline-Baseline",105614.201861216
2057,"Mexico","Ambitious-Double NMC 811-Baseline-Baseline-Baseline",98390.1556852254
2057,"Mexico","Ambitious-Sodium Battery adoption-Baseline-Baseline-Baseline",101487.954159763
2057,"Mexico","Ambitious-Solid State adoption-Baseline-Baseline-Baseline",101669.907137736
2057,"Middle East","Ambitious-Baseline-Baseline-Baseline-Baseline",423727.423582129
2057,"Middle East","Ambitious-Baseline-Baseline-Baseline-Enhanced SSPS",424940.364126365
2057,"Middle East","Ambitious-Baseline-Baseline-Baseline-Enhanced recycling",243632.97112093
2057,"Middle East","Ambitious-Baseline-Baseline-Baseline-USA Recycling",423727.423582129
2057,"Middle East","Ambitious-Baseline-High Capacity-Baseline-Baseline",534560.449339358
2057,"Middle East","Ambitious-Baseline-Low Capacity-Baseline-Baseline",293480.723810243
2057,"Middle East","Ambitious-Baseline-Low Capacity-Baseline-Recycling Medium",251437.499144976
2057,"Middle East","Ambitious-Double LFP-Baseline-Baseline-Baseline",436565.49583804
2057,"Middle East","Ambitious-Double NMC 811-Baseline-Baseline-Baseline",419316.341040726
2057,"Middle East","Ambitious-Sodium Battery adoption-Baseline-Baseline-Baseline",423153.964678285
2057,"Middle East","Ambitious-Solid State adoption-Baseline-Baseline-Baseline",423727.423582129
2057,"Other Asia Pacific","Ambitious-Baseline-Baseline-Baseline-Baseline",278786.95919418
2057,"Other Asia Pacific","Ambitious-Baseline-Baseline-Baseline-Enhanced SSPS",280263.334998288
2057,"Other Asia Pacific","Ambitious-Baseline-Baseline-Baseline-Enhanced recycling",170145.909446779
2057,"Other Asia Pacific","Ambitious-Baseline-Baseline-Baseline-USA Recycling",278786.95919418
2057,"Other Asia Pacific","Ambitious-Baseline-High Capacity-Baseline-Baseline",376682.281200611
2057,"Other Asia Pacific","Ambitious-Baseline-Low Capacity-Baseline-Baseline",188064.172459772
2057,"Other Asia Pacific","Ambitious-Baseline-Low Capacity-Baseline-Recycling Medium",162887.488240697
2057,"Other Asia Pacific","Ambitious-Double LFP-Baseline-Baseline-Baseline",280018.582713978
2057,"Other Asia Pacific","Ambitious-Double NMC 811-Baseline-Baseline-Baseline",277543.438424725
2057,"Other Asia Pacific","Ambitious-Sodium Battery adoption-Baseline-Baseline-Baseline",278714.982190812
2057,"Other Asia Pacific","Ambitious-Solid State adoption-Baseline-Baseline-Baseline",278786.95919418
2057,"Other Europe","Ambitious-Baseline-Baseline-Baseline-Baseline",214036.978654998
2057,"Other Europe","Ambitious-Baseline-Baseline-Baseline-Enhanced SSPS",214563.831859243
2057,"Other Europe","Ambitious-Baseline-Baseline-Baseline-Enhanced recycling",116493.427466772
2057,"Other Europe","Ambitious-Baseline-Baseline-Baseline-USA Recycling",214036.978654998
2057,"Other Europe","Ambitious-Baseline-High Capacity-Baseline-Baseline",281204.379597698
2057,"Other Europe","Ambitious-Baseline-Low Capacity-Baseline-Baseline",159888.778319998
2057,"Other Europe","Ambitious-Baseline-Low Capacity-Baseline-Recycling Medium",137862.24350518
2057,"Other Europe","Ambitious-Double LFP-Baseline-Baseline-Baseline",216506.822009162
2057,"Other Europe","Ambitious-Double NMC 811-Baseline-Baseline-Baseline",211823.8654246
2057,"Other Europe","Ambitious-Sodium Battery adoption-Baseline-Baseline-Baseline",213925.941297839
2057,"Other Europe","Ambitious-Solid State adoption-Baseline-Baseline-Baseline",214036.978654999
2057,"Other Latin America and Caribbean","Ambitious-Baseline-Baseline-Baseline-Baseline",460425.591554324
2057,"Other Latin America and Caribbean","Ambitious-Baseline-Baseline-Baseline-Enhanced SSPS",465914.292065293
2057,"Other Latin America and Caribbean","Ambitious-Baseline-Baseline-Baseline-Enhanced recycling",225292.029331062
2057,"Other Latin America and Caribbean","Ambitious-Baseline-Baseline-Baseline-USA Recycling",460425.591554324
2057,"Other Latin America and Caribbean","Ambitious-Baseline-High Capacity-Baseline-Baseline",635537.103971197
2057,"Other Latin America and Caribbean","Ambitious-Baseline-Low Capacity-Baseline-Baseline",340051.470367787
2057,"Other Latin America and Caribbean","Ambitious-Baseline-Low Capacity-Baseline-Recycling Medium",277380.173307455
2057,"Other Latin America and Caribbean","Ambitious-Double LFP-Baseline-Baseline-Baseline",486784.903167837
2057,"Other Latin America and Caribbean","Ambitious-Double NMC 811-Baseline-Baseline-Baseline",444412.437477645
2057,"Other Latin America and Caribbean","Ambitious-Sodium Battery adoption-Baseline-Baseline-Baseline",459160.216696805
2057,"Other Latin America and Caribbean","Ambitious-Solid State adoption-Baseline-Baseline-Baseline",460425.591554324
2057,"South Korea","Ambitious-Baseline-Baseline-Baseline-Baseline",61086.4098686632
2057,"South Korea","Ambitious-Baseline-Baseline-Baseline-Enhanced SSPS",61086.4098686632
2057,"South Korea","Ambitious-Baseline-Baseline-Baseline-Enhanced recycling",25200.5421408827
2057,"South Korea","Ambitious-Baseline-Baseline-Baseline-USA Recycling",61086.4098686632
2057,"South Korea","Ambitious-Baseline-High Capacity-Baseline-Baseline",78810.1634327779
2057,"South Korea","Ambitious-Baseline-Low Capacity-Baseline-Baseline",48672.1691714269
2057,"South Korea","Ambitious-Baseline-Low Capacity-Baseline-Recycling Medium",41271.1115675243
2057,"South Korea","Ambitious-Double LFP-Baseline-Baseline-Baseline",61360.3275504787
2057,"South Korea","Ambitious-Double NMC 811-Baseline-Baseline-Baseline",60835.3644792162
2057,"South Korea","Ambitious-Sodium Battery adoption-Baseline-Baseline-Baseline",61074.5148701405
2057,"South Korea","Ambitious-Solid State adoption-Baseline-Baseline-Baseline",61086.4098686632
2057,"United Kingdom","Ambitious-Baseline-Baseline-Baseline-Baseline",97025.2714411595
2057,"United Kingdom","Ambitious-Baseline-Baseline-Baseline-Enhanced SSPS",97025.2714411595
2057,"United Kingdom","Ambitious-Baseline-Baseline-Baseline-Enhanced recycling",40475.7317052252
2057,"United Kingdom","Ambitious-Baseline-Baseline-Baseline-USA Recycling",97025.2714411595
2057,"United Kingdom","Ambitious-Baseline-High Capacity-Baseline-Baseline",126341.764700661
2057,"United Kingdom","Ambitious-Baseline-Low Capacity-Baseline-Baseline",71874.4436583254
2057,"United Kingdom","Ambitious-Baseline-Low Capacity-Baseline-Recycling Medium",57433.1851462129
2057,"United Kingdom","Ambitious-Double LFP-Baseline-Baseline-Baseline",97920.4341514932
2057,"United Kingdom","Ambitious-Double NMC 811-Baseline-Baseline-Baseline",96645.3655450095
2057,"United Kingdom","Ambitious-Sodium Battery adoption-Baseline-Baseline-Baseline",96987.2038965748
2057,"United Kingdom","Ambitious-Solid State adoption-Baseline-Baseline-Baseline",97025.2714411598
2057,"United States","Ambitious-Baseline-Baseline-Baseline-Baseline",554339.770195457
2057,"United States","Ambitious-Baseline-Baseline-Baseline-Enhanced SSPS",554339.770195457
2057,"United States","Ambitious-Baseline-Baseline-Baseline-Enhanced recycling",229197.811415759
2057,"United States","Ambitious-Baseline-Baseline-Baseline-USA Recycling",229197.81141576
2057,"United States","Ambitious-Baseline-High Capacity-Baseline-Baseline",676831.157960841
2057,"United States","Ambitious-Baseline-Low Capacity-Baseline-Baseline",385086.576693272
2057,"United States","Ambitious-Baseline-Low Capacity-Baseline-Recycling Medium",322430.667058603
2057,"United States","Ambitious-Double LFP-Baseline-Baseline-Baseline",579747.111773505
2057,"United States","Ambitious-Double NMC 811-Baseline-Baseline-Baseline",533639.293269472
2057,"United States","Ambitious-Sodium Battery adoption-Baseline-Baseline-Baseline",553205.298476482
2057,"United States","Ambitious-Solid State adoption-Baseline-Baseline-Baseline",554339.770195457
2058,"ASEAN","Ambitious-Baseline-Baseline-Baseline-Baseline",562483.734071288
2058,"ASEAN","Ambitious-Baseline-Baseline-Baseline-Enhanced SSPS",563099.018362665
2058,"ASEAN","Ambitious-Baseline-Baseline-Baseline-Enhanced recycling",322492.355267663
2058,"ASEAN","Ambitious-Baseline-Baseline-Baseline-USA Recycling",562483.734071288
2058,"ASEAN","Ambitious-Baseline-High Capacity-Baseline-Baseline",827280.465564542
2058,"ASEAN","Ambitious-Baseline-Low Capacity-Baseline-Baseline",449911.351006786
2058,"ASEAN","Ambitious-Baseline-Low Capacity-Baseline-Recycling Medium",384409.826825605
2058,"ASEAN","Ambitious-Double LFP-Baseline-Baseline-Baseline",597915.585699949
2058,"ASEAN","Ambitious-Double NMC 811-Baseline-Baseline-Baseline",542446.843923646
2058,"ASEAN","Ambitious-Sodium Battery adoption-Baseline-Baseline-Baseline",560484.11191868
2058,"ASEAN","Ambitious-Solid State adoption-Baseline-Baseline-Baseline",562483.734071287
2058,"Africa","Ambitious-Baseline-Baseline-Baseline-Baseline",299186.638238199
2058,"Africa","Ambitious-Baseline-Baseline-Baseline-Enhanced SSPS",304302.690136099
2058,"Africa","Ambitious-Baseline-Baseline-Baseline-Enhanced recycling",176353.827701267
2058,"Africa","Ambitious-Baseline-Baseline-Baseline-USA Recycling",299186.638238199
2058,"Africa","Ambitious-Baseline-High Capacity-Baseline-Baseline",426713.448668622
2058,"Africa","Ambitious-Baseline-Low Capacity-Baseline-Baseline",223919.34068596
2058,"Africa","Ambitious-Baseline-Low Capacity-Baseline-Recycling Medium",189514.460346256
2058,"Africa","Ambitious-Double LFP-Baseline-Baseline-Baseline",305777.419047349
2058,"Africa","Ambitious-Double NMC 811-Baseline-Baseline-Baseline",292805.105149058
2058,"Africa","Ambitious-Sodium Battery adoption-Baseline-Baseline-Baseline",298881.726027849
2058,"Africa","Ambitious-Solid State adoption-Baseline-Baseline-Baseline",299186.638238199
2058,"Australia/NZ","Ambitious-Baseline-Baseline-Baseline-Baseline",48761.0336734607
2058,"Australia/NZ","Ambitious-Baseline-Baseline-Baseline-Enhanced SSPS",48761.0336734607
2058,"Australia/NZ","Ambitious-Baseline-Baseline-Baseline-Enhanced recycling",18492.3864989098
2058,"Australia/NZ","Ambitious-Baseline-Baseline-Baseline-USA Recycling",48761.0336734607
2058,"Australia/NZ","Ambitious-Baseline-High Capacity-Baseline-Baseline",64097.6433317418
2058,"Australia/NZ","Ambitious-Baseline-Low Capacity-Baseline-Baseline",36104.0553901356
2058,"Australia/NZ","Ambitious-Baseline-Low Capacity-Baseline-Recycling Medium",28518.8530082546
2058,"Australia/NZ","Ambitious-Double LFP-Baseline-Baseline-Baseline",51181.0264389428
2058,"Australia/NZ","Ambitious-Double NMC 811-Baseline-Baseline-Baseline",48430.0435623683
2058,"Australia/NZ","Ambitious-Sodium Battery adoption-Baseline-Baseline-Baseline",48656.6326388868
2058,"Australia/NZ","Ambitious-Solid State adoption-Baseline-Baseline-Baseline",48761.0336734608
2058,"Brazil","Ambitious-Baseline-Baseline-Baseline-Baseline",170986.699827541
2058,"Brazil","Ambitious-Baseline-Baseline-Baseline-Enhanced SSPS",170986.699827541
2058,"Brazil","Ambitious-Baseline-Baseline-Baseline-Enhanced recycling",96440.2764641715
2058,"Brazil","Ambitious-Baseline-Baseline-Baseline-USA Recycling",170986.699827541
2058,"Brazil","Ambitious-Baseline-High Capacity-Baseline-Baseline",247801.218047822
2058,"Brazil","Ambitious-Baseline-Low Capacity-Baseline-Baseline",133179.511410981
2058,"Brazil","Ambitious-Baseline-Low Capacity-Baseline-Recycling Medium",113337.407633907
2058,"Brazil","Ambitious-Double LFP-Baseline-Baseline-Baseline",188191.462491528
2058,"Brazil","Ambitious-Double NMC 811-Baseline-Baseline-Baseline",156449.480849295
2058,"Brazil","Ambitious-Sodium Battery adoption-Baseline-Baseline-Baseline",170189.211938188
2058,"Brazil","Ambitious-Solid State adoption-Baseline-Baseline-Baseline",170986.69982754
2058,"Canada","Ambitious-Baseline-Baseline-Baseline-Baseline",65447.7686771326
2058,"Canada","Ambitious-Baseline-Baseline-Baseline-Enhanced SSPS",65447.7686771326
2058,"Canada","Ambitious-Baseline-Baseline-Baseline-Enhanced recycling",27354.4442051498
2058,"Canada","Ambitious-Baseline-Baseline-Baseline-USA Recycling",65447.7686771326
2058,"Canada","Ambitious-Baseline-High Capacity-Baseline-Baseline",82749.419488684
2058,"Canada","Ambitious-Baseline-Low Capacity-Baseline-Baseline",48480.3085895517
2058,"Canada","Ambitious-Baseline-Low Capacity-Baseline-Recycling Medium",41216.4203960331
2058,"Canada","Ambitious-Double LFP-Baseline-Baseline-Baseline",68365.6463177859
2058,"Canada","Ambitious-Double NMC 811-Baseline-Baseline-Baseline",63058.6434030086
2058,"Canada","Ambitious-Sodium Battery adoption-Baseline-Baseline-Baseline",65317.0447463644
2058,"Canada","Ambitious-Solid State adoption-Baseline-Baseline-Baseline",65447.7686771328
2058,"China","Ambitious-Baseline-Baseline-Baseline-Baseline",608506.851399479
2058,"China","Ambitious-Baseline-Baseline-Baseline-Enhanced SSPS",608506.851399479
2058,"China","Ambitious-Baseline-Baseline-Baseline-Enhanced recycling",608506.851399479
2058,"China","Ambitious-Baseline-Baseline-Baseline-USA Recycling",608506.851399479
2058,"China","Ambitious-Baseline-High Capacity-Baseline-Baseline",869213.899495957
2058,"China","Ambitious-Baseline-Low Capacity-Baseline-Baseline",514245.276968498
2058,"China","Ambitious-Baseline-Low Capacity-Baseline-Recycling Medium",512145.382643516
2058,"China","Ambitious-Double LFP-Baseline-Baseline-Baseline",683337.005083088
2058,"China","Ambitious-Double NMC 811-Baseline-Baseline-Baseline",553823.953306496
2058,"China","Ambitious-Sodium Battery adoption-Baseline-Baseline-Baseline",604910.364983267
2058,"China","Ambitious-Solid State adoption-Baseline-Baseline-Baseline",608506.851399479
2058,"EFTA","Ambitious-Baseline-Baseline-Baseline-Baseline",23142.0236927595
2058,"EFTA","Ambitious-Baseline-Baseline-Baseline-Enhanced SSPS",22788.3135779045
2058,"EFTA","Ambitious-Baseline-Baseline-Baseline-Enhanced recycling",10790.4007437611
2058,"EFTA","Ambitious-Baseline-Baseline-Baseline-USA Recycling",23142.0236927595
2058,"EFTA","Ambitious-Baseline-High Capacity-Baseline-Baseline",28816.6543281695
2058,"EFTA","Ambitious-Baseline-Low Capacity-Baseline-Baseline",17532.3039958774
2058,"EFTA","Ambitious-Baseline-Low Capacity-Baseline-Recycling Medium",14660.3991611487
2058,"EFTA","Ambitious-Double LFP-Baseline-Baseline-Baseline",23370.2814465817
2058,"EFTA","Ambitious-Double NMC 811-Baseline-Baseline-Baseline",23044.2786705524
2058,"EFTA","Ambitious-Sodium Battery adoption-Baseline-Baseline-Baseline",23109.6480230613
2058,"EFTA","Ambitious-Solid State adoption-Baseline-Baseline-Baseline",23142.0236927595
2058,"European Union","Ambitious-Baseline-Baseline-Baseline-Baseline",299511.601236927
2058,"European Union","Ambitious-Baseline-Baseline-Baseline-Enhanced SSPS",299521.29764306
2058,"European Union","Ambitious-Baseline-Baseline-Baseline-Enhanced recycling",299558.239279898
2058,"European Union","Ambitious-Baseline-Baseline-Baseline-USA Recycling",299511.601236927
2058,"European Union","Ambitious-Baseline-High Capacity-Baseline-Baseline",400943.514779386
2058,"European Union","Ambitious-Baseline-Low Capacity-Baseline-Baseline",248557.346296258
2058,"European Union","Ambitious-Baseline-Low Capacity-Baseline-Recycling Medium",248561.072341416
2058,"European Union","Ambitious-Double LFP-Baseline-Baseline-Baseline",302792.033841682
2058,"European Union","Ambitious-Double NMC 811-Baseline-Baseline-Baseline",298273.95780323
2058,"European Union","Ambitious-Sodium Battery adoption-Baseline-Baseline-Baseline",299400.77126565
2058,"European Union","Ambitious-Solid State adoption-Baseline-Baseline-Baseline",299511.601236928
2058,"India","Ambitious-Baseline-Baseline-Baseline-Baseline",312061.731487412
2058,"India","Ambitious-Baseline-Baseline-Baseline-Enhanced SSPS",312061.731487412
2058,"India","Ambitious-Baseline-Baseline-Baseline-Enhanced recycling",177267.069601332
2058,"India","Ambitious-Baseline-Baseline-Baseline-USA Recycling",312061.731487412
2058,"India","Ambitious-Baseline-High Capacity-Baseline-Baseline",493703.679605437
2058,"India","Ambitious-Baseline-Low Capacity-Baseline-Baseline",273889.18344227
2058,"India","Ambitious-Baseline-Low Capacity-Baseline-Recycling Medium",239223.496859638
2058,"India","Ambitious-Double LFP-Baseline-Baseline-Baseline",312322.023041602
2058,"India","Ambitious-Double NMC 811-Baseline-Baseline-Baseline",311702.638905247
2058,"India","Ambitious-Sodium Battery adoption-Baseline-Baseline-Baseline",312049.996005209
2058,"India","Ambitious-Solid State adoption-Baseline-Baseline-Baseline",312061.731487412
2058,"Japan","Ambitious-Baseline-Baseline-Baseline-Baseline",106785.749656822
2058,"Japan","Ambitious-Baseline-Baseline-Baseline-Enhanced SSPS",106785.749656822
2058,"Japan","Ambitious-Baseline-Baseline-Baseline-Enhanced recycling",43389.2224466638
2058,"Japan","Ambitious-Baseline-Baseline-Baseline-USA Recycling",106785.749656822
2058,"Japan","Ambitious-Baseline-High Capacity-Baseline-Baseline",156355.736419789
2058,"Japan","Ambitious-Baseline-Low Capacity-Baseline-Baseline",92151.8897176051
2058,"Japan","Ambitious-Baseline-Low Capacity-Baseline-Recycling Medium",76367.387215509
2058,"Japan","Ambitious-Double LFP-Baseline-Baseline-Baseline",107298.621442358
2058,"Japan","Ambitious-Double NMC 811-Baseline-Baseline-Baseline",106305.82398642
2058,"Japan","Ambitious-Sodium Battery adoption-Baseline-Baseline-Baseline",106763.472134123
2058,"Japan","Ambitious-Solid State adoption-Baseline-Baseline-Baseline",106785.749656821
2058,"Mexico","Ambitious-Baseline-Baseline-Baseline-Baseline",100506.852608442
2058,"Mexico","Ambitious-Baseline-Baseline-Baseline-Enhanced SSPS",100506.852608442
2058,"Mexico","Ambitious-Baseline-Baseline-Baseline-Enhanced recycling",48013.5434930515
2058,"Mexico","Ambitious-Baseline-Baseline-Baseline-USA Recycling",100506.852608442
2058,"Mexico","Ambitious-Baseline-High Capacity-Baseline-Baseline",132494.01447491
2058,"Mexico","Ambitious-Baseline-Low Capacity-Baseline-Baseline",74921.1027966129
2058,"Mexico","Ambitious-Baseline-Low Capacity-Baseline-Recycling Medium",61294.6427049621
2058,"Mexico","Ambitious-Double LFP-Baseline-Baseline-Baseline",104399.53006981
2058,"Mexico","Ambitious-Double NMC 811-Baseline-Baseline-Baseline",97269.3580180821
2058,"Mexico","Ambitious-Sodium Battery adoption-Baseline-Baseline-Baseline",100327.72921278
2058,"Mexico","Ambitious-Solid State adoption-Baseline-Baseline-Baseline",100506.852608442
2058,"Middle East","Ambitious-Baseline-Baseline-Baseline-Baseline",417457.975410094
2058,"Middle East","Ambitious-Baseline-Baseline-Baseline-Enhanced SSPS",418738.702040889
2058,"Middle East","Ambitious-Baseline-Baseline-Baseline-Enhanced recycling",229639.824823436
2058,"Middle East","Ambitious-Baseline-Baseline-Baseline-USA Recycling",417457.975410094
2058,"Middle East","Ambitious-Baseline-High Capacity-Baseline-Baseline",526653.382781596
2058,"Middle East","Ambitious-Baseline-Low Capacity-Baseline-Baseline",289212.382510883
2058,"Middle East","Ambitious-Baseline-Low Capacity-Baseline-Recycling Medium",245468.617883577
2058,"Middle East","Ambitious-Double LFP-Baseline-Baseline-Baseline",430064.942842644
2058,"Middle East","Ambitious-Double NMC 811-Baseline-Baseline-Baseline",413127.337834565
2058,"Middle East","Ambitious-Sodium Battery adoption-Baseline-Baseline-Baseline",416897.036618295
2058,"Middle East","Ambitious-Solid State adoption-Baseline-Baseline-Baseline",417457.975410094
2058,"Other Asia Pacific","Ambitious-Baseline-Baseline-Baseline-Baseline",275614.088788659
2058,"Other Asia Pacific","Ambitious-Baseline-Baseline-Baseline-Enhanced SSPS",277237.870919274
2058,"Other Asia Pacific","Ambitious-Baseline-Baseline-Baseline-Enhanced recycling",161377.339779375
2058,"Other Asia Pacific","Ambitious-Baseline-Baseline-Baseline-USA Recycling",275614.088788659
2058,"Other Asia Pacific","Ambitious-Baseline-High Capacity-Baseline-Baseline",372521.480960243
2058,"Other Asia Pacific","Ambitious-Baseline-Low Capacity-Baseline-Baseline",185941.383570432
2058,"Other Asia Pacific","Ambitious-Baseline-Low Capacity-Baseline-Recycling Medium",159375.259048637
2058,"Other Asia Pacific","Ambitious-Double LFP-Baseline-Baseline-Baseline",276825.206599388
2058,"Other Asia Pacific","Ambitious-Double NMC 811-Baseline-Baseline-Baseline",274390.223211823
2058,"Other Asia Pacific","Ambitious-Sodium Battery adoption-Baseline-Baseline-Baseline",275546.178607514
2058,"Other Asia Pacific","Ambitious-Solid State adoption-Baseline-Baseline-Baseline",275614.088788659
2058,"Other Europe","Ambitious-Baseline-Baseline-Baseline-Baseline",209776.530240506
2058,"Other Europe","Ambitious-Baseline-Baseline-Baseline-Enhanced SSPS",209893.788559033
2058,"Other Europe","Ambitious-Baseline-Baseline-Baseline-Enhanced recycling",108543.040955673
2058,"Other Europe","Ambitious-Baseline-Baseline-Baseline-USA Recycling",209776.530240506
2058,"Other Europe","Ambitious-Baseline-High Capacity-Baseline-Baseline",274954.750232479
2058,"Other Europe","Ambitious-Baseline-Low Capacity-Baseline-Baseline",156627.423074306
2058,"Other Europe","Ambitious-Baseline-Low Capacity-Baseline-Recycling Medium",133843.665445138
2058,"Other Europe","Ambitious-Double LFP-Baseline-Baseline-Baseline",212184.85830974
2058,"Other Europe","Ambitious-Double NMC 811-Baseline-Baseline-Baseline",207616.034068639
2058,"Other Europe","Ambitious-Sodium Battery adoption-Baseline-Baseline-Baseline",209668.591863498
2058,"Other Europe","Ambitious-Solid State adoption-Baseline-Baseline-Baseline",209776.530240506
2058,"Other Latin America and Caribbean","Ambitious-Baseline-Baseline-Baseline-Baseline",451487.123815804
2058,"Other Latin America and Caribbean","Ambitious-Baseline-Baseline-Baseline-Enhanced SSPS",457267.899025709
2058,"Other Latin America and Caribbean","Ambitious-Baseline-Baseline-Baseline-Enhanced recycling",207850.425898784
2058,"Other Latin America and Caribbean","Ambitious-Baseline-Baseline-Baseline-USA Recycling",451487.123815804
2058,"Other Latin America and Caribbean","Ambitious-Baseline-High Capacity-Baseline-Baseline",623431.950481108
2058,"Other Latin America and Caribbean","Ambitious-Baseline-Low Capacity-Baseline-Baseline",333298.955274872
2058,"Other Latin America and Caribbean","Ambitious-Baseline-Low Capacity-Baseline-Recycling Medium",268229.591712184
2058,"Other Latin America and Caribbean","Ambitious-Double LFP-Baseline-Baseline-Baseline",477119.759531204
2058,"Other Latin America and Caribbean","Ambitious-Double NMC 811-Baseline-Baseline-Baseline",435957.610670363
2058,"Other Latin America and Caribbean","Ambitious-Sodium Battery adoption-Baseline-Baseline-Baseline",450264.162386519
2058,"Other Latin America and Caribbean","Ambitious-Solid State adoption-Baseline-Baseline-Baseline",451487.123815803
2058,"South Korea","Ambitious-Baseline-Baseline-Baseline-Baseline",60592.7274847911
2058,"South Korea","Ambitious-Baseline-Baseline-Baseline-Enhanced SSPS",60592.7274847911
2058,"South Korea","Ambitious-Baseline-Baseline-Baseline-Enhanced recycling",24611.9985383555
2058,"South Korea","Ambitious-Baseline-Baseline-Baseline-USA Recycling",60592.7274847911
2058,"South Korea","Ambitious-Baseline-High Capacity-Baseline-Baseline",78111.0700994426
2058,"South Korea","Ambitious-Baseline-Low Capacity-Baseline-Baseline",48440.2260040857
2058,"South Korea","Ambitious-Baseline-Low Capacity-Baseline-Recycling Medium",40976.5796307766
2058,"South Korea","Ambitious-Double LFP-Baseline-Baseline-Baseline",60862.1052532765
2058,"South Korea","Ambitious-Double NMC 811-Baseline-Baseline-Baseline",60340.8489707703
2058,"South Korea","Ambitious-Sodium Battery adoption-Baseline-Baseline-Baseline",60581.0272222562
2058,"South Korea","Ambitious-Solid State adoption-Baseline-Baseline-Baseline",60592.7274847911
2058,"United Kingdom","Ambitious-Baseline-Baseline-Baseline-Baseline",97126.6695361122
2058,"United Kingdom","Ambitious-Baseline-Baseline-Baseline-Enhanced SSPS",97126.6695361122
2058,"United Kingdom","Ambitious-Baseline-Baseline-Baseline-Enhanced recycling",39743.6227864529
2058,"United Kingdom","Ambitious-Baseline-Baseline-Baseline-USA Recycling",97126.6695361122
2058,"United Kingdom","Ambitious-Baseline-High Capacity-Baseline-Baseline",126469.506397165
2058,"United Kingdom","Ambitious-Baseline-Low Capacity-Baseline-Baseline",71923.8243754238
2058,"United Kingdom","Ambitious-Baseline-Low Capacity-Baseline-Recycling Medium",57271.1969138237
2058,"United Kingdom","Ambitious-Double LFP-Baseline-Baseline-Baseline",98017.9498788154
2058,"United Kingdom","Ambitious-Double NMC 811-Baseline-Baseline-Baseline",96745.8867428023
2058,"United Kingdom","Ambitious-Sodium Battery adoption-Baseline-Baseline-Baseline",97088.5932260273
2058,"United Kingdom","Ambitious-Solid State adoption-Baseline-Baseline-Baseline",97126.6695361122
2058,"United States","Ambitious-Baseline-Baseline-Baseline-Baseline",549574.822987072
2058,"United States","Ambitious-Baseline-Baseline-Baseline-Enhanced SSPS",549574.822987072
2058,"United States","Ambitious-Baseline-Baseline-Baseline-Enhanced recycling",220106.03221501
2058,"United States","Ambitious-Baseline-Baseline-Baseline-USA Recycling",220106.03221501
2058,"United States","Ambitious-Baseline-High Capacity-Baseline-Baseline",670510.913577288
2058,"United States","Ambitious-Baseline-Low Capacity-Baseline-Baseline",382220.803198303
2058,"United States","Ambitious-Baseline-Low Capacity-Baseline-Recycling Medium",318719.910603168
2058,"United States","Ambitious-Double LFP-Baseline-Baseline-Baseline",574482.946248814
2058,"United States","Ambitious-Double NMC 811-Baseline-Baseline-Baseline",529226.471779416
2058,"United States","Ambitious-Sodium Battery adoption-Baseline-Baseline-Baseline",548463.457113949
2058,"United States","Ambitious-Solid State adoption-Baseline-Baseline-Baseline",549574.822987072
2059,"ASEAN","Ambitious-Baseline-Baseline-Baseline-Baseline",555154.005274851
2059,"ASEAN","Ambitious-Baseline-Baseline-Baseline-Enhanced SSPS",555792.29378096
2059,"ASEAN","Ambitious-Baseline-Baseline-Baseline-Enhanced recycling",304600.27805686
2059,"ASEAN","Ambitious-Baseline-Baseline-Baseline-USA Recycling",555154.005274851
2059,"ASEAN","Ambitious-Baseline-High Capacity-Baseline-Baseline",816352.866454796
2059,"ASEAN","Ambitious-Baseline-Low Capacity-Baseline-Baseline",444040.398550256
2059,"ASEAN","Ambitious-Baseline-Low Capacity-Baseline-Recycling Medium",375509.318034057
2059,"ASEAN","Ambitious-Double LFP-Baseline-Baseline-Baseline",590075.357944011
2059,"ASEAN","Ambitious-Double NMC 811-Baseline-Baseline-Baseline",535441.615210624
2059,"ASEAN","Ambitious-Sodium Battery adoption-Baseline-Baseline-Baseline",553187.274137697
2059,"ASEAN","Ambitious-Solid State adoption-Baseline-Baseline-Baseline",555154.005274851
2059,"Africa","Ambitious-Baseline-Baseline-Baseline-Baseline",296267.102987262
2059,"Africa","Ambitious-Baseline-Baseline-Baseline-Enhanced SSPS",301696.595385559
2059,"Africa","Ambitious-Baseline-Baseline-Baseline-Enhanced recycling",167713.694723779
2059,"Africa","Ambitious-Baseline-Baseline-Baseline-USA Recycling",296267.102987262
2059,"Africa","Ambitious-Baseline-High Capacity-Baseline-Baseline",422701.490245066
2059,"Africa","Ambitious-Baseline-Low Capacity-Baseline-Baseline",221707.992744848
2059,"Africa","Ambitious-Baseline-Low Capacity-Baseline-Recycling Medium",185620.836497777
2059,"Africa","Ambitious-Double LFP-Baseline-Baseline-Baseline",302777.376606845
2059,"Africa","Ambitious-Double NMC 811-Baseline-Baseline-Baseline",289957.20125429
2059,"Africa","Ambitious-Sodium Battery adoption-Baseline-Baseline-Baseline",295966.250533833
2059,"Africa","Ambitious-Solid State adoption-Baseline-Baseline-Baseline",296267.102987261
2059,"Australia/NZ","Ambitious-Baseline-Baseline-Baseline-Baseline",47861.683530314
2059,"Australia/NZ","Ambitious-Baseline-Baseline-Baseline-Enhanced SSPS",47861.683530314
2059,"Australia/NZ","Ambitious-Baseline-Baseline-Baseline-Enhanced recycling",17005.6979608522
2059,"Australia/NZ","Ambitious-Baseline-Baseline-Baseline-USA Recycling",47861.683530314
2059,"Australia/NZ","Ambitious-Baseline-High Capacity-Baseline-Baseline",62902.2240098878
2059,"Australia/NZ","Ambitious-Baseline-Low Capacity-Baseline-Baseline",35466.6548958203
2059,"Australia/NZ","Ambitious-Baseline-Low Capacity-Baseline-Recycling Medium",27736.779884039
2059,"Australia/NZ","Ambitious-Double LFP-Baseline-Baseline-Baseline",50221.3630578858
2059,"Australia/NZ","Ambitious-Double NMC 811-Baseline-Baseline-Baseline",47539.1862579451
2059,"Australia/NZ","Ambitious-Sodium Battery adoption-Baseline-Baseline-Baseline",47759.5676818322
2059,"Australia/NZ","Ambitious-Solid State adoption-Baseline-Baseline-Baseline",47861.6835303141
2059,"Brazil","Ambitious-Baseline-Baseline-Baseline-Baseline",167543.816463487
2059,"Brazil","Ambitious-Baseline-Baseline-Baseline-Enhanced SSPS",167543.816463487
2059,"Brazil","Ambitious-Baseline-Baseline-Baseline-Enhanced recycling",89866.9401157303
2059,"Brazil","Ambitious-Baseline-Baseline-Baseline-USA Recycling",167543.816463487
2059,"Brazil","Ambitious-Baseline-High Capacity-Baseline-Baseline",242787.053738431
2059,"Brazil","Ambitious-Baseline-Low Capacity-Baseline-Baseline",130495.933375743
2059,"Brazil","Ambitious-Baseline-Low Capacity-Baseline-Recycling Medium",109804.890985636
2059,"Brazil","Ambitious-Double LFP-Baseline-Baseline-Baseline",184434.515558588
2059,"Brazil","Ambitious-Double NMC 811-Baseline-Baseline-Baseline",153280.465043111
2059,"Brazil","Ambitious-Sodium Battery adoption-Baseline-Baseline-Baseline",166762.51822436
2059,"Brazil","Ambitious-Solid State adoption-Baseline-Baseline-Baseline",167543.816463487
2059,"Canada","Ambitious-Baseline-Baseline-Baseline-Baseline",65176.9229289271
2059,"Canada","Ambitious-Baseline-Baseline-Baseline-Enhanced SSPS",65176.9229289271
2059,"Canada","Ambitious-Baseline-Baseline-Baseline-Enhanced recycling",26786.4256098206
2059,"Canada","Ambitious-Baseline-Baseline-Baseline-USA Recycling",65176.9229289271
2059,"Canada","Ambitious-Baseline-High Capacity-Baseline-Baseline",82338.5043116432
2059,"Canada","Ambitious-Baseline-Low Capacity-Baseline-Baseline",48359.7193603907
2059,"Canada","Ambitious-Baseline-Low Capacity-Baseline-Recycling Medium",41005.045207591
2059,"Canada","Ambitious-Double LFP-Baseline-Baseline-Baseline",68051.79068024
2059,"Canada","Ambitious-Double NMC 811-Baseline-Baseline-Baseline",62814.8619457309
2059,"Canada","Ambitious-Sodium Battery adoption-Baseline-Baseline-Baseline",65047.5920803973
2059,"Canada","Ambitious-Solid State adoption-Baseline-Baseline-Baseline",65176.9229289273
2059,"China","Ambitious-Baseline-Baseline-Baseline-Baseline",600556.19178636
2059,"China","Ambitious-Baseline-Baseline-Baseline-Enhanced SSPS",600556.19178636
2059,"China","Ambitious-Baseline-Baseline-Baseline-Enhanced recycling",600556.19178636
2059,"China","Ambitious-Baseline-Baseline-Baseline-USA Recycling",600556.19178636
2059,"China","Ambitious-Baseline-High Capacity-Baseline-Baseline",854759.550313278
2059,"China","Ambitious-Baseline-Low Capacity-Baseline-Baseline",508956.208124486
2059,"China","Ambitious-Baseline-Low Capacity-Baseline-Recycling Medium",507317.522304586
2059,"China","Ambitious-Double LFP-Baseline-Baseline-Baseline",673219.094297483
2059,"China","Ambitious-Double NMC 811-Baseline-Baseline-Baseline",547700.797524697
2059,"China","Ambitious-Sodium Battery adoption-Baseline-Baseline-Baseline",597035.526067714
2059,"China","Ambitious-Solid State adoption-Baseline-Baseline-Baseline",600556.191786361
2059,"EFTA","Ambitious-Baseline-Baseline-Baseline-Baseline",23098.5158563119
2059,"EFTA","Ambitious-Baseline-Baseline-Baseline-Enhanced SSPS",22744.8446794833
2059,"EFTA","Ambitious-Baseline-Baseline-Baseline-Enhanced recycling",10615.2470451518
2059,"EFTA","Ambitious-Baseline-Baseline-Baseline-USA Recycling",23098.5158563119
2059,"EFTA","Ambitious-Baseline-High Capacity-Baseline-Baseline",28742.4157882083
2059,"EFTA","Ambitious-Baseline-Low Capacity-Baseline-Baseline",17507.4164715847
2059,"EFTA","Ambitious-Baseline-Low Capacity-Baseline-Recycling Medium",14604.3912427739
2059,"EFTA","Ambitious-Double LFP-Baseline-Baseline-Baseline",23325.097613464
2059,"EFTA","Ambitious-Double NMC 811-Baseline-Baseline-Baseline",23000.9261586411
2059,"EFTA","Ambitious-Sodium Battery adoption-Baseline-Baseline-Baseline",23065.7045330983
2059,"EFTA","Ambitious-Solid State adoption-Baseline-Baseline-Baseline",23098.5158563119
2059,"European Union","Ambitious-Baseline-Baseline-Baseline-Baseline",291705.158144459
2059,"European Union","Ambitious-Baseline-Baseline-Baseline-Enhanced SSPS",291707.462490215
2059,"European Union","Ambitious-Baseline-Baseline-Baseline-Enhanced recycling",291753.472639819
2059,"European Union","Ambitious-Baseline-Baseline-Baseline-USA Recycling",291705.158144459
2059,"European Union","Ambitious-Baseline-High Capacity-Baseline-Baseline",389432.949842974
2059,"European Union","Ambitious-Baseline-Low Capacity-Baseline-Baseline",242608.516114428
2059,"European Union","Ambitious-Baseline-Low Capacity-Baseline-Recycling Medium",242638.721712324
2059,"European Union","Ambitious-Double LFP-Baseline-Baseline-Baseline",294835.297681395
2059,"European Union","Ambitious-Double NMC 811-Baseline-Baseline-Baseline",290504.914462675
2059,"European Union","Ambitious-Sodium Battery adoption-Baseline-Baseline-Baseline",291596.547017297
2059,"European Union","Ambitious-Solid State adoption-Baseline-Baseline-Baseline",291705.15814446
2059,"India","Ambitious-Baseline-Baseline-Baseline-Baseline",311478.829372324
2059,"India","Ambitious-Baseline-Baseline-Baseline-Enhanced SSPS",311478.829372324
2059,"India","Ambitious-Baseline-Baseline-Baseline-Enhanced recycling",173010.629148329
2059,"India","Ambitious-Baseline-Baseline-Baseline-USA Recycling",311478.829372324
2059,"India","Ambitious-Baseline-High Capacity-Baseline-Baseline",492495.088392289
2059,"India","Ambitious-Baseline-Low Capacity-Baseline-Baseline",273344.682003703
2059,"India","Ambitious-Baseline-Low Capacity-Baseline-Recycling Medium",237484.747395972
2059,"India","Ambitious-Double LFP-Baseline-Baseline-Baseline",311737.700345837
2059,"India","Ambitious-Double NMC 811-Baseline-Baseline-Baseline",311115.511709051
2059,"India","Ambitious-Sodium Battery adoption-Baseline-Baseline-Baseline",311467.14403598
2059,"India","Ambitious-Solid State adoption-Baseline-Baseline-Baseline",311478.829372324
2059,"Japan","Ambitious-Baseline-Baseline-Baseline-Baseline",105455.540969632
2059,"Japan","Ambitious-Baseline-Baseline-Baseline-Enhanced SSPS",105455.540969632
2059,"Japan","Ambitious-Baseline-Baseline-Baseline-Enhanced recycling",41666.3081347999
2059,"Japan","Ambitious-Baseline-Baseline-Baseline-USA Recycling",105455.540969632
2059,"Japan","Ambitious-Baseline-High Capacity-Baseline-Baseline",154217.522895898
2059,"Japan","Ambitious-Baseline-Low Capacity-Baseline-Baseline",91067.287959591
2059,"Japan","Ambitious-Baseline-Low Capacity-Baseline-Recycling Medium",75252.8706833351
2059,"Japan","Ambitious-Double LFP-Baseline-Baseline-Baseline",105959.775665889
2059,"Japan","Ambitious-Double NMC 811-Baseline-Baseline-Baseline",104974.879172979
2059,"Japan","Ambitious-Sodium Battery adoption-Baseline-Baseline-Baseline",105433.53100274
2059,"Japan","Ambitious-Solid State adoption-Baseline-Baseline-Baseline",105455.540969632
2059,"Mexico","Ambitious-Baseline-Baseline-Baseline-Baseline",99573.0345032225
2059,"Mexico","Ambitious-Baseline-Baseline-Baseline-Enhanced SSPS",99573.0345032225
2059,"Mexico","Ambitious-Baseline-Baseline-Baseline-Enhanced recycling",45716.635720495
2059,"Mexico","Ambitious-Baseline-Baseline-Baseline-USA Recycling",99573.0345032225
2059,"Mexico","Ambitious-Baseline-High Capacity-Baseline-Baseline",131249.752006741
2059,"Mexico","Ambitious-Baseline-Low Capacity-Baseline-Baseline",74237.9479512372
2059,"Mexico","Ambitious-Baseline-Low Capacity-Baseline-Recycling Medium",60270.4173002336
2059,"Mexico","Ambitious-Double LFP-Baseline-Baseline-Baseline",103416.592732193
2059,"Mexico","Ambitious-Double NMC 811-Baseline-Baseline-Baseline",96374.0616239753
2059,"Mexico","Ambitious-Sodium Battery adoption-Baseline-Baseline-Baseline",99396.1186925616
2059,"Mexico","Ambitious-Solid State adoption-Baseline-Baseline-Baseline",99573.0345032225
2059,"Middle East","Ambitious-Baseline-Baseline-Baseline-Baseline",411879.023987346
2059,"Middle East","Ambitious-Baseline-Baseline-Baseline-Enhanced SSPS",413221.579715486
2059,"Middle East","Ambitious-Baseline-Baseline-Baseline-Enhanced recycling",217068.062870912
2059,"Middle East","Ambitious-Baseline-Baseline-Baseline-USA Recycling",411879.023987346
2059,"Middle East","Ambitious-Baseline-High Capacity-Baseline-Baseline",519554.662623319
2059,"Middle East","Ambitious-Baseline-Low Capacity-Baseline-Baseline",285412.903984166
2059,"Middle East","Ambitious-Baseline-Low Capacity-Baseline-Recycling Medium",240211.564398472
2059,"Middle East","Ambitious-Double LFP-Baseline-Baseline-Baseline",424276.47446334
2059,"Middle East","Ambitious-Double NMC 811-Baseline-Baseline-Baseline",407620.129700753
2059,"Middle East","Ambitious-Sodium Battery adoption-Baseline-Baseline-Baseline",411327.398713862
2059,"Middle East","Ambitious-Solid State adoption-Baseline-Baseline-Baseline",411879.023987346
2059,"Other Asia Pacific","Ambitious-Baseline-Baseline-Baseline-Baseline",272535.018163275
2059,"Other Asia Pacific","Ambitious-Baseline-Baseline-Baseline-Enhanced SSPS",274298.874929135
2059,"Other Asia Pacific","Ambitious-Baseline-Baseline-Baseline-Enhanced recycling",153024.535347648
2059,"Other Asia Pacific","Ambitious-Baseline-Baseline-Baseline-USA Recycling",272535.018163275
2059,"Other Asia Pacific","Ambitious-Baseline-High Capacity-Baseline-Baseline",368469.316729407
2059,"Other Asia Pacific","Ambitious-Baseline-Low Capacity-Baseline-Baseline",183880.300115752
2059,"Other Asia Pacific","Ambitious-Baseline-Low Capacity-Baseline-Recycling Medium",156005.409613525
2059,"Other Asia Pacific","Ambitious-Double LFP-Baseline-Baseline-Baseline",273725.680100848
2059,"Other Asia Pacific","Ambitious-Double NMC 811-Baseline-Baseline-Baseline",271328.739504615
2059,"Other Asia Pacific","Ambitious-Sodium Battery adoption-Baseline-Baseline-Baseline",272470.818433746
2059,"Other Asia Pacific","Ambitious-Solid State adoption-Baseline-Baseline-Baseline",272535.018163275
2059,"Other Europe","Ambitious-Baseline-Baseline-Baseline-Baseline",205573.65745524
2059,"Other Europe","Ambitious-Baseline-Baseline-Baseline-Enhanced SSPS",205696.72762405
2059,"Other Europe","Ambitious-Baseline-Baseline-Baseline-Enhanced recycling",101465.340924662
2059,"Other Europe","Ambitious-Baseline-Baseline-Baseline-USA Recycling",205573.65745524
2059,"Other Europe","Ambitious-Baseline-High Capacity-Baseline-Baseline",269323.681266897
2059,"Other Europe","Ambitious-Baseline-Low Capacity-Baseline-Baseline",153720.580216212
2059,"Other Europe","Ambitious-Baseline-Low Capacity-Baseline-Recycling Medium",130257.009390864
2059,"Other Europe","Ambitious-Double LFP-Baseline-Baseline-Baseline",207920.502196316
2059,"Other Europe","Ambitious-Double NMC 811-Baseline-Baseline-Baseline",203463.389928387
2059,"Other Europe","Ambitious-Sodium Battery adoption-Baseline-Baseline-Baseline",205468.655475196
2059,"Other Europe","Ambitious-Solid State adoption-Baseline-Baseline-Baseline",205573.65745524
2059,"Other Latin America and Caribbean","Ambitious-Baseline-Baseline-Baseline-Baseline",443406.090761778
2059,"Other Latin America and Caribbean","Ambitious-Baseline-Baseline-Baseline-Enhanced SSPS",449450.825515138
2059,"Other Latin America and Caribbean","Ambitious-Baseline-Baseline-Baseline-Enhanced recycling",192131.811573025
2059,"Other Latin America and Caribbean","Ambitious-Baseline-Baseline-Baseline-USA Recycling",443406.090761778
2059,"Other Latin America and Caribbean","Ambitious-Baseline-High Capacity-Baseline-Baseline",612475.2112961
2059,"Other Latin America and Caribbean","Ambitious-Baseline-Low Capacity-Baseline-Baseline",327180.941525952
2059,"Other Latin America and Caribbean","Ambitious-Baseline-Low Capacity-Baseline-Recycling Medium",259955.33875988
2059,"Other Latin America and Caribbean","Ambitious-Double LFP-Baseline-Baseline-Baseline",468374.271858179
2059,"Other Latin America and Caribbean","Ambitious-Double NMC 811-Baseline-Baseline-Baseline",428330.304284401
2059,"Other Latin America and Caribbean","Ambitious-Sodium Battery adoption-Baseline-Baseline-Baseline",442218.837437223
2059,"Other Latin America and Caribbean","Ambitious-Solid State adoption-Baseline-Baseline-Baseline",443406.090761778
2059,"South Korea","Ambitious-Baseline-Baseline-Baseline-Baseline",60297.0613017308
2059,"South Korea","Ambitious-Baseline-Baseline-Baseline-Enhanced SSPS",60297.0613017308
2059,"South Korea","Ambitious-Baseline-Baseline-Baseline-Enhanced recycling",24312.8458397659
2059,"South Korea","Ambitious-Baseline-Baseline-Baseline-USA Recycling",60297.0613017308
2059,"South Korea","Ambitious-Baseline-High Capacity-Baseline-Baseline",77673.5862241925
2059,"South Korea","Ambitious-Baseline-Low Capacity-Baseline-Baseline",48357.2916747262
2059,"South Korea","Ambitious-Baseline-Low Capacity-Baseline-Recycling Medium",40847.8417879933
2059,"South Korea","Ambitious-Double LFP-Baseline-Baseline-Baseline",60562.9128228361
2059,"South Korea","Ambitious-Double NMC 811-Baseline-Baseline-Baseline",60043.3770903034
2059,"South Korea","Ambitious-Sodium Battery adoption-Baseline-Baseline-Baseline",60285.4464716602
2059,"South Korea","Ambitious-Solid State adoption-Baseline-Baseline-Baseline",60297.0613017308
2059,"United Kingdom","Ambitious-Baseline-Baseline-Baseline-Baseline",97296.5439143761
2059,"United Kingdom","Ambitious-Baseline-Baseline-Baseline-Enhanced SSPS",97296.5439143761
2059,"United Kingdom","Ambitious-Baseline-Baseline-Baseline-Enhanced recycling",39172.1555928456
2059,"United Kingdom","Ambitious-Baseline-Baseline-Baseline-USA Recycling",97296.5439143761
2059,"United Kingdom","Ambitious-Baseline-High Capacity-Baseline-Baseline",126693.714631644
2059,"United Kingdom","Ambitious-Baseline-Low Capacity-Baseline-Baseline",72022.7072029866
2059,"United Kingdom","Ambitious-Baseline-Low Capacity-Baseline-Recycling Medium",57183.2411653608
2059,"United Kingdom","Ambitious-Double LFP-Baseline-Baseline-Baseline",98185.0410908078
2059,"United Kingdom","Ambitious-Double NMC 811-Baseline-Baseline-Baseline",96914.4290414223
2059,"United Kingdom","Ambitious-Sodium Battery adoption-Baseline-Baseline-Baseline",97258.2360975866
2059,"United Kingdom","Ambitious-Solid State adoption-Baseline-Baseline-Baseline",97296.5439143761
2059,"United States","Ambitious-Baseline-Baseline-Baseline-Baseline",545795.420579828
2059,"United States","Ambitious-Baseline-Baseline-Baseline-Enhanced SSPS",545795.420579828
2059,"United States","Ambitious-Baseline-Baseline-Baseline-Enhanced recycling",212740.382253116
2059,"United States","Ambitious-Baseline-Baseline-Baseline-USA Recycling",212740.382253116
2059,"United States","Ambitious-Baseline-High Capacity-Baseline-Baseline",665382.511225283
2059,"United States","Ambitious-Baseline-Low Capacity-Baseline-Baseline",379967.869513381
2059,"United States","Ambitious-Baseline-Low Capacity-Baseline-Recycling Medium",315820.552863578
2059,"United States","Ambitious-Double LFP-Baseline-Baseline-Baseline",570265.37453873
2059,"United States","Ambitious-Double NMC 811-Baseline-Baseline-Baseline",525738.455374407
2059,"United States","Ambitious-Sodium Battery adoption-Baseline-Baseline-Baseline",544699.367719113
2059,"United States","Ambitious-Solid State adoption-Baseline-Baseline-Baseline",545795.420579828
2060,"ASEAN","Ambitious-Baseline-Baseline-Baseline-Baseline",548703.412250686
2060,"ASEAN","Ambitious-Baseline-Baseline-Baseline-Enhanced SSPS",549363.257828589
2060,"ASEAN","Ambitious-Baseline-Baseline-Baseline-Enhanced recycling",288369.924938278
2060,"ASEAN","Ambitious-Baseline-Baseline-Baseline-USA Recycling",548703.412250686
2060,"ASEAN","Ambitious-Baseline-High Capacity-Baseline-Baseline",806697.171845746
2060,"ASEAN","Ambitious-Baseline-Low Capacity-Baseline-Baseline",438875.637745201
2060,"ASEAN","Ambitious-Baseline-Low Capacity-Baseline-Recycling Medium",367549.379574466
2060,"ASEAN","Ambitious-Double LFP-Baseline-Baseline-Baseline",583153.735615746
2060,"ASEAN","Ambitious-Double NMC 811-Baseline-Baseline-Baseline",529298.608180693
2060,"ASEAN","Ambitious-Sodium Battery adoption-Baseline-Baseline-Baseline",546763.453107643
2060,"ASEAN","Ambitious-Solid State adoption-Baseline-Baseline-Baseline",548703.412250686
2060,"Africa","Ambitious-Baseline-Baseline-Baseline-Baseline",293400.439963855
2060,"Africa","Ambitious-Baseline-Baseline-Baseline-Enhanced SSPS",299133.584636393
2060,"Africa","Ambitious-Baseline-Baseline-Baseline-Enhanced recycling",159418.46137977
2060,"Africa","Ambitious-Baseline-Baseline-Baseline-USA Recycling",293400.439963855
2060,"Africa","Ambitious-Baseline-High Capacity-Baseline-Baseline",418744.307127917
2060,"Africa","Ambitious-Baseline-Low Capacity-Baseline-Baseline",219538.250405953
2060,"Africa","Ambitious-Baseline-Low Capacity-Baseline-Recycling Medium",181851.87176014
2060,"Africa","Ambitious-Double LFP-Baseline-Baseline-Baseline",299822.118128985
2060,"Africa","Ambitious-Double NMC 811-Baseline-Baseline-Baseline",287163.717959895
2060,"Africa","Ambitious-Sodium Battery adoption-Baseline-Baseline-Baseline",293103.540855106
2060,"Africa","Ambitious-Solid State adoption-Baseline-Baseline-Baseline",293400.439963855
2060,"Australia/NZ","Ambitious-Baseline-Baseline-Baseline-Baseline",47071.9159869752
2060,"Australia/NZ","Ambitious-Baseline-Baseline-Baseline-Enhanced SSPS",47071.9159869752
2060,"Australia/NZ","Ambitious-Baseline-Baseline-Baseline-Enhanced recycling",15719.7084671434
2060,"Australia/NZ","Ambitious-Baseline-Baseline-Baseline-USA Recycling",47071.9159869752
2060,"Australia/NZ","Ambitious-Baseline-High Capacity-Baseline-Baseline",61850.8223570138
2060,"Australia/NZ","Ambitious-Baseline-Low Capacity-Baseline-Baseline",34911.903437294
2060,"Australia/NZ","Ambitious-Baseline-Low Capacity-Baseline-Recycling Medium",27061.1113596558
2060,"Australia/NZ","Ambitious-Double LFP-Baseline-Baseline-Baseline",49374.0960102546
2060,"Australia/NZ","Ambitious-Double NMC 811-Baseline-Baseline-Baseline",46757.5106997795
2060,"Australia/NZ","Ambitious-Sodium Battery adoption-Baseline-Baseline-Baseline",46971.5992519908
2060,"Australia/NZ","Ambitious-Solid State adoption-Baseline-Baseline-Baseline",47071.9159869752
2060,"Brazil","Ambitious-Baseline-Baseline-Baseline-Baseline",164616.96719632
2060,"Brazil","Ambitious-Baseline-Baseline-Baseline-Enhanced SSPS",164616.96719632
2060,"Brazil","Ambitious-Baseline-Baseline-Baseline-Enhanced recycling",84124.1918680935
2060,"Brazil","Ambitious-Baseline-Baseline-Baseline-USA Recycling",164616.96719632
2060,"Brazil","Ambitious-Baseline-High Capacity-Baseline-Baseline",238503.815125173
2060,"Brazil","Ambitious-Baseline-Low Capacity-Baseline-Baseline",128217.556720506
2060,"Brazil","Ambitious-Baseline-Low Capacity-Baseline-Recycling Medium",106764.690132529
2060,"Brazil","Ambitious-Double LFP-Baseline-Baseline-Baseline",181225.059782629
2060,"Brazil","Ambitious-Double NMC 811-Baseline-Baseline-Baseline",150591.919253999
2060,"Brazil","Ambitious-Sodium Battery adoption-Baseline-Baseline-Baseline",163848.733502963
2060,"Brazil","Ambitious-Solid State adoption-Baseline-Baseline-Baseline",164616.967196319
2060,"Canada","Ambitious-Baseline-Baseline-Baseline-Baseline",65002.6937457073
2060,"Canada","Ambitious-Baseline-Baseline-Baseline-Enhanced SSPS",65002.6937457074
2060,"Canada","Ambitious-Baseline-Baseline-Baseline-Enhanced recycling",26389.7001375827
2060,"Canada","Ambitious-Baseline-Baseline-Baseline-USA Recycling",65002.6937457073
2060,"Canada","Ambitious-Baseline-High Capacity-Baseline-Baseline",82063.943125403
2060,"Canada","Ambitious-Baseline-Low Capacity-Baseline-Baseline",48314.3600361442
2060,"Canada","Ambitious-Baseline-Low Capacity-Baseline-Recycling Medium",40886.6320746758
2060,"Canada","Ambitious-Double LFP-Baseline-Baseline-Baseline",67839.2743513974
2060,"Canada","Ambitious-Double NMC 811-Baseline-Baseline-Baseline",62663.2739284711
2060,"Canada","Ambitious-Sodium Battery adoption-Baseline-Baseline-Baseline",64874.2401256823
2060,"Canada","Ambitious-Solid State adoption-Baseline-Baseline-Baseline",65002.6937457075
2060,"China","Ambitious-Baseline-Baseline-Baseline-Baseline",595154.714477437
2060,"China","Ambitious-Baseline-Baseline-Baseline-Enhanced SSPS",595154.714477437
2060,"China","Ambitious-Baseline-Baseline-Baseline-Enhanced recycling",595154.714477437
2060,"China","Ambitious-Baseline-Baseline-Baseline-USA Recycling",595154.714477437
2060,"China","Ambitious-Baseline-High Capacity-Baseline-Baseline",844268.036701852
2060,"China","Ambitious-Baseline-Low Capacity-Baseline-Baseline",505705.25829809
2060,"China","Ambitious-Baseline-Low Capacity-Baseline-Recycling Medium",505458.749116981
2060,"China","Ambitious-Double LFP-Baseline-Baseline-Baseline",665787.279677981
2060,"China","Ambitious-Double NMC 811-Baseline-Baseline-Baseline",543947.283711464
2060,"China","Ambitious-Sodium Battery adoption-Baseline-Baseline-Baseline",591675.808726217
2060,"China","Ambitious-Solid State adoption-Baseline-Baseline-Baseline",595154.714477439
2060,"EFTA","Ambitious-Baseline-Baseline-Baseline-Baseline",23115.2626242541
2060,"EFTA","Ambitious-Baseline-Baseline-Baseline-Enhanced SSPS",22762.184280606
2060,"EFTA","Ambitious-Baseline-Baseline-Baseline-Enhanced recycling",10519.4601021072
2060,"EFTA","Ambitious-Baseline-Baseline-Baseline-USA Recycling",23115.2626242541
2060,"EFTA","Ambitious-Baseline-High Capacity-Baseline-Baseline",28747.5814093321
2060,"EFTA","Ambitious-Baseline-Low Capacity-Baseline-Baseline",17525.1494438681
2060,"EFTA","Ambitious-Baseline-Low Capacity-Baseline-Recycling Medium",14595.559603553
2060,"EFTA","Ambitious-Double LFP-Baseline-Baseline-Baseline",23340.7435642937
2060,"EFTA","Ambitious-Double NMC 811-Baseline-Baseline-Baseline",23017.5627480834
2060,"EFTA","Ambitious-Sodium Battery adoption-Baseline-Baseline-Baseline",23081.8783136807
2060,"EFTA","Ambitious-Solid State adoption-Baseline-Baseline-Baseline",23115.2626242541
2060,"European Union","Ambitious-Baseline-Baseline-Baseline-Baseline",285365.340013512
2060,"European Union","Ambitious-Baseline-Baseline-Baseline-Enhanced SSPS",285361.641006938
2060,"European Union","Ambitious-Baseline-Baseline-Baseline-Enhanced recycling",285415.569581161
2060,"European Union","Ambitious-Baseline-Baseline-Baseline-USA Recycling",285365.340013512
2060,"European Union","Ambitious-Baseline-High Capacity-Baseline-Baseline",380035.917404787
2060,"European Union","Ambitious-Baseline-Low Capacity-Baseline-Baseline",237813.371785119
2060,"European Union","Ambitious-Baseline-Low Capacity-Baseline-Recycling Medium",237863.876186177
2060,"European Union","Ambitious-Double LFP-Baseline-Baseline-Baseline",288359.078521016
2060,"European Union","Ambitious-Double NMC 811-Baseline-Baseline-Baseline",284195.819418707
2060,"European Union","Ambitious-Sodium Battery adoption-Baseline-Baseline-Baseline",285257.33604056
2060,"European Union","Ambitious-Solid State adoption-Baseline-Baseline-Baseline",285365.340013513
2060,"India","Ambitious-Baseline-Baseline-Baseline-Baseline",311459.854936433
2060,"India","Ambitious-Baseline-Baseline-Baseline-Enhanced SSPS",311459.854936433
2060,"India","Ambitious-Baseline-Baseline-Baseline-Enhanced recycling",169604.113607304
2060,"India","Ambitious-Baseline-Baseline-Baseline-USA Recycling",311459.854936433
2060,"India","Ambitious-Baseline-High Capacity-Baseline-Baseline",492234.571877886
2060,"India","Ambitious-Baseline-Low Capacity-Baseline-Baseline",273316.277106589
2060,"India","Ambitious-Baseline-Low Capacity-Baseline-Recycling Medium",236368.65223222
2060,"India","Ambitious-Double LFP-Baseline-Baseline-Baseline",311717.754654828
2060,"India","Ambitious-Double NMC 811-Baseline-Baseline-Baseline",311091.332822102
2060,"India","Ambitious-Sodium Battery adoption-Baseline-Baseline-Baseline",311448.17059144
2060,"India","Ambitious-Solid State adoption-Baseline-Baseline-Baseline",311459.854936433
2060,"Japan","Ambitious-Baseline-Baseline-Baseline-Baseline",104569.561263485
2060,"Japan","Ambitious-Baseline-Baseline-Baseline-Enhanced SSPS",104569.561263485
2060,"Japan","Ambitious-Baseline-Baseline-Baseline-Enhanced recycling",40586.4695146355
2060,"Japan","Ambitious-Baseline-Baseline-Baseline-USA Recycling",104569.561263485
2060,"Japan","Ambitious-Baseline-High Capacity-Baseline-Baseline",152755.683333974
2060,"Japan","Ambitious-Baseline-Low Capacity-Baseline-Baseline",90354.606873374
2060,"Japan","Ambitious-Baseline-Low Capacity-Baseline-Recycling Medium",74578.9483334474
2060,"Japan","Ambitious-Double LFP-Baseline-Baseline-Baseline",105067.012473832
2060,"Japan","Ambitious-Double NMC 811-Baseline-Baseline-Baseline",104086.356847855
2060,"Japan","Ambitious-Sodium Battery adoption-Baseline-Baseline-Baseline",104547.663031158
2060,"Japan","Ambitious-Solid State adoption-Baseline-Baseline-Baseline",104569.561263484
2060,"Mexico","Ambitious-Baseline-Baseline-Baseline-Baseline",98897.8190333994
2060,"Mexico","Ambitious-Baseline-Baseline-Baseline-Enhanced SSPS",98897.8190333994
2060,"Mexico","Ambitious-Baseline-Baseline-Baseline-Enhanced recycling",43834.4098960789
2060,"Mexico","Ambitious-Baseline-Baseline-Baseline-USA Recycling",98897.8190333994
2060,"Mexico","Ambitious-Baseline-High Capacity-Baseline-Baseline",130340.641532899
2060,"Mexico","Ambitious-Baseline-Low Capacity-Baseline-Baseline",73754.5458695338
2060,"Mexico","Ambitious-Baseline-Low Capacity-Baseline-Recycling Medium",59488.2867726708
2060,"Mexico","Ambitious-Double LFP-Baseline-Baseline-Baseline",102695.495955137
2060,"Mexico","Ambitious-Double NMC 811-Baseline-Baseline-Baseline",95732.913301206
2060,"Mexico","Ambitious-Sodium Battery adoption-Baseline-Baseline-Baseline",98722.5913788867
2060,"Mexico","Ambitious-Solid State adoption-Baseline-Baseline-Baseline",98897.8190333994
2060,"Middle East","Ambitious-Baseline-Baseline-Baseline-Baseline",407577.297891852
2060,"Middle East","Ambitious-Baseline-Baseline-Baseline-Enhanced SSPS",408975.177456368
2060,"Middle East","Ambitious-Baseline-Baseline-Baseline-Enhanced recycling",206536.393978945
2060,"Middle East","Ambitious-Baseline-Baseline-Baseline-USA Recycling",407577.297891852
2060,"Middle East","Ambitious-Baseline-High Capacity-Baseline-Baseline",514059.197035423
2060,"Middle East","Ambitious-Baseline-Low Capacity-Baseline-Baseline",282581.714868383
2060,"Middle East","Ambitious-Baseline-Low Capacity-Baseline-Recycling Medium",235819.003908827
2060,"Middle East","Ambitious-Double LFP-Baseline-Baseline-Baseline",419795.353179748
2060,"Middle East","Ambitious-Double NMC 811-Baseline-Baseline-Baseline",403378.174383646
2060,"Middle East","Ambitious-Sodium Battery adoption-Baseline-Baseline-Baseline",407031.801853615
2060,"Middle East","Ambitious-Solid State adoption-Baseline-Baseline-Baseline",407577.297891852
2060,"Other Asia Pacific","Ambitious-Baseline-Baseline-Baseline-Baseline",269905.350338374
2060,"Other Asia Pacific","Ambitious-Baseline-Baseline-Baseline-Enhanced SSPS",271722.364240906
2060,"Other Asia Pacific","Ambitious-Baseline-Baseline-Baseline-Enhanced recycling",145357.34750214
2060,"Other Asia Pacific","Ambitious-Baseline-Baseline-Baseline-USA Recycling",269905.350338374
2060,"Other Asia Pacific","Ambitious-Baseline-High Capacity-Baseline-Baseline",364871.719321447
2060,"Other Asia Pacific","Ambitious-Baseline-Low Capacity-Baseline-Baseline",182058.911536813
2060,"Other Asia Pacific","Ambitious-Baseline-Low Capacity-Baseline-Recycling Medium",152960.2598882
2060,"Other Asia Pacific","Ambitious-Double LFP-Baseline-Baseline-Baseline",271076.536657329
2060,"Other Asia Pacific","Ambitious-Double NMC 811-Baseline-Baseline-Baseline",268713.346016138
2060,"Other Asia Pacific","Ambitious-Sodium Battery adoption-Baseline-Baseline-Baseline",269843.058964719
2060,"Other Asia Pacific","Ambitious-Solid State adoption-Baseline-Baseline-Baseline",269905.350338374
2060,"Other Europe","Ambitious-Baseline-Baseline-Baseline-Baseline",202134.554086587
2060,"Other Europe","Ambitious-Baseline-Baseline-Baseline-Enhanced SSPS",202262.879403351
2060,"Other Europe","Ambitious-Baseline-Baseline-Baseline-Enhanced recycling",95534.1205013443
2060,"Other Europe","Ambitious-Baseline-Baseline-Baseline-USA Recycling",202134.554086587
2060,"Other Europe","Ambitious-Baseline-High Capacity-Baseline-Baseline",264699.134302746
2060,"Other Europe","Ambitious-Baseline-Low Capacity-Baseline-Baseline",151377.063718896
2060,"Other Europe","Ambitious-Baseline-Low Capacity-Baseline-Recycling Medium",127311.218934
2060,"Other Europe","Ambitious-Double LFP-Baseline-Baseline-Baseline",204427.123196743
2060,"Other Europe","Ambitious-Double NMC 811-Baseline-Baseline-Baseline",200063.502139644
2060,"Other Europe","Ambitious-Sodium Battery adoption-Baseline-Baseline-Baseline",202031.781353699
2060,"Other Europe","Ambitious-Solid State adoption-Baseline-Baseline-Baseline",202134.554086587
2060,"Other Latin America and Caribbean","Ambitious-Baseline-Baseline-Baseline-Baseline",436573.918060279
2060,"Other Latin America and Caribbean","Ambitious-Baseline-Baseline-Baseline-Enhanced SSPS",442854.010235805
2060,"Other Latin America and Caribbean","Ambitious-Baseline-Baseline-Baseline-Enhanced recycling",178505.460757735
2060,"Other Latin America and Caribbean","Ambitious-Baseline-Baseline-Baseline-USA Recycling",436573.918060279
2060,"Other Latin America and Caribbean","Ambitious-Baseline-High Capacity-Baseline-Baseline",603213.376354242
2060,"Other Latin America and Caribbean","Ambitious-Baseline-Low Capacity-Baseline-Baseline",321996.101892926
2060,"Other Latin America and Caribbean","Ambitious-Baseline-Low Capacity-Baseline-Recycling Medium",252851.632455014
2060,"Other Latin America and Caribbean","Ambitious-Double LFP-Baseline-Baseline-Baseline",460957.601214653
2060,"Other Latin America and Caribbean","Ambitious-Double NMC 811-Baseline-Baseline-Baseline",421912.186581458
2060,"Other Latin America and Caribbean","Ambitious-Sodium Battery adoption-Baseline-Baseline-Baseline",435415.916777828
2060,"Other Latin America and Caribbean","Ambitious-Solid State adoption-Baseline-Baseline-Baseline",436573.918060279
2060,"South Korea","Ambitious-Baseline-Baseline-Baseline-Baseline",60230.765671757
2060,"South Korea","Ambitious-Baseline-Baseline-Baseline-Enhanced SSPS",60230.765671757
2060,"South Korea","Ambitious-Baseline-Baseline-Baseline-Enhanced recycling",24312.5212738589
2060,"South Korea","Ambitious-Baseline-Baseline-Baseline-USA Recycling",60230.765671757
2060,"South Korea","Ambitious-Baseline-High Capacity-Baseline-Baseline",77542.7853388665
2060,"South Korea","Ambitious-Baseline-Low Capacity-Baseline-Baseline",48440.562653653
2060,"South Korea","Ambitious-Baseline-Low Capacity-Baseline-Recycling Medium",40902.237919124
2060,"South Korea","Ambitious-Double LFP-Baseline-Baseline-Baseline",60494.1463494314
2060,"South Korea","Ambitious-Double NMC 811-Baseline-Baseline-Baseline",59974.3933257489
2060,"South Korea","Ambitious-Sodium Battery adoption-Baseline-Baseline-Baseline",60219.1538166572
2060,"South Korea","Ambitious-Solid State adoption-Baseline-Baseline-Baseline",60230.7656717571
2060,"United Kingdom","Ambitious-Baseline-Baseline-Baseline-Baseline",97549.5173727525
2060,"United Kingdom","Ambitious-Baseline-Baseline-Baseline-Enhanced SSPS",97549.5173727526
2060,"United Kingdom","Ambitious-Baseline-Baseline-Baseline-Enhanced recycling",38763.5550601202
2060,"United Kingdom","Ambitious-Baseline-Baseline-Baseline-USA Recycling",97549.5173727525
2060,"United Kingdom","Ambitious-Baseline-High Capacity-Baseline-Baseline",127034.644443615
2060,"United Kingdom","Ambitious-Baseline-Low Capacity-Baseline-Baseline",72183.2125966766
2060,"United Kingdom","Ambitious-Baseline-Low Capacity-Baseline-Recycling Medium",57178.33070735
2060,"United Kingdom","Ambitious-Double LFP-Baseline-Baseline-Baseline",98436.3844781818
2060,"United Kingdom","Ambitious-Double NMC 811-Baseline-Baseline-Baseline",97165.6073099639
2060,"United Kingdom","Ambitious-Sodium Battery adoption-Baseline-Baseline-Baseline",97510.8326528583
2060,"United Kingdom","Ambitious-Solid State adoption-Baseline-Baseline-Baseline",97549.5173727526
2060,"United States","Ambitious-Baseline-Baseline-Baseline-Baseline",543553.663523339
2060,"United States","Ambitious-Baseline-Baseline-Baseline-Enhanced SSPS",543553.663523339
2060,"United States","Ambitious-Baseline-Baseline-Baseline-Enhanced recycling",207582.221465358
2060,"United States","Ambitious-Baseline-Baseline-Baseline-USA Recycling",207582.221465358
2060,"United States","Ambitious-Baseline-High Capacity-Baseline-Baseline",662243.216451881
2060,"United States","Ambitious-Baseline-Low Capacity-Baseline-Baseline",378759.333388383
2060,"United States","Ambitious-Baseline-Low Capacity-Baseline-Recycling Medium",314135.167468108
2060,"United States","Ambitious-Double LFP-Baseline-Baseline-Baseline",567648.915793316
2060,"United States","Ambitious-Double NMC 811-Baseline-Baseline-Baseline",523726.339410956
2060,"United States","Ambitious-Sodium Battery adoption-Baseline-Baseline-Baseline",542466.906651845
2060,"United States","Ambitious-Solid State adoption-Baseline-Baseline-Baseline",543553.663523339
2061,"ASEAN","Ambitious-Baseline-Baseline-Baseline-Baseline",543122.985375613
2061,"ASEAN","Ambitious-Baseline-Baseline-Baseline-Enhanced SSPS",543804.679849693
2061,"ASEAN","Ambitious-Baseline-Baseline-Baseline-Enhanced recycling",273798.618857018
2061,"ASEAN","Ambitious-Baseline-Baseline-Baseline-USA Recycling",543122.985375613
2061,"ASEAN","Ambitious-Baseline-High Capacity-Baseline-Baseline",798300.788451932
2061,"ASEAN","Ambitious-Baseline-Low Capacity-Baseline-Baseline",434410.897807576
2061,"ASEAN","Ambitious-Baseline-Low Capacity-Baseline-Recycling Medium",360518.20153535
2061,"ASEAN","Ambitious-Double LFP-Baseline-Baseline-Baseline",577140.268611351
2061,"ASEAN","Ambitious-Double NMC 811-Baseline-Baseline-Baseline",524007.200746331
2061,"ASEAN","Ambitious-Sodium Battery adoption-Baseline-Baseline-Baseline",541205.082337025
2061,"ASEAN","Ambitious-Solid State adoption-Baseline-Baseline-Baseline",543122.985375612
2061,"Africa","Ambitious-Baseline-Baseline-Baseline-Baseline",290601.798685078
2061,"Africa","Ambitious-Baseline-Baseline-Baseline-Enhanced SSPS",296627.09295323
2061,"Africa","Ambitious-Baseline-Baseline-Baseline-Enhanced recycling",151518.777988015
2061,"Africa","Ambitious-Baseline-Baseline-Baseline-USA Recycling",290601.798685078
2061,"Africa","Ambitious-Baseline-High Capacity-Baseline-Baseline",414876.057294909
2061,"Africa","Ambitious-Baseline-Low Capacity-Baseline-Baseline",217416.821579364
2061,"Africa","Ambitious-Baseline-Low Capacity-Baseline-Recycling Medium",178225.169913815
2061,"Africa","Ambitious-Double LFP-Baseline-Baseline-Baseline",296928.475987469
2061,"Africa","Ambitious-Double NMC 811-Baseline-Baseline-Baseline",284438.509722803
2061,"Africa","Ambitious-Sodium Battery adoption-Baseline-Baseline-Baseline",290308.745484241
2061,"Africa","Ambitious-Solid State adoption-Baseline-Baseline-Baseline",290601.798685078
2061,"Australia/NZ","Ambitious-Baseline-Baseline-Baseline-Baseline",46374.5760478095
2061,"Australia/NZ","Ambitious-Baseline-Baseline-Baseline-Enhanced SSPS",46374.5760478095
2061,"Australia/NZ","Ambitious-Baseline-Baseline-Baseline-Enhanced recycling",14619.118824456
2061,"Australia/NZ","Ambitious-Baseline-Baseline-Baseline-USA Recycling",46374.5760478095
2061,"Australia/NZ","Ambitious-Baseline-High Capacity-Baseline-Baseline",60923.1549988602
2061,"Australia/NZ","Ambitious-Baseline-Low Capacity-Baseline-Baseline",34427.1341000512
2061,"Australia/NZ","Ambitious-Baseline-Low Capacity-Baseline-Recycling Medium",26479.5766454506
2061,"Australia/NZ","Ambitious-Double LFP-Baseline-Baseline-Baseline",48621.6988724314
2061,"Australia/NZ","Ambitious-Double NMC 811-Baseline-Baseline-Baseline",46067.9041581979
2061,"Australia/NZ","Ambitious-Sodium Battery adoption-Baseline-Baseline-Baseline",46275.7478137223
2061,"Australia/NZ","Ambitious-Solid State adoption-Baseline-Baseline-Baseline",46374.5760478096
2061,"Brazil","Ambitious-Baseline-Baseline-Baseline-Baseline",162176.226061888
2061,"Brazil","Ambitious-Baseline-Baseline-Baseline-Enhanced SSPS",162176.226061888
2061,"Brazil","Ambitious-Baseline-Baseline-Baseline-Enhanced recycling",79171.5390471275
2061,"Brazil","Ambitious-Baseline-Baseline-Baseline-USA Recycling",162176.226061888
2061,"Brazil","Ambitious-Baseline-High Capacity-Baseline-Baseline",234910.564879278
2061,"Brazil","Ambitious-Baseline-Low Capacity-Baseline-Baseline",126320.208199488
2061,"Brazil","Ambitious-Baseline-Low Capacity-Baseline-Recycling Medium",104189.53433731
2061,"Brazil","Ambitious-Double LFP-Baseline-Baseline-Baseline",178531.416043017
2061,"Brazil","Ambitious-Double NMC 811-Baseline-Baseline-Baseline",148354.869242502
2061,"Brazil","Ambitious-Sodium Battery adoption-Baseline-Baseline-Baseline",161418.461723153
2061,"Brazil","Ambitious-Solid State adoption-Baseline-Baseline-Baseline",162176.226061888
2061,"Canada","Ambitious-Baseline-Baseline-Baseline-Baseline",64897.3399671313
2061,"Canada","Ambitious-Baseline-Baseline-Baseline-Enhanced SSPS",64897.3399671313
2061,"Canada","Ambitious-Baseline-Baseline-Baseline-Enhanced recycling",26126.3300919998
2061,"Canada","Ambitious-Baseline-Baseline-Baseline-USA Recycling",64897.3399671313
2061,"Canada","Ambitious-Baseline-High Capacity-Baseline-Baseline",81888.186050015
2061,"Canada","Ambitious-Baseline-Low Capacity-Baseline-Baseline",48323.064365215
2061,"Canada","Ambitious-Baseline-Low Capacity-Baseline-Recycling Medium",40838.3626853423
2061,"Canada","Ambitious-Double LFP-Baseline-Baseline-Baseline",67699.2875705588
2061,"Canada","Ambitious-Double NMC 811-Baseline-Baseline-Baseline",62577.1357975372
2061,"Canada","Ambitious-Sodium Battery adoption-Baseline-Baseline-Baseline",64769.457457239
2061,"Canada","Ambitious-Solid State adoption-Baseline-Baseline-Baseline",64897.3399671315
2061,"China","Ambitious-Baseline-Baseline-Baseline-Baseline",591618.336006473
2061,"China","Ambitious-Baseline-Baseline-Baseline-Enhanced SSPS",591618.336006473
2061,"China","Ambitious-Baseline-Baseline-Baseline-Enhanced recycling",591618.336006473
2061,"China","Ambitious-Baseline-Baseline-Baseline-USA Recycling",591618.336006473
2061,"China","Ambitious-Baseline-High Capacity-Baseline-Baseline",836649.383737763
2061,"China","Ambitious-Baseline-Low Capacity-Baseline-Baseline",503923.107466888
2061,"China","Ambitious-Baseline-Low Capacity-Baseline-Recycling Medium",503923.107466888
2061,"China","Ambitious-Double LFP-Baseline-Baseline-Baseline",660328.413716972
2061,"China","Ambitious-Double NMC 811-Baseline-Baseline-Baseline",541904.576067106
2061,"China","Ambitious-Sodium Battery adoption-Baseline-Baseline-Baseline",588161.508265911
2061,"China","Ambitious-Solid State adoption-Baseline-Baseline-Baseline",591618.336006473
2061,"EFTA","Ambitious-Baseline-Baseline-Baseline-Baseline",23177.4076743609
2061,"EFTA","Ambitious-Baseline-Baseline-Baseline-Enhanced SSPS",22825.2049368545
2061,"EFTA","Ambitious-Baseline-Baseline-Baseline-Enhanced recycling",10485.628541566
2061,"EFTA","Ambitious-Baseline-Baseline-Baseline-USA Recycling",23177.4076743609
2061,"EFTA","Ambitious-Baseline-High Capacity-Baseline-Baseline",28812.6680952999
2061,"EFTA","Ambitious-Baseline-Low Capacity-Baseline-Baseline",17575.6026666326
2061,"EFTA","Ambitious-Baseline-Low Capacity-Baseline-Recycling Medium",14623.5598832179
2061,"EFTA","Ambitious-Double LFP-Baseline-Baseline-Baseline",23402.2480308566
2061,"EFTA","Ambitious-Double NMC 811-Baseline-Baseline-Baseline",23079.3909315602
2061,"EFTA","Ambitious-Sodium Battery adoption-Baseline-Baseline-Baseline",23143.3492049805
2061,"EFTA","Ambitious-Solid State adoption-Baseline-Baseline-Baseline",23177.4076743609
2061,"European Union","Ambitious-Baseline-Baseline-Baseline-Baseline",280149.179485515
2061,"European Union","Ambitious-Baseline-Baseline-Baseline-Enhanced SSPS",280140.531161502
2061,"European Union","Ambitious-Baseline-Baseline-Baseline-Enhanced recycling",280201.099032464
2061,"European Union","Ambitious-Baseline-Baseline-Baseline-USA Recycling",280149.179485515
2061,"European Union","Ambitious-Baseline-High Capacity-Baseline-Baseline",372252.899425579
2061,"European Union","Ambitious-Baseline-Low Capacity-Baseline-Baseline",233909.880876518
2061,"European Union","Ambitious-Baseline-Low Capacity-Baseline-Recycling Medium",233970.409465077
2061,"European Union","Ambitious-Double LFP-Baseline-Baseline-Baseline",283018.911456981
2061,"European Union","Ambitious-Double NMC 811-Baseline-Baseline-Baseline",279004.933449373
2061,"European Union","Ambitious-Sodium Battery adoption-Baseline-Baseline-Baseline",280040.822599344
2061,"European Union","Ambitious-Solid State adoption-Baseline-Baseline-Baseline",280149.179485517
2061,"India","Ambitious-Baseline-Baseline-Baseline-Baseline",311888.421261079
2061,"India","Ambitious-Baseline-Baseline-Baseline-Enhanced SSPS",311888.421261079
2061,"India","Ambitious-Baseline-Baseline-Baseline-Enhanced recycling",166890.48082065
2061,"India","Ambitious-Baseline-Baseline-Baseline-USA Recycling",311888.421261079
2061,"India","Ambitious-Baseline-High Capacity-Baseline-Baseline",492713.253904925
2061,"India","Ambitious-Baseline-Low Capacity-Baseline-Baseline",273688.161442468
2061,"India","Ambitious-Baseline-Low Capacity-Baseline-Recycling Medium",235735.811436319
2061,"India","Ambitious-Double LFP-Baseline-Baseline-Baseline",312145.690119239
2061,"India","Ambitious-Double NMC 811-Baseline-Baseline-Baseline",311514.08401049
2061,"India","Ambitious-Sodium Battery adoption-Baseline-Baseline-Baseline",311876.705317482
2061,"India","Ambitious-Solid State adoption-Baseline-Baseline-Baseline",311888.421261079
2061,"Japan","Ambitious-Baseline-Baseline-Baseline-Baseline",104009.062820547
2061,"Japan","Ambitious-Baseline-Baseline-Baseline-Enhanced SSPS",104009.062820547
2061,"Japan","Ambitious-Baseline-Baseline-Baseline-Enhanced recycling",39995.9441105824
2061,"Japan","Ambitious-Baseline-Baseline-Baseline-USA Recycling",104009.062820547
2061,"Japan","Ambitious-Baseline-High Capacity-Baseline-Baseline",151789.730760661
2061,"Japan","Ambitious-Baseline-Low Capacity-Baseline-Baseline",89914.6506260629
2061,"Japan","Ambitious-Baseline-Low Capacity-Baseline-Recycling Medium",74237.913213998
2061,"Japan","Ambitious-Double LFP-Baseline-Baseline-Baseline",104501.230930475
2061,"Japan","Ambitious-Double NMC 811-Baseline-Baseline-Baseline",103522.116427099
2061,"Japan","Ambitious-Sodium Battery adoption-Baseline-Baseline-Baseline",103987.174907424
2061,"Japan","Ambitious-Solid State adoption-Baseline-Baseline-Baseline",104009.062820547
2061,"Mexico","Ambitious-Baseline-Baseline-Baseline-Baseline",98416.5454670847
2061,"Mexico","Ambitious-Baseline-Baseline-Baseline-Enhanced SSPS",98416.5454670847
2061,"Mexico","Ambitious-Baseline-Baseline-Baseline-Enhanced recycling",42280.0192113904
2061,"Mexico","Ambitious-Baseline-Baseline-Baseline-USA Recycling",98416.5454670847
2061,"Mexico","Ambitious-Baseline-High Capacity-Baseline-Baseline",129684.106164087
2061,"Mexico","Ambitious-Baseline-Low Capacity-Baseline-Baseline",73421.5066130525
2061,"Mexico","Ambitious-Baseline-Low Capacity-Baseline-Recycling Medium",58892.6376480104
2061,"Mexico","Ambitious-Double LFP-Baseline-Baseline-Baseline",102170.602032162
2061,"Mexico","Ambitious-Double NMC 811-Baseline-Baseline-Baseline",95282.2430731926
2061,"Mexico","Ambitious-Sodium Battery adoption-Baseline-Baseline-Baseline",98242.669218187
2061,"Mexico","Ambitious-Solid State adoption-Baseline-Baseline-Baseline",98416.5454670848
2061,"Middle East","Ambitious-Baseline-Baseline-Baseline-Baseline",404396.394581434
2061,"Middle East","Ambitious-Baseline-Baseline-Baseline-Enhanced SSPS",405843.910201005
2061,"Middle East","Ambitious-Baseline-Baseline-Baseline-Enhanced recycling",197746.371924437
2061,"Middle East","Ambitious-Baseline-Baseline-Baseline-USA Recycling",404396.394581434
2061,"Middle East","Ambitious-Baseline-High Capacity-Baseline-Baseline",509973.227330914
2061,"Middle East","Ambitious-Baseline-Low Capacity-Baseline-Baseline",280467.646295474
2061,"Middle East","Ambitious-Baseline-Low Capacity-Baseline-Recycling Medium",232389.23665371
2061,"Middle East","Ambitious-Double LFP-Baseline-Baseline-Baseline",416463.318764415
2061,"Middle East","Ambitious-Double NMC 811-Baseline-Baseline-Baseline",400245.801193137
2061,"Middle East","Ambitious-Sodium Battery adoption-Baseline-Baseline-Baseline",403854.592144138
2061,"Middle East","Ambitious-Solid State adoption-Baseline-Baseline-Baseline",404396.394581434
2061,"Other Asia Pacific","Ambitious-Baseline-Baseline-Baseline-Baseline",267539.910438039
2061,"Other Asia Pacific","Ambitious-Baseline-Baseline-Baseline-Enhanced SSPS",269521.837646627
2061,"Other Asia Pacific","Ambitious-Baseline-Baseline-Baseline-Enhanced recycling",138353.451056455
2061,"Other Asia Pacific","Ambitious-Baseline-Baseline-Baseline-USA Recycling",267539.910438039
2061,"Other Asia Pacific","Ambitious-Baseline-High Capacity-Baseline-Baseline",361740.848924431
2061,"Other Asia Pacific","Ambitious-Baseline-Low Capacity-Baseline-Baseline",180462.870789598
2061,"Other Asia Pacific","Ambitious-Baseline-Low Capacity-Baseline-Recycling Medium",150224.99366439
2061,"Other Asia Pacific","Ambitious-Double LFP-Baseline-Baseline-Baseline",268692.357743848
2061,"Other Asia Pacific","Ambitious-Double NMC 811-Baseline-Baseline-Baseline",266359.496431276
2061,"Other Asia Pacific","Ambitious-Sodium Battery adoption-Baseline-Baseline-Baseline",267479.129809551
2061,"Other Asia Pacific","Ambitious-Solid State adoption-Baseline-Baseline-Baseline",267539.910438039
2061,"Other Europe","Ambitious-Baseline-Baseline-Baseline-Baseline",199346.522004632
2061,"Other Europe","Ambitious-Baseline-Baseline-Baseline-Enhanced SSPS",199479.556332448
2061,"Other Europe","Ambitious-Baseline-Baseline-Baseline-Enhanced recycling",90595.5092146562
2061,"Other Europe","Ambitious-Baseline-Baseline-Baseline-USA Recycling",199346.522004632
2061,"Other Europe","Ambitious-Baseline-High Capacity-Baseline-Baseline",260932.679393819
2061,"Other Europe","Ambitious-Baseline-Low Capacity-Baseline-Baseline",149509.304251288
2061,"Other Europe","Ambitious-Baseline-Low Capacity-Baseline-Recycling Medium",124915.694681958
2061,"Other Europe","Ambitious-Double LFP-Baseline-Baseline-Baseline",201591.556811702
2061,"Other Europe","Ambitious-Double NMC 811-Baseline-Baseline-Baseline",197305.369603967
2061,"Other Europe","Ambitious-Sodium Battery adoption-Baseline-Baseline-Baseline",199245.4263111
2061,"Other Europe","Ambitious-Solid State adoption-Baseline-Baseline-Baseline",199346.522004632
2061,"Other Latin America and Caribbean","Ambitious-Baseline-Baseline-Baseline-Baseline",430845.543860974
2061,"Other Latin America and Caribbean","Ambitious-Baseline-Baseline-Baseline-Enhanced SSPS",437333.310506152
2061,"Other Latin America and Caribbean","Ambitious-Baseline-Baseline-Baseline-Enhanced recycling",166780.090025298
2061,"Other Latin America and Caribbean","Ambitious-Baseline-Baseline-Baseline-USA Recycling",430845.543860974
2061,"Other Latin America and Caribbean","Ambitious-Baseline-High Capacity-Baseline-Baseline",595450.007853639
2061,"Other Latin America and Caribbean","Ambitious-Baseline-Low Capacity-Baseline-Baseline",317643.20928781
2061,"Other Latin America and Caribbean","Ambitious-Baseline-Low Capacity-Baseline-Recycling Medium",246805.483869205
2061,"Other Latin America and Caribbean","Ambitious-Double LFP-Baseline-Baseline-Baseline",454717.614654572
2061,"Other Latin America and Caribbean","Ambitious-Double NMC 811-Baseline-Baseline-Baseline",416559.014232177
2061,"Other Latin America and Caribbean","Ambitious-Sodium Battery adoption-Baseline-Baseline-Baseline",429711.718855067
2061,"Other Latin America and Caribbean","Ambitious-Solid State adoption-Baseline-Baseline-Baseline",430845.543860974
2061,"South Korea","Ambitious-Baseline-Baseline-Baseline-Baseline",60328.7215043649
2061,"South Korea","Ambitious-Baseline-Baseline-Baseline-Enhanced SSPS",60328.7215043649
2061,"South Korea","Ambitious-Baseline-Baseline-Baseline-Enhanced recycling",24525.0590321641
2061,"South Korea","Ambitious-Baseline-Baseline-Baseline-USA Recycling",60328.7215043649
2061,"South Korea","Ambitious-Baseline-High Capacity-Baseline-Baseline",77631.5361704546
2061,"South Korea","Ambitious-Baseline-Low Capacity-Baseline-Baseline",48645.5109018625
2061,"South Korea","Ambitious-Baseline-Low Capacity-Baseline-Recycling Medium",41089.3542087381
2061,"South Korea","Ambitious-Double LFP-Baseline-Baseline-Baseline",60590.4584781849
2061,"South Korea","Ambitious-Double NMC 811-Baseline-Baseline-Baseline",60069.0974612028
2061,"South Korea","Ambitious-Sodium Battery adoption-Baseline-Baseline-Baseline",60317.0602100419
2061,"South Korea","Ambitious-Solid State adoption-Baseline-Baseline-Baseline",60328.7215043649
2061,"United Kingdom","Ambitious-Baseline-Baseline-Baseline-Baseline",97851.605058963
2061,"United Kingdom","Ambitious-Baseline-Baseline-Baseline-Enhanced SSPS",97851.605058963
2061,"United Kingdom","Ambitious-Baseline-Baseline-Baseline-Enhanced recycling",38453.1857390284
2061,"United Kingdom","Ambitious-Baseline-Baseline-Baseline-USA Recycling",97851.605058963
2061,"United Kingdom","Ambitious-Baseline-High Capacity-Baseline-Baseline",127445.497404354
2061,"United Kingdom","Ambitious-Baseline-Low Capacity-Baseline-Baseline",72380.3846907229
2061,"United Kingdom","Ambitious-Baseline-Low Capacity-Baseline-Recycling Medium",57223.5156330402
2061,"United Kingdom","Ambitious-Double LFP-Baseline-Baseline-Baseline",98737.7379733953
2061,"United Kingdom","Ambitious-Double NMC 811-Baseline-Baseline-Baseline",97465.5459509011
2061,"United Kingdom","Ambitious-Sodium Battery adoption-Baseline-Baseline-Baseline",97812.4640551623
2061,"United Kingdom","Ambitious-Solid State adoption-Baseline-Baseline-Baseline",97851.6050589631
2061,"United States","Ambitious-Baseline-Baseline-Baseline-Baseline",542110.193868564
2061,"United States","Ambitious-Baseline-Baseline-Baseline-Enhanced SSPS",542110.193868564
2061,"United States","Ambitious-Baseline-Baseline-Baseline-Enhanced recycling",203783.937456167
2061,"United States","Ambitious-Baseline-Baseline-Baseline-USA Recycling",203783.937456167
2061,"United States","Ambitious-Baseline-High Capacity-Baseline-Baseline",660207.953347318
2061,"United States","Ambitious-Baseline-Low Capacity-Baseline-Baseline",378131.044729518
2061,"United States","Ambitious-Baseline-Low Capacity-Baseline-Recycling Medium",313159.709416367
2061,"United States","Ambitious-Double LFP-Baseline-Baseline-Baseline",565865.938986632
2061,"United States","Ambitious-Double NMC 811-Baseline-Baseline-Baseline",522478.707562012
2061,"United States","Ambitious-Sodium Battery adoption-Baseline-Baseline-Baseline",541029.820387378
2061,"United States","Ambitious-Solid State adoption-Baseline-Baseline-Baseline",542110.193868564
2062,"ASEAN","Ambitious-Baseline-Baseline-Baseline-Baseline",538363.045132046
2062,"ASEAN","Ambitious-Baseline-Baseline-Baseline-Enhanced SSPS",539067.020273957
2062,"ASEAN","Ambitious-Baseline-Baseline-Baseline-Enhanced recycling",260823.714289787
2062,"ASEAN","Ambitious-Baseline-Baseline-Baseline-USA Recycling",538363.045132046
2062,"ASEAN","Ambitious-Baseline-High Capacity-Baseline-Baseline",791086.0957522
2062,"ASEAN","Ambitious-Baseline-Low Capacity-Baseline-Baseline",430605.489378428
2062,"ASEAN","Ambitious-Baseline-Low Capacity-Baseline-Recycling Medium",354369.048893528
2062,"ASEAN","Ambitious-Double LFP-Baseline-Baseline-Baseline",571974.005899591
2062,"ASEAN","Ambitious-Double NMC 811-Baseline-Baseline-Baseline",519522.887120774
2062,"ASEAN","Ambitious-Sodium Battery adoption-Baseline-Baseline-Baseline",536463.790044527
2062,"ASEAN","Ambitious-Solid State adoption-Baseline-Baseline-Baseline",538363.045132046
2062,"Africa","Ambitious-Baseline-Baseline-Baseline-Baseline",287873.508149353
2062,"Africa","Ambitious-Baseline-Baseline-Baseline-Enhanced SSPS",294177.247033778
2062,"Africa","Ambitious-Baseline-Baseline-Baseline-Enhanced recycling",144044.435805674
2062,"Africa","Ambitious-Baseline-Baseline-Baseline-USA Recycling",287873.508149353
2062,"Africa","Ambitious-Baseline-High Capacity-Baseline-Baseline",411094.255624749
2062,"Africa","Ambitious-Baseline-Low Capacity-Baseline-Baseline",215347.892604605
2062,"Africa","Ambitious-Baseline-Low Capacity-Baseline-Recycling Medium",174753.980576601
2062,"Africa","Ambitious-Double LFP-Baseline-Baseline-Baseline",294098.700564969
2062,"Africa","Ambitious-Double NMC 811-Baseline-Baseline-Baseline",281783.81660635
2062,"Africa","Ambitious-Sodium Battery adoption-Baseline-Baseline-Baseline",287584.283514422
2062,"Africa","Ambitious-Solid State adoption-Baseline-Baseline-Baseline",287873.508149352
2062,"Australia/NZ","Ambitious-Baseline-Baseline-Baseline-Baseline",45781.0432715213
2062,"Australia/NZ","Ambitious-Baseline-Baseline-Baseline-Enhanced SSPS",45781.0432715213
2062,"Australia/NZ","Ambitious-Baseline-Baseline-Baseline-Enhanced recycling",13712.4627633737
2062,"Australia/NZ","Ambitious-Baseline-Baseline-Baseline-USA Recycling",45781.0432715213
2062,"Australia/NZ","Ambitious-Baseline-High Capacity-Baseline-Baseline",60132.6270820856
2062,"Australia/NZ","Ambitious-Baseline-Low Capacity-Baseline-Baseline",34020.2994131872
2062,"Australia/NZ","Ambitious-Baseline-Low Capacity-Baseline-Recycling Medium",25999.2059883079
2062,"Australia/NZ","Ambitious-Double LFP-Baseline-Baseline-Baseline",47976.348932851
2062,"Australia/NZ","Ambitious-Double NMC 811-Baseline-Baseline-Baseline",45481.6313955686
2062,"Australia/NZ","Ambitious-Sodium Battery adoption-Baseline-Baseline-Baseline",45683.4397475
2062,"Australia/NZ","Ambitious-Solid State adoption-Baseline-Baseline-Baseline",45781.0432715214
2062,"Brazil","Ambitious-Baseline-Baseline-Baseline-Baseline",160177.696100267
2062,"Brazil","Ambitious-Baseline-Baseline-Baseline-Enhanced SSPS",160177.696100267
2062,"Brazil","Ambitious-Baseline-Baseline-Baseline-Enhanced recycling",74941.7835980956
2062,"Brazil","Ambitious-Baseline-Baseline-Baseline-USA Recycling",160177.696100267
2062,"Brazil","Ambitious-Baseline-High Capacity-Baseline-Baseline",231944.72143449
2062,"Brazil","Ambitious-Baseline-Low Capacity-Baseline-Baseline",124770.385902446
2062,"Brazil","Ambitious-Baseline-Low Capacity-Baseline-Recycling Medium",102039.553088828
2062,"Brazil","Ambitious-Double LFP-Baseline-Baseline-Baseline",176305.038380508
2062,"Brazil","Ambitious-Double NMC 811-Baseline-Baseline-Baseline",146528.484285334
2062,"Brazil","Ambitious-Sodium Battery adoption-Baseline-Baseline-Baseline",159428.272140025
2062,"Brazil","Ambitious-Solid State adoption-Baseline-Baseline-Baseline",160177.696100267
2062,"Canada","Ambitious-Baseline-Baseline-Baseline-Baseline",64849.8730407984
2062,"Canada","Ambitious-Baseline-Baseline-Baseline-Enhanced SSPS",64849.8730407984
2062,"Canada","Ambitious-Baseline-Baseline-Baseline-Enhanced recycling",25965.9440504486
2062,"Canada","Ambitious-Baseline-Baseline-Baseline-USA Recycling",64849.8730407984
2062,"Canada","Ambitious-Baseline-High Capacity-Baseline-Baseline",81791.7898091072
2062,"Canada","Ambitious-Baseline-Low Capacity-Baseline-Baseline",48370.4504545313
2062,"Canada","Ambitious-Baseline-Low Capacity-Baseline-Recycling Medium",40843.2625480186
2062,"Canada","Ambitious-Double LFP-Baseline-Baseline-Baseline",67620.6211280655
2062,"Canada","Ambitious-Double NMC 811-Baseline-Baseline-Baseline",62545.4783199096
2062,"Canada","Ambitious-Sodium Battery adoption-Baseline-Baseline-Baseline",64722.3381393968
2062,"Canada","Ambitious-Solid State adoption-Baseline-Baseline-Baseline",64849.8730407985
2062,"China","Ambitious-Baseline-Baseline-Baseline-Baseline",589422.231656064
2062,"China","Ambitious-Baseline-Baseline-Baseline-Enhanced SSPS",589422.231656064
2062,"China","Ambitious-Baseline-Baseline-Baseline-Enhanced recycling",589422.231656064
2062,"China","Ambitious-Baseline-Baseline-Baseline-USA Recycling",589422.231656064
2062,"China","Ambitious-Baseline-High Capacity-Baseline-Baseline",831079.166513291
2062,"China","Ambitious-Baseline-Low Capacity-Baseline-Baseline",503174.29320996
2062,"China","Ambitious-Baseline-Low Capacity-Baseline-Recycling Medium",503174.29320996
2062,"China","Ambitious-Double LFP-Baseline-Baseline-Baseline",656301.002322451
2062,"China","Ambitious-Double NMC 811-Baseline-Baseline-Baseline",541065.123936167
2062,"China","Ambitious-Sodium Battery adoption-Baseline-Baseline-Baseline",585976.779645623
2062,"China","Ambitious-Solid State adoption-Baseline-Baseline-Baseline",589422.231656064
2062,"EFTA","Ambitious-Baseline-Baseline-Baseline-Baseline",23274.5472195991
2062,"EFTA","Ambitious-Baseline-Baseline-Baseline-Enhanced SSPS",22922.9651249745
2062,"EFTA","Ambitious-Baseline-Baseline-Baseline-Enhanced recycling",10500.8456477345
2062,"EFTA","Ambitious-Baseline-Baseline-Baseline-USA Recycling",23274.5472195991
2062,"EFTA","Ambitious-Baseline-High Capacity-Baseline-Baseline",28923.9603340765
2062,"EFTA","Ambitious-Baseline-Low Capacity-Baseline-Baseline",17650.9058303479
2062,"EFTA","Ambitious-Baseline-Low Capacity-Baseline-Recycling Medium",14680.1268680407
2062,"EFTA","Ambitious-Double LFP-Baseline-Baseline-Baseline",23499.1204526571
2062,"EFTA","Ambitious-Double NMC 811-Baseline-Baseline-Baseline",23176.0421157484
2062,"EFTA","Ambitious-Sodium Battery adoption-Baseline-Baseline-Baseline",23239.7525818183
2062,"EFTA","Ambitious-Solid State adoption-Baseline-Baseline-Baseline",23274.5472195991
2062,"European Union","Ambitious-Baseline-Baseline-Baseline-Baseline",275722.277880556
2062,"European Union","Ambitious-Baseline-Baseline-Baseline-Enhanced SSPS",275709.810339593
2062,"European Union","Ambitious-Baseline-Baseline-Baseline-Enhanced recycling",275775.653335818
2062,"European Union","Ambitious-Baseline-Baseline-Baseline-USA Recycling",275722.277880556
2062,"European Union","Ambitious-Baseline-High Capacity-Baseline-Baseline",365595.720738354
2062,"European Union","Ambitious-Baseline-Low Capacity-Baseline-Baseline",230620.40871626
2062,"European Union","Ambitious-Baseline-Low Capacity-Baseline-Recycling Medium",230696.999393762
2062,"European Union","Ambitious-Double LFP-Baseline-Baseline-Baseline",278478.555412409
2062,"European Union","Ambitious-Double NMC 811-Baseline-Baseline-Baseline",274599.111242425
2062,"European Union","Ambitious-Sodium Battery adoption-Baseline-Baseline-Baseline",275613.055196974
2062,"European Union","Ambitious-Solid State adoption-Baseline-Baseline-Baseline",275722.277880556
2062,"India","Ambitious-Baseline-Baseline-Baseline-Baseline",312621.720511298
2062,"India","Ambitious-Baseline-Baseline-Baseline-Enhanced SSPS",312621.720511298
2062,"India","Ambitious-Baseline-Baseline-Baseline-Enhanced recycling",164698.936209504
2062,"India","Ambitious-Baseline-Baseline-Baseline-USA Recycling",312621.720511298
2062,"India","Ambitious-Baseline-High Capacity-Baseline-Baseline",493676.090811358
2062,"India","Ambitious-Baseline-Low Capacity-Baseline-Baseline",274320.474230575
2062,"India","Ambitious-Baseline-Low Capacity-Baseline-Recycling Medium",235442.561935711
2062,"India","Ambitious-Double LFP-Baseline-Baseline-Baseline",312878.537784324
2062,"India","Ambitious-Double NMC 811-Baseline-Baseline-Baseline",312241.271388813
2062,"India","Ambitious-Sodium Battery adoption-Baseline-Baseline-Baseline",312609.954076409
2062,"India","Ambitious-Solid State adoption-Baseline-Baseline-Baseline",312621.720511298
2062,"Japan","Ambitious-Baseline-Baseline-Baseline-Baseline",103719.659751089
2062,"Japan","Ambitious-Baseline-Baseline-Baseline-Enhanced SSPS",103719.659751089
2062,"Japan","Ambitious-Baseline-Baseline-Baseline-Enhanced recycling",39790.1525301543
2062,"Japan","Ambitious-Baseline-Baseline-Baseline-USA Recycling",103719.659751089
2062,"Japan","Ambitious-Baseline-High Capacity-Baseline-Baseline",151231.007972136
2062,"Japan","Ambitious-Baseline-Low Capacity-Baseline-Baseline",89701.3267996097
2062,"Japan","Ambitious-Baseline-Low Capacity-Baseline-Recycling Medium",74155.7811628767
2062,"Japan","Ambitious-Double LFP-Baseline-Baseline-Baseline",104207.783337452
2062,"Japan","Ambitious-Double NMC 811-Baseline-Baseline-Baseline",103228.046772228
2062,"Japan","Ambitious-Sodium Battery adoption-Baseline-Baseline-Baseline",103697.711531174
2062,"Japan","Ambitious-Solid State adoption-Baseline-Baseline-Baseline",103719.659751089
2062,"Mexico","Ambitious-Baseline-Baseline-Baseline-Baseline",98099.5327318471
2062,"Mexico","Ambitious-Baseline-Baseline-Baseline-Enhanced SSPS",98099.5327318471
2062,"Mexico","Ambitious-Baseline-Baseline-Baseline-Enhanced recycling",41013.7923943619
2062,"Mexico","Ambitious-Baseline-Baseline-Baseline-USA Recycling",98099.5327318471
2062,"Mexico","Ambitious-Baseline-High Capacity-Baseline-Baseline",129239.545028015
2062,"Mexico","Ambitious-Baseline-Low Capacity-Baseline-Baseline",73217.8820968545
2062,"Mexico","Ambitious-Baseline-Low Capacity-Baseline-Recycling Medium",58459.5502094424
2062,"Mexico","Ambitious-Double LFP-Baseline-Baseline-Baseline",101810.607195646
2062,"Mexico","Ambitious-Double NMC 811-Baseline-Baseline-Baseline",94993.6294806699
2062,"Mexico","Ambitious-Sodium Battery adoption-Baseline-Baseline-Baseline",97926.8124849595
2062,"Mexico","Ambitious-Solid State adoption-Baseline-Baseline-Baseline",98099.5327318472
2062,"Middle East","Ambitious-Baseline-Baseline-Baseline-Baseline",402185.06180187
2062,"Middle East","Ambitious-Baseline-Baseline-Baseline-Enhanced SSPS",403677.175986784
2062,"Middle East","Ambitious-Baseline-Baseline-Baseline-Enhanced recycling",190429.082096414
2062,"Middle East","Ambitious-Baseline-Baseline-Baseline-USA Recycling",402185.06180187
2062,"Middle East","Ambitious-Baseline-High Capacity-Baseline-Baseline",507109.262224842
2062,"Middle East","Ambitious-Baseline-Low Capacity-Baseline-Baseline",279020.012216477
2062,"Middle East","Ambitious-Baseline-Low Capacity-Baseline-Recycling Medium",229802.318506199
2062,"Middle East","Ambitious-Double LFP-Baseline-Baseline-Baseline",414125.367809717
2062,"Middle East","Ambitious-Double NMC 811-Baseline-Baseline-Baseline",398072.99149598
2062,"Middle East","Ambitious-Sodium Battery adoption-Baseline-Baseline-Baseline",401645.05088226
2062,"Middle East","Ambitious-Solid State adoption-Baseline-Baseline-Baseline",402185.06180187
2062,"Other Asia Pacific","Ambitious-Baseline-Baseline-Baseline-Baseline",265436.559648511
2062,"Other Asia Pacific","Ambitious-Baseline-Baseline-Baseline-Enhanced SSPS",267532.850622681
2062,"Other Asia Pacific","Ambitious-Baseline-Baseline-Baseline-Enhanced recycling",131954.022887297
2062,"Other Asia Pacific","Ambitious-Baseline-Baseline-Baseline-USA Recycling",265436.559648511
2062,"Other Asia Pacific","Ambitious-Baseline-High Capacity-Baseline-Baseline",358998.019025681
2062,"Other Asia Pacific","Ambitious-Baseline-Low Capacity-Baseline-Baseline",179058.06154295
2062,"Other Asia Pacific","Ambitious-Baseline-Low Capacity-Baseline-Recycling Medium",147764.973417843
2062,"Other Asia Pacific","Ambitious-Double LFP-Baseline-Baseline-Baseline",266571.005124336
2062,"Other Asia Pacific","Ambitious-Double NMC 811-Baseline-Baseline-Baseline",264265.600046159
2062,"Other Asia Pacific","Ambitious-Sodium Battery adoption-Baseline-Baseline-Baseline",265377.103838706
2062,"Other Asia Pacific","Ambitious-Solid State adoption-Baseline-Baseline-Baseline",265436.55964851
2062,"Other Europe","Ambitious-Baseline-Baseline-Baseline-Baseline",197101.433090779
2062,"Other Europe","Ambitious-Baseline-Baseline-Baseline-Enhanced SSPS",197238.695260609
2062,"Other Europe","Ambitious-Baseline-Baseline-Baseline-Enhanced recycling",86507.456984461
2062,"Other Europe","Ambitious-Baseline-Baseline-Baseline-USA Recycling",197101.433090779
2062,"Other Europe","Ambitious-Baseline-High Capacity-Baseline-Baseline",257884.245991217
2062,"Other Europe","Ambitious-Baseline-Low Capacity-Baseline-Baseline",148046.776411534
2062,"Other Europe","Ambitious-Baseline-Low Capacity-Baseline-Recycling Medium",122991.679458049
2062,"Other Europe","Ambitious-Double LFP-Baseline-Baseline-Baseline",199304.477369723
2062,"Other Europe","Ambitious-Double NMC 811-Baseline-Baseline-Baseline",195082.587056331
2062,"Other Europe","Ambitious-Sodium Battery adoption-Baseline-Baseline-Baseline",197001.592097274
2062,"Other Europe","Ambitious-Solid State adoption-Baseline-Baseline-Baseline",197101.433090779
2062,"Other Latin America and Caribbean","Ambitious-Baseline-Baseline-Baseline-Baseline",426086.231449024
2062,"Other Latin America and Caribbean","Ambitious-Baseline-Baseline-Baseline-Enhanced SSPS",432756.822703262
2062,"Other Latin America and Caribbean","Ambitious-Baseline-Baseline-Baseline-Enhanced recycling",156754.10478818
2062,"Other Latin America and Caribbean","Ambitious-Baseline-Baseline-Baseline-USA Recycling",426086.231449024
2062,"Other Latin America and Caribbean","Ambitious-Baseline-High Capacity-Baseline-Baseline",589011.846021544
2062,"Other Latin America and Caribbean","Ambitious-Baseline-Low Capacity-Baseline-Baseline",314020.447939027
2062,"Other Latin America and Caribbean","Ambitious-Baseline-Low Capacity-Baseline-Recycling Medium",241696.332513707
2062,"Other Latin America and Caribbean","Ambitious-Double LFP-Baseline-Baseline-Baseline",449511.48812143
2062,"Other Latin America and Caribbean","Ambitious-Double NMC 811-Baseline-Baseline-Baseline",412140.207627285
2062,"Other Latin America and Caribbean","Ambitious-Sodium Battery adoption-Baseline-Baseline-Baseline",424972.494444583
2062,"Other Latin America and Caribbean","Ambitious-Solid State adoption-Baseline-Baseline-Baseline",426086.231449024
2062,"South Korea","Ambitious-Baseline-Baseline-Baseline-Baseline",60552.0043654612
2062,"South Korea","Ambitious-Baseline-Baseline-Baseline-Enhanced SSPS",60552.0043654612
2062,"South Korea","Ambitious-Baseline-Baseline-Baseline-Enhanced recycling",24890.2321630729
2062,"South Korea","Ambitious-Baseline-Baseline-Baseline-USA Recycling",60552.0043654612
2062,"South Korea","Ambitious-Baseline-High Capacity-Baseline-Baseline",77886.6168847242
2062,"South Korea","Ambitious-Baseline-Low Capacity-Baseline-Baseline",48936.1626022315
2062,"South Korea","Ambitious-Baseline-Low Capacity-Baseline-Recycling Medium",41374.1847446291
2062,"South Korea","Ambitious-Double LFP-Baseline-Baseline-Baseline",60812.7416754503
2062,"South Korea","Ambitious-Double NMC 811-Baseline-Baseline-Baseline",60288.7240618279
2062,"South Korea","Ambitious-Sodium Battery adoption-Baseline-Baseline-Baseline",60540.2589042844
2062,"South Korea","Ambitious-Solid State adoption-Baseline-Baseline-Baseline",60552.0043654612
2062,"United Kingdom","Ambitious-Baseline-Baseline-Baseline-Baseline",98221.9077922559
2062,"United Kingdom","Ambitious-Baseline-Baseline-Baseline-Enhanced SSPS",98221.907792256
2062,"United Kingdom","Ambitious-Baseline-Baseline-Baseline-Enhanced recycling",38254.4233990154
2062,"United Kingdom","Ambitious-Baseline-Baseline-Baseline-USA Recycling",98221.9077922559
2062,"United Kingdom","Ambitious-Baseline-High Capacity-Baseline-Baseline",127948.507864455
2062,"United Kingdom","Ambitious-Baseline-Low Capacity-Baseline-Baseline",72629.4953379359
2062,"United Kingdom","Ambitious-Baseline-Low Capacity-Baseline-Recycling Medium",57332.6889862522
2062,"United Kingdom","Ambitious-Double LFP-Baseline-Baseline-Baseline",99108.1473917389
2062,"United Kingdom","Ambitious-Double NMC 811-Baseline-Baseline-Baseline",97833.3333838313
2062,"United Kingdom","Ambitious-Sodium Battery adoption-Baseline-Baseline-Baseline",98182.2587816841
2062,"United Kingdom","Ambitious-Solid State adoption-Baseline-Baseline-Baseline",98221.9077922561
2062,"United States","Ambitious-Baseline-Baseline-Baseline-Baseline",541267.011702286
2062,"United States","Ambitious-Baseline-Baseline-Baseline-Enhanced SSPS",541267.011702286
2062,"United States","Ambitious-Baseline-Baseline-Baseline-Enhanced recycling",201024.581945538
2062,"United States","Ambitious-Baseline-Baseline-Baseline-USA Recycling",201024.581945537
2062,"United States","Ambitious-Baseline-High Capacity-Baseline-Baseline",658993.578230582
2062,"United States","Ambitious-Baseline-Low Capacity-Baseline-Baseline",377929.655325955
2062,"United States","Ambitious-Baseline-Low Capacity-Baseline-Recycling Medium",312724.122198089
2062,"United States","Ambitious-Double LFP-Baseline-Baseline-Baseline",564710.933663782
2062,"United States","Ambitious-Double NMC 811-Baseline-Baseline-Baseline",521802.458714041
2062,"United States","Ambitious-Sodium Battery adoption-Baseline-Baseline-Baseline",540191.098532224
2062,"United States","Ambitious-Solid State adoption-Baseline-Baseline-Baseline",541267.011702286
2063,"ASEAN","Ambitious-Baseline-Baseline-Baseline-Baseline",534489.552004327
2063,"ASEAN","Ambitious-Baseline-Baseline-Baseline-Enhanced SSPS",535215.06684824
2063,"ASEAN","Ambitious-Baseline-Baseline-Baseline-Enhanced recycling",249648.457389753
2063,"ASEAN","Ambitious-Baseline-Baseline-Baseline-USA Recycling",534489.552004327
2063,"ASEAN","Ambitious-Baseline-High Capacity-Baseline-Baseline",785158.400835103
2063,"ASEAN","Ambitious-Baseline-Low Capacity-Baseline-Baseline",427511.994845344
2063,"ASEAN","Ambitious-Baseline-Low Capacity-Baseline-Recycling Medium",349150.197323206
2063,"ASEAN","Ambitious-Double LFP-Baseline-Baseline-Baseline",567733.345464584
2063,"ASEAN","Ambitious-Double NMC 811-Baseline-Baseline-Baseline",515901.768749189
2063,"ASEAN","Ambitious-Sodium Battery adoption-Baseline-Baseline-Baseline",532605.79730845
2063,"ASEAN","Ambitious-Solid State adoption-Baseline-Baseline-Baseline",534489.552004327
2063,"Africa","Ambitious-Baseline-Baseline-Baseline-Baseline",285367.65563957
2063,"Africa","Ambitious-Baseline-Baseline-Baseline-Enhanced SSPS",291931.941185258
2063,"Africa","Ambitious-Baseline-Baseline-Baseline-Enhanced recycling",137184.364168233
2063,"Africa","Ambitious-Baseline-Baseline-Baseline-USA Recycling",285367.65563957
2063,"Africa","Ambitious-Baseline-High Capacity-Baseline-Baseline",407616.364772381
2063,"Africa","Ambitious-Baseline-Low Capacity-Baseline-Baseline",213445.55587673
2063,"Africa","Ambitious-Baseline-Low Capacity-Baseline-Recycling Medium",171564.441582536
2063,"Africa","Ambitious-Double LFP-Baseline-Baseline-Baseline",291491.950295905
2063,"Africa","Ambitious-Double NMC 811-Baseline-Baseline-Baseline",279347.518394499
2063,"Africa","Ambitious-Sodium Battery adoption-Baseline-Baseline-Baseline",285082.059322038
2063,"Africa","Ambitious-Solid State adoption-Baseline-Baseline-Baseline",285367.65563957
2063,"Australia/NZ","Ambitious-Baseline-Baseline-Baseline-Baseline",45307.1775207547
2063,"Australia/NZ","Ambitious-Baseline-Baseline-Baseline-Enhanced SSPS",45307.1775207547
2063,"Australia/NZ","Ambitious-Baseline-Baseline-Baseline-Enhanced recycling",13009.397507887
2063,"Australia/NZ","Ambitious-Baseline-Baseline-Baseline-USA Recycling",45307.1775207547
2063,"Australia/NZ","Ambitious-Baseline-High Capacity-Baseline-Baseline",59500.2370795397
2063,"Australia/NZ","Ambitious-Baseline-Low Capacity-Baseline-Baseline",33702.7646281375
2063,"Australia/NZ","Ambitious-Baseline-Low Capacity-Baseline-Recycling Medium",25629.6865243716
2063,"Australia/NZ","Ambitious-Double LFP-Baseline-Baseline-Baseline",47455.9552776943
2063,"Australia/NZ","Ambitious-Double NMC 811-Baseline-Baseline-Baseline",45014.2711599115
2063,"Australia/NZ","Ambitious-Sodium Battery adoption-Baseline-Baseline-Baseline",45210.5776571944
2063,"Australia/NZ","Ambitious-Solid State adoption-Baseline-Baseline-Baseline",45307.1775207548
2063,"Brazil","Ambitious-Baseline-Baseline-Baseline-Baseline",158621.857607949
2063,"Brazil","Ambitious-Baseline-Baseline-Baseline-Enhanced SSPS",158621.857607949
2063,"Brazil","Ambitious-Baseline-Baseline-Baseline-Enhanced recycling",71420.0325379866
2063,"Brazil","Ambitious-Baseline-Baseline-Baseline-USA Recycling",158621.857607949
2063,"Brazil","Ambitious-Baseline-High Capacity-Baseline-Baseline",229610.655421765
2063,"Brazil","Ambitious-Baseline-Low Capacity-Baseline-Baseline",123567.371045298
2063,"Brazil","Ambitious-Baseline-Low Capacity-Baseline-Recycling Medium",100309.568950393
2063,"Brazil","Ambitious-Double LFP-Baseline-Baseline-Baseline",174553.11579204
2063,"Brazil","Ambitious-Double NMC 811-Baseline-Baseline-Baseline",145111.752775545
2063,"Brazil","Ambitious-Sodium Battery adoption-Baseline-Baseline-Baseline",157878.82984924
2063,"Brazil","Ambitious-Solid State adoption-Baseline-Baseline-Baseline",158621.857607949
2063,"Canada","Ambitious-Baseline-Baseline-Baseline-Baseline",64839.7351377447
2063,"Canada","Ambitious-Baseline-Baseline-Baseline-Enhanced SSPS",64839.7351377447
2063,"Canada","Ambitious-Baseline-Baseline-Baseline-Enhanced recycling",25875.1153949844
2063,"Canada","Ambitious-Baseline-Baseline-Baseline-USA Recycling",64839.7351377447
2063,"Canada","Ambitious-Baseline-High Capacity-Baseline-Baseline",81747.1074961718
2063,"Canada","Ambitious-Baseline-Low Capacity-Baseline-Baseline",48444.4051057012
2063,"Canada","Ambitious-Baseline-Low Capacity-Baseline-Recycling Medium",40884.1954132744
2063,"Canada","Ambitious-Double LFP-Baseline-Baseline-Baseline",67583.2637631028
2063,"Canada","Ambitious-Double NMC 811-Baseline-Baseline-Baseline",62548.14581978
2063,"Canada","Ambitious-Sodium Battery adoption-Baseline-Baseline-Baseline",64712.4138553229
2063,"Canada","Ambitious-Solid State adoption-Baseline-Baseline-Baseline",64839.7351377448
2063,"China","Ambitious-Baseline-Baseline-Baseline-Baseline",588329.22360082
2063,"China","Ambitious-Baseline-Baseline-Baseline-Enhanced SSPS",588329.22360082
2063,"China","Ambitious-Baseline-Baseline-Baseline-Enhanced recycling",588329.22360082
2063,"China","Ambitious-Baseline-Baseline-Baseline-USA Recycling",588329.22360082
2063,"China","Ambitious-Baseline-High Capacity-Baseline-Baseline",827207.528237099
2063,"China","Ambitious-Baseline-Low Capacity-Baseline-Baseline",503259.991293547
2063,"China","Ambitious-Baseline-Low Capacity-Baseline-Recycling Medium",503259.991293547
2063,"China","Ambitious-Double LFP-Baseline-Baseline-Baseline",653550.367499368
2063,"China","Ambitious-Double NMC 811-Baseline-Baseline-Baseline",541156.626966115
2063,"China","Ambitious-Sodium Battery adoption-Baseline-Baseline-Baseline",584890.011897477
2063,"China","Ambitious-Solid State adoption-Baseline-Baseline-Baseline",588329.223600821
2063,"EFTA","Ambitious-Baseline-Baseline-Baseline-Baseline",23392.7330525075
2063,"EFTA","Ambitious-Baseline-Baseline-Baseline-Enhanced SSPS",23041.8236508275
2063,"EFTA","Ambitious-Baseline-Baseline-Baseline-Enhanced recycling",10545.1083912518
2063,"EFTA","Ambitious-Baseline-Baseline-Baseline-USA Recycling",23392.7330525075
2063,"EFTA","Ambitious-Baseline-High Capacity-Baseline-Baseline",29062.6309276942
2063,"EFTA","Ambitious-Baseline-Low Capacity-Baseline-Baseline",17741.431395382
2063,"EFTA","Ambitious-Baseline-Low Capacity-Baseline-Recycling Medium",14753.9582488962
2063,"EFTA","Ambitious-Double LFP-Baseline-Baseline-Baseline",23617.3829058629
2063,"EFTA","Ambitious-Double NMC 811-Baseline-Baseline-Baseline",23293.6225799271
2063,"EFTA","Ambitious-Sodium Battery adoption-Baseline-Baseline-Baseline",23357.1610944546
2063,"EFTA","Ambitious-Solid State adoption-Baseline-Baseline-Baseline",23392.7330525075
2063,"European Union","Ambitious-Baseline-Baseline-Baseline-Baseline",271846.265988769
2063,"European Union","Ambitious-Baseline-Baseline-Baseline-Enhanced SSPS",271830.492938198
2063,"European Union","Ambitious-Baseline-Baseline-Baseline-Enhanced recycling",271900.754783535
2063,"European Union","Ambitious-Baseline-Baseline-Baseline-USA Recycling",271846.265988769
2063,"European Union","Ambitious-Baseline-High Capacity-Baseline-Baseline",359728.271714561
2063,"European Union","Ambitious-Baseline-Low Capacity-Baseline-Baseline",227766.641287803
2063,"European Union","Ambitious-Baseline-Low Capacity-Baseline-Recycling Medium",227856.961674518
2063,"European Union","Ambitious-Double LFP-Baseline-Baseline-Baseline",274501.70390581
2063,"European Union","Ambitious-Double NMC 811-Baseline-Baseline-Baseline",270741.06665688
2063,"European Union","Ambitious-Sodium Battery adoption-Baseline-Baseline-Baseline",271736.072151508
2063,"European Union","Ambitious-Solid State adoption-Baseline-Baseline-Baseline",271846.26598877
2063,"India","Ambitious-Baseline-Baseline-Baseline-Baseline",313601.269084337
2063,"India","Ambitious-Baseline-Baseline-Baseline-Enhanced SSPS",313601.269084337
2063,"India","Ambitious-Baseline-Baseline-Baseline-Enhanced recycling",162950.438508749
2063,"India","Ambitious-Baseline-Baseline-Baseline-USA Recycling",313601.269084337
2063,"India","Ambitious-Baseline-High Capacity-Baseline-Baseline",495024.846256507
2063,"India","Ambitious-Baseline-Low Capacity-Baseline-Baseline",275155.749205314
2063,"India","Ambitious-Baseline-Low Capacity-Baseline-Recycling Medium",235422.437130891
2063,"India","Ambitious-Double LFP-Baseline-Baseline-Baseline",313857.805681166
2063,"India","Ambitious-Double NMC 811-Baseline-Baseline-Baseline",313214.759580882
2063,"India","Ambitious-Sodium Battery adoption-Baseline-Baseline-Baseline",313589.441652322
2063,"India","Ambitious-Solid State adoption-Baseline-Baseline-Baseline",313601.269084337
2063,"Japan","Ambitious-Baseline-Baseline-Baseline-Baseline",103610.633534591
2063,"Japan","Ambitious-Baseline-Baseline-Baseline-Enhanced SSPS",103610.633534591
2063,"Japan","Ambitious-Baseline-Baseline-Baseline-Enhanced recycling",39838.6157591151
2063,"Japan","Ambitious-Baseline-Baseline-Baseline-USA Recycling",103610.633534591
2063,"Japan","Ambitious-Baseline-High Capacity-Baseline-Baseline",150940.920697349
2063,"Japan","Ambitious-Baseline-Low Capacity-Baseline-Baseline",89637.9519021656
2063,"Japan","Ambitious-Baseline-Low Capacity-Baseline-Recycling Medium",74245.1536621416
2063,"Japan","Ambitious-Double LFP-Baseline-Baseline-Baseline",104095.708153888
2063,"Japan","Ambitious-Double NMC 811-Baseline-Baseline-Baseline",103114.108739191
2063,"Japan","Ambitious-Sodium Battery adoption-Baseline-Baseline-Baseline",103588.589980079
2063,"Japan","Ambitious-Solid State adoption-Baseline-Baseline-Baseline",103610.633534591
2063,"Mexico","Ambitious-Baseline-Baseline-Baseline-Baseline",97902.9964949283
2063,"Mexico","Ambitious-Baseline-Baseline-Baseline-Enhanced SSPS",97902.9964949283
2063,"Mexico","Ambitious-Baseline-Baseline-Baseline-Enhanced recycling",39965.4266000152
2063,"Mexico","Ambitious-Baseline-Baseline-Baseline-USA Recycling",97902.9964949283
2063,"Mexico","Ambitious-Baseline-High Capacity-Baseline-Baseline",128950.964602233
2063,"Mexico","Ambitious-Baseline-Low Capacity-Baseline-Baseline",73108.0454137303
2063,"Mexico","Ambitious-Baseline-Low Capacity-Baseline-Recycling Medium",58145.6303224515
2063,"Mexico","Ambitious-Double LFP-Baseline-Baseline-Baseline",101573.407308622
2063,"Mexico","Ambitious-Double NMC 811-Baseline-Baseline-Baseline",94822.7953525132
2063,"Mexico","Ambitious-Sodium Battery adoption-Baseline-Baseline-Baseline",97731.2724545917
2063,"Mexico","Ambitious-Solid State adoption-Baseline-Baseline-Baseline",97902.9964949283
2063,"Middle East","Ambitious-Baseline-Baseline-Baseline-Baseline",400842.237183289
2063,"Middle East","Ambitious-Baseline-Baseline-Baseline-Enhanced SSPS",402374.712978305
2063,"Middle East","Ambitious-Baseline-Baseline-Baseline-Enhanced recycling",184495.062339717
2063,"Middle East","Ambitious-Baseline-Baseline-Baseline-USA Recycling",400842.237183289
2063,"Middle East","Ambitious-Baseline-High Capacity-Baseline-Baseline",505339.818547204
2063,"Middle East","Ambitious-Baseline-Low Capacity-Baseline-Baseline",278156.961427805
2063,"Middle East","Ambitious-Baseline-Low Capacity-Baseline-Recycling Medium",227849.206106059
2063,"Middle East","Ambitious-Double LFP-Baseline-Baseline-Baseline",412682.88594977
2063,"Middle East","Ambitious-Double NMC 811-Baseline-Baseline-Baseline",396758.612423689
2063,"Middle East","Ambitious-Sodium Battery adoption-Baseline-Baseline-Baseline",400302.563148185
2063,"Middle East","Ambitious-Solid State adoption-Baseline-Baseline-Baseline",400842.23718329
2063,"Other Asia Pacific","Ambitious-Baseline-Baseline-Baseline-Baseline",263649.064352772
2063,"Other Asia Pacific","Ambitious-Baseline-Baseline-Baseline-Enhanced SSPS",265850.473909936
2063,"Other Asia Pacific","Ambitious-Baseline-Baseline-Baseline-Enhanced recycling",126208.294471335
2063,"Other Asia Pacific","Ambitious-Baseline-Baseline-Baseline-USA Recycling",263649.064352772
2063,"Other Asia Pacific","Ambitious-Baseline-High Capacity-Baseline-Baseline",356641.449320917
2063,"Other Asia Pacific","Ambitious-Baseline-Low Capacity-Baseline-Baseline",177870.152721707
2063,"Other Asia Pacific","Ambitious-Baseline-Low Capacity-Baseline-Recycling Medium",145606.748978985
2063,"Other Asia Pacific","Ambitious-Double LFP-Baseline-Baseline-Baseline",264766.777745568
2063,"Other Asia Pacific","Ambitious-Double NMC 811-Baseline-Baseline-Baseline",262485.469505045
2063,"Other Asia Pacific","Ambitious-Sodium Battery adoption-Baseline-Baseline-Baseline",263590.744990027
2063,"Other Asia Pacific","Ambitious-Solid State adoption-Baseline-Baseline-Baseline",263649.064352772
2063,"Other Europe","Ambitious-Baseline-Baseline-Baseline-Baseline",195339.848267651
2063,"Other Europe","Ambitious-Baseline-Baseline-Baseline-Enhanced SSPS",195480.897698534
2063,"Other Europe","Ambitious-Baseline-Baseline-Baseline-Enhanced recycling",83179.9540694915
2063,"Other Europe","Ambitious-Baseline-Baseline-Baseline-USA Recycling",195339.848267651
2063,"Other Europe","Ambitious-Baseline-High Capacity-Baseline-Baseline",255476.905064997
2063,"Other Europe","Ambitious-Baseline-Low Capacity-Baseline-Baseline",146944.924508595
2063,"Other Europe","Ambitious-Baseline-Low Capacity-Baseline-Recycling Medium",121489.64055447
2063,"Other Europe","Ambitious-Double LFP-Baseline-Baseline-Baseline",197506.695106786
2063,"Other Europe","Ambitious-Double NMC 811-Baseline-Baseline-Baseline",193337.228614459
2063,"Other Europe","Ambitious-Sodium Battery adoption-Baseline-Baseline-Baseline",195240.932972273
2063,"Other Europe","Ambitious-Solid State adoption-Baseline-Baseline-Baseline",195339.848267651
2063,"Other Latin America and Caribbean","Ambitious-Baseline-Baseline-Baseline-Baseline",422259.442503647
2063,"Other Latin America and Caribbean","Ambitious-Baseline-Baseline-Baseline-Enhanced SSPS",429087.882768254
2063,"Other Latin America and Caribbean","Ambitious-Baseline-Baseline-Baseline-Enhanced recycling",148331.205630593
2063,"Other Latin America and Caribbean","Ambitious-Baseline-Baseline-Baseline-USA Recycling",422259.442503647
2063,"Other Latin America and Caribbean","Ambitious-Baseline-High Capacity-Baseline-Baseline",583850.448552251
2063,"Other Latin America and Caribbean","Ambitious-Baseline-Low Capacity-Baseline-Baseline",311102.866378005
2063,"Other Latin America and Caribbean","Ambitious-Baseline-Low Capacity-Baseline-Recycling Medium",237484.45663623
2063,"Other Latin America and Caribbean","Ambitious-Double LFP-Baseline-Baseline-Baseline",445306.165294429
2063,"Other Latin America and Caribbean","Ambitious-Double NMC 811-Baseline-Baseline-Baseline",408610.936279018
2063,"Other Latin America and Caribbean","Ambitious-Sodium Battery adoption-Baseline-Baseline-Baseline",421162.107850026
2063,"Other Latin America and Caribbean","Ambitious-Solid State adoption-Baseline-Baseline-Baseline",422259.442503647
2063,"South Korea","Ambitious-Baseline-Baseline-Baseline-Baseline",60857.023964994
2063,"South Korea","Ambitious-Baseline-Baseline-Baseline-Enhanced SSPS",60857.023964994
2063,"South Korea","Ambitious-Baseline-Baseline-Baseline-Enhanced recycling",25349.9435534656
2063,"South Korea","Ambitious-Baseline-Baseline-Baseline-USA Recycling",60857.023964994
2063,"South Korea","Ambitious-Baseline-High Capacity-Baseline-Baseline",78250.972856062
2063,"South Korea","Ambitious-Baseline-Low Capacity-Baseline-Baseline",49285.2925744298
2063,"South Korea","Ambitious-Baseline-Low Capacity-Baseline-Recycling Medium",41723.6134418243
2063,"South Korea","Ambitious-Double LFP-Baseline-Baseline-Baseline",61117.2475330146
2063,"South Korea","Ambitious-Double NMC 811-Baseline-Baseline-Baseline",60590.0204300831
2063,"South Korea","Ambitious-Sodium Battery adoption-Baseline-Baseline-Baseline",60845.1782167211
2063,"South Korea","Ambitious-Solid State adoption-Baseline-Baseline-Baseline",60857.023964994
2063,"United Kingdom","Ambitious-Baseline-Baseline-Baseline-Baseline",98621.1201718995
2063,"United Kingdom","Ambitious-Baseline-Baseline-Baseline-Enhanced SSPS",98621.1201718995
2063,"United Kingdom","Ambitious-Baseline-Baseline-Baseline-Enhanced recycling",38099.2473119916
2063,"United Kingdom","Ambitious-Baseline-Baseline-Baseline-USA Recycling",98621.1201718995
2063,"United Kingdom","Ambitious-Baseline-High Capacity-Baseline-Baseline",128491.557390797
2063,"United Kingdom","Ambitious-Baseline-Low Capacity-Baseline-Baseline",72900.4308725471
2063,"United Kingdom","Ambitious-Baseline-Low Capacity-Baseline-Recycling Medium",57467.8905325886
2063,"United Kingdom","Ambitious-Double LFP-Baseline-Baseline-Baseline",99508.3577615636
2063,"United Kingdom","Ambitious-Double NMC 811-Baseline-Baseline-Baseline",98229.8000163054
2063,"United Kingdom","Ambitious-Sodium Battery adoption-Baseline-Baseline-Baseline",98580.9541194309
2063,"United Kingdom","Ambitious-Solid State adoption-Baseline-Baseline-Baseline",98621.1201718995
2063,"United States","Ambitious-Baseline-Baseline-Baseline-Baseline",540835.391785243
2063,"United States","Ambitious-Baseline-Baseline-Baseline-Enhanced SSPS",540835.391785243
2063,"United States","Ambitious-Baseline-Baseline-Baseline-Enhanced recycling",199020.785873704
2063,"United States","Ambitious-Baseline-Baseline-Baseline-USA Recycling",199020.785873704
2063,"United States","Ambitious-Baseline-High Capacity-Baseline-Baseline",658353.83687956
2063,"United States","Ambitious-Baseline-Low Capacity-Baseline-Baseline",378021.996762308
2063,"United States","Ambitious-Baseline-Low Capacity-Baseline-Recycling Medium",312686.941160227
2063,"United States","Ambitious-Double LFP-Baseline-Baseline-Baseline",564003.185569997
2063,"United States","Ambitious-Double NMC 811-Baseline-Baseline-Baseline",521510.987108516
2063,"United States","Ambitious-Sodium Battery adoption-Baseline-Baseline-Baseline",539762.762033749
2063,"United States","Ambitious-Solid State adoption-Baseline-Baseline-Baseline",540835.391785242
2064,"ASEAN","Ambitious-Baseline-Baseline-Baseline-Baseline",531524.998964169
2064,"ASEAN","Ambitious-Baseline-Baseline-Baseline-Enhanced SSPS",532270.443309232
2064,"ASEAN","Ambitious-Baseline-Baseline-Baseline-Enhanced recycling",239865.727523424
2064,"ASEAN","Ambitious-Baseline-Baseline-Baseline-USA Recycling",531524.998964169
2064,"ASEAN","Ambitious-Baseline-High Capacity-Baseline-Baseline",780555.893359837
2064,"ASEAN","Ambitious-Baseline-Low Capacity-Baseline-Baseline",425148.806875018
2064,"ASEAN","Ambitious-Baseline-Low Capacity-Baseline-Recycling Medium",344869.641425611
2064,"ASEAN","Ambitious-Double LFP-Baseline-Baseline-Baseline",564443.803034641
2064,"ASEAN","Ambitious-Double NMC 811-Baseline-Baseline-Baseline",513163.518854189
2064,"ASEAN","Ambitious-Sodium Battery adoption-Baseline-Baseline-Baseline",529653.687927218
2064,"ASEAN","Ambitious-Solid State adoption-Baseline-Baseline-Baseline",531524.998964169
2064,"Africa","Ambitious-Baseline-Baseline-Baseline-Baseline",283144.550760047
2064,"Africa","Ambitious-Baseline-Baseline-Baseline-Enhanced SSPS",289949.729750026
2064,"Africa","Ambitious-Baseline-Baseline-Baseline-Enhanced recycling",131002.297561819
2064,"Africa","Ambitious-Baseline-Baseline-Baseline-USA Recycling",283144.550760047
2064,"Africa","Ambitious-Baseline-High Capacity-Baseline-Baseline",404527.9079482
2064,"Africa","Ambitious-Baseline-Low Capacity-Baseline-Baseline",211756.763883401
2064,"Africa","Ambitious-Baseline-Low Capacity-Baseline-Recycling Medium",168705.596692052
2064,"Africa","Ambitious-Double LFP-Baseline-Baseline-Baseline",289170.191574724
2064,"Africa","Ambitious-Double NMC 811-Baseline-Baseline-Baseline",277187.247385832
2064,"Africa","Ambitious-Sodium Battery adoption-Baseline-Baseline-Baseline",282862.292726705
2064,"Africa","Ambitious-Solid State adoption-Baseline-Baseline-Baseline",283144.550760046
2064,"Australia/NZ","Ambitious-Baseline-Baseline-Baseline-Baseline",44963.6044109575
2064,"Australia/NZ","Ambitious-Baseline-Baseline-Baseline-Enhanced SSPS",44963.6044109575
2064,"Australia/NZ","Ambitious-Baseline-Baseline-Baseline-Enhanced recycling",12511.1591304592
2064,"Australia/NZ","Ambitious-Baseline-Baseline-Baseline-USA Recycling",44963.6044109575
2064,"Australia/NZ","Ambitious-Baseline-High Capacity-Baseline-Baseline",59038.7992765326
2064,"Australia/NZ","Ambitious-Baseline-Low Capacity-Baseline-Baseline",33481.5607269294
2064,"Australia/NZ","Ambitious-Baseline-Low Capacity-Baseline-Recycling Medium",25375.4932336996
2064,"Australia/NZ","Ambitious-Double LFP-Baseline-Baseline-Baseline",47072.0238068849
2064,"Australia/NZ","Ambitious-Double NMC 811-Baseline-Baseline-Baseline",44676.3279956846
2064,"Australia/NZ","Ambitious-Sodium Battery adoption-Baseline-Baseline-Baseline",44867.7640076611
2064,"Australia/NZ","Ambitious-Solid State adoption-Baseline-Baseline-Baseline",44963.6044109576
2064,"Brazil","Ambitious-Baseline-Baseline-Baseline-Baseline",157483.787241071
2064,"Brazil","Ambitious-Baseline-Baseline-Baseline-Enhanced SSPS",157483.787241071
2064,"Brazil","Ambitious-Baseline-Baseline-Baseline-Enhanced recycling",68555.1494623377
2064,"Brazil","Ambitious-Baseline-Baseline-Baseline-USA Recycling",157483.787241071
2064,"Brazil","Ambitious-Baseline-High Capacity-Baseline-Baseline",227875.754752134
2064,"Brazil","Ambitious-Baseline-Low Capacity-Baseline-Baseline",122691.487588961
2064,"Brazil","Ambitious-Baseline-Low Capacity-Baseline-Recycling Medium",98972.603897452
2064,"Brazil","Ambitious-Double LFP-Baseline-Baseline-Baseline",173250.925208691
2064,"Brazil","Ambitious-Double NMC 811-Baseline-Baseline-Baseline",144080.133984947
2064,"Brazil","Ambitious-Sodium Battery adoption-Baseline-Baseline-Baseline",156745.332782235
2064,"Brazil","Ambitious-Solid State adoption-Baseline-Baseline-Baseline",157483.787241071
2064,"Canada","Ambitious-Baseline-Baseline-Baseline-Baseline",64858.1095564635
2064,"Canada","Ambitious-Baseline-Baseline-Baseline-Enhanced SSPS",64858.1095564635
2064,"Canada","Ambitious-Baseline-Baseline-Baseline-Enhanced recycling",25835.1900012361
2064,"Canada","Ambitious-Baseline-Baseline-Baseline-USA Recycling",64858.1095564635
2064,"Canada","Ambitious-Baseline-High Capacity-Baseline-Baseline",81741.2644656529
2064,"Canada","Ambitious-Baseline-Low Capacity-Baseline-Baseline",48539.6773426152
2064,"Canada","Ambitious-Baseline-Low Capacity-Baseline-Recycling Medium",40952.4044075711
2064,"Canada","Ambitious-Double LFP-Baseline-Baseline-Baseline",67577.5711369145
2064,"Canada","Ambitious-Double NMC 811-Baseline-Baseline-Baseline",62576.7998220842
2064,"Canada","Ambitious-Sodium Battery adoption-Baseline-Baseline-Baseline",64730.9047437728
2064,"Canada","Ambitious-Solid State adoption-Baseline-Baseline-Baseline",64858.1095564637
2064,"China","Ambitious-Baseline-Baseline-Baseline-Baseline",588196.848507085
2064,"China","Ambitious-Baseline-Baseline-Baseline-Enhanced SSPS",588196.848507085
2064,"China","Ambitious-Baseline-Baseline-Baseline-Enhanced recycling",588196.848507085
2064,"China","Ambitious-Baseline-Baseline-Baseline-USA Recycling",588196.848507085
2064,"China","Ambitious-Baseline-High Capacity-Baseline-Baseline",824833.090408114
2064,"China","Ambitious-Baseline-Low Capacity-Baseline-Baseline",504056.492702795
2064,"China","Ambitious-Baseline-Low Capacity-Baseline-Recycling Medium",504056.492702795
2064,"China","Ambitious-Double LFP-Baseline-Baseline-Baseline",651949.754586686
2064,"China","Ambitious-Double NMC 811-Baseline-Baseline-Baseline",542035.123920006
2064,"China","Ambitious-Sodium Battery adoption-Baseline-Baseline-Baseline",584760.508005738
2064,"China","Ambitious-Solid State adoption-Baseline-Baseline-Baseline",588196.848507085
2064,"EFTA","Ambitious-Baseline-Baseline-Baseline-Baseline",23527.7458095066
2064,"EFTA","Ambitious-Baseline-Baseline-Baseline-Enhanced SSPS",23177.3791729807
2064,"EFTA","Ambitious-Baseline-Baseline-Baseline-Enhanced recycling",10612.5524252938
2064,"EFTA","Ambitious-Baseline-Baseline-Baseline-USA Recycling",23527.7458095066
2064,"EFTA","Ambitious-Baseline-High Capacity-Baseline-Baseline",29223.4411983615
2064,"EFTA","Ambitious-Baseline-Low Capacity-Baseline-Baseline",17843.9709593667
2064,"EFTA","Ambitious-Baseline-Low Capacity-Baseline-Recycling Medium",14841.5015270901
2064,"EFTA","Ambitious-Double LFP-Baseline-Baseline-Baseline",23752.7380224151
2064,"EFTA","Ambitious-Double NMC 811-Baseline-Baseline-Baseline",23427.941582756
2064,"EFTA","Ambitious-Sodium Battery adoption-Baseline-Baseline-Baseline",23491.3717467871
2064,"EFTA","Ambitious-Solid State adoption-Baseline-Baseline-Baseline",23527.7458095066
2064,"European Union","Ambitious-Baseline-Baseline-Baseline-Baseline",268393.285942858
2064,"European Union","Ambitious-Baseline-Baseline-Baseline-Enhanced SSPS",268373.895971383
2064,"European Union","Ambitious-Baseline-Baseline-Baseline-Enhanced recycling",268448.64462055
2064,"European Union","Ambitious-Baseline-Baseline-Baseline-USA Recycling",268393.285942858
2064,"European Union","Ambitious-Baseline-High Capacity-Baseline-Baseline",354470.090408043
2064,"European Union","Ambitious-Baseline-Low Capacity-Baseline-Baseline",225246.356399913
2064,"European Union","Ambitious-Baseline-Low Capacity-Baseline-Recycling Medium",225351.043579893
2064,"European Union","Ambitious-Double LFP-Baseline-Baseline-Baseline",270959.95114687
2064,"European Union","Ambitious-Double NMC 811-Baseline-Baseline-Baseline",267303.449005784
2064,"European Union","Ambitious-Sodium Battery adoption-Baseline-Baseline-Baseline",268282.129537723
2064,"European Union","Ambitious-Solid State adoption-Baseline-Baseline-Baseline",268393.285942858
2064,"India","Ambitious-Baseline-Baseline-Baseline-Baseline",314774.4168067
2064,"India","Ambitious-Baseline-Baseline-Baseline-Enhanced SSPS",314774.4168067
2064,"India","Ambitious-Baseline-Baseline-Baseline-Enhanced recycling",161573.045443854
2064,"India","Ambitious-Baseline-Baseline-Baseline-USA Recycling",314774.4168067
2064,"India","Ambitious-Baseline-High Capacity-Baseline-Baseline",496674.717958777
2064,"India","Ambitious-Baseline-Low Capacity-Baseline-Baseline",276146.198794561
2064,"India","Ambitious-Baseline-Low Capacity-Baseline-Recycling Medium",235624.289234706
2064,"India","Ambitious-Double LFP-Baseline-Baseline-Baseline",315030.800365516
2064,"India","Ambitious-Double NMC 811-Baseline-Baseline-Baseline",314381.938677643
2064,"India","Ambitious-Sodium Battery adoption-Baseline-Baseline-Baseline",314762.521102217
2064,"India","Ambitious-Solid State adoption-Baseline-Baseline-Baseline",314774.4168067
2064,"Japan","Ambitious-Baseline-Baseline-Baseline-Baseline",103620.418076799
2064,"Japan","Ambitious-Baseline-Baseline-Baseline-Enhanced SSPS",103620.418076799
2064,"Japan","Ambitious-Baseline-Baseline-Baseline-Enhanced recycling",40051.4756211209
2064,"Japan","Ambitious-Baseline-Baseline-Baseline-USA Recycling",103620.418076799
2064,"Japan","Ambitious-Baseline-High Capacity-Baseline-Baseline",150825.941510846
2064,"Japan","Ambitious-Baseline-Low Capacity-Baseline-Baseline",89673.5216219162
2064,"Japan","Ambitious-Baseline-Low Capacity-Baseline-Recycling Medium",74447.2210802508
2064,"Japan","Ambitious-Double LFP-Baseline-Baseline-Baseline",104103.151095735
2064,"Japan","Ambitious-Double NMC 811-Baseline-Baseline-Baseline",103118.922508305
2064,"Japan","Ambitious-Sodium Battery adoption-Baseline-Baseline-Baseline",103598.258979612
2064,"Japan","Ambitious-Solid State adoption-Baseline-Baseline-Baseline",103620.418076799
2064,"Mexico","Ambitious-Baseline-Baseline-Baseline-Baseline",97813.0444658945
2064,"Mexico","Ambitious-Baseline-Baseline-Baseline-Enhanced SSPS",97813.0444658946
2064,"Mexico","Ambitious-Baseline-Baseline-Baseline-Enhanced recycling",39107.5397487931
2064,"Mexico","Ambitious-Baseline-Baseline-Baseline-USA Recycling",97813.0444658945
2064,"Mexico","Ambitious-Baseline-High Capacity-Baseline-Baseline",128802.271067891
2064,"Mexico","Ambitious-Baseline-Low Capacity-Baseline-Baseline",73079.8890317106
2064,"Mexico","Ambitious-Baseline-Low Capacity-Baseline-Recycling Medium",57934.6796941006
2064,"Mexico","Ambitious-Double LFP-Baseline-Baseline-Baseline",101445.34759711
2064,"Mexico","Ambitious-Double NMC 811-Baseline-Baseline-Baseline",94755.6525278455
2064,"Mexico","Ambitious-Sodium Battery adoption-Baseline-Baseline-Baseline",97642.1649517763
2064,"Mexico","Ambitious-Solid State adoption-Baseline-Baseline-Baseline",97813.0444658944
2064,"Middle East","Ambitious-Baseline-Baseline-Baseline-Baseline",400267.627955888
2064,"Middle East","Ambitious-Baseline-Baseline-Baseline-Enhanced SSPS",401836.484890064
2064,"Middle East","Ambitious-Baseline-Baseline-Baseline-Enhanced recycling",179784.572409095
2064,"Middle East","Ambitious-Baseline-Baseline-Baseline-USA Recycling",400267.627955888
2064,"Middle East","Ambitious-Baseline-High Capacity-Baseline-Baseline",504541.49585879
2064,"Middle East","Ambitious-Baseline-Low Capacity-Baseline-Baseline",277820.760185982
2064,"Middle East","Ambitious-Baseline-Low Capacity-Baseline-Recycling Medium",226538.370743657
2064,"Middle East","Ambitious-Double LFP-Baseline-Baseline-Baseline",412033.208244562
2064,"Middle East","Ambitious-Double NMC 811-Baseline-Baseline-Baseline",396203.260332212
2064,"Middle East","Ambitious-Sodium Battery adoption-Baseline-Baseline-Baseline",399727.082427756
2064,"Middle East","Ambitious-Solid State adoption-Baseline-Baseline-Baseline",400267.627955888
2064,"Other Asia Pacific","Ambitious-Baseline-Baseline-Baseline-Baseline",262191.81397462
2064,"Other Asia Pacific","Ambitious-Baseline-Baseline-Baseline-Enhanced SSPS",264488.710461935
2064,"Other Asia Pacific","Ambitious-Baseline-Baseline-Baseline-Enhanced recycling",121124.779418669
2064,"Other Asia Pacific","Ambitious-Baseline-Baseline-Baseline-USA Recycling",262191.81397462
2064,"Other Asia Pacific","Ambitious-Baseline-High Capacity-Baseline-Baseline",354727.813331689
2064,"Other Asia Pacific","Ambitious-Baseline-Low Capacity-Baseline-Baseline",176907.305245023
2064,"Other Asia Pacific","Ambitious-Baseline-Low Capacity-Baseline-Recycling Medium",143757.586462287
2064,"Other Asia Pacific","Ambitious-Double LFP-Baseline-Baseline-Baseline",263294.212316373
2064,"Other Asia Pacific","Ambitious-Double NMC 811-Baseline-Baseline-Baseline",261033.657493523
2064,"Other Asia Pacific","Ambitious-Sodium Battery adoption-Baseline-Baseline-Baseline",262134.446559728
2064,"Other Asia Pacific","Ambitious-Solid State adoption-Baseline-Baseline-Baseline",262191.81397462
2064,"Other Europe","Ambitious-Baseline-Baseline-Baseline-Baseline",193989.658778437
2064,"Other Europe","Ambitious-Baseline-Baseline-Baseline-Enhanced SSPS",194134.109996244
2064,"Other Europe","Ambitious-Baseline-Baseline-Baseline-Enhanced recycling",80508.0649891171
2064,"Other Europe","Ambitious-Baseline-Baseline-Baseline-USA Recycling",193989.658778437
2064,"Other Europe","Ambitious-Baseline-High Capacity-Baseline-Baseline",253615.240800295
2064,"Other Europe","Ambitious-Baseline-Low Capacity-Baseline-Baseline",146154.634427365
2064,"Other Europe","Ambitious-Baseline-Low Capacity-Baseline-Recycling Medium",120351.686550593
2064,"Other Europe","Ambitious-Double LFP-Baseline-Baseline-Baseline",196125.47041719
2064,"Other Europe","Ambitious-Double NMC 811-Baseline-Baseline-Baseline",191998.165969303
2064,"Other Europe","Ambitious-Sodium Battery adoption-Baseline-Baseline-Baseline",193891.399945948
2064,"Other Europe","Ambitious-Solid State adoption-Baseline-Baseline-Baseline",193989.658778437
2064,"Other Latin America and Caribbean","Ambitious-Baseline-Baseline-Baseline-Baseline",419295.272163963
2064,"Other Latin America and Caribbean","Ambitious-Baseline-Baseline-Baseline-Enhanced SSPS",426258.907271057
2064,"Other Latin America and Caribbean","Ambitious-Baseline-Baseline-Baseline-Enhanced recycling",141370.90487818
2064,"Other Latin America and Caribbean","Ambitious-Baseline-Baseline-Baseline-USA Recycling",419295.272163963
2064,"Other Latin America and Caribbean","Ambitious-Baseline-High Capacity-Baseline-Baseline",579872.874788577
2064,"Other Latin America and Caribbean","Ambitious-Baseline-Low Capacity-Baseline-Baseline",308839.102218125
2064,"Other Latin America and Caribbean","Ambitious-Baseline-Low Capacity-Baseline-Recycling Medium",234098.631620774
2064,"Other Latin America and Caribbean","Ambitious-Double LFP-Baseline-Baseline-Baseline",442024.658929294
2064,"Other Latin America and Caribbean","Ambitious-Double NMC 811-Baseline-Baseline-Baseline",405904.333745894
2064,"Other Latin America and Caribbean","Ambitious-Sodium Battery adoption-Baseline-Baseline-Baseline",418211.160985934
2064,"Other Latin America and Caribbean","Ambitious-Solid State adoption-Baseline-Baseline-Baseline",419295.272163963
2064,"South Korea","Ambitious-Baseline-Baseline-Baseline-Baseline",61206.7824270679
2064,"South Korea","Ambitious-Baseline-Baseline-Baseline-Enhanced SSPS",61206.7824270679
2064,"South Korea","Ambitious-Baseline-Baseline-Baseline-Enhanced recycling",25856.5476512264
2064,"South Korea","Ambitious-Baseline-Baseline-Baseline-USA Recycling",61206.7824270679
2064,"South Korea","Ambitious-Baseline-High Capacity-Baseline-Baseline",78674.1588770152
2064,"South Korea","Ambitious-Baseline-Low Capacity-Baseline-Baseline",49668.4134368544
2064,"South Korea","Ambitious-Baseline-Low Capacity-Baseline-Recycling Medium",42109.0393857082
2064,"South Korea","Ambitious-Double LFP-Baseline-Baseline-Baseline",61466.8258675772
2064,"South Korea","Ambitious-Double NMC 811-Baseline-Baseline-Baseline",60936.0783068111
2064,"South Korea","Ambitious-Sodium Battery adoption-Baseline-Baseline-Baseline",61194.8279030317
2064,"South Korea","Ambitious-Solid State adoption-Baseline-Baseline-Baseline",61206.7824270679
2064,"United Kingdom","Ambitious-Baseline-Baseline-Baseline-Baseline",99033.9098247231
2064,"United Kingdom","Ambitious-Baseline-Baseline-Baseline-Enhanced SSPS",99033.9098247231
2064,"United Kingdom","Ambitious-Baseline-Baseline-Baseline-Enhanced recycling",37961.3909105581
2064,"United Kingdom","Ambitious-Baseline-Baseline-Baseline-USA Recycling",99033.9098247231
2064,"United Kingdom","Ambitious-Baseline-High Capacity-Baseline-Baseline",129054.018684677
2064,"United Kingdom","Ambitious-Baseline-Low Capacity-Baseline-Baseline",73181.4207573762
2064,"United Kingdom","Ambitious-Baseline-Low Capacity-Baseline-Recycling Medium",57614.356586746
2064,"United Kingdom","Ambitious-Double LFP-Baseline-Baseline-Baseline",99922.8684202592
2064,"United Kingdom","Ambitious-Double NMC 811-Baseline-Baseline-Baseline",98639.6528009564
2064,"United Kingdom","Ambitious-Sodium Battery adoption-Baseline-Baseline-Baseline",98993.2251954543
2064,"United Kingdom","Ambitious-Solid State adoption-Baseline-Baseline-Baseline",99033.909824723
2064,"United States","Ambitious-Baseline-Baseline-Baseline-Baseline",540733.32556282
2064,"United States","Ambitious-Baseline-Baseline-Baseline-Enhanced SSPS",540733.32556282
2064,"United States","Ambitious-Baseline-Baseline-Baseline-Enhanced recycling",197647.703538535
2064,"United States","Ambitious-Baseline-Baseline-Baseline-USA Recycling",197647.703538536
2064,"United States","Ambitious-Baseline-High Capacity-Baseline-Baseline",658158.939094961
2064,"United States","Ambitious-Baseline-Low Capacity-Baseline-Baseline",378340.944076194
2064,"United States","Ambitious-Baseline-Low Capacity-Baseline-Recycling Medium",312941.113629192
2064,"United States","Ambitious-Double LFP-Baseline-Baseline-Baseline",563656.12742649
2064,"United States","Ambitious-Double NMC 811-Baseline-Baseline-Baseline",521524.462178997
2064,"United States","Ambitious-Sodium Battery adoption-Baseline-Baseline-Baseline",539663.015046354
2064,"United States","Ambitious-Solid State adoption-Baseline-Baseline-Baseline",540733.32556282
2065,"ASEAN","Ambitious-Baseline-Baseline-Baseline-Baseline",529800.457094728
2065,"ASEAN","Ambitious-Baseline-Baseline-Baseline-Enhanced SSPS",530564.06159538
2065,"ASEAN","Ambitious-Baseline-Baseline-Baseline-Enhanced recycling",231993.261823394
2065,"ASEAN","Ambitious-Baseline-Baseline-Baseline-USA Recycling",529800.457094728
2065,"ASEAN","Ambitious-Baseline-High Capacity-Baseline-Baseline",777773.205567524
2065,"ASEAN","Ambitious-Baseline-Low Capacity-Baseline-Baseline",423781.35036901
2065,"ASEAN","Ambitious-Baseline-Low Capacity-Baseline-Recycling Medium",341780.506210632
2065,"ASEAN","Ambitious-Double LFP-Baseline-Baseline-Baseline",562454.115428404
2065,"ASEAN","Ambitious-Double NMC 811-Baseline-Baseline-Baseline",511627.820670636
2065,"ASEAN","Ambitious-Sodium Battery adoption-Baseline-Baseline-Baseline",527937.911166538
2065,"ASEAN","Ambitious-Solid State adoption-Baseline-Baseline-Baseline",529800.457094728
2065,"Africa","Ambitious-Baseline-Baseline-Baseline-Baseline",281503.689578358
2065,"Africa","Ambitious-Baseline-Baseline-Baseline-Enhanced SSPS",288528.160444294
2065,"Africa","Ambitious-Baseline-Baseline-Baseline-Enhanced recycling",125802.113427018
2065,"Africa","Ambitious-Baseline-Baseline-Baseline-USA Recycling",281503.689578358
2065,"Africa","Ambitious-Baseline-High Capacity-Baseline-Baseline",402252.033680046
2065,"Africa","Ambitious-Baseline-Low Capacity-Baseline-Baseline",210511.678830187
2065,"Africa","Ambitious-Baseline-Low Capacity-Baseline-Recycling Medium",166409.567525669
2065,"Africa","Ambitious-Double LFP-Baseline-Baseline-Baseline",287441.353653489
2065,"Africa","Ambitious-Double NMC 811-Baseline-Baseline-Baseline",275595.616979937
2065,"Africa","Ambitious-Sodium Battery adoption-Baseline-Baseline-Baseline",281224.15162713
2065,"Africa","Ambitious-Solid State adoption-Baseline-Baseline-Baseline",281503.689578358
2065,"Australia/NZ","Ambitious-Baseline-Baseline-Baseline-Baseline",44778.8945396768
2065,"Australia/NZ","Ambitious-Baseline-Baseline-Baseline-Enhanced SSPS",44778.8945396768
2065,"Australia/NZ","Ambitious-Baseline-Baseline-Baseline-Enhanced recycling",12232.6839393008
2065,"Australia/NZ","Ambitious-Baseline-Baseline-Baseline-USA Recycling",44778.8945396768
2065,"Australia/NZ","Ambitious-Baseline-High Capacity-Baseline-Baseline",58787.5551291124
2065,"Australia/NZ","Ambitious-Baseline-Low Capacity-Baseline-Baseline",33377.812670333
2065,"Australia/NZ","Ambitious-Baseline-Low Capacity-Baseline-Recycling Medium",25254.1423678699
2065,"Australia/NZ","Ambitious-Double LFP-Baseline-Baseline-Baseline",46854.4406520111
2065,"Australia/NZ","Ambitious-Double NMC 811-Baseline-Baseline-Baseline",44496.194327565
2065,"Australia/NZ","Ambitious-Sodium Battery adoption-Baseline-Baseline-Baseline",44683.5400947295
2065,"Australia/NZ","Ambitious-Solid State adoption-Baseline-Baseline-Baseline",44778.8945396768
2065,"Brazil","Ambitious-Baseline-Baseline-Baseline-Baseline",156826.057335754
2065,"Brazil","Ambitious-Baseline-Baseline-Baseline-Enhanced SSPS",156826.057335754
2065,"Brazil","Ambitious-Baseline-Baseline-Baseline-Enhanced recycling",66385.6664599307
2065,"Brazil","Ambitious-Baseline-Baseline-Baseline-USA Recycling",156826.057335754
2065,"Brazil","Ambitious-Baseline-High Capacity-Baseline-Baseline",226835.869296331
2065,"Brazil","Ambitious-Baseline-Low Capacity-Baseline-Baseline",122190.921092815
2065,"Brazil","Ambitious-Baseline-Low Capacity-Baseline-Recycling Medium",98070.0412343847
2065,"Brazil","Ambitious-Double LFP-Baseline-Baseline-Baseline",172469.062072316
2065,"Brazil","Ambitious-Double NMC 811-Baseline-Baseline-Baseline",143491.470437562
2065,"Brazil","Ambitious-Sodium Battery adoption-Baseline-Baseline-Baseline",156090.17134298
2065,"Brazil","Ambitious-Solid State adoption-Baseline-Baseline-Baseline",156826.057335754
2065,"Canada","Ambitious-Baseline-Baseline-Baseline-Baseline",64908.5759694078
2065,"Canada","Ambitious-Baseline-Baseline-Baseline-Enhanced SSPS",64908.5759694079
2065,"Canada","Ambitious-Baseline-Baseline-Baseline-Enhanced recycling",25841.5724824423
2065,"Canada","Ambitious-Baseline-Baseline-Baseline-USA Recycling",64908.5759694078
2065,"Canada","Ambitious-Baseline-High Capacity-Baseline-Baseline",81777.3939018262
2065,"Canada","Ambitious-Baseline-Low Capacity-Baseline-Baseline",48658.2281660313
2065,"Canada","Ambitious-Baseline-Low Capacity-Baseline-Recycling Medium",41047.5526091573
2065,"Canada","Ambitious-Double LFP-Baseline-Baseline-Baseline",67607.658218822
2065,"Canada","Ambitious-Double NMC 811-Baseline-Baseline-Baseline",62634.7448314481
2065,"Canada","Ambitious-Sodium Battery adoption-Baseline-Baseline-Baseline",64781.3835459738
2065,"Canada","Ambitious-Solid State adoption-Baseline-Baseline-Baseline",64908.575969408
2065,"China","Ambitious-Baseline-Baseline-Baseline-Baseline",588997.264379192
2065,"China","Ambitious-Baseline-Baseline-Baseline-Enhanced SSPS",588997.264379192
2065,"China","Ambitious-Baseline-Baseline-Baseline-Enhanced recycling",588997.264379192
2065,"China","Ambitious-Baseline-Baseline-Baseline-USA Recycling",588997.264379192
2065,"China","Ambitious-Baseline-High Capacity-Baseline-Baseline",823949.355796764
2065,"China","Ambitious-Baseline-Low Capacity-Baseline-Baseline",505535.364235195
2065,"China","Ambitious-Baseline-Low Capacity-Baseline-Recycling Medium",505535.364235195
2065,"China","Ambitious-Double LFP-Baseline-Baseline-Baseline",651514.221017838
2065,"China","Ambitious-Double NMC 811-Baseline-Baseline-Baseline",543655.677527437
2065,"China","Ambitious-Sodium Battery adoption-Baseline-Baseline-Baseline",585560.794357764
2065,"China","Ambitious-Solid State adoption-Baseline-Baseline-Baseline",588997.264379193
2065,"EFTA","Ambitious-Baseline-Baseline-Baseline-Baseline",23672.2823854743
2065,"EFTA","Ambitious-Baseline-Baseline-Baseline-Enhanced SSPS",23322.5082315513
2065,"EFTA","Ambitious-Baseline-Baseline-Baseline-Enhanced recycling",10692.7775931106
2065,"EFTA","Ambitious-Baseline-Baseline-Baseline-USA Recycling",23672.2823854743
2065,"EFTA","Ambitious-Baseline-High Capacity-Baseline-Baseline",29396.7636256254
2065,"EFTA","Ambitious-Baseline-Low Capacity-Baseline-Baseline",17953.546039958
2065,"EFTA","Ambitious-Baseline-Low Capacity-Baseline-Recycling Medium",14936.9329392892
2065,"EFTA","Ambitious-Double LFP-Baseline-Baseline-Baseline",23897.8530710536
2065,"EFTA","Ambitious-Double NMC 811-Baseline-Baseline-Baseline",23571.7198790678
2065,"EFTA","Ambitious-Sodium Battery adoption-Baseline-Baseline-Baseline",23635.0869926656
2065,"EFTA","Ambitious-Solid State adoption-Baseline-Baseline-Baseline",23672.2823854743
2065,"European Union","Ambitious-Baseline-Baseline-Baseline-Baseline",265396.011026275
2065,"European Union","Ambitious-Baseline-Baseline-Baseline-Enhanced SSPS",265372.536798494
2065,"European Union","Ambitious-Baseline-Baseline-Baseline-Enhanced recycling",265452.077391883
2065,"European Union","Ambitious-Baseline-Baseline-Baseline-USA Recycling",265396.011026275
2065,"European Union","Ambitious-Baseline-High Capacity-Baseline-Baseline",349871.677656248
2065,"European Union","Ambitious-Baseline-Low Capacity-Baseline-Baseline",223082.854431641
2065,"European Union","Ambitious-Baseline-Low Capacity-Baseline-Recycling Medium",223203.22520773
2065,"European Union","Ambitious-Double LFP-Baseline-Baseline-Baseline",267887.340855224
2065,"European Union","Ambitious-Double NMC 811-Baseline-Baseline-Baseline",264318.882496776
2065,"European Union","Ambitious-Sodium Battery adoption-Baseline-Baseline-Baseline",265283.9406901
2065,"European Union","Ambitious-Solid State adoption-Baseline-Baseline-Baseline",265396.011026274
2065,"India","Ambitious-Baseline-Baseline-Baseline-Baseline",316187.738537258
2065,"India","Ambitious-Baseline-Baseline-Baseline-Enhanced SSPS",316187.738537258
2065,"India","Ambitious-Baseline-Baseline-Baseline-Enhanced recycling",160601.653503694
2065,"India","Ambitious-Baseline-Baseline-Baseline-USA Recycling",316187.738537258
2065,"India","Ambitious-Baseline-High Capacity-Baseline-Baseline",498699.65886968
2065,"India","Ambitious-Baseline-Low Capacity-Baseline-Baseline",277331.276062724
2065,"India","Ambitious-Baseline-Low Capacity-Baseline-Recycling Medium",236084.86182052
2065,"India","Ambitious-Double LFP-Baseline-Baseline-Baseline",316444.136295115
2065,"India","Ambitious-Double NMC 811-Baseline-Baseline-Baseline",315789.472015621
2065,"India","Ambitious-Sodium Battery adoption-Baseline-Baseline-Baseline",316175.768599162
2065,"India","Ambitious-Solid State adoption-Baseline-Baseline-Baseline",316187.738537258
2065,"Japan","Ambitious-Baseline-Baseline-Baseline-Baseline",103725.255740624
2065,"Japan","Ambitious-Baseline-Baseline-Baseline-Enhanced SSPS",103725.255740624
2065,"Japan","Ambitious-Baseline-Baseline-Baseline-Enhanced recycling",40384.1273156458
2065,"Japan","Ambitious-Baseline-Baseline-Baseline-USA Recycling",103725.255740624
2065,"Japan","Ambitious-Baseline-High Capacity-Baseline-Baseline",150850.701341265
2065,"Japan","Ambitious-Baseline-Low Capacity-Baseline-Baseline",89786.3556590907
2065,"Japan","Ambitious-Baseline-Low Capacity-Baseline-Recycling Medium",74732.8364181285
2065,"Japan","Ambitious-Double LFP-Baseline-Baseline-Baseline",104206.239517532
2065,"Japan","Ambitious-Double NMC 811-Baseline-Baseline-Baseline",103218.927648857
2065,"Japan","Ambitious-Sodium Battery adoption-Baseline-Baseline-Baseline",103702.971621024
2065,"Japan","Ambitious-Solid State adoption-Baseline-Baseline-Baseline",103725.255740624
2065,"Mexico","Ambitious-Baseline-Baseline-Baseline-Baseline",97835.5218107469
2065,"Mexico","Ambitious-Baseline-Baseline-Baseline-Enhanced SSPS",97835.5218107469
2065,"Mexico","Ambitious-Baseline-Baseline-Baseline-Enhanced recycling",38430.6835843283
2065,"Mexico","Ambitious-Baseline-Baseline-Baseline-USA Recycling",97835.5218107469
2065,"Mexico","Ambitious-Baseline-High Capacity-Baseline-Baseline",128803.470499234
2065,"Mexico","Ambitious-Baseline-Low Capacity-Baseline-Baseline",73135.6243563558
2065,"Mexico","Ambitious-Baseline-Low Capacity-Baseline-Recycling Medium",57824.5287871641
2065,"Mexico","Ambitious-Double LFP-Baseline-Baseline-Baseline",101434.283474556
2065,"Mexico","Ambitious-Double NMC 811-Baseline-Baseline-Baseline",94796.7569278271
2065,"Mexico","Ambitious-Sodium Battery adoption-Baseline-Baseline-Baseline",97665.2814169785
2065,"Mexico","Ambitious-Solid State adoption-Baseline-Baseline-Baseline",97835.5218107469
2065,"Middle East","Ambitious-Baseline-Baseline-Baseline-Baseline",400529.817163979
2065,"Middle East","Ambitious-Baseline-Baseline-Baseline-Enhanced SSPS",402131.410021121
2065,"Middle East","Ambitious-Baseline-Baseline-Baseline-Enhanced recycling",176308.380155658
2065,"Middle East","Ambitious-Baseline-Baseline-Baseline-USA Recycling",400529.817163979
2065,"Middle East","Ambitious-Baseline-High Capacity-Baseline-Baseline",504810.60435044
2065,"Middle East","Ambitious-Baseline-Low Capacity-Baseline-Baseline",278061.305138998
2065,"Middle East","Ambitious-Baseline-Low Capacity-Baseline-Recycling Medium",225904.49920973
2065,"Middle East","Ambitious-Double LFP-Baseline-Baseline-Baseline",412247.896600431
2065,"Middle East","Ambitious-Double NMC 811-Baseline-Baseline-Baseline",396474.831190381
2065,"Middle East","Ambitious-Sodium Battery adoption-Baseline-Baseline-Baseline",399987.24845031
2065,"Middle East","Ambitious-Solid State adoption-Baseline-Baseline-Baseline",400529.817163978
2065,"Other Asia Pacific","Ambitious-Baseline-Baseline-Baseline-Baseline",261183.789515088
2065,"Other Asia Pacific","Ambitious-Baseline-Baseline-Baseline-Enhanced SSPS",263566.150610576
2065,"Other Asia Pacific","Ambitious-Baseline-Baseline-Baseline-Enhanced recycling",116817.118363336
2065,"Other Asia Pacific","Ambitious-Baseline-Baseline-Baseline-USA Recycling",261183.789515088
2065,"Other Asia Pacific","Ambitious-Baseline-High Capacity-Baseline-Baseline",353417.850593048
2065,"Other Asia Pacific","Ambitious-Baseline-Low Capacity-Baseline-Baseline",176251.582482311
2065,"Other Asia Pacific","Ambitious-Baseline-Low Capacity-Baseline-Recycling Medium",142337.874090138
2065,"Other Asia Pacific","Ambitious-Double LFP-Baseline-Baseline-Baseline",262273.119213728
2065,"Other Asia Pacific","Ambitious-Double NMC 811-Baseline-Baseline-Baseline",260028.780384098
2065,"Other Asia Pacific","Ambitious-Sodium Battery adoption-Baseline-Baseline-Baseline",261127.1668445
2065,"Other Asia Pacific","Ambitious-Solid State adoption-Baseline-Baseline-Baseline",261183.789515088
2065,"Other Europe","Ambitious-Baseline-Baseline-Baseline-Baseline",193110.91539104
2065,"Other Europe","Ambitious-Baseline-Baseline-Baseline-Enhanced SSPS",193258.413361806
2065,"Other Europe","Ambitious-Baseline-Baseline-Baseline-Enhanced recycling",78525.7946806833
2065,"Other Europe","Ambitious-Baseline-Baseline-Baseline-USA Recycling",193110.91539104
2065,"Other Europe","Ambitious-Baseline-High Capacity-Baseline-Baseline",252386.032312182
2065,"Other Europe","Ambitious-Baseline-Low Capacity-Baseline-Baseline",145719.041691992
2065,"Other Europe","Ambitious-Baseline-Low Capacity-Baseline-Recycling Medium",119616.4397461
2065,"Other Europe","Ambitious-Double LFP-Baseline-Baseline-Baseline",195221.526143886
2065,"Other Europe","Ambitious-Double NMC 811-Baseline-Baseline-Baseline",191125.566251743
2065,"Other Europe","Ambitious-Sodium Battery adoption-Baseline-Baseline-Baseline",193013.052543494
2065,"Other Europe","Ambitious-Solid State adoption-Baseline-Baseline-Baseline",193110.91539104
2065,"Other Latin America and Caribbean","Ambitious-Baseline-Baseline-Baseline-Baseline",417361.073896407
2065,"Other Latin America and Caribbean","Ambitious-Baseline-Baseline-Baseline-Enhanced SSPS",424438.758241572
2065,"Other Latin America and Caribbean","Ambitious-Baseline-Baseline-Baseline-Enhanced recycling",135976.282972148
2065,"Other Latin America and Caribbean","Ambitious-Baseline-Baseline-Baseline-USA Recycling",417361.073896407
2065,"Other Latin America and Caribbean","Ambitious-Baseline-High Capacity-Baseline-Baseline",577315.242893438
2065,"Other Latin America and Caribbean","Ambitious-Baseline-Low Capacity-Baseline-Baseline",307361.180914102
2065,"Other Latin America and Caribbean","Ambitious-Baseline-Low Capacity-Baseline-Recycling Medium",231652.950020526
2065,"Other Latin America and Caribbean","Ambitious-Double LFP-Baseline-Baseline-Baseline",439841.096250771
2065,"Other Latin America and Caribbean","Ambitious-Double NMC 811-Baseline-Baseline-Baseline",404181.770989945
2065,"Other Latin America and Caribbean","Ambitious-Sodium Battery adoption-Baseline-Baseline-Baseline",416286.833729438
2065,"Other Latin America and Caribbean","Ambitious-Solid State adoption-Baseline-Baseline-Baseline",417361.073896407
2065,"South Korea","Ambitious-Baseline-Baseline-Baseline-Baseline",61589.048704484
2065,"South Korea","Ambitious-Baseline-Baseline-Baseline-Enhanced SSPS",61589.048704484
2065,"South Korea","Ambitious-Baseline-Baseline-Baseline-Enhanced recycling",26389.5160972718
2065,"South Korea","Ambitious-Baseline-Baseline-Baseline-USA Recycling",61589.048704484
2065,"South Korea","Ambitious-Baseline-High Capacity-Baseline-Baseline",79141.6801385929
2065,"South Korea","Ambitious-Baseline-Low Capacity-Baseline-Baseline",50074.964725997
2065,"South Korea","Ambitious-Baseline-Low Capacity-Baseline-Recycling Medium",42519.1183409256
2065,"South Korea","Ambitious-Double LFP-Baseline-Baseline-Baseline",61849.1748171023
2065,"South Korea","Ambitious-Double NMC 811-Baseline-Baseline-Baseline",61314.7735691688
2065,"South Korea","Ambitious-Sodium Battery adoption-Baseline-Baseline-Baseline",61576.9828287147
2065,"South Korea","Ambitious-Solid State adoption-Baseline-Baseline-Baseline",61589.048704484
2065,"United Kingdom","Ambitious-Baseline-Baseline-Baseline-Baseline",99460.2872493592
2065,"United Kingdom","Ambitious-Baseline-Baseline-Baseline-Enhanced SSPS",99460.2872493592
2065,"United Kingdom","Ambitious-Baseline-Baseline-Baseline-Enhanced recycling",37838.9311669036
2065,"United Kingdom","Ambitious-Baseline-Baseline-Baseline-USA Recycling",99460.2872493592
2065,"United Kingdom","Ambitious-Baseline-High Capacity-Baseline-Baseline",129635.618829573
2065,"United Kingdom","Ambitious-Baseline-Low Capacity-Baseline-Baseline",73472.0871825673
2065,"United Kingdom","Ambitious-Baseline-Low Capacity-Baseline-Recycling Medium",57771.0833565778
2065,"United Kingdom","Ambitious-Double LFP-Baseline-Baseline-Baseline",100351.732990656
2065,"United Kingdom","Ambitious-Double NMC 811-Baseline-Baseline-Baseline",99062.9200860662
2065,"United Kingdom","Ambitious-Sodium Battery adoption-Baseline-Baseline-Baseline",99419.0891897652
2065,"United Kingdom","Ambitious-Solid State adoption-Baseline-Baseline-Baseline",99460.2872493592
2065,"United States","Ambitious-Baseline-Baseline-Baseline-Baseline",541115.285951634
2065,"United States","Ambitious-Baseline-Baseline-Baseline-Enhanced SSPS",541115.285951634
2065,"United States","Ambitious-Baseline-Baseline-Baseline-Enhanced recycling",196984.372706069
2065,"United States","Ambitious-Baseline-Baseline-Baseline-USA Recycling",196984.372706069
2065,"United States","Ambitious-Baseline-High Capacity-Baseline-Baseline",658586.212310763
2065,"United States","Ambitious-Baseline-Low Capacity-Baseline-Baseline",378979.847732838
2065,"United States","Ambitious-Baseline-Low Capacity-Baseline-Recycling Medium",313569.498076276
2065,"United States","Ambitious-Double LFP-Baseline-Baseline-Baseline",563832.102036104
2065,"United States","Ambitious-Double NMC 811-Baseline-Baseline-Baseline",521991.774868516
2065,"United States","Ambitious-Sodium Battery adoption-Baseline-Baseline-Baseline",540046.07148508
2065,"United States","Ambitious-Solid State adoption-Baseline-Baseline-Baseline",541115.285951634
2066,"ASEAN","Ambitious-Baseline-Baseline-Baseline-Baseline",529230.72174722
2066,"ASEAN","Ambitious-Baseline-Baseline-Baseline-Enhanced SSPS",530010.810663754
2066,"ASEAN","Ambitious-Baseline-Baseline-Baseline-Enhanced recycling",225901.560162586
2066,"ASEAN","Ambitious-Baseline-Baseline-Baseline-USA Recycling",529230.72174722
2066,"ASEAN","Ambitious-Baseline-High Capacity-Baseline-Baseline",776702.325061662
2066,"ASEAN","Ambitious-Baseline-Low Capacity-Baseline-Baseline",423339.500171763
2066,"ASEAN","Ambitious-Baseline-Low Capacity-Baseline-Recycling Medium",339795.959103586
2066,"ASEAN","Ambitious-Double LFP-Baseline-Baseline-Baseline",561692.586369208
2066,"ASEAN","Ambitious-Double NMC 811-Baseline-Baseline-Baseline",511199.628635355
2066,"ASEAN","Ambitious-Sodium Battery adoption-Baseline-Baseline-Baseline",527373.133274112
2066,"ASEAN","Ambitious-Solid State adoption-Baseline-Baseline-Baseline",529230.72174722
2066,"Africa","Ambitious-Baseline-Baseline-Baseline-Baseline",280440.020762085
2066,"Africa","Ambitious-Baseline-Baseline-Baseline-Enhanced SSPS",287661.805892566
2066,"Africa","Ambitious-Baseline-Baseline-Baseline-Enhanced recycling",121561.142348544
2066,"Africa","Ambitious-Baseline-Baseline-Baseline-USA Recycling",280440.020762085
2066,"Africa","Ambitious-Baseline-High Capacity-Baseline-Baseline",400787.107557444
2066,"Africa","Ambitious-Baseline-Low Capacity-Baseline-Baseline",209703.701292354
2066,"Africa","Ambitious-Baseline-Low Capacity-Baseline-Recycling Medium",164665.04298982
2066,"Africa","Ambitious-Double LFP-Baseline-Baseline-Baseline",286305.196167827
2066,"Africa","Ambitious-Double NMC 811-Baseline-Baseline-Baseline",274566.995610506
2066,"Africa","Ambitious-Sodium Battery adoption-Baseline-Baseline-Baseline",280162.527811341
2066,"Africa","Ambitious-Solid State adoption-Baseline-Baseline-Baseline",280440.020762085
2066,"Australia/NZ","Ambitious-Baseline-Baseline-Baseline-Baseline",44714.825644753
2066,"Australia/NZ","Ambitious-Baseline-Baseline-Baseline-Enhanced SSPS",44714.825644753
2066,"Australia/NZ","Ambitious-Baseline-Baseline-Baseline-Enhanced recycling",12117.4091635299
2066,"Australia/NZ","Ambitious-Baseline-Baseline-Baseline-USA Recycling",44714.825644753
2066,"Australia/NZ","Ambitious-Baseline-High Capacity-Baseline-Baseline",58695.8845571238
2066,"Australia/NZ","Ambitious-Baseline-Low Capacity-Baseline-Baseline",33362.242273309
2066,"Australia/NZ","Ambitious-Baseline-Low Capacity-Baseline-Recycling Medium",25231.5574852896
2066,"Australia/NZ","Ambitious-Double LFP-Baseline-Baseline-Baseline",46764.6909054198
2066,"Australia/NZ","Ambitious-Double NMC 811-Baseline-Baseline-Baseline",44435.6903092041
2066,"Australia/NZ","Ambitious-Sodium Battery adoption-Baseline-Baseline-Baseline",44619.7605711834
2066,"Australia/NZ","Ambitious-Solid State adoption-Baseline-Baseline-Baseline",44714.8256447531
2066,"Brazil","Ambitious-Baseline-Baseline-Baseline-Baseline",156570.41061603
2066,"Brazil","Ambitious-Baseline-Baseline-Baseline-Enhanced SSPS",156570.41061603
2066,"Brazil","Ambitious-Baseline-Baseline-Baseline-Enhanced recycling",64809.2016579581
2066,"Brazil","Ambitious-Baseline-Baseline-Baseline-USA Recycling",156570.41061603
2066,"Brazil","Ambitious-Baseline-High Capacity-Baseline-Baseline",226383.997909141
2066,"Brazil","Ambitious-Baseline-Low Capacity-Baseline-Baseline",122003.705459974
2066,"Brazil","Ambitious-Baseline-Low Capacity-Baseline-Recycling Medium",97533.2270160484
2066,"Brazil","Ambitious-Double LFP-Baseline-Baseline-Baseline",172131.453059925
2066,"Brazil","Ambitious-Double NMC 811-Baseline-Baseline-Baseline",143269.960267481
2066,"Brazil","Ambitious-Sodium Battery adoption-Baseline-Baseline-Baseline",155835.322945548
2066,"Brazil","Ambitious-Solid State adoption-Baseline-Baseline-Baseline",156570.41061603
2066,"Canada","Ambitious-Baseline-Baseline-Baseline-Baseline",64988.874799536
2066,"Canada","Ambitious-Baseline-Baseline-Baseline-Enhanced SSPS",64988.874799536
2066,"Canada","Ambitious-Baseline-Baseline-Baseline-Enhanced recycling",25887.0257044767
2066,"Canada","Ambitious-Baseline-Baseline-Baseline-USA Recycling",64988.874799536
2066,"Canada","Ambitious-Baseline-High Capacity-Baseline-Baseline",81852.3334612127
2066,"Canada","Ambitious-Baseline-Low Capacity-Baseline-Baseline",48800.8361970296
2066,"Canada","Ambitious-Baseline-Low Capacity-Baseline-Recycling Medium",41167.5172874855
2066,"Canada","Ambitious-Double LFP-Baseline-Baseline-Baseline",67671.9916553392
2066,"Canada","Ambitious-Double NMC 811-Baseline-Baseline-Baseline",62719.7121838709
2066,"Canada","Ambitious-Sodium Battery adoption-Baseline-Baseline-Baseline",64861.6043062334
2066,"Canada","Ambitious-Solid State adoption-Baseline-Baseline-Baseline",64988.8747995362
2066,"China","Ambitious-Baseline-Baseline-Baseline-Baseline",590712.279696573
2066,"China","Ambitious-Baseline-Baseline-Baseline-Enhanced SSPS",590712.279696573
2066,"China","Ambitious-Baseline-Baseline-Baseline-Enhanced recycling",590712.279696573
2066,"China","Ambitious-Baseline-Baseline-Baseline-USA Recycling",590712.279696573
2066,"China","Ambitious-Baseline-High Capacity-Baseline-Baseline",824565.303655373
2066,"China","Ambitious-Baseline-Low Capacity-Baseline-Baseline",507677.128394681
2066,"China","Ambitious-Baseline-Low Capacity-Baseline-Recycling Medium",507677.128394681
2066,"China","Ambitious-Double LFP-Baseline-Baseline-Baseline",652273.046632273
2066,"China","Ambitious-Double NMC 811-Baseline-Baseline-Baseline",545982.126788588
2066,"China","Ambitious-Sodium Battery adoption-Baseline-Baseline-Baseline",587272.73622889
2066,"China","Ambitious-Solid State adoption-Baseline-Baseline-Baseline",590712.279696575
2066,"EFTA","Ambitious-Baseline-Baseline-Baseline-Baseline",23824.9660765599
2066,"EFTA","Ambitious-Baseline-Baseline-Baseline-Enhanced SSPS",23475.7197040341
2066,"EFTA","Ambitious-Baseline-Baseline-Baseline-Enhanced recycling",10783.9462709453
2066,"EFTA","Ambitious-Baseline-Baseline-Baseline-USA Recycling",23824.9660765599
2066,"EFTA","Ambitious-Baseline-High Capacity-Baseline-Baseline",29581.0834606159
2066,"EFTA","Ambitious-Baseline-Low Capacity-Baseline-Baseline",18068.9878418543
2066,"EFTA","Ambitious-Baseline-Low Capacity-Baseline-Recycling Medium",15039.0026530602
2066,"EFTA","Ambitious-Double LFP-Baseline-Baseline-Baseline",24051.3504834455
2066,"EFTA","Ambitious-Double NMC 811-Baseline-Baseline-Baseline",23723.6055439062
2066,"EFTA","Ambitious-Sodium Battery adoption-Baseline-Baseline-Baseline",23786.9394425077
2066,"EFTA","Ambitious-Solid State adoption-Baseline-Baseline-Baseline",23824.9660765599
2066,"European Union","Ambitious-Baseline-Baseline-Baseline-Baseline",262943.278280799
2066,"European Union","Ambitious-Baseline-Baseline-Baseline-Enhanced SSPS",262915.142408904
2066,"European Union","Ambitious-Baseline-Baseline-Baseline-Enhanced recycling",262999.965037898
2066,"European Union","Ambitious-Baseline-Baseline-Baseline-USA Recycling",262943.278280799
2066,"European Union","Ambitious-Baseline-High Capacity-Baseline-Baseline",346063.191133147
2066,"European Union","Ambitious-Baseline-Low Capacity-Baseline-Baseline",221343.96345859
2066,"European Union","Ambitious-Baseline-Low Capacity-Baseline-Recycling Medium",221481.875129577
2066,"European Union","Ambitious-Double LFP-Baseline-Baseline-Baseline",265374.573987151
2066,"European Union","Ambitious-Double NMC 811-Baseline-Baseline-Baseline",261876.040592736
2066,"European Union","Ambitious-Sodium Battery adoption-Baseline-Baseline-Baseline",262830.359230367
2066,"European Union","Ambitious-Solid State adoption-Baseline-Baseline-Baseline",262943.278280799
2066,"India","Ambitious-Baseline-Baseline-Baseline-Baseline",317836.12714443
2066,"India","Ambitious-Baseline-Baseline-Baseline-Enhanced SSPS",317836.12714443
2066,"India","Ambitious-Baseline-Baseline-Baseline-Enhanced recycling",160018.091339087
2066,"India","Ambitious-Baseline-Baseline-Baseline-USA Recycling",317836.12714443
2066,"India","Ambitious-Baseline-High Capacity-Baseline-Baseline",501105.592886057
2066,"India","Ambitious-Baseline-Low Capacity-Baseline-Baseline",278714.230840513
2066,"India","Ambitious-Baseline-Low Capacity-Baseline-Recycling Medium",236805.439509355
2066,"India","Ambitious-Double LFP-Baseline-Baseline-Baseline",318092.805296947
2066,"India","Ambitious-Double NMC 811-Baseline-Baseline-Baseline",317432.394626885
2066,"India","Ambitious-Sodium Battery adoption-Baseline-Baseline-Baseline",317824.077551462
2066,"India","Ambitious-Solid State adoption-Baseline-Baseline-Baseline",317836.12714443
2066,"Japan","Ambitious-Baseline-Baseline-Baseline-Baseline",103883.841101643
2066,"Japan","Ambitious-Baseline-Baseline-Baseline-Enhanced SSPS",103883.841101643
2066,"Japan","Ambitious-Baseline-Baseline-Baseline-Enhanced recycling",40781.6452833349
2066,"Japan","Ambitious-Baseline-Baseline-Baseline-USA Recycling",103883.841101643
2066,"Japan","Ambitious-Baseline-High Capacity-Baseline-Baseline",150955.515581426
2066,"Japan","Ambitious-Baseline-Low Capacity-Baseline-Baseline",89942.8875644856
2066,"Japan","Ambitious-Baseline-Low Capacity-Baseline-Recycling Medium",75066.1812149498
2066,"Japan","Ambitious-Double LFP-Baseline-Baseline-Baseline",104363.651665674
2066,"Japan","Ambitious-Double NMC 811-Baseline-Baseline-Baseline",103373.079412786
2066,"Japan","Ambitious-Sodium Battery adoption-Baseline-Baseline-Baseline",103861.433121144
2066,"Japan","Ambitious-Solid State adoption-Baseline-Baseline-Baseline",103883.841101643
2066,"Mexico","Ambitious-Baseline-Baseline-Baseline-Baseline",97970.1646360057
2066,"Mexico","Ambitious-Baseline-Baseline-Baseline-Enhanced SSPS",97970.1646360057
2066,"Mexico","Ambitious-Baseline-Baseline-Baseline-Enhanced recycling",37927.0487770709
2066,"Mexico","Ambitious-Baseline-Baseline-Baseline-USA Recycling",97970.1646360057
2066,"Mexico","Ambitious-Baseline-High Capacity-Baseline-Baseline",128956.695799363
2066,"Mexico","Ambitious-Baseline-Low Capacity-Baseline-Baseline",73271.9922760345
2066,"Mexico","Ambitious-Baseline-Low Capacity-Baseline-Recycling Medium",57809.7099594163
2066,"Mexico","Ambitious-Double LFP-Baseline-Baseline-Baseline",101542.759088772
2066,"Mexico","Ambitious-Double NMC 811-Baseline-Baseline-Baseline",94944.3459208812
2066,"Mexico","Ambitious-Sodium Battery adoption-Baseline-Baseline-Baseline",97800.298944276
2066,"Mexico","Ambitious-Solid State adoption-Baseline-Baseline-Baseline",97970.1646360056
2066,"Middle East","Ambitious-Baseline-Baseline-Baseline-Baseline",401491.781963156
2066,"Middle East","Ambitious-Baseline-Baseline-Baseline-Enhanced SSPS",403123.022461152
2066,"Middle East","Ambitious-Baseline-Baseline-Baseline-Enhanced recycling",173879.204929498
2066,"Middle East","Ambitious-Baseline-Baseline-Baseline-USA Recycling",401491.781963156
2066,"Middle East","Ambitious-Baseline-High Capacity-Baseline-Baseline",505974.678219098
2066,"Middle East","Ambitious-Baseline-Low Capacity-Baseline-Baseline",278780.942514356
2066,"Middle East","Ambitious-Baseline-Low Capacity-Baseline-Recycling Medium",225836.694265743
2066,"Middle East","Ambitious-Double LFP-Baseline-Baseline-Baseline",413189.469252223
2066,"Middle East","Ambitious-Double NMC 811-Baseline-Baseline-Baseline",397437.172949866
2066,"Middle East","Ambitious-Sodium Battery adoption-Baseline-Baseline-Baseline",400946.389976269
2066,"Middle East","Ambitious-Solid State adoption-Baseline-Baseline-Baseline",401491.781963155
2066,"Other Asia Pacific","Ambitious-Baseline-Baseline-Baseline-Baseline",260660.025035328
2066,"Other Asia Pacific","Ambitious-Baseline-Baseline-Baseline-Enhanced SSPS",263117.768119924
2066,"Other Asia Pacific","Ambitious-Baseline-Baseline-Baseline-Enhanced recycling",113312.96898435
2066,"Other Asia Pacific","Ambitious-Baseline-Baseline-Baseline-USA Recycling",260660.025035328
2066,"Other Asia Pacific","Ambitious-Baseline-High Capacity-Baseline-Baseline",352758.748067257
2066,"Other Asia Pacific","Ambitious-Baseline-Low Capacity-Baseline-Baseline",175923.780289859
2066,"Other Asia Pacific","Ambitious-Baseline-Low Capacity-Baseline-Recycling Medium",141320.310414371
2066,"Other Asia Pacific","Ambitious-Double LFP-Baseline-Baseline-Baseline",261739.134555898
2066,"Other Asia Pacific","Ambitious-Double NMC 811-Baseline-Baseline-Baseline",259506.167903189
2066,"Other Asia Pacific","Ambitious-Sodium Battery adoption-Baseline-Baseline-Baseline",260603.946477496
2066,"Other Asia Pacific","Ambitious-Solid State adoption-Baseline-Baseline-Baseline",260660.025035328
2066,"Other Europe","Ambitious-Baseline-Baseline-Baseline-Baseline",192611.848561296
2066,"Other Europe","Ambitious-Baseline-Baseline-Baseline-Enhanced SSPS",192762.082551902
2066,"Other Europe","Ambitious-Baseline-Baseline-Baseline-Enhanced recycling",77113.0582161597
2066,"Other Europe","Ambitious-Baseline-Baseline-Baseline-USA Recycling",192611.848561296
2066,"Other Europe","Ambitious-Baseline-High Capacity-Baseline-Baseline",251664.935183038
2066,"Other Europe","Ambitious-Baseline-Low Capacity-Baseline-Baseline",145570.37973483
2066,"Other Europe","Ambitious-Baseline-Low Capacity-Baseline-Recycling Medium",119209.058728262
2066,"Other Europe","Ambitious-Double LFP-Baseline-Baseline-Baseline",194703.064561958
2066,"Other Europe","Ambitious-Double NMC 811-Baseline-Baseline-Baseline",190629.083436034
2066,"Other Europe","Ambitious-Sodium Battery adoption-Baseline-Baseline-Baseline",192514.189374461
2066,"Other Europe","Ambitious-Solid State adoption-Baseline-Baseline-Baseline",192611.848561296
2066,"Other Latin America and Caribbean","Ambitious-Baseline-Baseline-Baseline-Baseline",416264.355119293
2066,"Other Latin America and Caribbean","Ambitious-Baseline-Baseline-Baseline-Enhanced SSPS",423438.749124604
2066,"Other Latin America and Caribbean","Ambitious-Baseline-Baseline-Baseline-Enhanced recycling",131877.846394686
2066,"Other Latin America and Caribbean","Ambitious-Baseline-Baseline-Baseline-USA Recycling",416264.355119293
2066,"Other Latin America and Caribbean","Ambitious-Baseline-High Capacity-Baseline-Baseline",575916.766583698
2066,"Other Latin America and Caribbean","Ambitious-Baseline-Low Capacity-Baseline-Baseline",306520.08735605
2066,"Other Latin America and Caribbean","Ambitious-Baseline-Low Capacity-Baseline-Recycling Medium",229975.544005034
2066,"Other Latin America and Caribbean","Ambitious-Double LFP-Baseline-Baseline-Baseline",438553.64945646
2066,"Other Latin America and Caribbean","Ambitious-Double NMC 811-Baseline-Baseline-Baseline",403252.44842078
2066,"Other Latin America and Caribbean","Ambitious-Sodium Battery adoption-Baseline-Baseline-Baseline",415197.302509897
2066,"Other Latin America and Caribbean","Ambitious-Solid State adoption-Baseline-Baseline-Baseline",416264.355119293
2066,"South Korea","Ambitious-Baseline-Baseline-Baseline-Baseline",62043.2203736342
2066,"South Korea","Ambitious-Baseline-Baseline-Baseline-Enhanced SSPS",61979.7604028867
2066,"South Korea","Ambitious-Baseline-Baseline-Baseline-Enhanced recycling",26920.3676936417
2066,"South Korea","Ambitious-Baseline-Baseline-Baseline-USA Recycling",62043.2203736342
2066,"South Korea","Ambitious-Baseline-High Capacity-Baseline-Baseline",79622.0298443551
2066,"South Korea","Ambitious-Baseline-Low Capacity-Baseline-Baseline",50490.0600010394
2066,"South Korea","Ambitious-Baseline-Low Capacity-Baseline-Recycling Medium",42936.3310212602
2066,"South Korea","Ambitious-Double LFP-Baseline-Baseline-Baseline",62303.6420145422
2066,"South Korea","Ambitious-Double NMC 811-Baseline-Baseline-Baseline",61765.6797812709
2066,"South Korea","Ambitious-Sodium Battery adoption-Baseline-Baseline-Baseline",62030.1684082621
2066,"South Korea","Ambitious-Solid State adoption-Baseline-Baseline-Baseline",62043.2203736342
2066,"United Kingdom","Ambitious-Baseline-Baseline-Baseline-Baseline",99904.7777169909
2066,"United Kingdom","Ambitious-Baseline-Baseline-Baseline-Enhanced SSPS",99904.7777169909
2066,"United Kingdom","Ambitious-Baseline-Baseline-Baseline-Enhanced recycling",37738.8322466572
2066,"United Kingdom","Ambitious-Baseline-Baseline-Baseline-USA Recycling",99904.7777169909
2066,"United Kingdom","Ambitious-Baseline-High Capacity-Baseline-Baseline",130241.55646766
2066,"United Kingdom","Ambitious-Baseline-Low Capacity-Baseline-Baseline",73775.4926629849
2066,"United Kingdom","Ambitious-Baseline-Low Capacity-Baseline-Recycling Medium",57941.7108697174
2066,"United Kingdom","Ambitious-Double LFP-Baseline-Baseline-Baseline",100799.659100303
2066,"United Kingdom","Ambitious-Double NMC 811-Baseline-Baseline-Baseline",99504.1397639833
2066,"United Kingdom","Ambitious-Sodium Battery adoption-Baseline-Baseline-Baseline",99863.079798313
2066,"United Kingdom","Ambitious-Solid State adoption-Baseline-Baseline-Baseline",99904.777716991
2066,"United States","Ambitious-Baseline-Baseline-Baseline-Baseline",541570.425862665
2066,"United States","Ambitious-Baseline-Baseline-Baseline-Enhanced SSPS",541570.425862665
2066,"United States","Ambitious-Baseline-Baseline-Baseline-Enhanced recycling",196568.5696706
2066,"United States","Ambitious-Baseline-Baseline-Baseline-USA Recycling",196568.5696706
2066,"United States","Ambitious-Baseline-High Capacity-Baseline-Baseline",659163.500428331
2066,"United States","Ambitious-Baseline-Low Capacity-Baseline-Baseline",379693.082149163
2066,"United States","Ambitious-Baseline-Low Capacity-Baseline-Recycling Medium",314316.924238375
2066,"United States","Ambitious-Double LFP-Baseline-Baseline-Baseline",564106.380976484
2066,"United States","Ambitious-Double NMC 811-Baseline-Baseline-Baseline",522520.726718627
2066,"United States","Ambitious-Sodium Battery adoption-Baseline-Baseline-Baseline",540502.310258929
2066,"United States","Ambitious-Solid State adoption-Baseline-Baseline-Baseline",541570.425862664
2067,"ASEAN","Ambitious-Baseline-Baseline-Baseline-Baseline",529724.60195571
2067,"ASEAN","Ambitious-Baseline-Baseline-Baseline-Enhanced SSPS",530519.366214634
2067,"ASEAN","Ambitious-Baseline-Baseline-Baseline-Enhanced recycling",221417.30077497
2067,"ASEAN","Ambitious-Baseline-Baseline-Baseline-USA Recycling",529724.60195571
2067,"ASEAN","Ambitious-Baseline-High Capacity-Baseline-Baseline",777220.817564911
2067,"ASEAN","Ambitious-Baseline-Low Capacity-Baseline-Baseline",423750.330590478
2067,"ASEAN","Ambitious-Baseline-Low Capacity-Baseline-Recycling Medium",338820.33282366
2067,"ASEAN","Ambitious-Double LFP-Baseline-Baseline-Baseline",562080.046967422
2067,"ASEAN","Ambitious-Double NMC 811-Baseline-Baseline-Baseline",511779.403720832
2067,"ASEAN","Ambitious-Sodium Battery adoption-Baseline-Baseline-Baseline",527868.080035369
2067,"ASEAN","Ambitious-Solid State adoption-Baseline-Baseline-Baseline",529724.60195571
2067,"Africa","Ambitious-Baseline-Baseline-Baseline-Baseline",279967.941290601
2067,"Africa","Ambitious-Baseline-Baseline-Baseline-Enhanced SSPS",287366.128541876
2067,"Africa","Ambitious-Baseline-Baseline-Baseline-Enhanced recycling",118258.538951629
2067,"Africa","Ambitious-Baseline-Baseline-Baseline-USA Recycling",279967.941290601
2067,"Africa","Ambitious-Baseline-High Capacity-Baseline-Baseline",400161.004074671
2067,"Africa","Ambitious-Baseline-Low Capacity-Baseline-Baseline",209340.533517421
2067,"Africa","Ambitious-Baseline-Low Capacity-Baseline-Recycling Medium",163469.452790773
2067,"Africa","Ambitious-Double LFP-Baseline-Baseline-Baseline",285780.907545554
2067,"Africa","Ambitious-Double NMC 811-Baseline-Baseline-Baseline",274115.072350595
2067,"Africa","Ambitious-Sodium Battery adoption-Baseline-Baseline-Baseline",279691.748742639
2067,"Africa","Ambitious-Solid State adoption-Baseline-Baseline-Baseline",279967.941290601
2067,"Australia/NZ","Ambitious-Baseline-Baseline-Baseline-Baseline",44739.0359534553
2067,"Australia/NZ","Ambitious-Baseline-Baseline-Baseline-Enhanced SSPS",44739.0359534553
2067,"Australia/NZ","Ambitious-Baseline-Baseline-Baseline-Enhanced recycling",12118.1619751095
2067,"Australia/NZ","Ambitious-Baseline-Baseline-Baseline-USA Recycling",44739.0359534553
2067,"Australia/NZ","Ambitious-Baseline-High Capacity-Baseline-Baseline",58722.2288385326
2067,"Australia/NZ","Ambitious-Baseline-Low Capacity-Baseline-Baseline",33410.0783796902
2067,"Australia/NZ","Ambitious-Baseline-Low Capacity-Baseline-Recycling Medium",25279.1419038055
2067,"Australia/NZ","Ambitious-Double LFP-Baseline-Baseline-Baseline",46770.1593588292
2067,"Australia/NZ","Ambitious-Double NMC 811-Baseline-Baseline-Baseline",44462.4942045607
2067,"Australia/NZ","Ambitious-Sodium Battery adoption-Baseline-Baseline-Baseline",44644.1287846904
2067,"Australia/NZ","Ambitious-Solid State adoption-Baseline-Baseline-Baseline",44739.0359534554
2067,"Brazil","Ambitious-Baseline-Baseline-Baseline-Baseline",156653.376901669
2067,"Brazil","Ambitious-Baseline-Baseline-Baseline-Enhanced SSPS",156653.376901668
2067,"Brazil","Ambitious-Baseline-Baseline-Baseline-Enhanced recycling",63731.1812957169
2067,"Brazil","Ambitious-Baseline-Baseline-Baseline-USA Recycling",156653.376901669
2067,"Brazil","Ambitious-Baseline-High Capacity-Baseline-Baseline",226433.881763125
2067,"Brazil","Ambitious-Baseline-Low Capacity-Baseline-Baseline",122078.139451756
2067,"Brazil","Ambitious-Baseline-Low Capacity-Baseline-Recycling Medium",97301.7782051617
2067,"Brazil","Ambitious-Double LFP-Baseline-Baseline-Baseline",172177.613449412
2067,"Brazil","Ambitious-Double NMC 811-Baseline-Baseline-Baseline",143353.760612359
2067,"Brazil","Ambitious-Sodium Battery adoption-Baseline-Baseline-Baseline",155917.479155442
2067,"Brazil","Ambitious-Solid State adoption-Baseline-Baseline-Baseline",156653.376901669
2067,"Canada","Ambitious-Baseline-Baseline-Baseline-Baseline",65098.7552200273
2067,"Canada","Ambitious-Baseline-Baseline-Baseline-Enhanced SSPS",65098.7552200273
2067,"Canada","Ambitious-Baseline-Baseline-Baseline-Enhanced recycling",25966.4802610707
2067,"Canada","Ambitious-Baseline-Baseline-Baseline-USA Recycling",65098.7552200273
2067,"Canada","Ambitious-Baseline-High Capacity-Baseline-Baseline",81965.8775936963
2067,"Canada","Ambitious-Baseline-Low Capacity-Baseline-Baseline",48965.1778548314
2067,"Canada","Ambitious-Baseline-Low Capacity-Baseline-Recycling Medium",41310.4022504428
2067,"Canada","Ambitious-Double LFP-Baseline-Baseline-Baseline",67771.117800455
2067,"Canada","Ambitious-Double NMC 811-Baseline-Baseline-Baseline",62831.4514882641
2067,"Canada","Ambitious-Sodium Battery adoption-Baseline-Baseline-Baseline",64971.3282697819
2067,"Canada","Ambitious-Solid State adoption-Baseline-Baseline-Baseline",65098.7552200274
2067,"China","Ambitious-Baseline-Baseline-Baseline-Baseline",593391.311815661
2067,"China","Ambitious-Baseline-Baseline-Baseline-Enhanced SSPS",593391.311815661
2067,"China","Ambitious-Baseline-Baseline-Baseline-Enhanced recycling",593391.311815661
2067,"China","Ambitious-Baseline-Baseline-Baseline-USA Recycling",593391.311815661
2067,"China","Ambitious-Baseline-High Capacity-Baseline-Baseline",826801.769080376
2067,"China","Ambitious-Baseline-Low Capacity-Baseline-Baseline",510523.025615457
2067,"China","Ambitious-Baseline-Low Capacity-Baseline-Recycling Medium",510523.025615457
2067,"China","Ambitious-Double LFP-Baseline-Baseline-Baseline",654317.608913337
2067,"China","Ambitious-Double NMC 811-Baseline-Baseline-Baseline",549047.901958381
2067,"China","Ambitious-Sodium Battery adoption-Baseline-Baseline-Baseline",589944.924705879
2067,"China","Ambitious-Solid State adoption-Baseline-Baseline-Baseline",593391.31181566
2067,"EFTA","Ambitious-Baseline-Baseline-Baseline-Baseline",23982.7361638517
2067,"EFTA","Ambitious-Baseline-Baseline-Baseline-Enhanced SSPS",23634.0151906995
2067,"EFTA","Ambitious-Baseline-Baseline-Baseline-Enhanced recycling",10881.1684471601
2067,"EFTA","Ambitious-Baseline-Baseline-Baseline-USA Recycling",23982.7361638517
2067,"EFTA","Ambitious-Baseline-High Capacity-Baseline-Baseline",29772.2500107196
2067,"EFTA","Ambitious-Baseline-Low Capacity-Baseline-Baseline",18188.3077816601
2067,"EFTA","Ambitious-Baseline-Low Capacity-Baseline-Recycling Medium",15145.22851861
2067,"EFTA","Ambitious-Double LFP-Baseline-Baseline-Baseline",24210.1805454058
2067,"EFTA","Ambitious-Double NMC 811-Baseline-Baseline-Baseline",23880.5570325969
2067,"EFTA","Ambitious-Sodium Battery adoption-Baseline-Baseline-Baseline",23943.8736875811
2067,"EFTA","Ambitious-Solid State adoption-Baseline-Baseline-Baseline",23982.7361638517
2067,"European Union","Ambitious-Baseline-Baseline-Baseline-Baseline",261157.632858202
2067,"European Union","Ambitious-Baseline-Baseline-Baseline-Enhanced SSPS",261124.259671003
2067,"European Union","Ambitious-Baseline-Baseline-Baseline-Enhanced recycling",261214.902630071
2067,"European Union","Ambitious-Baseline-Baseline-Baseline-USA Recycling",261157.632858202
2067,"European Union","Ambitious-Baseline-High Capacity-Baseline-Baseline",343219.068237079
2067,"European Union","Ambitious-Baseline-Low Capacity-Baseline-Baseline",220125.27963374
2067,"European Union","Ambitious-Baseline-Low Capacity-Baseline-Recycling Medium",220282.645211562
2067,"European Union","Ambitious-Double LFP-Baseline-Baseline-Baseline",263545.527727537
2067,"European Union","Ambitious-Double NMC 811-Baseline-Baseline-Baseline",260097.244503235
2067,"European Union","Ambitious-Sodium Battery adoption-Baseline-Baseline-Baseline",261043.909304705
2067,"European Union","Ambitious-Solid State adoption-Baseline-Baseline-Baseline",261157.632858204
2067,"India","Ambitious-Baseline-Baseline-Baseline-Baseline",319734.957597056
2067,"India","Ambitious-Baseline-Baseline-Baseline-Enhanced SSPS",319734.957597056
2067,"India","Ambitious-Baseline-Baseline-Baseline-Enhanced recycling",159818.56301299
2067,"India","Ambitious-Baseline-Baseline-Baseline-USA Recycling",319734.957597056
2067,"India","Ambitious-Baseline-High Capacity-Baseline-Baseline",503931.594631306
2067,"India","Ambitious-Baseline-Low Capacity-Baseline-Baseline",280318.781463581
2067,"India","Ambitious-Baseline-Low Capacity-Baseline-Recycling Medium",237800.637010385
2067,"India","Ambitious-Double LFP-Baseline-Baseline-Baseline",319992.297553614
2067,"India","Ambitious-Double NMC 811-Baseline-Baseline-Baseline",319326.195710896
2067,"India","Ambitious-Sodium Battery adoption-Baseline-Baseline-Baseline",319722.822717069
2067,"India","Ambitious-Solid State adoption-Baseline-Baseline-Baseline",319734.957597056
2067,"Japan","Ambitious-Baseline-Baseline-Baseline-Baseline",104078.265808722
2067,"Japan","Ambitious-Baseline-Baseline-Baseline-Enhanced SSPS",104078.265808722
2067,"Japan","Ambitious-Baseline-Baseline-Baseline-Enhanced recycling",41215.4468995271
2067,"Japan","Ambitious-Baseline-Baseline-Baseline-USA Recycling",104078.265808722
2067,"Japan","Ambitious-Baseline-High Capacity-Baseline-Baseline",151117.047084362
2067,"Japan","Ambitious-Baseline-Low Capacity-Baseline-Baseline",90127.8460248882
2067,"Japan","Ambitious-Baseline-Low Capacity-Baseline-Recycling Medium",75426.6559087721
2067,"Japan","Ambitious-Double LFP-Baseline-Baseline-Baseline",104557.54413545
2067,"Japan","Ambitious-Double NMC 811-Baseline-Baseline-Baseline",103563.645022601
2067,"Japan","Ambitious-Sodium Battery adoption-Baseline-Baseline-Baseline",104055.741677519
2067,"Japan","Ambitious-Solid State adoption-Baseline-Baseline-Baseline",104078.265808722
2067,"Mexico","Ambitious-Baseline-Baseline-Baseline-Baseline",98218.1622399507
2067,"Mexico","Ambitious-Baseline-Baseline-Baseline-Enhanced SSPS",98218.1622399507
2067,"Mexico","Ambitious-Baseline-Baseline-Baseline-Enhanced recycling",37588.3783972489
2067,"Mexico","Ambitious-Baseline-Baseline-Baseline-USA Recycling",98218.1622399507
2067,"Mexico","Ambitious-Baseline-High Capacity-Baseline-Baseline",129264.57226792
2067,"Mexico","Ambitious-Baseline-Low Capacity-Baseline-Baseline",73486.8176441592
2067,"Mexico","Ambitious-Baseline-Low Capacity-Baseline-Recycling Medium",57885.4838217588
2067,"Mexico","Ambitious-Double LFP-Baseline-Baseline-Baseline",101774.841815398
2067,"Mexico","Ambitious-Double NMC 811-Baseline-Baseline-Baseline",95198.081128732
2067,"Mexico","Ambitious-Sodium Battery adoption-Baseline-Baseline-Baseline",98048.3416596995
2067,"Mexico","Ambitious-Solid State adoption-Baseline-Baseline-Baseline",98218.1622399507
2067,"Middle East","Ambitious-Baseline-Baseline-Baseline-Baseline",403055.100823882
2067,"Middle East","Ambitious-Baseline-Baseline-Baseline-Enhanced SSPS",404713.178859166
2067,"Middle East","Ambitious-Baseline-Baseline-Baseline-Enhanced recycling",172347.357356399
2067,"Middle East","Ambitious-Baseline-Baseline-Baseline-USA Recycling",403055.100823882
2067,"Middle East","Ambitious-Baseline-High Capacity-Baseline-Baseline",507903.594254535
2067,"Middle East","Ambitious-Baseline-Low Capacity-Baseline-Baseline",279906.325712987
2067,"Middle East","Ambitious-Baseline-Low Capacity-Baseline-Recycling Medium",226247.586777503
2067,"Middle East","Ambitious-Double LFP-Baseline-Baseline-Baseline",414760.472809272
2067,"Middle East","Ambitious-Double NMC 811-Baseline-Baseline-Baseline",398992.214335636
2067,"Middle East","Ambitious-Sodium Battery adoption-Baseline-Baseline-Baseline",402506.319189699
2067,"Middle East","Ambitious-Solid State adoption-Baseline-Baseline-Baseline",403055.100823882
2067,"Other Asia Pacific","Ambitious-Baseline-Baseline-Baseline-Baseline",260645.459563888
2067,"Other Asia Pacific","Ambitious-Baseline-Baseline-Baseline-Enhanced SSPS",263168.836959413
2067,"Other Asia Pacific","Ambitious-Baseline-Baseline-Baseline-Enhanced recycling",110611.554097354
2067,"Other Asia Pacific","Ambitious-Baseline-Baseline-Baseline-USA Recycling",260645.459563888
2067,"Other Asia Pacific","Ambitious-Baseline-High Capacity-Baseline-Baseline",352781.229061211
2067,"Other Asia Pacific","Ambitious-Baseline-Low Capacity-Baseline-Baseline",175937.669408262
2067,"Other Asia Pacific","Ambitious-Baseline-Low Capacity-Baseline-Recycling Medium",140688.085580063
2067,"Other Asia Pacific","Ambitious-Double LFP-Baseline-Baseline-Baseline",261717.825798613
2067,"Other Asia Pacific","Ambitious-Double NMC 811-Baseline-Baseline-Baseline",259490.89545469
2067,"Other Asia Pacific","Ambitious-Sodium Battery adoption-Baseline-Baseline-Baseline",260589.727433775
2067,"Other Asia Pacific","Ambitious-Solid State adoption-Baseline-Baseline-Baseline",260645.459563888
2067,"Other Europe","Ambitious-Baseline-Baseline-Baseline-Baseline",192437.589585569
2067,"Other Europe","Ambitious-Baseline-Baseline-Baseline-Enhanced SSPS",192590.281553133
2067,"Other Europe","Ambitious-Baseline-Baseline-Baseline-Enhanced recycling",76184.3230379431
2067,"Other Europe","Ambitious-Baseline-Baseline-Baseline-USA Recycling",192437.589585569
2067,"Other Europe","Ambitious-Baseline-High Capacity-Baseline-Baseline",251374.789904663
2067,"Other Europe","Ambitious-Baseline-Low Capacity-Baseline-Baseline",145660.865616971
2067,"Other Europe","Ambitious-Baseline-Low Capacity-Baseline-Recycling Medium",119076.862606501
2067,"Other Europe","Ambitious-Double LFP-Baseline-Baseline-Baseline",194515.579379944
2067,"Other Europe","Ambitious-Double NMC 811-Baseline-Baseline-Baseline",190454.689836364
2067,"Other Europe","Ambitious-Sodium Battery adoption-Baseline-Baseline-Baseline",192339.981311459
2067,"Other Europe","Ambitious-Solid State adoption-Baseline-Baseline-Baseline",192437.589585569
2067,"Other Latin America and Caribbean","Ambitious-Baseline-Baseline-Baseline-Baseline",415881.19869352
2067,"Other Latin America and Caribbean","Ambitious-Baseline-Baseline-Baseline-Enhanced SSPS",423136.995371053
2067,"Other Latin America and Caribbean","Ambitious-Baseline-Baseline-Baseline-Enhanced recycling",128882.237344422
2067,"Other Latin America and Caribbean","Ambitious-Baseline-Baseline-Baseline-USA Recycling",415881.19869352
2067,"Other Latin America and Caribbean","Ambitious-Baseline-High Capacity-Baseline-Baseline",575504.29586014
2067,"Other Latin America and Caribbean","Ambitious-Baseline-Low Capacity-Baseline-Baseline",306219.38959211
2067,"Other Latin America and Caribbean","Ambitious-Baseline-Low Capacity-Baseline-Recycling Medium",228950.184858068
2067,"Other Latin America and Caribbean","Ambitious-Double LFP-Baseline-Baseline-Baseline",438035.300270714
2067,"Other Latin America and Caribbean","Ambitious-Double NMC 811-Baseline-Baseline-Baseline",402991.265876757
2067,"Other Latin America and Caribbean","Ambitious-Sodium Battery adoption-Baseline-Baseline-Baseline",414818.997334507
2067,"Other Latin America and Caribbean","Ambitious-Solid State adoption-Baseline-Baseline-Baseline",415881.19869352
2067,"South Korea","Ambitious-Baseline-Baseline-Baseline-Baseline",62672.8006937761
2067,"South Korea","Ambitious-Baseline-Baseline-Baseline-Enhanced SSPS",62365.3267344306
2067,"South Korea","Ambitious-Baseline-Baseline-Baseline-Enhanced recycling",27432.8750262202
2067,"South Korea","Ambitious-Baseline-Baseline-Baseline-USA Recycling",62672.8006937761
2067,"South Korea","Ambitious-Baseline-High Capacity-Baseline-Baseline",80098.0620157669
2067,"South Korea","Ambitious-Baseline-Low Capacity-Baseline-Baseline",50901.9555094467
2067,"South Korea","Ambitious-Baseline-Low Capacity-Baseline-Recycling Medium",43349.4377159146
2067,"South Korea","Ambitious-Double LFP-Baseline-Baseline-Baseline",62933.5128380814
2067,"South Korea","Ambitious-Double NMC 811-Baseline-Baseline-Baseline",62392.6635880574
2067,"South Korea","Ambitious-Sodium Battery adoption-Baseline-Baseline-Baseline",62655.7193843197
2067,"South Korea","Ambitious-Solid State adoption-Baseline-Baseline-Baseline",62672.8006937762
2067,"United Kingdom","Ambitious-Baseline-Baseline-Baseline-Baseline",100386.390620545
2067,"United Kingdom","Ambitious-Baseline-Baseline-Baseline-Enhanced SSPS",100386.390620545
2067,"United Kingdom","Ambitious-Baseline-Baseline-Baseline-Enhanced recycling",37686.2859388641
2067,"United Kingdom","Ambitious-Baseline-Baseline-Baseline-USA Recycling",100386.390620545
2067,"United Kingdom","Ambitious-Baseline-High Capacity-Baseline-Baseline",130896.727336464
2067,"United Kingdom","Ambitious-Baseline-Low Capacity-Baseline-Baseline",74106.0335837965
2067,"United Kingdom","Ambitious-Baseline-Low Capacity-Baseline-Recycling Medium",58142.3147029049
2067,"United Kingdom","Ambitious-Double LFP-Baseline-Baseline-Baseline",101285.86317222
2067,"United Kingdom","Ambitious-Double NMC 811-Baseline-Baseline-Baseline",99982.3241276452
2067,"United Kingdom","Ambitious-Sodium Battery adoption-Baseline-Baseline-Baseline",100344.21282971
2067,"United Kingdom","Ambitious-Solid State adoption-Baseline-Baseline-Baseline",100386.390620545
2067,"United States","Ambitious-Baseline-Baseline-Baseline-Baseline",542241.144575656
2067,"United States","Ambitious-Baseline-Baseline-Baseline-Enhanced SSPS",542241.144575656
2067,"United States","Ambitious-Baseline-Baseline-Baseline-Enhanced recycling",196508.909150175
2067,"United States","Ambitious-Baseline-Baseline-Baseline-USA Recycling",196508.909150175
2067,"United States","Ambitious-Baseline-High Capacity-Baseline-Baseline",660042.42064663
2067,"United States","Ambitious-Baseline-Low Capacity-Baseline-Baseline",380560.190193332
2067,"United States","Ambitious-Baseline-Low Capacity-Baseline-Recycling Medium",315243.496318639
2067,"United States","Ambitious-Double LFP-Baseline-Baseline-Baseline",564637.242553856
2067,"United States","Ambitious-Double NMC 811-Baseline-Baseline-Baseline",523245.34764401
2067,"United States","Ambitious-Sodium Battery adoption-Baseline-Baseline-Baseline",541173.733792751
2067,"United States","Ambitious-Solid State adoption-Baseline-Baseline-Baseline",542241.144575655
2068,"ASEAN","Ambitious-Baseline-Baseline-Baseline-Baseline",531216.061875729
2068,"ASEAN","Ambitious-Baseline-Baseline-Baseline-Enhanced SSPS",532023.936964943
2068,"ASEAN","Ambitious-Baseline-Baseline-Baseline-Enhanced recycling",218395.291701064
2068,"ASEAN","Ambitious-Baseline-Baseline-Baseline-USA Recycling",531216.061875729
2068,"ASEAN","Ambitious-Baseline-High Capacity-Baseline-Baseline",779241.39655656
2068,"ASEAN","Ambitious-Baseline-Low Capacity-Baseline-Baseline",424961.500548533
2068,"ASEAN","Ambitious-Baseline-Low Capacity-Baseline-Recycling Medium",338778.470746833
2068,"ASEAN","Ambitious-Double LFP-Baseline-Baseline-Baseline",563559.096960753
2068,"ASEAN","Ambitious-Double NMC 811-Baseline-Baseline-Baseline",513295.939110948
2068,"ASEAN","Ambitious-Sodium Battery adoption-Baseline-Baseline-Baseline",529356.597333983
2068,"ASEAN","Ambitious-Solid State adoption-Baseline-Baseline-Baseline",531216.061875729
2068,"Africa","Ambitious-Baseline-Baseline-Baseline-Baseline",280100.498923694
2068,"Africa","Ambitious-Baseline-Baseline-Baseline-Enhanced SSPS",287655.72626979
2068,"Africa","Ambitious-Baseline-Baseline-Baseline-Enhanced recycling",115855.854401572
2068,"Africa","Ambitious-Baseline-Baseline-Baseline-USA Recycling",280100.498923694
2068,"Africa","Ambitious-Baseline-High Capacity-Baseline-Baseline",400397.539387916
2068,"Africa","Ambitious-Baseline-Low Capacity-Baseline-Baseline",209429.87006833
2068,"Africa","Ambitious-Baseline-Low Capacity-Baseline-Recycling Medium",162815.650841003
2068,"Africa","Ambitious-Double LFP-Baseline-Baseline-Baseline",285884.966779521
2068,"Africa","Ambitious-Double NMC 811-Baseline-Baseline-Baseline",274252.201760815
2068,"Africa","Ambitious-Sodium Battery adoption-Baseline-Baseline-Baseline",279824.79833872
2068,"Africa","Ambitious-Solid State adoption-Baseline-Baseline-Baseline",280100.498923694
2068,"Australia/NZ","Ambitious-Baseline-Baseline-Baseline-Baseline",44826.6783994684
2068,"Australia/NZ","Ambitious-Baseline-Baseline-Baseline-Enhanced SSPS",44826.6783994684
2068,"Australia/NZ","Ambitious-Baseline-Baseline-Baseline-Enhanced recycling",12198.6391625591
2068,"Australia/NZ","Ambitious-Baseline-Baseline-Baseline-USA Recycling",44826.6783994684
2068,"Australia/NZ","Ambitious-Baseline-High Capacity-Baseline-Baseline",58834.3853786247
2068,"Australia/NZ","Ambitious-Baseline-Low Capacity-Baseline-Baseline",33502.1280021817
2068,"Australia/NZ","Ambitious-Baseline-Low Capacity-Baseline-Recycling Medium",25374.7598498046
2068,"Australia/NZ","Ambitious-Double LFP-Baseline-Baseline-Baseline",46845.6428922204
2068,"Australia/NZ","Ambitious-Double NMC 811-Baseline-Baseline-Baseline",44551.8145564344
2068,"Australia/NZ","Ambitious-Sodium Battery adoption-Baseline-Baseline-Baseline",44731.83789337
2068,"Australia/NZ","Ambitious-Solid State adoption-Baseline-Baseline-Baseline",44826.6783994685
2068,"Brazil","Ambitious-Baseline-Baseline-Baseline-Baseline",157029.834278376
2068,"Brazil","Ambitious-Baseline-Baseline-Baseline-Enhanced SSPS",157029.834278376
2068,"Brazil","Ambitious-Baseline-Baseline-Baseline-Enhanced recycling",63080.8708458083
2068,"Brazil","Ambitious-Baseline-Baseline-Baseline-USA Recycling",157029.834278376
2068,"Brazil","Ambitious-Baseline-High Capacity-Baseline-Baseline",226925.146291346
2068,"Brazil","Ambitious-Baseline-Low Capacity-Baseline-Baseline",122378.127131535
2068,"Brazil","Ambitious-Baseline-Low Capacity-Baseline-Recycling Medium",97332.5386120911
2068,"Brazil","Ambitious-Double LFP-Baseline-Baseline-Baseline",172563.473535976
2068,"Brazil","Ambitious-Double NMC 811-Baseline-Baseline-Baseline",143699.593781033
2068,"Brazil","Ambitious-Sodium Battery adoption-Baseline-Baseline-Baseline",156291.6487665
2068,"Brazil","Ambitious-Solid State adoption-Baseline-Baseline-Baseline",157029.834278376
2068,"Canada","Ambitious-Baseline-Baseline-Baseline-Baseline",65234.0948986207
2068,"Canada","Ambitious-Baseline-Baseline-Baseline-Enhanced SSPS",65234.0948986208
2068,"Canada","Ambitious-Baseline-Baseline-Baseline-Enhanced recycling",26073.3128392448
2068,"Canada","Ambitious-Baseline-Baseline-Baseline-USA Recycling",65234.0948986207
2068,"Canada","Ambitious-Baseline-High Capacity-Baseline-Baseline",82113.4841702064
2068,"Canada","Ambitious-Baseline-Low Capacity-Baseline-Baseline",49148.481331235
2068,"Canada","Ambitious-Baseline-Low Capacity-Baseline-Recycling Medium",41473.0988695212
2068,"Canada","Ambitious-Double LFP-Baseline-Baseline-Baseline",67900.9685133538
2068,"Canada","Ambitious-Double NMC 811-Baseline-Baseline-Baseline",62966.2203581073
2068,"Canada","Ambitious-Sodium Battery adoption-Baseline-Baseline-Baseline",65106.4574720185
2068,"Canada","Ambitious-Solid State adoption-Baseline-Baseline-Baseline",65234.0948986208
2068,"China","Ambitious-Baseline-Baseline-Baseline-Baseline",596905.721801864
2068,"China","Ambitious-Baseline-Baseline-Baseline-Enhanced SSPS",596905.721801864
2068,"China","Ambitious-Baseline-Baseline-Baseline-Enhanced recycling",596905.721801864
2068,"China","Ambitious-Baseline-Baseline-Baseline-USA Recycling",596905.721801864
2068,"China","Ambitious-Baseline-High Capacity-Baseline-Baseline",830478.11194206
2068,"China","Ambitious-Baseline-Low Capacity-Baseline-Baseline",513972.18431076
2068,"China","Ambitious-Baseline-Low Capacity-Baseline-Recycling Medium",513972.18431076
2068,"China","Ambitious-Double LFP-Baseline-Baseline-Baseline",657511.974039754
2068,"China","Ambitious-Double NMC 811-Baseline-Baseline-Baseline",552738.727299948
2068,"China","Ambitious-Sodium Battery adoption-Baseline-Baseline-Baseline",593448.787311009
2068,"China","Ambitious-Solid State adoption-Baseline-Baseline-Baseline",596905.721801865
2068,"EFTA","Ambitious-Baseline-Baseline-Baseline-Baseline",24147.1526465346
2068,"EFTA","Ambitious-Baseline-Baseline-Baseline-Enhanced SSPS",23798.9216095802
2068,"EFTA","Ambitious-Baseline-Baseline-Baseline-Enhanced recycling",10986.2552889357
2068,"EFTA","Ambitious-Baseline-Baseline-Baseline-USA Recycling",24147.1526465346
2068,"EFTA","Ambitious-Baseline-High Capacity-Baseline-Baseline",29972.9095001599
2068,"EFTA","Ambitious-Baseline-Low Capacity-Baseline-Baseline",18312.765744844
2068,"EFTA","Ambitious-Baseline-Low Capacity-Baseline-Recycling Medium",15256.9958072271
2068,"EFTA","Ambitious-Double LFP-Baseline-Baseline-Baseline",24375.8971627711
2068,"EFTA","Ambitious-Double NMC 811-Baseline-Baseline-Baseline",24044.1494997742
2068,"EFTA","Ambitious-Sodium Battery adoption-Baseline-Baseline-Baseline",24107.4536712832
2068,"EFTA","Ambitious-Solid State adoption-Baseline-Baseline-Baseline",24147.1526465346
2068,"European Union","Ambitious-Baseline-Baseline-Baseline-Baseline",260142.24823269
2068,"European Union","Ambitious-Baseline-Baseline-Baseline-Enhanced SSPS",260103.623808131
2068,"European Union","Ambitious-Baseline-Baseline-Baseline-Enhanced recycling",260200.032552101
2068,"European Union","Ambitious-Baseline-Baseline-Baseline-USA Recycling",260142.24823269
2068,"European Union","Ambitious-Baseline-High Capacity-Baseline-Baseline",341488.472900597
2068,"European Union","Ambitious-Baseline-Low Capacity-Baseline-Baseline",219506.860754355
2068,"European Union","Ambitious-Baseline-Low Capacity-Baseline-Recycling Medium",219683.696265039
2068,"European Union","Ambitious-Double LFP-Baseline-Baseline-Baseline",262503.527736933
2068,"European Union","Ambitious-Double NMC 811-Baseline-Baseline-Baseline",259085.403662977
2068,"European Union","Ambitious-Sodium Battery adoption-Baseline-Baseline-Baseline",260027.699974666
2068,"European Union","Ambitious-Solid State adoption-Baseline-Baseline-Baseline",260142.248232691
2068,"India","Ambitious-Baseline-Baseline-Baseline-Baseline",321883.162297698
2068,"India","Ambitious-Baseline-Baseline-Baseline-Enhanced SSPS",321883.162297698
2068,"India","Ambitious-Baseline-Baseline-Baseline-Enhanced recycling",159978.726301094
2068,"India","Ambitious-Baseline-Baseline-Baseline-USA Recycling",321883.162297698
2068,"India","Ambitious-Baseline-High Capacity-Baseline-Baseline",507182.927221063
2068,"India","Ambitious-Baseline-Low Capacity-Baseline-Baseline",282151.182294567
2068,"India","Ambitious-Baseline-Low Capacity-Baseline-Recycling Medium",239069.415744996
2068,"India","Ambitious-Double LFP-Baseline-Baseline-Baseline",322141.604486067
2068,"India","Ambitious-Double NMC 811-Baseline-Baseline-Baseline",321469.865685603
2068,"India","Ambitious-Sodium Battery adoption-Baseline-Baseline-Baseline",321870.936846625
2068,"India","Ambitious-Solid State adoption-Baseline-Baseline-Baseline",321883.162297698
2068,"Japan","Ambitious-Baseline-Baseline-Baseline-Baseline",104282.093346602
2068,"Japan","Ambitious-Baseline-Baseline-Baseline-Enhanced SSPS",104282.093346602
2068,"Japan","Ambitious-Baseline-Baseline-Baseline-Enhanced recycling",41655.3743604795
2068,"Japan","Ambitious-Baseline-Baseline-Baseline-USA Recycling",104282.093346602
2068,"Japan","Ambitious-Baseline-High Capacity-Baseline-Baseline",151298.004637051
2068,"Japan","Ambitious-Baseline-Low Capacity-Baseline-Baseline",90467.5194836916
2068,"Japan","Ambitious-Baseline-Low Capacity-Baseline-Recycling Medium",75793.2271080832
2068,"Japan","Ambitious-Double LFP-Baseline-Baseline-Baseline",104761.45332498
2068,"Japan","Ambitious-Double NMC 811-Baseline-Baseline-Baseline",103764.319189102
2068,"Japan","Ambitious-Sodium Battery adoption-Baseline-Baseline-Baseline",104259.466735399
2068,"Japan","Ambitious-Solid State adoption-Baseline-Baseline-Baseline",104282.093346602
2068,"Mexico","Ambitious-Baseline-Baseline-Baseline-Baseline",98575.2206408655
2068,"Mexico","Ambitious-Baseline-Baseline-Baseline-Enhanced SSPS",98575.2206408655
2068,"Mexico","Ambitious-Baseline-Baseline-Baseline-Enhanced recycling",37400.413786204
2068,"Mexico","Ambitious-Baseline-Baseline-Baseline-USA Recycling",98575.2206408655
2068,"Mexico","Ambitious-Baseline-High Capacity-Baseline-Baseline",129723.110603519
2068,"Mexico","Ambitious-Baseline-Low Capacity-Baseline-Baseline",73774.9117715127
2068,"Mexico","Ambitious-Baseline-Low Capacity-Baseline-Recycling Medium",58044.1787567757
2068,"Mexico","Ambitious-Double LFP-Baseline-Baseline-Baseline",102127.796018384
2068,"Mexico","Ambitious-Double NMC 811-Baseline-Baseline-Baseline",95552.94749664
2068,"Mexico","Ambitious-Sodium Battery adoption-Baseline-Baseline-Baseline",98405.0839949507
2068,"Mexico","Ambitious-Solid State adoption-Baseline-Baseline-Baseline",98575.2206408657
2068,"Middle East","Ambitious-Baseline-Baseline-Baseline-Baseline",405135.85115752
2068,"Middle East","Ambitious-Baseline-Baseline-Baseline-Enhanced SSPS",406818.384576914
2068,"Middle East","Ambitious-Baseline-Baseline-Baseline-Enhanced recycling",171572.86242715
2068,"Middle East","Ambitious-Baseline-Baseline-Baseline-USA Recycling",405135.85115752
2068,"Middle East","Ambitious-Baseline-High Capacity-Baseline-Baseline",510489.174675418
2068,"Middle East","Ambitious-Baseline-Low Capacity-Baseline-Baseline",281378.944063528
2068,"Middle East","Ambitious-Baseline-Low Capacity-Baseline-Recycling Medium",227065.820016299
2068,"Middle East","Ambitious-Double LFP-Baseline-Baseline-Baseline",416876.012392446
2068,"Middle East","Ambitious-Double NMC 811-Baseline-Baseline-Baseline",401056.807108296
2068,"Middle East","Ambitious-Sodium Battery adoption-Baseline-Baseline-Baseline",404583.303859268
2068,"Middle East","Ambitious-Solid State adoption-Baseline-Baseline-Baseline",405135.85115752
2068,"Other Asia Pacific","Ambitious-Baseline-Baseline-Baseline-Baseline",261157.887548627
2068,"Other Asia Pacific","Ambitious-Baseline-Baseline-Baseline-Enhanced SSPS",263737.767065038
2068,"Other Asia Pacific","Ambitious-Baseline-Baseline-Baseline-Enhanced recycling",108697.555429415
2068,"Other Asia Pacific","Ambitious-Baseline-Baseline-Baseline-USA Recycling",261157.887548627
2068,"Other Asia Pacific","Ambitious-Baseline-High Capacity-Baseline-Baseline",353507.423115305
2068,"Other Asia Pacific","Ambitious-Baseline-Low Capacity-Baseline-Baseline",176303.3963376
2068,"Other Asia Pacific","Ambitious-Baseline-Low Capacity-Baseline-Recycling Medium",140471.175069072
2068,"Other Asia Pacific","Ambitious-Double LFP-Baseline-Baseline-Baseline",262227.345286937
2068,"Other Asia Pacific","Ambitious-Double NMC 811-Baseline-Baseline-Baseline",260000.808406657
2068,"Other Asia Pacific","Ambitious-Sodium Battery adoption-Baseline-Baseline-Baseline",261102.310558516
2068,"Other Asia Pacific","Ambitious-Solid State adoption-Baseline-Baseline-Baseline",261157.887548627
2068,"Other Europe","Ambitious-Baseline-Baseline-Baseline-Baseline",192533.307809433
2068,"Other Europe","Ambitious-Baseline-Baseline-Baseline-Enhanced SSPS",192688.234952031
2068,"Other Europe","Ambitious-Baseline-Baseline-Baseline-Enhanced recycling",75654.022349634
2068,"Other Europe","Ambitious-Baseline-Baseline-Baseline-USA Recycling",192533.307809433
2068,"Other Europe","Ambitious-Baseline-High Capacity-Baseline-Baseline",251440.149051292
2068,"Other Europe","Ambitious-Baseline-Low Capacity-Baseline-Baseline",145951.316530729
2068,"Other Europe","Ambitious-Baseline-Low Capacity-Baseline-Recycling Medium",119172.035797338
2068,"Other Europe","Ambitious-Double LFP-Baseline-Baseline-Baseline",194604.081953851
2068,"Other Europe","Ambitious-Double NMC 811-Baseline-Baseline-Baseline",190548.312778729
2068,"Other Europe","Ambitious-Sodium Battery adoption-Baseline-Baseline-Baseline",192435.635112565
2068,"Other Europe","Ambitious-Solid State adoption-Baseline-Baseline-Baseline",192533.307809432
2068,"Other Latin America and Caribbean","Ambitious-Baseline-Baseline-Baseline-Baseline",416103.941714931
2068,"Other Latin America and Caribbean","Ambitious-Baseline-Baseline-Baseline-Enhanced SSPS",423428.890523845
2068,"Other Latin America and Caribbean","Ambitious-Baseline-Baseline-Baseline-Enhanced recycling",126806.027669795
2068,"Other Latin America and Caribbean","Ambitious-Baseline-Baseline-Baseline-USA Recycling",416103.941714931
2068,"Other Latin America and Caribbean","Ambitious-Baseline-High Capacity-Baseline-Baseline",575930.959436643
2068,"Other Latin America and Caribbean","Ambitious-Baseline-Low Capacity-Baseline-Baseline",306375.556966087
2068,"Other Latin America and Caribbean","Ambitious-Baseline-Low Capacity-Baseline-Recycling Medium",228471.3680224
2068,"Other Latin America and Caribbean","Ambitious-Double LFP-Baseline-Baseline-Baseline",438174.259148091
2068,"Other Latin America and Caribbean","Ambitious-Double NMC 811-Baseline-Baseline-Baseline",403292.199190203
2068,"Other Latin America and Caribbean","Ambitious-Sodium Battery adoption-Baseline-Baseline-Baseline",415044.573803429
2068,"Other Latin America and Caribbean","Ambitious-Solid State adoption-Baseline-Baseline-Baseline",416103.941714931
2068,"South Korea","Ambitious-Baseline-Baseline-Baseline-Baseline",63125.9977785525
2068,"South Korea","Ambitious-Baseline-Baseline-Baseline-Enhanced SSPS",62731.0858077277
2068,"South Korea","Ambitious-Baseline-Baseline-Baseline-Enhanced recycling",27911.0244391049
2068,"South Korea","Ambitious-Baseline-Baseline-Baseline-USA Recycling",63125.9977785525
2068,"South Korea","Ambitious-Baseline-High Capacity-Baseline-Baseline",80550.6660499774
2068,"South Korea","Ambitious-Baseline-Low Capacity-Baseline-Baseline",51299.8495544145
2068,"South Korea","Ambitious-Baseline-Low Capacity-Baseline-Recycling Medium",43746.9055475168
2068,"South Korea","Ambitious-Double LFP-Baseline-Baseline-Baseline",63386.43156447
2068,"South Korea","Ambitious-Double NMC 811-Baseline-Baseline-Baseline",62844.5935522839
2068,"South Korea","Ambitious-Sodium Battery adoption-Baseline-Baseline-Baseline",63105.1399533374
2068,"South Korea","Ambitious-Solid State adoption-Baseline-Baseline-Baseline",63125.9977785525
2068,"United Kingdom","Ambitious-Baseline-Baseline-Baseline-Baseline",100911.18273331
2068,"United Kingdom","Ambitious-Baseline-Baseline-Baseline-Enhanced SSPS",100911.18273331
2068,"United Kingdom","Ambitious-Baseline-Baseline-Baseline-Enhanced recycling",37688.9444921897
2068,"United Kingdom","Ambitious-Baseline-Baseline-Baseline-USA Recycling",100911.18273331
2068,"United Kingdom","Ambitious-Baseline-High Capacity-Baseline-Baseline",131608.078653888
2068,"United Kingdom","Ambitious-Baseline-Low Capacity-Baseline-Baseline",74468.4277411151
2068,"United Kingdom","Ambitious-Baseline-Low Capacity-Baseline-Recycling Medium",58378.0096761541
2068,"United Kingdom","Ambitious-Double LFP-Baseline-Baseline-Baseline",101816.490186671
2068,"United Kingdom","Ambitious-Double NMC 811-Baseline-Baseline-Baseline",100503.538070482
2068,"United Kingdom","Ambitious-Sodium Battery adoption-Baseline-Baseline-Baseline",100868.547718599
2068,"United Kingdom","Ambitious-Solid State adoption-Baseline-Baseline-Baseline",100911.18273331
2068,"United States","Ambitious-Baseline-Baseline-Baseline-Baseline",543043.42970202
2068,"United States","Ambitious-Baseline-Baseline-Baseline-Enhanced SSPS",543043.42970202
2068,"United States","Ambitious-Baseline-Baseline-Baseline-Enhanced recycling",196660.07298428
2068,"United States","Ambitious-Baseline-Baseline-Baseline-USA Recycling",196660.07298428
2068,"United States","Ambitious-Baseline-High Capacity-Baseline-Baseline",661107.562181214
2068,"United States","Ambitious-Baseline-Low Capacity-Baseline-Baseline",381522.808272807
2068,"United States","Ambitious-Baseline-Low Capacity-Baseline-Recycling Medium",316292.538590332
2068,"United States","Ambitious-Double LFP-Baseline-Baseline-Baseline",565342.480060053
2068,"United States","Ambitious-Double NMC 811-Baseline-Baseline-Baseline",524083.666006317
2068,"United States","Ambitious-Sodium Battery adoption-Baseline-Baseline-Baseline",541976.463767131
2068,"United States","Ambitious-Solid State adoption-Baseline-Baseline-Baseline",543043.429702019
2069,"ASEAN","Ambitious-Baseline-Baseline-Baseline-Baseline",533610.238806654
2069,"ASEAN","Ambitious-Baseline-Baseline-Baseline-Enhanced SSPS",534429.904987226
2069,"ASEAN","Ambitious-Baseline-Baseline-Baseline-Enhanced recycling",216660.642060777
2069,"ASEAN","Ambitious-Baseline-Baseline-Baseline-USA Recycling",533610.238806654
2069,"ASEAN","Ambitious-Baseline-High Capacity-Baseline-Baseline",782627.073015936
2069,"ASEAN","Ambitious-Baseline-Low Capacity-Baseline-Baseline",426896.781709903
2069,"ASEAN","Ambitious-Baseline-Low Capacity-Baseline-Recycling Medium",339569.990121399
2069,"ASEAN","Ambitious-Double LFP-Baseline-Baseline-Baseline",566033.810714116
2069,"ASEAN","Ambitious-Double NMC 811-Baseline-Baseline-Baseline",515655.509536907
2069,"ASEAN","Ambitious-Sodium Battery adoption-Baseline-Baseline-Baseline",531744.080205881
2069,"ASEAN","Ambitious-Solid State adoption-Baseline-Baseline-Baseline",533610.238806654
2069,"Africa","Ambitious-Baseline-Baseline-Baseline-Baseline",280813.355783806
2069,"Africa","Ambitious-Baseline-Baseline-Baseline-Enhanced SSPS",288507.837287167
2069,"Africa","Ambitious-Baseline-Baseline-Baseline-Enhanced recycling",114280.558810987
2069,"Africa","Ambitious-Baseline-Baseline-Baseline-USA Recycling",280813.355783806
2069,"Africa","Ambitious-Baseline-High Capacity-Baseline-Baseline",401461.218303054
2069,"Africa","Ambitious-Baseline-Low Capacity-Baseline-Baseline",209953.982833
2069,"Africa","Ambitious-Baseline-Low Capacity-Baseline-Recycling Medium",162672.078999803
2069,"Africa","Ambitious-Double LFP-Baseline-Baseline-Baseline",286593.024764658
2069,"Africa","Ambitious-Double NMC 811-Baseline-Baseline-Baseline",274955.065651959
2069,"Africa","Ambitious-Sodium Battery adoption-Baseline-Baseline-Baseline",280537.394599016
2069,"Africa","Ambitious-Solid State adoption-Baseline-Baseline-Baseline",280813.355783806
2069,"Australia/NZ","Ambitious-Baseline-Baseline-Baseline-Baseline",44943.686811989
2069,"Australia/NZ","Ambitious-Baseline-Baseline-Baseline-Enhanced SSPS",44943.686811989
2069,"Australia/NZ","Ambitious-Baseline-Baseline-Baseline-Enhanced recycling",12312.9496616974
2069,"Australia/NZ","Ambitious-Baseline-Baseline-Baseline-USA Recycling",44943.686811989
2069,"Australia/NZ","Ambitious-Baseline-High Capacity-Baseline-Baseline",58987.8394669946
2069,"Australia/NZ","Ambitious-Baseline-Low Capacity-Baseline-Baseline",33612.8178423949
2069,"Australia/NZ","Ambitious-Baseline-Low Capacity-Baseline-Recycling Medium",25489.791701856
2069,"Australia/NZ","Ambitious-Double LFP-Baseline-Baseline-Baseline",46955.9495741987
2069,"Australia/NZ","Ambitious-Double NMC 811-Baseline-Baseline-Baseline",44669.7464858402
2069,"Australia/NZ","Ambitious-Sodium Battery adoption-Baseline-Baseline-Baseline",44848.8843592027
2069,"Australia/NZ","Ambitious-Solid State adoption-Baseline-Baseline-Baseline",44943.6868119891
2069,"Brazil","Ambitious-Baseline-Baseline-Baseline-Baseline",157646.67966491
2069,"Brazil","Ambitious-Baseline-Baseline-Baseline-Enhanced SSPS",157646.67966491
2069,"Brazil","Ambitious-Baseline-Baseline-Baseline-Enhanced recycling",62775.8349771847
2069,"Brazil","Ambitious-Baseline-Baseline-Baseline-USA Recycling",157646.67966491
2069,"Brazil","Ambitious-Baseline-High Capacity-Baseline-Baseline",227782.826688478
2069,"Brazil","Ambitious-Baseline-Low Capacity-Baseline-Baseline",122861.712019334
2069,"Brazil","Ambitious-Baseline-Low Capacity-Baseline-Recycling Medium",97575.503815423
2069,"Brazil","Ambitious-Double LFP-Baseline-Baseline-Baseline",173234.100813334
2069,"Brazil","Ambitious-Double NMC 811-Baseline-Baseline-Baseline",144257.496405692
2069,"Brazil","Ambitious-Sodium Battery adoption-Baseline-Baseline-Baseline",156904.901479484
2069,"Brazil","Ambitious-Solid State adoption-Baseline-Baseline-Baseline",157646.67966491
2069,"Canada","Ambitious-Baseline-Baseline-Baseline-Baseline",65383.6096803621
2069,"Canada","Ambitious-Baseline-Baseline-Baseline-Enhanced SSPS",65383.609680362
2069,"Canada","Ambitious-Baseline-Baseline-Baseline-Enhanced recycling",26198.2078054779
2069,"Canada","Ambitious-Baseline-Baseline-Baseline-USA Recycling",65383.6096803621
2069,"Canada","Ambitious-Baseline-High Capacity-Baseline-Baseline",82280.8850296397
2069,"Canada","Ambitious-Baseline-Low Capacity-Baseline-Baseline",49347.0193787254
2069,"Canada","Ambitious-Baseline-Low Capacity-Baseline-Recycling Medium",41649.9687324046
2069,"Canada","Ambitious-Double LFP-Baseline-Baseline-Baseline",68049.9141352425
2069,"Canada","Ambitious-Double NMC 811-Baseline-Baseline-Baseline",63113.3308527085
2069,"Canada","Ambitious-Sodium Battery adoption-Baseline-Baseline-Baseline",65255.7402282711
2069,"Canada","Ambitious-Solid State adoption-Baseline-Baseline-Baseline",65383.6096803621
2069,"China","Ambitious-Baseline-Baseline-Baseline-Baseline",601126.192836278
2069,"China","Ambitious-Baseline-Baseline-Baseline-Enhanced SSPS",601126.192836278
2069,"China","Ambitious-Baseline-Baseline-Baseline-Enhanced recycling",601126.192836278
2069,"China","Ambitious-Baseline-Baseline-Baseline-USA Recycling",601126.192836278
2069,"China","Ambitious-Baseline-High Capacity-Baseline-Baseline",835395.49133884
2069,"China","Ambitious-Baseline-Low Capacity-Baseline-Baseline",517928.550925541
2069,"China","Ambitious-Baseline-Low Capacity-Baseline-Recycling Medium",517928.550925541
2069,"China","Ambitious-Double LFP-Baseline-Baseline-Baseline",661699.088865329
2069,"China","Ambitious-Double NMC 811-Baseline-Baseline-Baseline",556950.412521119
2069,"China","Ambitious-Sodium Battery adoption-Baseline-Baseline-Baseline",597655.140419207
2069,"China","Ambitious-Solid State adoption-Baseline-Baseline-Baseline",601126.192836279
2069,"EFTA","Ambitious-Baseline-Baseline-Baseline-Baseline",24313.8738855189
2069,"EFTA","Ambitious-Baseline-Baseline-Baseline-Enhanced SSPS",23966.1047388329
2069,"EFTA","Ambitious-Baseline-Baseline-Baseline-Enhanced recycling",11093.74335979
2069,"EFTA","Ambitious-Baseline-Baseline-Baseline-USA Recycling",24313.8738855189
2069,"EFTA","Ambitious-Baseline-High Capacity-Baseline-Baseline",30176.8597987154
2069,"EFTA","Ambitious-Baseline-Low Capacity-Baseline-Baseline",18439.017019707
2069,"EFTA","Ambitious-Baseline-Low Capacity-Baseline-Recycling Medium",15370.6171299356
2069,"EFTA","Ambitious-Double LFP-Baseline-Baseline-Baseline",24544.1384247699
2069,"EFTA","Ambitious-Double NMC 811-Baseline-Baseline-Baseline",24210.0539148632
2069,"EFTA","Ambitious-Sodium Battery adoption-Baseline-Baseline-Baseline",24273.3404850137
2069,"EFTA","Ambitious-Solid State adoption-Baseline-Baseline-Baseline",24313.8738855189
2069,"European Union","Ambitious-Baseline-Baseline-Baseline-Baseline",259897.21306487
2069,"European Union","Ambitious-Baseline-Baseline-Baseline-Enhanced SSPS",259853.677217139
2069,"European Union","Ambitious-Baseline-Baseline-Baseline-Enhanced recycling",259955.394452469
2069,"European Union","Ambitious-Baseline-Baseline-Baseline-USA Recycling",259897.21306487
2069,"European Union","Ambitious-Baseline-High Capacity-Baseline-Baseline",340865.045391948
2069,"European Union","Ambitious-Baseline-Low Capacity-Baseline-Baseline",219489.765785213
2069,"European Union","Ambitious-Baseline-Low Capacity-Baseline-Recycling Medium",219684.886133614
2069,"European Union","Ambitious-Double LFP-Baseline-Baseline-Baseline",262246.993289938
2069,"European Union","Ambitious-Double NMC 811-Baseline-Baseline-Baseline",258840.890281707
2069,"European Union","Ambitious-Sodium Battery adoption-Baseline-Baseline-Baseline",259781.798146294
2069,"European Union","Ambitious-Solid State adoption-Baseline-Baseline-Baseline",259897.213064869
2069,"India","Ambitious-Baseline-Baseline-Baseline-Baseline",324276.303350421
2069,"India","Ambitious-Baseline-Baseline-Baseline-Enhanced SSPS",324276.303350421
2069,"India","Ambitious-Baseline-Baseline-Baseline-Enhanced recycling",160471.809386699
2069,"India","Ambitious-Baseline-Baseline-Baseline-USA Recycling",324276.303350421
2069,"India","Ambitious-Baseline-High Capacity-Baseline-Baseline",510853.755413007
2069,"India","Ambitious-Baseline-Low Capacity-Baseline-Baseline",284211.019101622
2069,"India","Ambitious-Baseline-Low Capacity-Baseline-Recycling Medium",240602.114282211
2069,"India","Ambitious-Double LFP-Baseline-Baseline-Baseline",324536.304106953
2069,"India","Ambitious-Double NMC 811-Baseline-Baseline-Baseline",323858.978311613
2069,"India","Ambitious-Sodium Battery adoption-Baseline-Baseline-Baseline",324263.982730009
2069,"India","Ambitious-Solid State adoption-Baseline-Baseline-Baseline",324276.303350421
2069,"Japan","Ambitious-Baseline-Baseline-Baseline-Baseline",104485.612398429
2069,"Japan","Ambitious-Baseline-Baseline-Baseline-Enhanced SSPS",104485.612398429
2069,"Japan","Ambitious-Baseline-Baseline-Baseline-Enhanced recycling",42090.201694035
2069,"Japan","Ambitious-Baseline-Baseline-Baseline-USA Recycling",104485.612398429
2069,"Japan","Ambitious-Baseline-High Capacity-Baseline-Baseline",151485.254697969
2069,"Japan","Ambitious-Baseline-Low Capacity-Baseline-Baseline",90985.2335021611
2069,"Japan","Ambitious-Baseline-Low Capacity-Baseline-Recycling Medium",76156.0465195884
2069,"Japan","Ambitious-Double LFP-Baseline-Baseline-Baseline",104965.647122512
2069,"Japan","Ambitious-Double NMC 811-Baseline-Baseline-Baseline",103965.445622804
2069,"Japan","Ambitious-Sodium Battery adoption-Baseline-Baseline-Baseline",104462.900230255
2069,"Japan","Ambitious-Solid State adoption-Baseline-Baseline-Baseline",104485.612398429
2069,"Mexico","Ambitious-Baseline-Baseline-Baseline-Baseline",99029.8351838555
2069,"Mexico","Ambitious-Baseline-Baseline-Baseline-Enhanced SSPS",99029.8351838555
2069,"Mexico","Ambitious-Baseline-Baseline-Baseline-Enhanced recycling",37342.2821053166
2069,"Mexico","Ambitious-Baseline-Baseline-Baseline-USA Recycling",99029.8351838555
2069,"Mexico","Ambitious-Baseline-High Capacity-Baseline-Baseline",130317.370137574
2069,"Mexico","Ambitious-Baseline-Low Capacity-Baseline-Baseline",74127.1390321821
2069,"Mexico","Ambitious-Baseline-Low Capacity-Baseline-Recycling Medium",58274.415478234
2069,"Mexico","Ambitious-Double LFP-Baseline-Baseline-Baseline",102590.338740091
2069,"Mexico","Ambitious-Double NMC 811-Baseline-Baseline-Baseline",95997.6001203461
2069,"Mexico","Ambitious-Sodium Battery adoption-Baseline-Baseline-Baseline",98859.0306000297
2069,"Mexico","Ambitious-Solid State adoption-Baseline-Baseline-Baseline",99029.8351838555
2069,"Middle East","Ambitious-Baseline-Baseline-Baseline-Baseline",407670.877787051
2069,"Middle East","Ambitious-Baseline-Baseline-Baseline-Enhanced SSPS",409375.745366568
2069,"Middle East","Ambitious-Baseline-Baseline-Baseline-Enhanced recycling",171460.727628577
2069,"Middle East","Ambitious-Baseline-Baseline-Baseline-USA Recycling",407670.877787051
2069,"Middle East","Ambitious-Baseline-High Capacity-Baseline-Baseline",513647.806210941
2069,"Middle East","Ambitious-Baseline-Low Capacity-Baseline-Baseline",283154.707213487
2069,"Middle East","Ambitious-Baseline-Low Capacity-Baseline-Recycling Medium",228235.47694924
2069,"Middle East","Ambitious-Double LFP-Baseline-Baseline-Baseline",419471.551364965
2069,"Middle East","Ambitious-Double NMC 811-Baseline-Baseline-Baseline",403568.509073058
2069,"Middle East","Ambitious-Sodium Battery adoption-Baseline-Baseline-Baseline",407114.294671179
2069,"Middle East","Ambitious-Solid State adoption-Baseline-Baseline-Baseline",407670.877787051
2069,"Other Asia Pacific","Ambitious-Baseline-Baseline-Baseline-Baseline",262165.990054185
2069,"Other Asia Pacific","Ambitious-Baseline-Baseline-Baseline-Enhanced SSPS",264794.23258741
2069,"Other Asia Pacific","Ambitious-Baseline-Baseline-Baseline-Enhanced recycling",107495.685523361
2069,"Other Asia Pacific","Ambitious-Baseline-Baseline-Baseline-USA Recycling",262165.990054185
2069,"Other Asia Pacific","Ambitious-Baseline-High Capacity-Baseline-Baseline",354893.932290643
2069,"Other Asia Pacific","Ambitious-Baseline-Low Capacity-Baseline-Baseline",176999.943060153
2069,"Other Asia Pacific","Ambitious-Baseline-Low Capacity-Baseline-Recycling Medium",140638.106464687
2069,"Other Asia Pacific","Ambitious-Double LFP-Baseline-Baseline-Baseline",263236.314317482
2069,"Other Asia Pacific","Ambitious-Double NMC 811-Baseline-Baseline-Baseline",261004.804127099
2069,"Other Asia Pacific","Ambitious-Sodium Battery adoption-Baseline-Baseline-Baseline",262110.395310499
2069,"Other Asia Pacific","Ambitious-Solid State adoption-Baseline-Baseline-Baseline",262165.990054184
2069,"Other Europe","Ambitious-Baseline-Baseline-Baseline-Baseline",192863.929701745
2069,"Other Europe","Ambitious-Baseline-Baseline-Baseline-Enhanced SSPS",193020.898612908
2069,"Other Europe","Ambitious-Baseline-Baseline-Baseline-Enhanced recycling",75458.5367007808
2069,"Other Europe","Ambitious-Baseline-Baseline-Baseline-USA Recycling",192863.929701745
2069,"Other Europe","Ambitious-Baseline-High Capacity-Baseline-Baseline",251812.289295425
2069,"Other Europe","Ambitious-Baseline-Low Capacity-Baseline-Baseline",146412.405519039
2069,"Other Europe","Ambitious-Baseline-Low Capacity-Baseline-Recycling Medium",119459.707404222
2069,"Other Europe","Ambitious-Double LFP-Baseline-Baseline-Baseline",194933.290540498
2069,"Other Europe","Ambitious-Double NMC 811-Baseline-Baseline-Baseline",190875.322642831
2069,"Other Europe","Ambitious-Sodium Battery adoption-Baseline-Baseline-Baseline",192766.10047373
2069,"Other Europe","Ambitious-Solid State adoption-Baseline-Baseline-Baseline",192863.929701746
2069,"Other Latin America and Caribbean","Ambitious-Baseline-Baseline-Baseline-Baseline",416841.014756345
2069,"Other Latin America and Caribbean","Ambitious-Baseline-Baseline-Baseline-Enhanced SSPS",424224.935361198
2069,"Other Latin America and Caribbean","Ambitious-Baseline-Baseline-Baseline-Enhanced recycling",125492.081971028
2069,"Other Latin America and Caribbean","Ambitious-Baseline-Baseline-Baseline-USA Recycling",416841.014756345
2069,"Other Latin America and Caribbean","Ambitious-Baseline-High Capacity-Baseline-Baseline",577068.993556618
2069,"Other Latin America and Caribbean","Ambitious-Baseline-Low Capacity-Baseline-Baseline",306919.256991794
2069,"Other Latin America and Caribbean","Ambitious-Baseline-Low Capacity-Baseline-Recycling Medium",228451.150829929
2069,"Other Latin America and Caribbean","Ambitious-Double LFP-Baseline-Baseline-Baseline",438874.407679322
2069,"Other Latin America and Caribbean","Ambitious-Double NMC 811-Baseline-Baseline-Baseline",404066.609677414
2069,"Other Latin America and Caribbean","Ambitious-Sodium Battery adoption-Baseline-Baseline-Baseline",415782.756835209
2069,"Other Latin America and Caribbean","Ambitious-Solid State adoption-Baseline-Baseline-Baseline",416841.014756346
2069,"South Korea","Ambitious-Baseline-Baseline-Baseline-Baseline",63550.4643111466
2069,"South Korea","Ambitious-Baseline-Baseline-Baseline-Enhanced SSPS",63069.9942047693
2069,"South Korea","Ambitious-Baseline-Baseline-Baseline-Enhanced recycling",28349.1003734121
2069,"South Korea","Ambitious-Baseline-Baseline-Baseline-USA Recycling",63550.4643111466
2069,"South Korea","Ambitious-Baseline-High Capacity-Baseline-Baseline",80970.5363941841
2069,"South Korea","Ambitious-Baseline-Low Capacity-Baseline-Baseline",51679.7199331573
2069,"South Korea","Ambitious-Baseline-Low Capacity-Baseline-Recycling Medium",44124.0065838028
2069,"South Korea","Ambitious-Double LFP-Baseline-Baseline-Baseline",63810.814699282
2069,"South Korea","Ambitious-Double NMC 811-Baseline-Baseline-Baseline",63268.3020582529
2069,"South Korea","Ambitious-Sodium Battery adoption-Baseline-Baseline-Baseline",63525.9516657086
2069,"South Korea","Ambitious-Solid State adoption-Baseline-Baseline-Baseline",63550.4643111466
2069,"United Kingdom","Ambitious-Baseline-Baseline-Baseline-Baseline",101484.464052982
2069,"United Kingdom","Ambitious-Baseline-Baseline-Baseline-Enhanced SSPS",101484.464052982
2069,"United Kingdom","Ambitious-Baseline-Baseline-Baseline-Enhanced recycling",37753.7414992438
2069,"United Kingdom","Ambitious-Baseline-Baseline-Baseline-USA Recycling",101484.464052982
2069,"United Kingdom","Ambitious-Baseline-High Capacity-Baseline-Baseline",132381.964830175
2069,"United Kingdom","Ambitious-Baseline-Low Capacity-Baseline-Baseline",74866.8794617677
2069,"United Kingdom","Ambitious-Baseline-Low Capacity-Baseline-Recycling Medium",58653.471937159
2069,"United Kingdom","Ambitious-Double LFP-Baseline-Baseline-Baseline",102396.823495852
2069,"United Kingdom","Ambitious-Double NMC 811-Baseline-Baseline-Baseline",101073.113020093
2069,"United Kingdom","Ambitious-Sodium Battery adoption-Baseline-Baseline-Baseline",101441.395402568
2069,"United Kingdom","Ambitious-Solid State adoption-Baseline-Baseline-Baseline",101484.464052982
2069,"United States","Ambitious-Baseline-Baseline-Baseline-Baseline",544028.882592796
2069,"United States","Ambitious-Baseline-Baseline-Baseline-Enhanced SSPS",544028.882592796
2069,"United States","Ambitious-Baseline-Baseline-Baseline-Enhanced recycling",197053.068823114
2069,"United States","Ambitious-Baseline-Baseline-Baseline-USA Recycling",197053.068823114
2069,"United States","Ambitious-Baseline-High Capacity-Baseline-Baseline",662409.968569656
2069,"United States","Ambitious-Baseline-Low Capacity-Baseline-Baseline",382610.324104167
2069,"United States","Ambitious-Baseline-Low Capacity-Baseline-Recycling Medium",317494.371921406
2069,"United States","Ambitious-Double LFP-Baseline-Baseline-Baseline",566278.589060051
2069,"United States","Ambitious-Double NMC 811-Baseline-Baseline-Baseline",525085.49134997
2069,"United States","Ambitious-Sodium Battery adoption-Baseline-Baseline-Baseline",542961.981169377
2069,"United States","Ambitious-Solid State adoption-Baseline-Baseline-Baseline",544028.882592796
2070,"ASEAN","Ambitious-Baseline-Baseline-Baseline-Baseline",536957.123967138
2070,"ASEAN","Ambitious-Baseline-Baseline-Baseline-Enhanced SSPS",537787.331106941
2070,"ASEAN","Ambitious-Baseline-Baseline-Baseline-Enhanced recycling",216175.884951452
2070,"ASEAN","Ambitious-Baseline-Baseline-Baseline-USA Recycling",536957.123967138
2070,"ASEAN","Ambitious-Baseline-High Capacity-Baseline-Baseline",787453.89161053
2070,"ASEAN","Ambitious-Baseline-Low Capacity-Baseline-Baseline",429594.575141093
2070,"ASEAN","Ambitious-Baseline-Low Capacity-Baseline-Recycling Medium",341208.03440128
2070,"ASEAN","Ambitious-Double LFP-Baseline-Baseline-Baseline",569547.98872256
2070,"ASEAN","Ambitious-Double NMC 811-Baseline-Baseline-Baseline",518914.807045192
2070,"ASEAN","Ambitious-Sodium Battery adoption-Baseline-Baseline-Baseline",535080.278425056
2070,"ASEAN","Ambitious-Solid State adoption-Baseline-Baseline-Baseline",536957.123967138
2070,"Africa","Ambitious-Baseline-Baseline-Baseline-Baseline",282164.920890167
2070,"Africa","Ambitious-Baseline-Baseline-Baseline-Enhanced SSPS",289982.896054034
2070,"Africa","Ambitious-Baseline-Baseline-Baseline-Enhanced recycling",113540.338064065
2070,"Africa","Ambitious-Baseline-Baseline-Baseline-USA Recycling",282164.920890167
2070,"Africa","Ambitious-Baseline-High Capacity-Baseline-Baseline",403441.534749509
2070,"Africa","Ambitious-Baseline-Low Capacity-Baseline-Baseline",210953.868594407
2070,"Africa","Ambitious-Baseline-Low Capacity-Baseline-Recycling Medium",163065.255190808
2070,"Africa","Ambitious-Double LFP-Baseline-Baseline-Baseline",287962.579182964
2070,"Africa","Ambitious-Double NMC 811-Baseline-Baseline-Baseline",276280.250679124
2070,"Africa","Ambitious-Sodium Battery adoption-Baseline-Baseline-Baseline",281887.849230161
2070,"Africa","Ambitious-Solid State adoption-Baseline-Baseline-Baseline",282164.920890168
2070,"Australia/NZ","Ambitious-Baseline-Baseline-Baseline-Baseline",45073.1940499321
2070,"Australia/NZ","Ambitious-Baseline-Baseline-Baseline-Enhanced SSPS",45073.1940499321
2070,"Australia/NZ","Ambitious-Baseline-Baseline-Baseline-Enhanced recycling",12440.0480354065
2070,"Australia/NZ","Ambitious-Baseline-Baseline-Baseline-USA Recycling",45073.1940499321
2070,"Australia/NZ","Ambitious-Baseline-High Capacity-Baseline-Baseline",59161.9208097414
2070,"Australia/NZ","Ambitious-Baseline-Low Capacity-Baseline-Baseline",33729.0154943452
2070,"Australia/NZ","Ambitious-Baseline-Low Capacity-Baseline-Recycling Medium",25610.0501675851
2070,"Australia/NZ","Ambitious-Double LFP-Baseline-Baseline-Baseline",47082.6592773893
2070,"Australia/NZ","Ambitious-Double NMC 811-Baseline-Baseline-Baseline",44799.6397753128
2070,"Australia/NZ","Ambitious-Sodium Battery adoption-Baseline-Baseline-Baseline",44978.383010641
2070,"Australia/NZ","Ambitious-Solid State adoption-Baseline-Baseline-Baseline",45073.1940499321
2070,"Brazil","Ambitious-Baseline-Baseline-Baseline-Baseline",158485.408360634
2070,"Brazil","Ambitious-Baseline-Baseline-Baseline-Enhanced SSPS",158485.408360634
2070,"Brazil","Ambitious-Baseline-Baseline-Baseline-Enhanced recycling",62770.2695157034
2070,"Brazil","Ambitious-Baseline-Baseline-Baseline-USA Recycling",158485.408360634
2070,"Brazil","Ambitious-Baseline-High Capacity-Baseline-Baseline",228983.044970266
2070,"Brazil","Ambitious-Baseline-Low Capacity-Baseline-Baseline",123513.637159533
2070,"Brazil","Ambitious-Baseline-Low Capacity-Baseline-Recycling Medium",98007.9705949915
2070,"Brazil","Ambitious-Double LFP-Baseline-Baseline-Baseline",174165.127912216
2070,"Brazil","Ambitious-Double NMC 811-Baseline-Baseline-Baseline",145010.368638932
2070,"Brazil","Ambitious-Sodium Battery adoption-Baseline-Baseline-Baseline",157738.707089112
2070,"Brazil","Ambitious-Solid State adoption-Baseline-Baseline-Baseline",158485.408360634
2070,"Canada","Ambitious-Baseline-Baseline-Baseline-Baseline",65553.7020868729
2070,"Canada","Ambitious-Baseline-Baseline-Baseline-Enhanced SSPS",65553.7020868729
2070,"Canada","Ambitious-Baseline-Baseline-Baseline-Enhanced recycling",26347.7388814556
2070,"Canada","Ambitious-Baseline-Baseline-Baseline-USA Recycling",65553.7020868729
2070,"Canada","Ambitious-Baseline-High Capacity-Baseline-Baseline",82477.6472844042
2070,"Canada","Ambitious-Baseline-Low Capacity-Baseline-Baseline",49562.5023910829
2070,"Canada","Ambitious-Baseline-Low Capacity-Baseline-Recycling Medium",41844.7295649191
2070,"Canada","Ambitious-Double LFP-Baseline-Baseline-Baseline",68222.4466056471
2070,"Canada","Ambitious-Double NMC 811-Baseline-Baseline-Baseline",63279.8786616397
2070,"Canada","Ambitious-Sodium Battery adoption-Baseline-Baseline-Baseline",65425.5844865308
2070,"Canada","Ambitious-Solid State adoption-Baseline-Baseline-Baseline",65553.7020868731
2070,"China","Ambitious-Baseline-Baseline-Baseline-Baseline",605976.471358806
2070,"China","Ambitious-Baseline-Baseline-Baseline-Enhanced SSPS",605976.471358806
2070,"China","Ambitious-Baseline-Baseline-Baseline-Enhanced recycling",605976.471358806
2070,"China","Ambitious-Baseline-Baseline-Baseline-USA Recycling",605976.471358806
2070,"China","Ambitious-Baseline-High Capacity-Baseline-Baseline",841454.724990726
2070,"China","Ambitious-Baseline-Low Capacity-Baseline-Baseline",522319.536570808
2070,"China","Ambitious-Baseline-Low Capacity-Baseline-Recycling Medium",522319.536570808
2070,"China","Ambitious-Double LFP-Baseline-Baseline-Baseline",666747.424663743
2070,"China","Ambitious-Double NMC 811-Baseline-Baseline-Baseline",561638.827973449
2070,"China","Ambitious-Sodium Battery adoption-Baseline-Baseline-Baseline",602485.880430713
2070,"China","Ambitious-Solid State adoption-Baseline-Baseline-Baseline",605976.471358806
2070,"EFTA","Ambitious-Baseline-Baseline-Baseline-Baseline",24484.5270171699
2070,"EFTA","Ambitious-Baseline-Baseline-Baseline-Enhanced SSPS",24137.1066423117
2070,"EFTA","Ambitious-Baseline-Baseline-Baseline-Enhanced recycling",11205.3431106417
2070,"EFTA","Ambitious-Baseline-Baseline-Baseline-USA Recycling",24484.5270171699
2070,"EFTA","Ambitious-Baseline-High Capacity-Baseline-Baseline",30386.5236360265
2070,"EFTA","Ambitious-Baseline-Low Capacity-Baseline-Baseline",18568.450732587
2070,"EFTA","Ambitious-Baseline-Low Capacity-Baseline-Recycling Medium",15487.5574082846
2070,"EFTA","Ambitious-Double LFP-Baseline-Baseline-Baseline",24716.4450501309
2070,"EFTA","Ambitious-Double NMC 811-Baseline-Baseline-Baseline",24379.8946206579
2070,"EFTA","Ambitious-Sodium Battery adoption-Baseline-Baseline-Baseline",24443.1606378503
2070,"EFTA","Ambitious-Solid State adoption-Baseline-Baseline-Baseline",24484.5270171699
2070,"European Union","Ambitious-Baseline-Baseline-Baseline-Baseline",260456.832672338
2070,"European Union","Ambitious-Baseline-Baseline-Baseline-Enhanced SSPS",260408.975678913
2070,"European Union","Ambitious-Baseline-Baseline-Baseline-Enhanced recycling",260515.27354472
2070,"European Union","Ambitious-Baseline-Baseline-Baseline-USA Recycling",260456.832672338
2070,"European Union","Ambitious-Baseline-High Capacity-Baseline-Baseline",341394.77704554
2070,"European Union","Ambitious-Baseline-Low Capacity-Baseline-Baseline",220102.947609957
2070,"European Union","Ambitious-Baseline-Low Capacity-Baseline-Recycling Medium",220314.247942605
2070,"European Union","Ambitious-Double LFP-Baseline-Baseline-Baseline",262807.280530304
2070,"European Union","Ambitious-Double NMC 811-Baseline-Baseline-Baseline",259397.841629401
2070,"European Union","Ambitious-Sodium Battery adoption-Baseline-Baseline-Baseline",260340.366238538
2070,"European Union","Ambitious-Solid State adoption-Baseline-Baseline-Baseline",260456.832672338
2070,"India","Ambitious-Baseline-Baseline-Baseline-Baseline",326966.531938165
2070,"India","Ambitious-Baseline-Baseline-Baseline-Enhanced SSPS",326966.531938165
2070,"India","Ambitious-Baseline-Baseline-Baseline-Enhanced recycling",161326.15457586
2070,"India","Ambitious-Baseline-Baseline-Baseline-USA Recycling",326966.531938165
2070,"India","Ambitious-Baseline-High Capacity-Baseline-Baseline",515025.47405955
2070,"India","Ambitious-Baseline-Low Capacity-Baseline-Baseline",286542.961344425
2070,"India","Ambitious-Baseline-Low Capacity-Baseline-Recycling Medium",242432.653375841
2070,"India","Ambitious-Double LFP-Baseline-Baseline-Baseline",327228.493022457
2070,"India","Ambitious-Double NMC 811-Baseline-Baseline-Baseline",326545.285034324
2070,"India","Ambitious-Sodium Battery adoption-Baseline-Baseline-Baseline",326954.1075514
2070,"India","Ambitious-Solid State adoption-Baseline-Baseline-Baseline",326966.531938165
2070,"Japan","Ambitious-Baseline-Baseline-Baseline-Baseline",104680.000599559
2070,"Japan","Ambitious-Baseline-Baseline-Baseline-Enhanced SSPS",104680.000599559
2070,"Japan","Ambitious-Baseline-Baseline-Baseline-Enhanced recycling",42517.2826971372
2070,"Japan","Ambitious-Baseline-Baseline-Baseline-USA Recycling",104680.000599559
2070,"Japan","Ambitious-Baseline-High Capacity-Baseline-Baseline",151667.46899855
2070,"Japan","Ambitious-Baseline-Low Capacity-Baseline-Baseline",91316.4422050833
2070,"Japan","Ambitious-Baseline-Low Capacity-Baseline-Recycling Medium",76513.4615795623
2070,"Japan","Ambitious-Double LFP-Baseline-Baseline-Baseline",105161.05383281
2070,"Japan","Ambitious-Double NMC 811-Baseline-Baseline-Baseline",104157.894864356
2070,"Japan","Ambitious-Sodium Battery adoption-Baseline-Baseline-Baseline",104657.213215123
2070,"Japan","Ambitious-Solid State adoption-Baseline-Baseline-Baseline",104680.000599559
2070,"Mexico","Ambitious-Baseline-Baseline-Baseline-Baseline",99584.5267875556
2070,"Mexico","Ambitious-Baseline-Baseline-Baseline-Enhanced SSPS",99584.5267875556
2070,"Mexico","Ambitious-Baseline-Baseline-Baseline-Enhanced recycling",37409.5608098937
2070,"Mexico","Ambitious-Baseline-Baseline-Baseline-USA Recycling",99584.5267875556
2070,"Mexico","Ambitious-Baseline-High Capacity-Baseline-Baseline",131052.444937229
2070,"Mexico","Ambitious-Baseline-Low Capacity-Baseline-Baseline",74544.3274868551
2070,"Mexico","Ambitious-Baseline-Low Capacity-Baseline-Recycling Medium",58575.4585171545
2070,"Mexico","Ambitious-Double LFP-Baseline-Baseline-Baseline",103163.582289818
2070,"Mexico","Ambitious-Double NMC 811-Baseline-Baseline-Baseline",96534.8396837666
2070,"Mexico","Ambitious-Sodium Battery adoption-Baseline-Baseline-Baseline",99412.6847639749
2070,"Mexico","Ambitious-Solid State adoption-Baseline-Baseline-Baseline",99584.5267875557
2070,"Middle East","Ambitious-Baseline-Baseline-Baseline-Baseline",410680.764570437
2070,"Middle East","Ambitious-Baseline-Baseline-Baseline-Enhanced SSPS",412406.271326079
2070,"Middle East","Ambitious-Baseline-Baseline-Baseline-Enhanced recycling",171966.774301917
2070,"Middle East","Ambitious-Baseline-Baseline-Baseline-USA Recycling",410680.764570437
2070,"Middle East","Ambitious-Baseline-High Capacity-Baseline-Baseline",517409.92377357
2070,"Middle East","Ambitious-Baseline-Low Capacity-Baseline-Baseline",285247.986109324
2070,"Middle East","Ambitious-Baseline-Low Capacity-Baseline-Recycling Medium",229759.164489713
2070,"Middle East","Ambitious-Double LFP-Baseline-Baseline-Baseline",422563.415337318
2070,"Middle East","Ambitious-Double NMC 811-Baseline-Baseline-Baseline",406548.718572149
2070,"Middle East","Ambitious-Sodium Battery adoption-Baseline-Baseline-Baseline",410119.711243713
2070,"Middle East","Ambitious-Solid State adoption-Baseline-Baseline-Baseline",410680.764570438
2070,"Other Asia Pacific","Ambitious-Baseline-Baseline-Baseline-Baseline",263737.205877459
2070,"Other Asia Pacific","Ambitious-Baseline-Baseline-Baseline-Enhanced SSPS",266407.317711052
2070,"Other Asia Pacific","Ambitious-Baseline-Baseline-Baseline-Enhanced recycling",107032.769169599
2070,"Other Asia Pacific","Ambitious-Baseline-Baseline-Baseline-USA Recycling",263737.205877459
2070,"Other Asia Pacific","Ambitious-Baseline-High Capacity-Baseline-Baseline",357036.152965471
2070,"Other Asia Pacific","Ambitious-Baseline-Low Capacity-Baseline-Baseline",178071.415033034
2070,"Other Asia Pacific","Ambitious-Baseline-Low Capacity-Baseline-Recycling Medium",141223.817530204
2070,"Other Asia Pacific","Ambitious-Double LFP-Baseline-Baseline-Baseline",264811.973936223
2070,"Other Asia Pacific","Ambitious-Double NMC 811-Baseline-Baseline-Baseline",262569.577833468
2070,"Other Asia Pacific","Ambitious-Sodium Battery adoption-Baseline-Baseline-Baseline",263681.417062543
2070,"Other Asia Pacific","Ambitious-Solid State adoption-Baseline-Baseline-Baseline",263737.205877459
2070,"Other Europe","Ambitious-Baseline-Baseline-Baseline-Baseline",193425.368881196
2070,"Other Europe","Ambitious-Baseline-Baseline-Baseline-Enhanced SSPS",193584.22410714
2070,"Other Europe","Ambitious-Baseline-Baseline-Baseline-Enhanced recycling",75568.3186905029
2070,"Other Europe","Ambitious-Baseline-Baseline-Baseline-USA Recycling",193425.368881196
2070,"Other Europe","Ambitious-Baseline-High Capacity-Baseline-Baseline",252485.962865122
2070,"Other Europe","Ambitious-Baseline-Low Capacity-Baseline-Baseline",147038.716534123
2070,"Other Europe","Ambitious-Baseline-Low Capacity-Baseline-Recycling Medium",119930.02728134
2070,"Other Europe","Ambitious-Double LFP-Baseline-Baseline-Baseline",195498.239229695
2070,"Other Europe","Ambitious-Double NMC 811-Baseline-Baseline-Baseline",191430.865296145
2070,"Other Europe","Ambitious-Sodium Battery adoption-Baseline-Baseline-Baseline",193327.260277837
2070,"Other Europe","Ambitious-Solid State adoption-Baseline-Baseline-Baseline",193425.368881196
2070,"Other Latin America and Caribbean","Ambitious-Baseline-Baseline-Baseline-Baseline",418110.506491015
2070,"Other Latin America and Caribbean","Ambitious-Baseline-Baseline-Baseline-Enhanced SSPS",425544.795427438
2070,"Other Latin America and Caribbean","Ambitious-Baseline-Baseline-Baseline-Enhanced recycling",124903.002704822
2070,"Other Latin America and Caribbean","Ambitious-Baseline-Baseline-Baseline-USA Recycling",418110.506491015
2070,"Other Latin America and Caribbean","Ambitious-Baseline-High Capacity-Baseline-Baseline",578944.38109264
2070,"Other Latin America and Caribbean","Ambitious-Baseline-Low Capacity-Baseline-Baseline",307863.575382722
2070,"Other Latin America and Caribbean","Ambitious-Baseline-Low Capacity-Baseline-Recycling Medium",228887.150779333
2070,"Other Latin America and Caribbean","Ambitious-Double LFP-Baseline-Baseline-Baseline",440147.267856734
2070,"Other Latin America and Caribbean","Ambitious-Double NMC 811-Baseline-Baseline-Baseline",405341.98757391
2070,"Other Latin America and Caribbean","Ambitious-Sodium Battery adoption-Baseline-Baseline-Baseline",417051.747294283
2070,"Other Latin America and Caribbean","Ambitious-Solid State adoption-Baseline-Baseline-Baseline",418110.506491015
2070,"South Korea","Ambitious-Baseline-Baseline-Baseline-Baseline",63941.3864748578
2070,"South Korea","Ambitious-Baseline-Baseline-Baseline-Enhanced SSPS",63377.5389466893
2070,"South Korea","Ambitious-Baseline-Baseline-Baseline-Enhanced recycling",28744.766937747
2070,"South Korea","Ambitious-Baseline-Baseline-Baseline-USA Recycling",63941.3864748578
2070,"South Korea","Ambitious-Baseline-High Capacity-Baseline-Baseline",81352.3189216237
2070,"South Korea","Ambitious-Baseline-Low Capacity-Baseline-Baseline",52038.5269948497
2070,"South Korea","Ambitious-Baseline-Low Capacity-Baseline-Recycling Medium",44478.4529699021
2070,"South Korea","Ambitious-Double LFP-Baseline-Baseline-Baseline",64201.7257724013
2070,"South Korea","Ambitious-Double NMC 811-Baseline-Baseline-Baseline",63658.8105210313
2070,"South Korea","Ambitious-Sodium Battery adoption-Baseline-Baseline-Baseline",63913.3321600511
2070,"South Korea","Ambitious-Solid State adoption-Baseline-Baseline-Baseline",63941.3864748579
2070,"United Kingdom","Ambitious-Baseline-Baseline-Baseline-Baseline",102118.433530496
2070,"United Kingdom","Ambitious-Baseline-Baseline-Baseline-Enhanced SSPS",102118.433530496
2070,"United Kingdom","Ambitious-Baseline-Baseline-Baseline-Enhanced recycling",37893.5146106799
2070,"United Kingdom","Ambitious-Baseline-Baseline-Baseline-USA Recycling",102118.433530496
2070,"United Kingdom","Ambitious-Baseline-High Capacity-Baseline-Baseline",133234.187047325
2070,"United Kingdom","Ambitious-Baseline-Low Capacity-Baseline-Baseline",75310.5415839393
2070,"United Kingdom","Ambitious-Baseline-Low Capacity-Baseline-Recycling Medium",58978.0256333341
2070,"United Kingdom","Ambitious-Double LFP-Baseline-Baseline-Baseline",103038.772475473
2070,"United Kingdom","Ambitious-Double NMC 811-Baseline-Baseline-Baseline",101703.215526623
2070,"United Kingdom","Ambitious-Sodium Battery adoption-Baseline-Baseline-Baseline",102074.936825647
2070,"United Kingdom","Ambitious-Solid State adoption-Baseline-Baseline-Baseline",102118.433530496
2070,"United States","Ambitious-Baseline-Baseline-Baseline-Baseline",545283.7007159
2070,"United States","Ambitious-Baseline-Baseline-Baseline-Enhanced SSPS",545283.7007159
2070,"United States","Ambitious-Baseline-Baseline-Baseline-Enhanced recycling",197771.588851121
2070,"United States","Ambitious-Baseline-Baseline-Baseline-USA Recycling",197771.588851121
2070,"United States","Ambitious-Baseline-High Capacity-Baseline-Baseline",664043.755461995
2070,"United States","Ambitious-Baseline-Low Capacity-Baseline-Baseline",383873.189135208
2070,"United States","Ambitious-Baseline-Low Capacity-Baseline-Recycling Medium",318887.593078132
2070,"United States","Ambitious-Double LFP-Baseline-Baseline-Baseline",567520.083787534
2070,"United States","Ambitious-Double NMC 811-Baseline-Baseline-Baseline",526338.613813067
2070,"United States","Ambitious-Sodium Battery adoption-Baseline-Baseline-Baseline",544216.272591342
2070,"United States","Ambitious-Solid State adoption-Baseline-Baseline-Baseline",545283.700715899
