"Scenario","Region","t","Recycling"
"Ambitious-Baseline-Baseline-Baseline-Baseline","ASEAN",2023,0.0723766159023914
"Ambitious-Baseline-Baseline-Baseline-Baseline","ASEAN",2024,0.127511030046309
"Ambitious-Baseline-Baseline-Baseline-Baseline","ASEAN",2025,0.199296583246019
"Ambitious-Baseline-Baseline-Baseline-Baseline","ASEAN",2026,0.314025489404761
"Ambitious-Baseline-Baseline-Baseline-Baseline","ASEAN",2027,0.519403612115609
"Ambitious-Baseline-Baseline-Baseline-Baseline","ASEAN",2028,0.881424863069736
"Ambitious-Baseline-Baseline-Baseline-Baseline","ASEAN",2029,1.53359869109313
"Ambitious-Baseline-Baseline-Baseline-Baseline","ASEAN",2030,2.68974576347877
"Ambitious-Baseline-Baseline-Baseline-Baseline","ASEAN",2031,4.82598269352099
"Ambitious-Baseline-Baseline-Baseline-Baseline","ASEAN",2032,6.65838205606556
"Ambitious-Baseline-Baseline-Baseline-Baseline","ASEAN",2033,9.08577783779063
"Ambitious-Baseline-Baseline-Baseline-Baseline","ASEAN",2034,12.3057455088531
"Ambitious-Baseline-Baseline-Baseline-Baseline","ASEAN",2035,16.595635343249
"Ambitious-Baseline-Baseline-Baseline-Baseline","ASEAN",2036,22.0241396611374
"Ambitious-Baseline-Baseline-Baseline-Baseline","ASEAN",2037,28.557469329388
"Ambitious-Baseline-Baseline-Baseline-Baseline","ASEAN",2038,36.6295778321243
"Ambitious-Baseline-Baseline-Baseline-Baseline","ASEAN",2039,46.3356624303207
"Ambitious-Baseline-Baseline-Baseline-Baseline","ASEAN",2040,57.8636513759149
"Ambitious-Baseline-Baseline-Baseline-Baseline","ASEAN",2041,71.7831275079219
"Ambitious-Baseline-Baseline-Baseline-Baseline","ASEAN",2042,87.2408062903679
"Ambitious-Baseline-Baseline-Baseline-Baseline","ASEAN",2043,104.907045483766
"Ambitious-Baseline-Baseline-Baseline-Baseline","ASEAN",2044,124.685484043499
"Ambitious-Baseline-Baseline-Baseline-Baseline","ASEAN",2045,146.609376901111
"Ambitious-Baseline-Baseline-Baseline-Baseline","ASEAN",2046,170.620603527184
"Ambitious-Baseline-Baseline-Baseline-Baseline","ASEAN",2047,196.188731253391
"Ambitious-Baseline-Baseline-Baseline-Baseline","ASEAN",2048,222.818151126321
"Ambitious-Baseline-Baseline-Baseline-Baseline","ASEAN",2049,250.163424266922
"Ambitious-Baseline-Baseline-Baseline-Baseline","ASEAN",2050,278.160099635533
"Ambitious-Baseline-Baseline-Baseline-Baseline","ASEAN",2051,306.117112829855
"Ambitious-Baseline-Baseline-Baseline-Baseline","ASEAN",2052,334.583968270281
"Ambitious-Baseline-Baseline-Baseline-Baseline","ASEAN",2053,362.772539749264
"Ambitious-Baseline-Baseline-Baseline-Baseline","ASEAN",2054,390.851730348274
"Ambitious-Baseline-Baseline-Baseline-Baseline","ASEAN",2055,418.077048152171
"Ambitious-Baseline-Baseline-Baseline-Baseline","ASEAN",2056,444.239348699545
"Ambitious-Baseline-Baseline-Baseline-Baseline","ASEAN",2057,469.150964462709
"Ambitious-Baseline-Baseline-Baseline-Baseline","ASEAN",2058,492.598633901181
"Ambitious-Baseline-Baseline-Baseline-Baseline","ASEAN",2059,514.478539799606
"Ambitious-Baseline-Baseline-Baseline-Baseline","ASEAN",2060,534.717694869694
"Ambitious-Baseline-Baseline-Baseline-Baseline","ASEAN",2061,553.325215742679
"Ambitious-Baseline-Baseline-Baseline-Baseline","ASEAN",2062,570.353715132523
"Ambitious-Baseline-Baseline-Baseline-Baseline","ASEAN",2063,585.835682101974
"Ambitious-Baseline-Baseline-Baseline-Baseline","ASEAN",2064,599.850843852471
"Ambitious-Baseline-Baseline-Baseline-Baseline","ASEAN",2065,612.487679671082
"Ambitious-Baseline-Baseline-Baseline-Baseline","ASEAN",2066,623.837351430513
"Ambitious-Baseline-Baseline-Baseline-Baseline","ASEAN",2067,634.069828095796
"Ambitious-Baseline-Baseline-Baseline-Baseline","ASEAN",2068,643.347779280747
"Ambitious-Baseline-Baseline-Baseline-Baseline","ASEAN",2069,651.835674341346
"Ambitious-Baseline-Baseline-Baseline-Baseline","ASEAN",2070,659.713858668474
"Ambitious-Baseline-Baseline-Baseline-Baseline","Africa",2023,0.042417910568897
"Ambitious-Baseline-Baseline-Baseline-Baseline","Africa",2024,0.0721408327918785
"Ambitious-Baseline-Baseline-Baseline-Baseline","Africa",2025,0.146741333786936
"Ambitious-Baseline-Baseline-Baseline-Baseline","Africa",2026,0.23369060376432
"Ambitious-Baseline-Baseline-Baseline-Baseline","Africa",2027,0.401979557090879
"Ambitious-Baseline-Baseline-Baseline-Baseline","Africa",2028,0.637660576294888
"Ambitious-Baseline-Baseline-Baseline-Baseline","Africa",2029,1.0663604522856
"Ambitious-Baseline-Baseline-Baseline-Baseline","Africa",2030,1.66236415716659
"Ambitious-Baseline-Baseline-Baseline-Baseline","Africa",2031,2.64273673483362
"Ambitious-Baseline-Baseline-Baseline-Baseline","Africa",2032,3.62694443695198
"Ambitious-Baseline-Baseline-Baseline-Baseline","Africa",2033,4.94501353018327
"Ambitious-Baseline-Baseline-Baseline-Baseline","Africa",2034,6.69116240145224
"Ambitious-Baseline-Baseline-Baseline-Baseline","Africa",2035,8.83658191270804
"Ambitious-Baseline-Baseline-Baseline-Baseline","Africa",2036,11.6478610171664
"Ambitious-Baseline-Baseline-Baseline-Baseline","Africa",2037,15.1263930995949
"Ambitious-Baseline-Baseline-Baseline-Baseline","Africa",2038,19.4021941342573
"Ambitious-Baseline-Baseline-Baseline-Baseline","Africa",2039,24.5522732118542
"Ambitious-Baseline-Baseline-Baseline-Baseline","Africa",2040,30.8297420873309
"Ambitious-Baseline-Baseline-Baseline-Baseline","Africa",2041,38.023194430188
"Ambitious-Baseline-Baseline-Baseline-Baseline","Africa",2042,46.1661500033968
"Ambitious-Baseline-Baseline-Baseline-Baseline","Africa",2043,55.3805401175405
"Ambitious-Baseline-Baseline-Baseline-Baseline","Africa",2044,65.6315846442889
"Ambitious-Baseline-Baseline-Baseline-Baseline","Africa",2045,76.7746993028482
"Ambitious-Baseline-Baseline-Baseline-Baseline","Africa",2046,88.9485955035257
"Ambitious-Baseline-Baseline-Baseline-Baseline","Africa",2047,101.48508788135
"Ambitious-Baseline-Baseline-Baseline-Baseline","Africa",2048,114.309262158527
"Ambitious-Baseline-Baseline-Baseline-Baseline","Africa",2049,127.262783869654
"Ambitious-Baseline-Baseline-Baseline-Baseline","Africa",2050,140.182352386615
"Ambitious-Baseline-Baseline-Baseline-Baseline","Africa",2051,152.953489003572
"Ambitious-Baseline-Baseline-Baseline-Baseline","Africa",2052,165.692333049085
"Ambitious-Baseline-Baseline-Baseline-Baseline","Africa",2053,178.277106454666
"Ambitious-Baseline-Baseline-Baseline-Baseline","Africa",2054,190.687991349538
"Ambitious-Baseline-Baseline-Baseline-Baseline","Africa",2055,202.902554258768
"Ambitious-Baseline-Baseline-Baseline-Baseline","Africa",2056,214.878402649651
"Ambitious-Baseline-Baseline-Baseline-Baseline","Africa",2057,226.590460986002
"Ambitious-Baseline-Baseline-Baseline-Baseline","Africa",2058,237.912094969779
"Ambitious-Baseline-Baseline-Baseline-Baseline","Africa",2059,248.761817774985
"Ambitious-Baseline-Baseline-Baseline-Baseline","Africa",2060,259.03864146743
"Ambitious-Baseline-Baseline-Baseline-Baseline","Africa",2061,268.674528036695
"Ambitious-Baseline-Baseline-Baseline-Baseline","Africa",2062,277.619530192739
"Ambitious-Baseline-Baseline-Baseline-Baseline","Africa",2063,285.810436365324
"Ambitious-Baseline-Baseline-Baseline-Baseline","Africa",2064,293.245554859304
"Ambitious-Baseline-Baseline-Baseline-Baseline","Africa",2065,299.921811013608
"Ambitious-Baseline-Baseline-Baseline-Baseline","Africa",2066,305.876730034554
"Ambitious-Baseline-Baseline-Baseline-Baseline","Africa",2067,311.179805187838
"Ambitious-Baseline-Baseline-Baseline-Baseline","Africa",2068,315.93260166248
"Ambitious-Baseline-Baseline-Baseline-Baseline","Africa",2069,320.229782691647
"Ambitious-Baseline-Baseline-Baseline-Baseline","Africa",2070,324.169860009781
"Ambitious-Baseline-Baseline-Baseline-Baseline","Australia/NZ",2023,0.0657982903018657
"Ambitious-Baseline-Baseline-Baseline-Baseline","Australia/NZ",2024,0.104646601117147
"Ambitious-Baseline-Baseline-Baseline-Baseline","Australia/NZ",2025,0.150502794150307
"Ambitious-Baseline-Baseline-Baseline-Baseline","Australia/NZ",2026,0.257075530791655
"Ambitious-Baseline-Baseline-Baseline-Baseline","Australia/NZ",2027,0.398714913342712
"Ambitious-Baseline-Baseline-Baseline-Baseline","Australia/NZ",2028,0.501132640691037
"Ambitious-Baseline-Baseline-Baseline-Baseline","Australia/NZ",2029,0.636650588303532
"Ambitious-Baseline-Baseline-Baseline-Baseline","Australia/NZ",2030,0.822935325070297
"Ambitious-Baseline-Baseline-Baseline-Baseline","Australia/NZ",2031,1.09464430922588
"Ambitious-Baseline-Baseline-Baseline-Baseline","Australia/NZ",2032,1.40962583493143
"Ambitious-Baseline-Baseline-Baseline-Baseline","Australia/NZ",2033,1.92173607676827
"Ambitious-Baseline-Baseline-Baseline-Baseline","Australia/NZ",2034,2.58078777770456
"Ambitious-Baseline-Baseline-Baseline-Baseline","Australia/NZ",2035,3.41990305652102
"Ambitious-Baseline-Baseline-Baseline-Baseline","Australia/NZ",2036,4.48837847332291
"Ambitious-Baseline-Baseline-Baseline-Baseline","Australia/NZ",2037,5.77590455819583
"Ambitious-Baseline-Baseline-Baseline-Baseline","Australia/NZ",2038,7.23030385242841
"Ambitious-Baseline-Baseline-Baseline-Baseline","Australia/NZ",2039,8.95169945750781
"Ambitious-Baseline-Baseline-Baseline-Baseline","Australia/NZ",2040,10.9029290189278
"Ambitious-Baseline-Baseline-Baseline-Baseline","Australia/NZ",2041,13.0757915800723
"Ambitious-Baseline-Baseline-Baseline-Baseline","Australia/NZ",2042,15.4962558997775
"Ambitious-Baseline-Baseline-Baseline-Baseline","Australia/NZ",2043,18.1255472105071
"Ambitious-Baseline-Baseline-Baseline-Baseline","Australia/NZ",2044,20.9633128114518
"Ambitious-Baseline-Baseline-Baseline-Baseline","Australia/NZ",2045,24.0057344215598
"Ambitious-Baseline-Baseline-Baseline-Baseline","Australia/NZ",2046,27.9899205519437
"Ambitious-Baseline-Baseline-Baseline-Baseline","Australia/NZ",2047,31.8099933412109
"Ambitious-Baseline-Baseline-Baseline-Baseline","Australia/NZ",2048,35.7466173432945
"Ambitious-Baseline-Baseline-Baseline-Baseline","Australia/NZ",2049,39.3914248370345
"Ambitious-Baseline-Baseline-Baseline-Baseline","Australia/NZ",2050,43.1575092276226
"Ambitious-Baseline-Baseline-Baseline-Baseline","Australia/NZ",2051,46.6382352786798
"Ambitious-Baseline-Baseline-Baseline-Baseline","Australia/NZ",2052,49.9562351150094
"Ambitious-Baseline-Baseline-Baseline-Baseline","Australia/NZ",2053,52.8694804427405
"Ambitious-Baseline-Baseline-Baseline-Baseline","Australia/NZ",2054,55.3975629549412
"Ambitious-Baseline-Baseline-Baseline-Baseline","Australia/NZ",2055,57.5759463822961
"Ambitious-Baseline-Baseline-Baseline-Baseline","Australia/NZ",2056,59.451303006898
"Ambitious-Baseline-Baseline-Baseline-Baseline","Australia/NZ",2057,61.0776770086863
"Ambitious-Baseline-Baseline-Baseline-Baseline","Australia/NZ",2058,62.4901102958473
"Ambitious-Baseline-Baseline-Baseline-Baseline","Australia/NZ",2059,63.7026798853406
"Ambitious-Baseline-Baseline-Baseline-Baseline","Australia/NZ",2060,64.7271381054593
"Ambitious-Baseline-Baseline-Baseline-Baseline","Australia/NZ",2061,65.5596536224071
"Ambitious-Baseline-Baseline-Baseline-Baseline","Australia/NZ",2062,66.2061016942398
"Ambitious-Baseline-Baseline-Baseline-Baseline","Australia/NZ",2063,66.6792877685012
"Ambitious-Baseline-Baseline-Baseline-Baseline","Australia/NZ",2064,66.9985967081258
"Ambitious-Baseline-Baseline-Baseline-Baseline","Australia/NZ",2065,67.1921767233571
"Ambitious-Baseline-Baseline-Baseline-Baseline","Australia/NZ",2066,67.2978920902671
"Ambitious-Baseline-Baseline-Baseline-Baseline","Australia/NZ",2067,67.3463204714236
"Ambitious-Baseline-Baseline-Baseline-Baseline","Australia/NZ",2068,67.3611132632967
"Ambitious-Baseline-Baseline-Baseline-Baseline","Australia/NZ",2069,67.3666831489892
"Ambitious-Baseline-Baseline-Baseline-Baseline","Australia/NZ",2070,67.3716562880526
"Ambitious-Baseline-Baseline-Baseline-Baseline","Brazil",2023,0.0185753461890392
"Ambitious-Baseline-Baseline-Baseline-Baseline","Brazil",2024,0.0503753530454067
"Ambitious-Baseline-Baseline-Baseline-Baseline","Brazil",2025,0.0623487880431675
"Ambitious-Baseline-Baseline-Baseline-Baseline","Brazil",2026,0.171860177569487
"Ambitious-Baseline-Baseline-Baseline-Baseline","Brazil",2027,0.343336751397837
"Ambitious-Baseline-Baseline-Baseline-Baseline","Brazil",2028,0.495146367194026
"Ambitious-Baseline-Baseline-Baseline-Baseline","Brazil",2029,0.724697999175721
"Ambitious-Baseline-Baseline-Baseline-Baseline","Brazil",2030,1.06107553130738
"Ambitious-Baseline-Baseline-Baseline-Baseline","Brazil",2031,1.57890190576792
"Ambitious-Baseline-Baseline-Baseline-Baseline","Brazil",2032,2.14468549398084
"Ambitious-Baseline-Baseline-Baseline-Baseline","Brazil",2033,2.87173729377836
"Ambitious-Baseline-Baseline-Baseline-Baseline","Brazil",2034,3.82062366695871
"Ambitious-Baseline-Baseline-Baseline-Baseline","Brazil",2035,5.05293465671169
"Ambitious-Baseline-Baseline-Baseline-Baseline","Brazil",2036,6.6325028288504
"Ambitious-Baseline-Baseline-Baseline-Baseline","Brazil",2037,8.63571532518245
"Ambitious-Baseline-Baseline-Baseline-Baseline","Brazil",2038,11.1310325148317
"Ambitious-Baseline-Baseline-Baseline-Baseline","Brazil",2039,14.307713503905
"Ambitious-Baseline-Baseline-Baseline-Baseline","Brazil",2040,17.9208982716869
"Ambitious-Baseline-Baseline-Baseline-Baseline","Brazil",2041,22.1285449519921
"Ambitious-Baseline-Baseline-Baseline-Baseline","Brazil",2042,26.7800557174107
"Ambitious-Baseline-Baseline-Baseline-Baseline","Brazil",2043,32.0181415383441
"Ambitious-Baseline-Baseline-Baseline-Baseline","Brazil",2044,37.8115321605494
"Ambitious-Baseline-Baseline-Baseline-Baseline","Brazil",2045,44.126774907416
"Ambitious-Baseline-Baseline-Baseline-Baseline","Brazil",2046,50.7624978969989
"Ambitious-Baseline-Baseline-Baseline-Baseline","Brazil",2047,58.0495142305798
"Ambitious-Baseline-Baseline-Baseline-Baseline","Brazil",2048,66.5320662429998
"Ambitious-Baseline-Baseline-Baseline-Baseline","Brazil",2049,75.3446685928015
"Ambitious-Baseline-Baseline-Baseline-Baseline","Brazil",2050,84.3806798498928
"Ambitious-Baseline-Baseline-Baseline-Baseline","Brazil",2051,93.5328466453869
"Ambitious-Baseline-Baseline-Baseline-Baseline","Brazil",2052,103.139279779052
"Ambitious-Baseline-Baseline-Baseline-Baseline","Brazil",2053,112.630951773093
"Ambitious-Baseline-Baseline-Baseline-Baseline","Brazil",2054,121.863379660893
"Ambitious-Baseline-Baseline-Baseline-Baseline","Brazil",2055,130.703408783987
"Ambitious-Baseline-Baseline-Baseline-Baseline","Brazil",2056,139.035900971726
"Ambitious-Baseline-Baseline-Baseline-Baseline","Brazil",2057,146.791690146259
"Ambitious-Baseline-Baseline-Baseline-Baseline","Brazil",2058,153.902293395345
"Ambitious-Baseline-Baseline-Baseline-Baseline","Brazil",2059,160.365164072789
"Ambitious-Baseline-Baseline-Baseline-Baseline","Brazil",2060,166.178632935693
"Ambitious-Baseline-Baseline-Baseline-Baseline","Brazil",2061,171.36451512725
"Ambitious-Baseline-Baseline-Baseline-Baseline","Brazil",2062,175.970916133515
"Ambitious-Baseline-Baseline-Baseline-Baseline","Brazil",2063,180.029574337987
"Ambitious-Baseline-Baseline-Baseline-Baseline","Brazil",2064,183.594607027063
"Ambitious-Baseline-Baseline-Baseline-Baseline","Brazil",2065,186.715645679118
"Ambitious-Baseline-Baseline-Baseline-Baseline","Brazil",2066,189.442495913439
"Ambitious-Baseline-Baseline-Baseline-Baseline","Brazil",2067,191.839371573577
"Ambitious-Baseline-Baseline-Baseline-Baseline","Brazil",2068,193.959150312397
"Ambitious-Baseline-Baseline-Baseline-Baseline","Brazil",2069,195.862389032723
"Ambitious-Baseline-Baseline-Baseline-Baseline","Brazil",2070,197.60544793792
"Ambitious-Baseline-Baseline-Baseline-Baseline","Canada",2023,0.121702221075323
"Ambitious-Baseline-Baseline-Baseline-Baseline","Canada",2024,0.142770827788082
"Ambitious-Baseline-Baseline-Baseline-Baseline","Canada",2025,0.20771618186558
"Ambitious-Baseline-Baseline-Baseline-Baseline","Canada",2026,0.311844967793909
"Ambitious-Baseline-Baseline-Baseline-Baseline","Canada",2027,0.465138524770803
"Ambitious-Baseline-Baseline-Baseline-Baseline","Canada",2028,0.691583751516784
"Ambitious-Baseline-Baseline-Baseline-Baseline","Canada",2029,1.03256256589418
"Ambitious-Baseline-Baseline-Baseline-Baseline","Canada",2030,1.56911232955413
"Ambitious-Baseline-Baseline-Baseline-Baseline","Canada",2031,2.40264617037297
"Ambitious-Baseline-Baseline-Baseline-Baseline","Canada",2032,3.00595184884676
"Ambitious-Baseline-Baseline-Baseline-Baseline","Canada",2033,3.79176038615011
"Ambitious-Baseline-Baseline-Baseline-Baseline","Canada",2034,4.81670472041458
"Ambitious-Baseline-Baseline-Baseline-Baseline","Canada",2035,6.14568861773743
"Ambitious-Baseline-Baseline-Baseline-Baseline","Canada",2036,7.66984282013839
"Ambitious-Baseline-Baseline-Baseline-Baseline","Canada",2037,9.77194621696258
"Ambitious-Baseline-Baseline-Baseline-Baseline","Canada",2038,12.1636140747415
"Ambitious-Baseline-Baseline-Baseline-Baseline","Canada",2039,15.0384115342902
"Ambitious-Baseline-Baseline-Baseline-Baseline","Canada",2040,18.4124413257712
"Ambitious-Baseline-Baseline-Baseline-Baseline","Canada",2041,22.3009760056538
"Ambitious-Baseline-Baseline-Baseline-Baseline","Canada",2042,26.7117901259052
"Ambitious-Baseline-Baseline-Baseline-Baseline","Canada",2043,31.4923142964273
"Ambitious-Baseline-Baseline-Baseline-Baseline","Canada",2044,36.4789923175511
"Ambitious-Baseline-Baseline-Baseline-Baseline","Canada",2045,41.4723466417286
"Ambitious-Baseline-Baseline-Baseline-Baseline","Canada",2046,46.4887153763901
"Ambitious-Baseline-Baseline-Baseline-Baseline","Canada",2047,51.7726392795822
"Ambitious-Baseline-Baseline-Baseline-Baseline","Canada",2048,56.5278846408759
"Ambitious-Baseline-Baseline-Baseline-Baseline","Canada",2049,60.6681832971891
"Ambitious-Baseline-Baseline-Baseline-Baseline","Canada",2050,64.1487105362885
"Ambitious-Baseline-Baseline-Baseline-Baseline","Canada",2051,66.9814566716544
"Ambitious-Baseline-Baseline-Baseline-Baseline","Canada",2052,69.7147681704209
"Ambitious-Baseline-Baseline-Baseline-Baseline","Canada",2053,71.9903148352371
"Ambitious-Baseline-Baseline-Baseline-Baseline","Canada",2054,73.8953767922806
"Ambitious-Baseline-Baseline-Baseline-Baseline","Canada",2055,75.4859716850848
"Ambitious-Baseline-Baseline-Baseline-Baseline","Canada",2056,76.8035591593427
"Ambitious-Baseline-Baseline-Baseline-Baseline","Canada",2057,77.8893825623733
"Ambitious-Baseline-Baseline-Baseline-Baseline","Canada",2058,78.7630562957579
"Ambitious-Baseline-Baseline-Baseline-Baseline","Canada",2059,79.4419418200933
"Ambitious-Baseline-Baseline-Baseline-Baseline","Canada",2060,79.9545803184796
"Ambitious-Baseline-Baseline-Baseline-Baseline","Canada",2061,80.3239463257758
"Ambitious-Baseline-Baseline-Baseline-Baseline","Canada",2062,80.5826185264232
"Ambitious-Baseline-Baseline-Baseline-Baseline","Canada",2063,80.7667468647224
"Ambitious-Baseline-Baseline-Baseline-Baseline","Canada",2064,80.9012722221257
"Ambitious-Baseline-Baseline-Baseline-Baseline","Canada",2065,81.0041676628111
"Ambitious-Baseline-Baseline-Baseline-Baseline","Canada",2066,81.0904324831853
"Ambitious-Baseline-Baseline-Baseline-Baseline","Canada",2067,81.1641215122863
"Ambitious-Baseline-Baseline-Baseline-Baseline","Canada",2068,81.2308783468025
"Ambitious-Baseline-Baseline-Baseline-Baseline","Canada",2069,81.2951459253924
"Ambitious-Baseline-Baseline-Baseline-Baseline","Canada",2070,81.3488033547129
"Ambitious-Baseline-Baseline-Baseline-Baseline","China",2023,10.7373479200508
"Ambitious-Baseline-Baseline-Baseline-Baseline","China",2024,14.2058628062138
"Ambitious-Baseline-Baseline-Baseline-Baseline","China",2025,22.4199827347462
"Ambitious-Baseline-Baseline-Baseline-Baseline","China",2026,34.1790847212444
"Ambitious-Baseline-Baseline-Baseline-Baseline","China",2027,48.8005050003078
"Ambitious-Baseline-Baseline-Baseline-Baseline","China",2028,68.5672880839908
"Ambitious-Baseline-Baseline-Baseline-Baseline","China",2029,94.5059736732222
"Ambitious-Baseline-Baseline-Baseline-Baseline","China",2030,126.384952192895
"Ambitious-Baseline-Baseline-Baseline-Baseline","China",2031,166.897503918548
"Ambitious-Baseline-Baseline-Baseline-Baseline","China",2032,213.973064262644
"Ambitious-Baseline-Baseline-Baseline-Baseline","China",2033,269.400094445915
"Ambitious-Baseline-Baseline-Baseline-Baseline","China",2034,333.577543603173
"Ambitious-Baseline-Baseline-Baseline-Baseline","China",2035,406.145844854064
"Ambitious-Baseline-Baseline-Baseline-Baseline","China",2036,479.197216351131
"Ambitious-Baseline-Baseline-Baseline-Baseline","China",2037,564.28575845813
"Ambitious-Baseline-Baseline-Baseline-Baseline","China",2038,656.094070185668
"Ambitious-Baseline-Baseline-Baseline-Baseline","China",2039,753.730539732759
"Ambitious-Baseline-Baseline-Baseline-Baseline","China",2040,856.281104754498
"Ambitious-Baseline-Baseline-Baseline-Baseline","China",2041,962.560887061383
"Ambitious-Baseline-Baseline-Baseline-Baseline","China",2042,1085.76977411377
"Ambitious-Baseline-Baseline-Baseline-Baseline","China",2043,1210.12422565672
"Ambitious-Baseline-Baseline-Baseline-Baseline","China",2044,1334.25118815326
"Ambitious-Baseline-Baseline-Baseline-Baseline","China",2045,1456.28686074246
"Ambitious-Baseline-Baseline-Baseline-Baseline","China",2046,1574.31300352758
"Ambitious-Baseline-Baseline-Baseline-Baseline","China",2047,1686.73672581059
"Ambitious-Baseline-Baseline-Baseline-Baseline","China",2048,1791.54066792153
"Ambitious-Baseline-Baseline-Baseline-Baseline","China",2049,1887.55173653634
"Ambitious-Baseline-Baseline-Baseline-Baseline","China",2050,1973.93576425285
"Ambitious-Baseline-Baseline-Baseline-Baseline","China",2051,2050.42027231589
"Ambitious-Baseline-Baseline-Baseline-Baseline","China",2052,2126.56538655241
"Ambitious-Baseline-Baseline-Baseline-Baseline","China",2053,2194.57393171753
"Ambitious-Baseline-Baseline-Baseline-Baseline","China",2054,2255.47289609002
"Ambitious-Baseline-Baseline-Baseline-Baseline","China",2055,2310.32763206321
"Ambitious-Baseline-Baseline-Baseline-Baseline","China",2056,2360.11656318725
"Ambitious-Baseline-Baseline-Baseline-Baseline","China",2057,2405.72915807143
"Ambitious-Baseline-Baseline-Baseline-Baseline","China",2058,2447.88270031275
"Ambitious-Baseline-Baseline-Baseline-Baseline","China",2059,2487.1739668925
"Ambitious-Baseline-Baseline-Baseline-Baseline","China",2060,2524.04726934509
"Ambitious-Baseline-Baseline-Baseline-Baseline","China",2061,2558.98950597048
"Ambitious-Baseline-Baseline-Baseline-Baseline","China",2062,2592.32601473321
"Ambitious-Baseline-Baseline-Baseline-Baseline","China",2063,2624.29867312361
"Ambitious-Baseline-Baseline-Baseline-Baseline","China",2064,2655.12603471117
"Ambitious-Baseline-Baseline-Baseline-Baseline","China",2065,2684.98863426093
"Ambitious-Baseline-Baseline-Baseline-Baseline","China",2066,2714.09962112151
"Ambitious-Baseline-Baseline-Baseline-Baseline","China",2067,2742.60730317154
"Ambitious-Baseline-Baseline-Baseline-Baseline","China",2068,2770.7727880685
"Ambitious-Baseline-Baseline-Baseline-Baseline","China",2069,2798.76334579444
"Ambitious-Baseline-Baseline-Baseline-Baseline","China",2070,2826.71036972592
"Ambitious-Baseline-Baseline-Baseline-Baseline","EFTA",2023,0.2768408640546
"Ambitious-Baseline-Baseline-Baseline-Baseline","EFTA",2024,0.341357814026724
"Ambitious-Baseline-Baseline-Baseline-Baseline","EFTA",2025,0.401631659271091
"Ambitious-Baseline-Baseline-Baseline-Baseline","EFTA",2026,0.562841254967547
"Ambitious-Baseline-Baseline-Baseline-Baseline","EFTA",2027,0.664492664922878
"Ambitious-Baseline-Baseline-Baseline-Baseline","EFTA",2028,0.828875183904005
"Ambitious-Baseline-Baseline-Baseline-Baseline","EFTA",2029,1.06298254780785
"Ambitious-Baseline-Baseline-Baseline-Baseline","EFTA",2030,1.38006124778709
"Ambitious-Baseline-Baseline-Baseline-Baseline","EFTA",2031,1.79688131479054
"Ambitious-Baseline-Baseline-Baseline-Baseline","EFTA",2032,2.2616213120356
"Ambitious-Baseline-Baseline-Baseline-Baseline","EFTA",2033,2.86986409720929
"Ambitious-Baseline-Baseline-Baseline-Baseline","EFTA",2034,3.57213820583541
"Ambitious-Baseline-Baseline-Baseline-Baseline","EFTA",2035,4.42130324717038
"Ambitious-Baseline-Baseline-Baseline-Baseline","EFTA",2036,5.44415454061009
"Ambitious-Baseline-Baseline-Baseline-Baseline","EFTA",2037,6.55227575768298
"Ambitious-Baseline-Baseline-Baseline-Baseline","EFTA",2038,7.72619222999152
"Ambitious-Baseline-Baseline-Baseline-Baseline","EFTA",2039,8.9259622300623
"Ambitious-Baseline-Baseline-Baseline-Baseline","EFTA",2040,10.1353200933886
"Ambitious-Baseline-Baseline-Baseline-Baseline","EFTA",2041,11.3417989818332
"Ambitious-Baseline-Baseline-Baseline-Baseline","EFTA",2042,12.5351981172109
"Ambitious-Baseline-Baseline-Baseline-Baseline","EFTA",2043,13.7219957175774
"Ambitious-Baseline-Baseline-Baseline-Baseline","EFTA",2044,14.9129419151915
"Ambitious-Baseline-Baseline-Baseline-Baseline","EFTA",2045,16.0858588815853
"Ambitious-Baseline-Baseline-Baseline-Baseline","EFTA",2046,17.2346795292589
"Ambitious-Baseline-Baseline-Baseline-Baseline","EFTA",2047,18.2242529057935
"Ambitious-Baseline-Baseline-Baseline-Baseline","EFTA",2048,19.2819465336314
"Ambitious-Baseline-Baseline-Baseline-Baseline","EFTA",2049,20.2617285163507
"Ambitious-Baseline-Baseline-Baseline-Baseline","EFTA",2050,21.1518390294437
"Ambitious-Baseline-Baseline-Baseline-Baseline","EFTA",2051,21.9474279955226
"Ambitious-Baseline-Baseline-Baseline-Baseline","EFTA",2052,22.6856016012931
"Ambitious-Baseline-Baseline-Baseline-Baseline","EFTA",2053,23.3362441944659
"Ambitious-Baseline-Baseline-Baseline-Baseline","EFTA",2054,23.9057973882816
"Ambitious-Baseline-Baseline-Baseline-Baseline","EFTA",2055,24.4035025702635
"Ambitious-Baseline-Baseline-Baseline-Baseline","EFTA",2056,24.8314481020713
"Ambitious-Baseline-Baseline-Baseline-Baseline","EFTA",2057,25.1976377456472
"Ambitious-Baseline-Baseline-Baseline-Baseline","EFTA",2058,25.5089344322984
"Ambitious-Baseline-Baseline-Baseline-Baseline","EFTA",2059,25.7759715467335
"Ambitious-Baseline-Baseline-Baseline-Baseline","EFTA",2060,26.0041216628876
"Ambitious-Baseline-Baseline-Baseline-Baseline","EFTA",2061,26.1990528364684
"Ambitious-Baseline-Baseline-Baseline-Baseline","EFTA",2062,26.3667765050802
"Ambitious-Baseline-Baseline-Baseline-Baseline","EFTA",2063,26.5186080355102
"Ambitious-Baseline-Baseline-Baseline-Baseline","EFTA",2064,26.6581395246311
"Ambitious-Baseline-Baseline-Baseline-Baseline","EFTA",2065,26.7911530489876
"Ambitious-Baseline-Baseline-Baseline-Baseline","EFTA",2066,26.9188059862472
"Ambitious-Baseline-Baseline-Baseline-Baseline","EFTA",2067,27.0446269770916
"Ambitious-Baseline-Baseline-Baseline-Baseline","EFTA",2068,27.1681412757279
"Ambitious-Baseline-Baseline-Baseline-Baseline","EFTA",2069,27.2915909797281
"Ambitious-Baseline-Baseline-Baseline-Baseline","EFTA",2070,27.4149633273084
"Ambitious-Baseline-Baseline-Baseline-Baseline","European Union",2023,1.50374940730139
"Ambitious-Baseline-Baseline-Baseline-Baseline","European Union",2024,2.86988587050855
"Ambitious-Baseline-Baseline-Baseline-Baseline","European Union",2025,4.34318730998752
"Ambitious-Baseline-Baseline-Baseline-Baseline","European Union",2026,7.08311238146202
"Ambitious-Baseline-Baseline-Baseline-Baseline","European Union",2027,10.4419176011318
"Ambitious-Baseline-Baseline-Baseline-Baseline","European Union",2028,14.8890071031379
"Ambitious-Baseline-Baseline-Baseline-Baseline","European Union",2029,20.7260439784901
"Ambitious-Baseline-Baseline-Baseline-Baseline","European Union",2030,27.6430877676646
"Ambitious-Baseline-Baseline-Baseline-Baseline","European Union",2031,36.5230240159881
"Ambitious-Baseline-Baseline-Baseline-Baseline","European Union",2032,46.404818801719
"Ambitious-Baseline-Baseline-Baseline-Baseline","European Union",2033,58.408365248971
"Ambitious-Baseline-Baseline-Baseline-Baseline","European Union",2034,73.8930182728888
"Ambitious-Baseline-Baseline-Baseline-Baseline","European Union",2035,93.7139942933658
"Ambitious-Baseline-Baseline-Baseline-Baseline","European Union",2036,118.676100497264
"Ambitious-Baseline-Baseline-Baseline-Baseline","European Union",2037,149.557701973532
"Ambitious-Baseline-Baseline-Baseline-Baseline","European Union",2038,186.952203211028
"Ambitious-Baseline-Baseline-Baseline-Baseline","European Union",2039,230.598392461705
"Ambitious-Baseline-Baseline-Baseline-Baseline","European Union",2040,281.435740490601
"Ambitious-Baseline-Baseline-Baseline-Baseline","European Union",2041,339.28490573787
"Ambitious-Baseline-Baseline-Baseline-Baseline","European Union",2042,401.987644046854
"Ambitious-Baseline-Baseline-Baseline-Baseline","European Union",2043,466.006240468521
"Ambitious-Baseline-Baseline-Baseline-Baseline","European Union",2044,528.738292631896
"Ambitious-Baseline-Baseline-Baseline-Baseline","European Union",2045,588.370684582004
"Ambitious-Baseline-Baseline-Baseline-Baseline","European Union",2046,643.053079297818
"Ambitious-Baseline-Baseline-Baseline-Baseline","European Union",2047,692.803352359101
"Ambitious-Baseline-Baseline-Baseline-Baseline","European Union",2048,737.357908490992
"Ambitious-Baseline-Baseline-Baseline-Baseline","European Union",2049,777.058721949133
"Ambitious-Baseline-Baseline-Baseline-Baseline","European Union",2050,812.598538368757
"Ambitious-Baseline-Baseline-Baseline-Baseline","European Union",2051,844.150176204768
"Ambitious-Baseline-Baseline-Baseline-Baseline","European Union",2052,876.425085616264
"Ambitious-Baseline-Baseline-Baseline-Baseline","European Union",2053,906.638810666032
"Ambitious-Baseline-Baseline-Baseline-Baseline","European Union",2054,934.975779826503
"Ambitious-Baseline-Baseline-Baseline-Baseline","European Union",2055,961.369466389148
"Ambitious-Baseline-Baseline-Baseline-Baseline","European Union",2056,985.794634447102
"Ambitious-Baseline-Baseline-Baseline-Baseline","European Union",2057,1008.20646843724
"Ambitious-Baseline-Baseline-Baseline-Baseline","European Union",2058,1028.62398559012
"Ambitious-Baseline-Baseline-Baseline-Baseline","European Union",2059,1047.28533868715
"Ambitious-Baseline-Baseline-Baseline-Baseline","European Union",2060,1064.45913493633
"Ambitious-Baseline-Baseline-Baseline-Baseline","European Union",2061,1080.49192077891
"Ambitious-Baseline-Baseline-Baseline-Baseline","European Union",2062,1095.63643769184
"Ambitious-Baseline-Baseline-Baseline-Baseline","European Union",2063,1110.08727700607
"Ambitious-Baseline-Baseline-Baseline-Baseline","European Union",2064,1123.91417655362
"Ambitious-Baseline-Baseline-Baseline-Baseline","European Union",2065,1137.07423758807
"Ambitious-Baseline-Baseline-Baseline-Baseline","European Union",2066,1149.52006691097
"Ambitious-Baseline-Baseline-Baseline-Baseline","European Union",2067,1161.22448568315
"Ambitious-Baseline-Baseline-Baseline-Baseline","European Union",2068,1172.19324322654
"Ambitious-Baseline-Baseline-Baseline-Baseline","European Union",2069,1182.51111718053
"Ambitious-Baseline-Baseline-Baseline-Baseline","European Union",2070,1192.29530722661
"Ambitious-Baseline-Baseline-Baseline-Baseline","India",2023,0.112419107312472
"Ambitious-Baseline-Baseline-Baseline-Baseline","India",2024,0.32451522934814
"Ambitious-Baseline-Baseline-Baseline-Baseline","India",2025,0.5598901023267
"Ambitious-Baseline-Baseline-Baseline-Baseline","India",2026,0.863454554090429
"Ambitious-Baseline-Baseline-Baseline-Baseline","India",2027,1.42405920462366
"Ambitious-Baseline-Baseline-Baseline-Baseline","India",2028,2.40934724733621
"Ambitious-Baseline-Baseline-Baseline-Baseline","India",2029,3.77806223731454
"Ambitious-Baseline-Baseline-Baseline-Baseline","India",2030,5.58849751466487
"Ambitious-Baseline-Baseline-Baseline-Baseline","India",2031,8.06133320782667
"Ambitious-Baseline-Baseline-Baseline-Baseline","India",2032,10.8729862469488
"Ambitious-Baseline-Baseline-Baseline-Baseline","India",2033,14.4480607918265
"Ambitious-Baseline-Baseline-Baseline-Baseline","India",2034,18.9508483364686
"Ambitious-Baseline-Baseline-Baseline-Baseline","India",2035,24.4932209058308
"Ambitious-Baseline-Baseline-Baseline-Baseline","India",2036,31.1384394291031
"Ambitious-Baseline-Baseline-Baseline-Baseline","India",2037,38.7592508790314
"Ambitious-Baseline-Baseline-Baseline-Baseline","India",2038,47.4418282183277
"Ambitious-Baseline-Baseline-Baseline-Baseline","India",2039,57.1634881683333
"Ambitious-Baseline-Baseline-Baseline-Baseline","India",2040,67.8764654909265
"Ambitious-Baseline-Baseline-Baseline-Baseline","India",2041,79.6801176136155
"Ambitious-Baseline-Baseline-Baseline-Baseline","India",2042,91.9772618602086
"Ambitious-Baseline-Baseline-Baseline-Baseline","India",2043,104.928884031573
"Ambitious-Baseline-Baseline-Baseline-Baseline","India",2044,118.352771784085
"Ambitious-Baseline-Baseline-Baseline-Baseline","India",2045,132.053396298033
"Ambitious-Baseline-Baseline-Baseline-Baseline","India",2046,145.799149758481
"Ambitious-Baseline-Baseline-Baseline-Baseline","India",2047,159.397694481579
"Ambitious-Baseline-Baseline-Baseline-Baseline","India",2048,172.671483934762
"Ambitious-Baseline-Baseline-Baseline-Baseline","India",2049,185.479683187467
"Ambitious-Baseline-Baseline-Baseline-Baseline","India",2050,197.72820484384
"Ambitious-Baseline-Baseline-Baseline-Baseline","India",2051,209.375125303891
"Ambitious-Baseline-Baseline-Baseline-Baseline","India",2052,220.262627575363
"Ambitious-Baseline-Baseline-Baseline-Baseline","India",2053,230.52054639211
"Ambitious-Baseline-Baseline-Baseline-Baseline","India",2054,240.157194801662
"Ambitious-Baseline-Baseline-Baseline-Baseline","India",2055,249.175451693578
"Ambitious-Baseline-Baseline-Baseline-Baseline","India",2056,258.662020213322
"Ambitious-Baseline-Baseline-Baseline-Baseline","India",2057,267.806905671512
"Ambitious-Baseline-Baseline-Baseline-Baseline","India",2058,276.244801271275
"Ambitious-Baseline-Baseline-Baseline-Baseline","India",2059,284.014431146875
"Ambitious-Baseline-Baseline-Baseline-Baseline","India",2060,291.184433365519
"Ambitious-Baseline-Baseline-Baseline-Baseline","India",2061,297.811267211312
"Ambitious-Baseline-Baseline-Baseline-Baseline","India",2062,303.979533062509
"Ambitious-Baseline-Baseline-Baseline-Baseline","India",2063,309.725590964318
"Ambitious-Baseline-Baseline-Baseline-Baseline","India",2064,315.100199975667
"Ambitious-Baseline-Baseline-Baseline-Baseline","India",2065,320.129758462267
"Ambitious-Baseline-Baseline-Baseline-Baseline","India",2066,324.845280174621
"Ambitious-Baseline-Baseline-Baseline-Baseline","India",2067,329.27616453269
"Ambitious-Baseline-Baseline-Baseline-Baseline","India",2068,333.4738554708
"Ambitious-Baseline-Baseline-Baseline-Baseline","India",2069,337.481060579579
"Ambitious-Baseline-Baseline-Baseline-Baseline","India",2070,341.340085039505
"Ambitious-Baseline-Baseline-Baseline-Baseline","Japan",2023,0.100955465344981
"Ambitious-Baseline-Baseline-Baseline-Baseline","Japan",2024,0.418610177849522
"Ambitious-Baseline-Baseline-Baseline-Baseline","Japan",2025,0.490659108531476
"Ambitious-Baseline-Baseline-Baseline-Baseline","Japan",2026,0.581698887980971
"Ambitious-Baseline-Baseline-Baseline-Baseline","Japan",2027,0.710877285378084
"Ambitious-Baseline-Baseline-Baseline-Baseline","Japan",2028,1.00748879782808
"Ambitious-Baseline-Baseline-Baseline-Baseline","Japan",2029,1.32269509154306
"Ambitious-Baseline-Baseline-Baseline-Baseline","Japan",2030,2.2939868223804
"Ambitious-Baseline-Baseline-Baseline-Baseline","Japan",2031,3.63495893956054
"Ambitious-Baseline-Baseline-Baseline-Baseline","Japan",2032,4.58134254826736
"Ambitious-Baseline-Baseline-Baseline-Baseline","Japan",2033,5.82072801742794
"Ambitious-Baseline-Baseline-Baseline-Baseline","Japan",2034,7.46063722029706
"Ambitious-Baseline-Baseline-Baseline-Baseline","Japan",2035,9.6523165931109
"Ambitious-Baseline-Baseline-Baseline-Baseline","Japan",2036,12.4393260506718
"Ambitious-Baseline-Baseline-Baseline-Baseline","Japan",2037,15.7115972788284
"Ambitious-Baseline-Baseline-Baseline-Baseline","Japan",2038,19.8740730515737
"Ambitious-Baseline-Baseline-Baseline-Baseline","Japan",2039,24.3710274451857
"Ambitious-Baseline-Baseline-Baseline-Baseline","Japan",2040,29.4856919314043
"Ambitious-Baseline-Baseline-Baseline-Baseline","Japan",2041,34.0817083036381
"Ambitious-Baseline-Baseline-Baseline-Baseline","Japan",2042,40.679386997535
"Ambitious-Baseline-Baseline-Baseline-Baseline","Japan",2043,48.0917858037527
"Ambitious-Baseline-Baseline-Baseline-Baseline","Japan",2044,56.1798059370954
"Ambitious-Baseline-Baseline-Baseline-Baseline","Japan",2045,64.6404118337554
"Ambitious-Baseline-Baseline-Baseline-Baseline","Japan",2046,73.0853263285822
"Ambitious-Baseline-Baseline-Baseline-Baseline","Japan",2047,81.1649270907619
"Ambitious-Baseline-Baseline-Baseline-Baseline","Japan",2048,88.6107839757639
"Ambitious-Baseline-Baseline-Baseline-Baseline","Japan",2049,95.2976213286139
"Ambitious-Baseline-Baseline-Baseline-Baseline","Japan",2050,101.300045533293
"Ambitious-Baseline-Baseline-Baseline-Baseline","Japan",2051,106.986316952299
"Ambitious-Baseline-Baseline-Baseline-Baseline","Japan",2052,112.634745708955
"Ambitious-Baseline-Baseline-Baseline-Baseline","Japan",2053,117.411024396836
"Ambitious-Baseline-Baseline-Baseline-Baseline","Japan",2054,121.411901876523
"Ambitious-Baseline-Baseline-Baseline-Baseline","Japan",2055,124.70703235132
"Ambitious-Baseline-Baseline-Baseline-Baseline","Japan",2056,127.361577086818
"Ambitious-Baseline-Baseline-Baseline-Baseline","Japan",2057,129.429841353335
"Ambitious-Baseline-Baseline-Baseline-Baseline","Japan",2058,130.957672469852
"Ambitious-Baseline-Baseline-Baseline-Baseline","Japan",2059,131.988608869188
"Ambitious-Baseline-Baseline-Baseline-Baseline","Japan",2060,132.565935126793
"Ambitious-Baseline-Baseline-Baseline-Baseline","Japan",2061,132.786429002446
"Ambitious-Baseline-Baseline-Baseline-Baseline","Japan",2062,132.713548992027
"Ambitious-Baseline-Baseline-Baseline-Baseline","Japan",2063,132.456475712408
"Ambitious-Baseline-Baseline-Baseline-Baseline","Japan",2064,132.088709908986
"Ambitious-Baseline-Baseline-Baseline-Baseline","Japan",2065,131.65553156118
"Ambitious-Baseline-Baseline-Baseline-Baseline","Japan",2066,131.197060122573
"Ambitious-Baseline-Baseline-Baseline-Baseline","Japan",2067,130.728428476972
"Ambitious-Baseline-Baseline-Baseline-Baseline","Japan",2068,130.265056126449
"Ambitious-Baseline-Baseline-Baseline-Baseline","Japan",2069,129.807670520344
"Ambitious-Baseline-Baseline-Baseline-Baseline","Japan",2070,129.358082716809
"Ambitious-Baseline-Baseline-Baseline-Baseline","Mexico",2023,0.0312948282293928
"Ambitious-Baseline-Baseline-Baseline-Baseline","Mexico",2024,0.0973684043489086
"Ambitious-Baseline-Baseline-Baseline-Baseline","Mexico",2025,0.0992558715645099
"Ambitious-Baseline-Baseline-Baseline-Baseline","Mexico",2026,0.136981965200932
"Ambitious-Baseline-Baseline-Baseline-Baseline","Mexico",2027,0.183594650952222
"Ambitious-Baseline-Baseline-Baseline-Baseline","Mexico",2028,0.296270840199935
"Ambitious-Baseline-Baseline-Baseline-Baseline","Mexico",2029,0.537263152104797
"Ambitious-Baseline-Baseline-Baseline-Baseline","Mexico",2030,1.03744037409297
"Ambitious-Baseline-Baseline-Baseline-Baseline","Mexico",2031,1.77872547830063
"Ambitious-Baseline-Baseline-Baseline-Baseline","Mexico",2032,2.20405338156521
"Ambitious-Baseline-Baseline-Baseline-Baseline","Mexico",2033,2.75136516890947
"Ambitious-Baseline-Baseline-Baseline-Baseline","Mexico",2034,3.46665968055574
"Ambitious-Baseline-Baseline-Baseline-Baseline","Mexico",2035,4.39996416480574
"Ambitious-Baseline-Baseline-Baseline-Baseline","Mexico",2036,5.60883060132795
"Ambitious-Baseline-Baseline-Baseline-Baseline","Mexico",2037,7.05464783966186
"Ambitious-Baseline-Baseline-Baseline-Baseline","Mexico",2038,8.88716948043789
"Ambitious-Baseline-Baseline-Baseline-Baseline","Mexico",2039,11.1819268354639
"Ambitious-Baseline-Baseline-Baseline-Baseline","Mexico",2040,14.0435664806382
"Ambitious-Baseline-Baseline-Baseline-Baseline","Mexico",2041,17.6503895618041
"Ambitious-Baseline-Baseline-Baseline-Baseline","Mexico",2042,21.9103205140347
"Ambitious-Baseline-Baseline-Baseline-Baseline","Mexico",2043,26.8932159471134
"Ambitious-Baseline-Baseline-Baseline-Baseline","Mexico",2044,32.4794266587392
"Ambitious-Baseline-Baseline-Baseline-Baseline","Mexico",2045,39.125176518398
"Ambitious-Baseline-Baseline-Baseline-Baseline","Mexico",2046,46.1783169566872
"Ambitious-Baseline-Baseline-Baseline-Baseline","Mexico",2047,53.3972208466717
"Ambitious-Baseline-Baseline-Baseline-Baseline","Mexico",2048,60.3886373704473
"Ambitious-Baseline-Baseline-Baseline-Baseline","Mexico",2049,66.9993153166008
"Ambitious-Baseline-Baseline-Baseline-Baseline","Mexico",2050,73.1350731719217
"Ambitious-Baseline-Baseline-Baseline-Baseline","Mexico",2051,78.7572065886356
"Ambitious-Baseline-Baseline-Baseline-Baseline","Mexico",2052,84.1578871538047
"Ambitious-Baseline-Baseline-Baseline-Baseline","Mexico",2053,89.1267448216686
"Ambitious-Baseline-Baseline-Baseline-Baseline","Mexico",2054,93.6936837220574
"Ambitious-Baseline-Baseline-Baseline-Baseline","Mexico",2055,97.890252298326
"Ambitious-Baseline-Baseline-Baseline-Baseline","Mexico",2056,101.727265513876
"Ambitious-Baseline-Baseline-Baseline-Baseline","Mexico",2057,105.221737673153
"Ambitious-Baseline-Baseline-Baseline-Baseline","Mexico",2058,108.373283334999
"Ambitious-Baseline-Baseline-Baseline-Baseline","Mexico",2059,111.187403938533
"Ambitious-Baseline-Baseline-Baseline-Baseline","Mexico",2060,113.6792962835
"Ambitious-Baseline-Baseline-Baseline-Baseline","Mexico",2061,115.894763882724
"Ambitious-Baseline-Baseline-Baseline-Baseline","Mexico",2062,117.854431664485
"Ambitious-Baseline-Baseline-Baseline-Baseline","Mexico",2063,119.613047524982
"Ambitious-Baseline-Baseline-Baseline-Baseline","Mexico",2064,121.198461351435
"Ambitious-Baseline-Baseline-Baseline-Baseline","Mexico",2065,122.642246660994
"Ambitious-Baseline-Baseline-Baseline-Baseline","Mexico",2066,123.959981128124
"Ambitious-Baseline-Baseline-Baseline-Baseline","Mexico",2067,125.171166642997
"Ambitious-Baseline-Baseline-Baseline-Baseline","Mexico",2068,126.296375441882
"Ambitious-Baseline-Baseline-Baseline-Baseline","Mexico",2069,127.354948291177
"Ambitious-Baseline-Baseline-Baseline-Baseline","Mexico",2070,128.361220082915
"Ambitious-Baseline-Baseline-Baseline-Baseline","Middle East",2023,0.130580773119928
"Ambitious-Baseline-Baseline-Baseline-Baseline","Middle East",2024,0.206944909020215
"Ambitious-Baseline-Baseline-Baseline-Baseline","Middle East",2025,0.283304736742417
"Ambitious-Baseline-Baseline-Baseline-Baseline","Middle East",2026,0.417837506579772
"Ambitious-Baseline-Baseline-Baseline-Baseline","Middle East",2027,0.645782598278411
"Ambitious-Baseline-Baseline-Baseline-Baseline","Middle East",2028,1.03122238226623
"Ambitious-Baseline-Baseline-Baseline-Baseline","Middle East",2029,1.63481405811273
"Ambitious-Baseline-Baseline-Baseline-Baseline","Middle East",2030,2.65461416524795
"Ambitious-Baseline-Baseline-Baseline-Baseline","Middle East",2031,4.42902756581549
"Ambitious-Baseline-Baseline-Baseline-Baseline","Middle East",2032,6.11312331512629
"Ambitious-Baseline-Baseline-Baseline-Baseline","Middle East",2033,8.33537234081508
"Ambitious-Baseline-Baseline-Baseline-Baseline","Middle East",2034,11.2323353621339
"Ambitious-Baseline-Baseline-Baseline-Baseline","Middle East",2035,15.0503380477227
"Ambitious-Baseline-Baseline-Baseline-Baseline","Middle East",2036,19.6189586582813
"Ambitious-Baseline-Baseline-Baseline-Baseline","Middle East",2037,25.2786736275802
"Ambitious-Baseline-Baseline-Baseline-Baseline","Middle East",2038,32.1456683699724
"Ambitious-Baseline-Baseline-Baseline-Baseline","Middle East",2039,40.2917111770165
"Ambitious-Baseline-Baseline-Baseline-Baseline","Middle East",2040,49.8369379387736
"Ambitious-Baseline-Baseline-Baseline-Baseline","Middle East",2041,61.0756606464379
"Ambitious-Baseline-Baseline-Baseline-Baseline","Middle East",2042,73.5959292153533
"Ambitious-Baseline-Baseline-Baseline-Baseline","Middle East",2043,87.8496215894361
"Ambitious-Baseline-Baseline-Baseline-Baseline","Middle East",2044,103.784900880028
"Ambitious-Baseline-Baseline-Baseline-Baseline","Middle East",2045,121.473469142455
"Ambitious-Baseline-Baseline-Baseline-Baseline","Middle East",2046,140.450366089872
"Ambitious-Baseline-Baseline-Baseline-Baseline","Middle East",2047,160.22417158669
"Ambitious-Baseline-Baseline-Baseline-Baseline","Middle East",2048,181.555469197922
"Ambitious-Baseline-Baseline-Baseline-Baseline","Middle East",2049,203.604218733301
"Ambitious-Baseline-Baseline-Baseline-Baseline","Middle East",2050,225.580883970638
"Ambitious-Baseline-Baseline-Baseline-Baseline","Middle East",2051,247.174884575129
"Ambitious-Baseline-Baseline-Baseline-Baseline","Middle East",2052,269.321044650475
"Ambitious-Baseline-Baseline-Baseline-Baseline","Middle East",2053,291.036134518015
"Ambitious-Baseline-Baseline-Baseline-Baseline","Middle East",2054,311.883555195252
"Ambitious-Baseline-Baseline-Baseline-Baseline","Middle East",2055,331.67472070603
"Ambitious-Baseline-Baseline-Baseline-Baseline","Middle East",2056,350.253669210776
"Ambitious-Baseline-Baseline-Baseline-Baseline","Middle East",2057,367.490108162922
"Ambitious-Baseline-Baseline-Baseline-Baseline","Middle East",2058,383.296030415047
"Ambitious-Baseline-Baseline-Baseline-Baseline","Middle East",2059,397.650268780599
"Ambitious-Baseline-Baseline-Baseline-Baseline","Middle East",2060,410.58299025777
"Ambitious-Baseline-Baseline-Baseline-Baseline","Middle East",2061,422.189462515877
"Ambitious-Baseline-Baseline-Baseline-Baseline","Middle East",2062,432.601027534917
"Ambitious-Baseline-Baseline-Baseline-Baseline","Middle East",2063,441.955935143939
"Ambitious-Baseline-Baseline-Baseline-Baseline","Middle East",2064,450.383036975746
"Ambitious-Baseline-Baseline-Baseline-Baseline","Middle East",2065,458.000666035611
"Ambitious-Baseline-Baseline-Baseline-Baseline","Middle East",2066,464.910873640146
"Ambitious-Baseline-Baseline-Baseline-Baseline","Middle East",2067,471.21865059893
"Ambitious-Baseline-Baseline-Baseline-Baseline","Middle East",2068,477.038406577457
"Ambitious-Baseline-Baseline-Baseline-Baseline","Middle East",2069,482.460897920859
"Ambitious-Baseline-Baseline-Baseline-Baseline","Middle East",2070,487.576324127083
"Ambitious-Baseline-Baseline-Baseline-Baseline","Other Asia Pacific",2023,0.0309477204260943
"Ambitious-Baseline-Baseline-Baseline-Baseline","Other Asia Pacific",2024,0.0411945184215149
"Ambitious-Baseline-Baseline-Baseline-Baseline","Other Asia Pacific",2025,0.0946926154530437
"Ambitious-Baseline-Baseline-Baseline-Baseline","Other Asia Pacific",2026,0.111582396062602
"Ambitious-Baseline-Baseline-Baseline-Baseline","Other Asia Pacific",2027,0.178883172341206
"Ambitious-Baseline-Baseline-Baseline-Baseline","Other Asia Pacific",2028,0.319071774510876
"Ambitious-Baseline-Baseline-Baseline-Baseline","Other Asia Pacific",2029,0.579455256575028
"Ambitious-Baseline-Baseline-Baseline-Baseline","Other Asia Pacific",2030,1.06758772551806
"Ambitious-Baseline-Baseline-Baseline-Baseline","Other Asia Pacific",2031,2.00941172382959
"Ambitious-Baseline-Baseline-Baseline-Baseline","Other Asia Pacific",2032,2.9216347882449
"Ambitious-Baseline-Baseline-Baseline-Baseline","Other Asia Pacific",2033,4.1886370839702
"Ambitious-Baseline-Baseline-Baseline-Baseline","Other Asia Pacific",2034,5.92281453096757
"Ambitious-Baseline-Baseline-Baseline-Baseline","Other Asia Pacific",2035,8.17582452474486
"Ambitious-Baseline-Baseline-Baseline-Baseline","Other Asia Pacific",2036,11.0818391245836
"Ambitious-Baseline-Baseline-Baseline-Baseline","Other Asia Pacific",2037,14.6078486156045
"Ambitious-Baseline-Baseline-Baseline-Baseline","Other Asia Pacific",2038,18.8451401107649
"Ambitious-Baseline-Baseline-Baseline-Baseline","Other Asia Pacific",2039,23.8097911235566
"Ambitious-Baseline-Baseline-Baseline-Baseline","Other Asia Pacific",2040,29.4990813005414
"Ambitious-Baseline-Baseline-Baseline-Baseline","Other Asia Pacific",2041,36.0487039703718
"Ambitious-Baseline-Baseline-Baseline-Baseline","Other Asia Pacific",2042,43.1588483455318
"Ambitious-Baseline-Baseline-Baseline-Baseline","Other Asia Pacific",2043,51.1352121409106
"Ambitious-Baseline-Baseline-Baseline-Baseline","Other Asia Pacific",2044,59.9744292503068
"Ambitious-Baseline-Baseline-Baseline-Baseline","Other Asia Pacific",2045,69.5737930902805
"Ambitious-Baseline-Baseline-Baseline-Baseline","Other Asia Pacific",2046,81.1709667205042
"Ambitious-Baseline-Baseline-Baseline-Baseline","Other Asia Pacific",2047,92.7123351530529
"Ambitious-Baseline-Baseline-Baseline-Baseline","Other Asia Pacific",2048,104.739201590872
"Ambitious-Baseline-Baseline-Baseline-Baseline","Other Asia Pacific",2049,117.196963747385
"Ambitious-Baseline-Baseline-Baseline-Baseline","Other Asia Pacific",2050,129.977734510032
"Ambitious-Baseline-Baseline-Baseline-Baseline","Other Asia Pacific",2051,143.023945829299
"Ambitious-Baseline-Baseline-Baseline-Baseline","Other Asia Pacific",2052,156.296006373709
"Ambitious-Baseline-Baseline-Baseline-Baseline","Other Asia Pacific",2053,169.504673145802
"Ambitious-Baseline-Baseline-Baseline-Baseline","Other Asia Pacific",2054,182.532355449225
"Ambitious-Baseline-Baseline-Baseline-Baseline","Other Asia Pacific",2055,195.250733695998
"Ambitious-Baseline-Baseline-Baseline-Baseline","Other Asia Pacific",2056,207.543164617708
"Ambitious-Baseline-Baseline-Baseline-Baseline","Other Asia Pacific",2057,219.326174164728
"Ambitious-Baseline-Baseline-Baseline-Baseline","Other Asia Pacific",2058,230.497131734518
"Ambitious-Baseline-Baseline-Baseline-Baseline","Other Asia Pacific",2059,241.016607453363
"Ambitious-Baseline-Baseline-Baseline-Baseline","Other Asia Pacific",2060,250.854104261948
"Ambitious-Baseline-Baseline-Baseline-Baseline","Other Asia Pacific",2061,260.08394362576
"Ambitious-Baseline-Baseline-Baseline-Baseline","Other Asia Pacific",2062,268.659463645008
"Ambitious-Baseline-Baseline-Baseline-Baseline","Other Asia Pacific",2063,276.558419722164
"Ambitious-Baseline-Baseline-Baseline-Baseline","Other Asia Pacific",2064,283.793803766657
"Ambitious-Baseline-Baseline-Baseline-Baseline","Other Asia Pacific",2065,290.377534525281
"Ambitious-Baseline-Baseline-Baseline-Baseline","Other Asia Pacific",2066,296.325503632504
"Ambitious-Baseline-Baseline-Baseline-Baseline","Other Asia Pacific",2067,301.690228041759
"Ambitious-Baseline-Baseline-Baseline-Baseline","Other Asia Pacific",2068,306.538745974972
"Ambitious-Baseline-Baseline-Baseline-Baseline","Other Asia Pacific",2069,310.959518905535
"Ambitious-Baseline-Baseline-Baseline-Baseline","Other Asia Pacific",2070,315.033494939899
"Ambitious-Baseline-Baseline-Baseline-Baseline","Other Europe",2023,0.0867575243301104
"Ambitious-Baseline-Baseline-Baseline-Baseline","Other Europe",2024,0.161335026423553
"Ambitious-Baseline-Baseline-Baseline-Baseline","Other Europe",2025,0.2031046129669
"Ambitious-Baseline-Baseline-Baseline-Baseline","Other Europe",2026,0.270337747663741
"Ambitious-Baseline-Baseline-Baseline-Baseline","Other Europe",2027,0.387838390749945
"Ambitious-Baseline-Baseline-Baseline-Baseline","Other Europe",2028,0.64625613070964
"Ambitious-Baseline-Baseline-Baseline-Baseline","Other Europe",2029,1.09956352375012
"Ambitious-Baseline-Baseline-Baseline-Baseline","Other Europe",2030,1.90849715592192
"Ambitious-Baseline-Baseline-Baseline-Baseline","Other Europe",2031,3.40768687412439
"Ambitious-Baseline-Baseline-Baseline-Baseline","Other Europe",2032,4.75598306967965
"Ambitious-Baseline-Baseline-Baseline-Baseline","Other Europe",2033,6.55822753274709
"Ambitious-Baseline-Baseline-Baseline-Baseline","Other Europe",2034,8.94257903897086
"Ambitious-Baseline-Baseline-Baseline-Baseline","Other Europe",2035,12.2340024240668
"Ambitious-Baseline-Baseline-Baseline-Baseline","Other Europe",2036,16.1482333323991
"Ambitious-Baseline-Baseline-Baseline-Baseline","Other Europe",2037,20.7708600812233
"Ambitious-Baseline-Baseline-Baseline-Baseline","Other Europe",2038,26.0604673989271
"Ambitious-Baseline-Baseline-Baseline-Baseline","Other Europe",2039,32.0316175209096
"Ambitious-Baseline-Baseline-Baseline-Baseline","Other Europe",2040,38.6482490312726
"Ambitious-Baseline-Baseline-Baseline-Baseline","Other Europe",2041,46.0085601593797
"Ambitious-Baseline-Baseline-Baseline-Baseline","Other Europe",2042,53.8876677923813
"Ambitious-Baseline-Baseline-Baseline-Baseline","Other Europe",2043,62.5147591191894
"Ambitious-Baseline-Baseline-Baseline-Baseline","Other Europe",2044,71.9217230240082
"Ambitious-Baseline-Baseline-Baseline-Baseline","Other Europe",2045,82.022680115312
"Ambitious-Baseline-Baseline-Baseline-Baseline","Other Europe",2046,92.6774054490648
"Ambitious-Baseline-Baseline-Baseline-Baseline","Other Europe",2047,103.802093382963
"Ambitious-Baseline-Baseline-Baseline-Baseline","Other Europe",2048,115.172225328312
"Ambitious-Baseline-Baseline-Baseline-Baseline","Other Europe",2049,126.48864184326
"Ambitious-Baseline-Baseline-Baseline-Baseline","Other Europe",2050,137.571013755889
"Ambitious-Baseline-Baseline-Baseline-Baseline","Other Europe",2051,148.301278387276
"Ambitious-Baseline-Baseline-Baseline-Baseline","Other Europe",2052,158.717851229888
"Ambitious-Baseline-Baseline-Baseline-Baseline","Other Europe",2053,168.621414787989
"Ambitious-Baseline-Baseline-Baseline-Baseline","Other Europe",2054,177.925182870212
"Ambitious-Baseline-Baseline-Baseline-Baseline","Other Europe",2055,186.557394486709
"Ambitious-Baseline-Baseline-Baseline-Baseline","Other Europe",2056,194.457085394876
"Ambitious-Baseline-Baseline-Baseline-Baseline","Other Europe",2057,201.602069280465
"Ambitious-Baseline-Baseline-Baseline-Baseline","Other Europe",2058,208.148281573928
"Ambitious-Baseline-Baseline-Baseline-Baseline","Other Europe",2059,214.28475069814
"Ambitious-Baseline-Baseline-Baseline-Baseline","Other Europe",2060,219.620149469523
"Ambitious-Baseline-Baseline-Baseline-Baseline","Other Europe",2061,224.222070067693
"Ambitious-Baseline-Baseline-Baseline-Baseline","Other Europe",2062,228.172562921321
"Ambitious-Baseline-Baseline-Baseline-Baseline","Other Europe",2063,231.532694449055
"Ambitious-Baseline-Baseline-Baseline-Baseline","Other Europe",2064,234.377978935806
"Ambitious-Baseline-Baseline-Baseline-Baseline","Other Europe",2065,236.759851086681
"Ambitious-Baseline-Baseline-Baseline-Baseline","Other Europe",2066,238.740895774467
"Ambitious-Baseline-Baseline-Baseline-Baseline","Other Europe",2067,240.378921453724
"Ambitious-Baseline-Baseline-Baseline-Baseline","Other Europe",2068,241.744934220177
"Ambitious-Baseline-Baseline-Baseline-Baseline","Other Europe",2069,242.894786063124
"Ambitious-Baseline-Baseline-Baseline-Baseline","Other Europe",2070,243.878825573112
"Ambitious-Baseline-Baseline-Baseline-Baseline","Other Latin America and Caribbean",2023,0.226998786143547
"Ambitious-Baseline-Baseline-Baseline-Baseline","Other Latin America and Caribbean",2024,0.401945902779054
"Ambitious-Baseline-Baseline-Baseline-Baseline","Other Latin America and Caribbean",2025,0.680472836755993
"Ambitious-Baseline-Baseline-Baseline-Baseline","Other Latin America and Caribbean",2026,1.02669933526614
"Ambitious-Baseline-Baseline-Baseline-Baseline","Other Latin America and Caribbean",2027,1.57065139873258
"Ambitious-Baseline-Baseline-Baseline-Baseline","Other Latin America and Caribbean",2028,2.40171360346218
"Ambitious-Baseline-Baseline-Baseline-Baseline","Other Latin America and Caribbean",2029,3.70106122216564
"Ambitious-Baseline-Baseline-Baseline-Baseline","Other Latin America and Caribbean",2030,5.57273576958713
"Ambitious-Baseline-Baseline-Baseline-Baseline","Other Latin America and Caribbean",2031,8.53371624617306
"Ambitious-Baseline-Baseline-Baseline-Baseline","Other Latin America and Caribbean",2032,11.4319067739249
"Ambitious-Baseline-Baseline-Baseline-Baseline","Other Latin America and Caribbean",2033,15.1109878578128
"Ambitious-Baseline-Baseline-Baseline-Baseline","Other Latin America and Caribbean",2034,19.8455818777429
"Ambitious-Baseline-Baseline-Baseline-Baseline","Other Latin America and Caribbean",2035,25.5754043785921
"Ambitious-Baseline-Baseline-Baseline-Baseline","Other Latin America and Caribbean",2036,32.7873975761065
"Ambitious-Baseline-Baseline-Baseline-Baseline","Other Latin America and Caribbean",2037,41.0505855946872
"Ambitious-Baseline-Baseline-Baseline-Baseline","Other Latin America and Caribbean",2038,50.8847925851499
"Ambitious-Baseline-Baseline-Baseline-Baseline","Other Latin America and Caribbean",2039,62.5460888268565
"Ambitious-Baseline-Baseline-Baseline-Baseline","Other Latin America and Caribbean",2040,76.0130620320735
"Ambitious-Baseline-Baseline-Baseline-Baseline","Other Latin America and Caribbean",2041,91.525226857111
"Ambitious-Baseline-Baseline-Baseline-Baseline","Other Latin America and Caribbean",2042,108.915014370061
"Ambitious-Baseline-Baseline-Baseline-Baseline","Other Latin America and Caribbean",2043,128.521172984871
"Ambitious-Baseline-Baseline-Baseline-Baseline","Other Latin America and Caribbean",2044,150.248711812874
"Ambitious-Baseline-Baseline-Baseline-Baseline","Other Latin America and Caribbean",2045,174.083957846722
"Ambitious-Baseline-Baseline-Baseline-Baseline","Other Latin America and Caribbean",2046,199.522503670495
"Ambitious-Baseline-Baseline-Baseline-Baseline","Other Latin America and Caribbean",2047,226.23824159046
"Ambitious-Baseline-Baseline-Baseline-Baseline","Other Latin America and Caribbean",2048,253.641204369803
"Ambitious-Baseline-Baseline-Baseline-Baseline","Other Latin America and Caribbean",2049,281.160563649934
"Ambitious-Baseline-Baseline-Baseline-Baseline","Other Latin America and Caribbean",2050,308.344527252838
"Ambitious-Baseline-Baseline-Baseline-Baseline","Other Latin America and Caribbean",2051,334.846682487395
"Ambitious-Baseline-Baseline-Baseline-Baseline","Other Latin America and Caribbean",2052,360.67416000551
"Ambitious-Baseline-Baseline-Baseline-Baseline","Other Latin America and Caribbean",2053,385.284436895035
"Ambitious-Baseline-Baseline-Baseline-Baseline","Other Latin America and Caribbean",2054,408.501279494767
"Ambitious-Baseline-Baseline-Baseline-Baseline","Other Latin America and Caribbean",2055,430.187035735537
"Ambitious-Baseline-Baseline-Baseline-Baseline","Other Latin America and Caribbean",2056,450.236529645284
"Ambitious-Baseline-Baseline-Baseline-Baseline","Other Latin America and Caribbean",2057,468.616820443443
"Ambitious-Baseline-Baseline-Baseline-Baseline","Other Latin America and Caribbean",2058,485.276613604783
"Ambitious-Baseline-Baseline-Baseline-Baseline","Other Latin America and Caribbean",2059,500.235615048746
"Ambitious-Baseline-Baseline-Baseline-Baseline","Other Latin America and Caribbean",2060,513.541048731866
"Ambitious-Baseline-Baseline-Baseline-Baseline","Other Latin America and Caribbean",2061,525.285523038432
"Ambitious-Baseline-Baseline-Baseline-Baseline","Other Latin America and Caribbean",2062,535.598385069078
"Ambitious-Baseline-Baseline-Baseline-Baseline","Other Latin America and Caribbean",2063,544.60339789477
"Ambitious-Baseline-Baseline-Baseline-Baseline","Other Latin America and Caribbean",2064,552.439166810195
"Ambitious-Baseline-Baseline-Baseline-Baseline","Other Latin America and Caribbean",2065,559.233761495548
"Ambitious-Baseline-Baseline-Baseline-Baseline","Other Latin America and Caribbean",2066,565.134487995819
"Ambitious-Baseline-Baseline-Baseline-Baseline","Other Latin America and Caribbean",2067,570.278478773442
"Ambitious-Baseline-Baseline-Baseline-Baseline","Other Latin America and Caribbean",2068,574.812785872319
"Ambitious-Baseline-Baseline-Baseline-Baseline","Other Latin America and Caribbean",2069,578.866427122559
"Ambitious-Baseline-Baseline-Baseline-Baseline","Other Latin America and Caribbean",2070,582.549122366326
"Ambitious-Baseline-Baseline-Baseline-Baseline","South Korea",2023,0.151630079356103
"Ambitious-Baseline-Baseline-Baseline-Baseline","South Korea",2024,0.197480448679682
"Ambitious-Baseline-Baseline-Baseline-Baseline","South Korea",2025,0.369681282139186
"Ambitious-Baseline-Baseline-Baseline-Baseline","South Korea",2026,0.746652572565604
"Ambitious-Baseline-Baseline-Baseline-Baseline","South Korea",2027,0.967381627669298
"Ambitious-Baseline-Baseline-Baseline-Baseline","South Korea",2028,1.24973518930143
"Ambitious-Baseline-Baseline-Baseline-Baseline","South Korea",2029,1.65223456402827
"Ambitious-Baseline-Baseline-Baseline-Baseline","South Korea",2030,2.30968577237548
"Ambitious-Baseline-Baseline-Baseline-Baseline","South Korea",2031,3.35756339251647
"Ambitious-Baseline-Baseline-Baseline-Baseline","South Korea",2032,4.28186948016235
"Ambitious-Baseline-Baseline-Baseline-Baseline","South Korea",2033,5.52926742361834
"Ambitious-Baseline-Baseline-Baseline-Baseline","South Korea",2034,7.18658596287985
"Ambitious-Baseline-Baseline-Baseline-Baseline","South Korea",2035,9.37950524996474
"Ambitious-Baseline-Baseline-Baseline-Baseline","South Korea",2036,11.9803061719904
"Ambitious-Baseline-Baseline-Baseline-Baseline","South Korea",2037,15.1013550179339
"Ambitious-Baseline-Baseline-Baseline-Baseline","South Korea",2038,18.5759377875589
"Ambitious-Baseline-Baseline-Baseline-Baseline","South Korea",2039,22.6035750475881
"Ambitious-Baseline-Baseline-Baseline-Baseline","South Korea",2040,26.904005830954
"Ambitious-Baseline-Baseline-Baseline-Baseline","South Korea",2041,30.7972114900683
"Ambitious-Baseline-Baseline-Baseline-Baseline","South Korea",2042,35.2011280752359
"Ambitious-Baseline-Baseline-Baseline-Baseline","South Korea",2043,39.5538412494655
"Ambitious-Baseline-Baseline-Baseline-Baseline","South Korea",2044,43.8158124587786
"Ambitious-Baseline-Baseline-Baseline-Baseline","South Korea",2045,47.9325947476969
"Ambitious-Baseline-Baseline-Baseline-Baseline","South Korea",2046,51.85614398111
"Ambitious-Baseline-Baseline-Baseline-Baseline","South Korea",2047,55.4465126445038
"Ambitious-Baseline-Baseline-Baseline-Baseline","South Korea",2048,58.709889579168
"Ambitious-Baseline-Baseline-Baseline-Baseline","South Korea",2049,61.6188806827398
"Ambitious-Baseline-Baseline-Baseline-Baseline","South Korea",2050,64.2069298984676
"Ambitious-Baseline-Baseline-Baseline-Baseline","South Korea",2051,66.3320553070445
"Ambitious-Baseline-Baseline-Baseline-Baseline","South Korea",2052,68.5857735899834
"Ambitious-Baseline-Baseline-Baseline-Baseline","South Korea",2053,70.4493395062006
"Ambitious-Baseline-Baseline-Baseline-Baseline","South Korea",2054,71.9383408099316
"Ambitious-Baseline-Baseline-Baseline-Baseline","South Korea",2055,73.0810177667511
"Ambitious-Baseline-Baseline-Baseline-Baseline","South Korea",2056,73.9037840661096
"Ambitious-Baseline-Baseline-Baseline-Baseline","South Korea",2057,74.439084577892
"Ambitious-Baseline-Baseline-Baseline-Baseline","South Korea",2058,74.7333640021198
"Ambitious-Baseline-Baseline-Baseline-Baseline","South Korea",2059,74.8325375182318
"Ambitious-Baseline-Baseline-Baseline-Baseline","South Korea",2060,74.7710392398558
"Ambitious-Baseline-Baseline-Baseline-Baseline","South Korea",2061,74.5981603771441
"Ambitious-Baseline-Baseline-Baseline-Baseline","South Korea",2062,74.3456118447692
"Ambitious-Baseline-Baseline-Baseline-Baseline","South Korea",2063,74.0559627512295
"Ambitious-Baseline-Baseline-Baseline-Baseline","South Korea",2064,73.7570703139567
"Ambitious-Baseline-Baseline-Baseline-Baseline","South Korea",2065,73.4629401426168
"Ambitious-Baseline-Baseline-Baseline-Baseline","South Korea",2066,73.1887531341549
"Ambitious-Baseline-Baseline-Baseline-Baseline","South Korea",2067,72.9793812784255
"Ambitious-Baseline-Baseline-Baseline-Baseline","South Korea",2068,72.9451234319179
"Ambitious-Baseline-Baseline-Baseline-Baseline","South Korea",2069,72.9328071728484
"Ambitious-Baseline-Baseline-Baseline-Baseline","South Korea",2070,72.938049324406
"Ambitious-Baseline-Baseline-Baseline-Baseline","United Kingdom",2023,0.371857670499221
"Ambitious-Baseline-Baseline-Baseline-Baseline","United Kingdom",2024,0.526809575503613
"Ambitious-Baseline-Baseline-Baseline-Baseline","United Kingdom",2025,0.642379203072252
"Ambitious-Baseline-Baseline-Baseline-Baseline","United Kingdom",2026,0.906555553928448
"Ambitious-Baseline-Baseline-Baseline-Baseline","United Kingdom",2027,1.24405516520114
"Ambitious-Baseline-Baseline-Baseline-Baseline","United Kingdom",2028,1.71714933622422
"Ambitious-Baseline-Baseline-Baseline-Baseline","United Kingdom",2029,2.35822456667712
"Ambitious-Baseline-Baseline-Baseline-Baseline","United Kingdom",2030,3.33301520740327
"Ambitious-Baseline-Baseline-Baseline-Baseline","United Kingdom",2031,4.60905526433647
"Ambitious-Baseline-Baseline-Baseline-Baseline","United Kingdom",2032,5.49074124807608
"Ambitious-Baseline-Baseline-Baseline-Baseline","United Kingdom",2033,6.75349724447053
"Ambitious-Baseline-Baseline-Baseline-Baseline","United Kingdom",2034,8.44165056081637
"Ambitious-Baseline-Baseline-Baseline-Baseline","United Kingdom",2035,10.6242109127282
"Ambitious-Baseline-Baseline-Baseline-Baseline","United Kingdom",2036,13.3466410513552
"Ambitious-Baseline-Baseline-Baseline-Baseline","United Kingdom",2037,16.6571610517557
"Ambitious-Baseline-Baseline-Baseline-Baseline","United Kingdom",2038,20.5837808840588
"Ambitious-Baseline-Baseline-Baseline-Baseline","United Kingdom",2039,25.1461931055255
"Ambitious-Baseline-Baseline-Baseline-Baseline","United Kingdom",2040,30.3684654236144
"Ambitious-Baseline-Baseline-Baseline-Baseline","United Kingdom",2041,38.7084779060858
"Ambitious-Baseline-Baseline-Baseline-Baseline","United Kingdom",2042,46.3521271051656
"Ambitious-Baseline-Baseline-Baseline-Baseline","United Kingdom",2043,54.4198746644212
"Ambitious-Baseline-Baseline-Baseline-Baseline","United Kingdom",2044,62.2945139953636
"Ambitious-Baseline-Baseline-Baseline-Baseline","United Kingdom",2045,70.2536265911666
"Ambitious-Baseline-Baseline-Baseline-Baseline","United Kingdom",2046,77.6103611813983
"Ambitious-Baseline-Baseline-Baseline-Baseline","United Kingdom",2047,84.1456291565734
"Ambitious-Baseline-Baseline-Baseline-Baseline","United Kingdom",2048,89.7792433287587
"Ambitious-Baseline-Baseline-Baseline-Baseline","United Kingdom",2049,94.5479440278126
"Ambitious-Baseline-Baseline-Baseline-Baseline","United Kingdom",2050,98.5539916043597
"Ambitious-Baseline-Baseline-Baseline-Baseline","United Kingdom",2051,101.925161379394
"Ambitious-Baseline-Baseline-Baseline-Baseline","United Kingdom",2052,105.051616096983
"Ambitious-Baseline-Baseline-Baseline-Baseline","United Kingdom",2053,107.841573352861
"Ambitious-Baseline-Baseline-Baseline-Baseline","United Kingdom",2054,110.378398566132
"Ambitious-Baseline-Baseline-Baseline-Baseline","United Kingdom",2055,112.698909151212
"Ambitious-Baseline-Baseline-Baseline-Baseline","United Kingdom",2056,114.825543729736
"Ambitious-Baseline-Baseline-Baseline-Baseline","United Kingdom",2057,116.747436874187
"Ambitious-Baseline-Baseline-Baseline-Baseline","United Kingdom",2058,118.468225547684
"Ambitious-Baseline-Baseline-Baseline-Baseline","United Kingdom",2059,119.998737179934
"Ambitious-Baseline-Baseline-Baseline-Baseline","United Kingdom",2060,121.364567355112
"Ambitious-Baseline-Baseline-Baseline-Baseline","United Kingdom",2061,122.628994725026
"Ambitious-Baseline-Baseline-Baseline-Baseline","United Kingdom",2062,123.803838747335
"Ambitious-Baseline-Baseline-Baseline-Baseline","United Kingdom",2063,124.948382678519
"Ambitious-Baseline-Baseline-Baseline-Baseline","United Kingdom",2064,126.085200338921
"Ambitious-Baseline-Baseline-Baseline-Baseline","United Kingdom",2065,127.21828352507
"Ambitious-Baseline-Baseline-Baseline-Baseline","United Kingdom",2066,128.342597100044
"Ambitious-Baseline-Baseline-Baseline-Baseline","United Kingdom",2067,129.445377407341
"Ambitious-Baseline-Baseline-Baseline-Baseline","United Kingdom",2068,130.523330562313
"Ambitious-Baseline-Baseline-Baseline-Baseline","United Kingdom",2069,131.573104627071
"Ambitious-Baseline-Baseline-Baseline-Baseline","United Kingdom",2070,132.593380995748
"Ambitious-Baseline-Baseline-Baseline-Baseline","United States",2023,1.13901222490528
"Ambitious-Baseline-Baseline-Baseline-Baseline","United States",2024,1.41108038207092
"Ambitious-Baseline-Baseline-Baseline-Baseline","United States",2025,2.55415073943479
"Ambitious-Baseline-Baseline-Baseline-Baseline","United States",2026,4.19082025172557
"Ambitious-Baseline-Baseline-Baseline-Baseline","United States",2027,6.48239013447445
"Ambitious-Baseline-Baseline-Baseline-Baseline","United States",2028,9.21526420782952
"Ambitious-Baseline-Baseline-Baseline-Baseline","United States",2029,13.4756052537329
"Ambitious-Baseline-Baseline-Baseline-Baseline","United States",2030,17.3374528104612
"Ambitious-Baseline-Baseline-Baseline-Baseline","United States",2031,23.9409245242226
"Ambitious-Baseline-Baseline-Baseline-Baseline","United States",2032,30.3274374539046
"Ambitious-Baseline-Baseline-Baseline-Baseline","United States",2033,38.5848214205619
"Ambitious-Baseline-Baseline-Baseline-Baseline","United States",2034,49.2561092476705
"Ambitious-Baseline-Baseline-Baseline-Baseline","United States",2035,62.1834654579761
"Ambitious-Baseline-Baseline-Baseline-Baseline","United States",2036,76.8876111077627
"Ambitious-Baseline-Baseline-Baseline-Baseline","United States",2037,93.9665457936679
"Ambitious-Baseline-Baseline-Baseline-Baseline","United States",2038,115.203224035183
"Ambitious-Baseline-Baseline-Baseline-Baseline","United States",2039,140.096935614699
"Ambitious-Baseline-Baseline-Baseline-Baseline","United States",2040,168.495487807236
"Ambitious-Baseline-Baseline-Baseline-Baseline","United States",2041,200.130972607864
"Ambitious-Baseline-Baseline-Baseline-Baseline","United States",2042,233.656087559929
"Ambitious-Baseline-Baseline-Baseline-Baseline","United States",2043,269.161640174331
"Ambitious-Baseline-Baseline-Baseline-Baseline","United States",2044,307.645758046177
"Ambitious-Baseline-Baseline-Baseline-Baseline","United States",2045,350.320234981305
"Ambitious-Baseline-Baseline-Baseline-Baseline","United States",2046,392.618373765928
"Ambitious-Baseline-Baseline-Baseline-Baseline","United States",2047,433.295501089327
"Ambitious-Baseline-Baseline-Baseline-Baseline","United States",2048,471.78321196598
"Ambitious-Baseline-Baseline-Baseline-Baseline","United States",2049,507.008445214672
"Ambitious-Baseline-Baseline-Baseline-Baseline","United States",2050,538.404390244554
"Ambitious-Baseline-Baseline-Baseline-Baseline","United States",2051,565.497294887281
"Ambitious-Baseline-Baseline-Baseline-Baseline","United States",2052,591.43303391601
"Ambitious-Baseline-Baseline-Baseline-Baseline","United States",2053,613.412215669456
"Ambitious-Baseline-Baseline-Baseline-Baseline","United States",2054,631.953664239538
"Ambitious-Baseline-Baseline-Baseline-Baseline","United States",2055,647.461533020989
"Ambitious-Baseline-Baseline-Baseline-Baseline","United States",2056,660.40215541483
"Ambitious-Baseline-Baseline-Baseline-Baseline","United States",2057,671.26081812583
"Ambitious-Baseline-Baseline-Baseline-Baseline","United States",2058,680.193632561676
"Ambitious-Baseline-Baseline-Baseline-Baseline","United States",2059,687.597498480954
"Ambitious-Baseline-Baseline-Baseline-Baseline","United States",2060,693.61846102293
"Ambitious-Baseline-Baseline-Baseline-Baseline","United States",2061,698.480013238498
"Ambitious-Baseline-Baseline-Baseline-Baseline","United States",2062,702.435984013933
"Ambitious-Baseline-Baseline-Baseline-Baseline","United States",2063,705.681767043174
"Ambitious-Baseline-Baseline-Baseline-Baseline","United States",2064,708.305800308202
"Ambitious-Baseline-Baseline-Baseline-Baseline","United States",2065,710.46382089407
"Ambitious-Baseline-Baseline-Baseline-Baseline","United States",2066,712.261896654584
"Ambitious-Baseline-Baseline-Baseline-Baseline","United States",2067,713.769776362282
"Ambitious-Baseline-Baseline-Baseline-Baseline","United States",2068,715.114026772109
"Ambitious-Baseline-Baseline-Baseline-Baseline","United States",2069,716.337163911604
"Ambitious-Baseline-Baseline-Baseline-Baseline","United States",2070,717.444359978899
"Ambitious-Baseline-Baseline-Baseline-Enhanced SSPS","ASEAN",2023,0.0721272294422572
"Ambitious-Baseline-Baseline-Baseline-Enhanced SSPS","ASEAN",2024,0.126868795036862
"Ambitious-Baseline-Baseline-Baseline-Enhanced SSPS","ASEAN",2025,0.19798872349023
"Ambitious-Baseline-Baseline-Baseline-Enhanced SSPS","ASEAN",2026,0.31156921220982
"Ambitious-Baseline-Baseline-Baseline-Enhanced SSPS","ASEAN",2027,0.51498158985257
"Ambitious-Baseline-Baseline-Baseline-Enhanced SSPS","ASEAN",2028,0.873688045053527
"Ambitious-Baseline-Baseline-Baseline-Enhanced SSPS","ASEAN",2029,1.52029068360435
"Ambitious-Baseline-Baseline-Baseline-Enhanced SSPS","ASEAN",2030,2.67608244763707
"Ambitious-Baseline-Baseline-Baseline-Enhanced SSPS","ASEAN",2031,4.80435233143544
"Ambitious-Baseline-Baseline-Baseline-Enhanced SSPS","ASEAN",2032,6.62330669883318
"Ambitious-Baseline-Baseline-Baseline-Enhanced SSPS","ASEAN",2033,9.03038634983136
"Ambitious-Baseline-Baseline-Baseline-Enhanced SSPS","ASEAN",2034,12.2181861102511
"Ambitious-Baseline-Baseline-Baseline-Enhanced SSPS","ASEAN",2035,16.4598837287594
"Ambitious-Baseline-Baseline-Baseline-Enhanced SSPS","ASEAN",2036,21.8186448669657
"Ambitious-Baseline-Baseline-Baseline-Enhanced SSPS","ASEAN",2037,28.2525460466867
"Ambitious-Baseline-Baseline-Baseline-Enhanced SSPS","ASEAN",2038,36.1837464394116
"Ambitious-Baseline-Baseline-Baseline-Enhanced SSPS","ASEAN",2039,45.6898731833262
"Ambitious-Baseline-Baseline-Baseline-Enhanced SSPS","ASEAN",2040,56.931996978456
"Ambitious-Baseline-Baseline-Baseline-Enhanced SSPS","ASEAN",2041,70.3939274070604
"Ambitious-Baseline-Baseline-Baseline-Enhanced SSPS","ASEAN",2042,85.2393285598602
"Ambitious-Baseline-Baseline-Baseline-Enhanced SSPS","ASEAN",2043,102.105540632345
"Ambitious-Baseline-Baseline-Baseline-Enhanced SSPS","ASEAN",2044,121.567389564897
"Ambitious-Baseline-Baseline-Baseline-Enhanced SSPS","ASEAN",2045,143.640660826097
"Ambitious-Baseline-Baseline-Baseline-Enhanced SSPS","ASEAN",2046,167.658418402417
"Ambitious-Baseline-Baseline-Baseline-Enhanced SSPS","ASEAN",2047,193.602504916199
"Ambitious-Baseline-Baseline-Baseline-Enhanced SSPS","ASEAN",2048,220.564437277999
"Ambitious-Baseline-Baseline-Baseline-Enhanced SSPS","ASEAN",2049,248.133484958
"Ambitious-Baseline-Baseline-Baseline-Enhanced SSPS","ASEAN",2050,276.393965982653
"Ambitious-Baseline-Baseline-Baseline-Enhanced SSPS","ASEAN",2051,304.598171632874
"Ambitious-Baseline-Baseline-Baseline-Enhanced SSPS","ASEAN",2052,333.647079446483
"Ambitious-Baseline-Baseline-Baseline-Enhanced SSPS","ASEAN",2053,362.302271095617
"Ambitious-Baseline-Baseline-Baseline-Enhanced SSPS","ASEAN",2054,390.351527558668
"Ambitious-Baseline-Baseline-Baseline-Enhanced SSPS","ASEAN",2055,417.548360405811
"Ambitious-Baseline-Baseline-Baseline-Enhanced SSPS","ASEAN",2056,443.67929939413
"Ambitious-Baseline-Baseline-Baseline-Enhanced SSPS","ASEAN",2057,468.561695535882
"Ambitious-Baseline-Baseline-Baseline-Enhanced SSPS","ASEAN",2058,491.983349609803
"Ambitious-Baseline-Baseline-Baseline-Enhanced SSPS","ASEAN",2059,513.840251293497
"Ambitious-Baseline-Baseline-Baseline-Enhanced SSPS","ASEAN",2060,534.057849291792
"Ambitious-Baseline-Baseline-Baseline-Enhanced SSPS","ASEAN",2061,552.643521268599
"Ambitious-Baseline-Baseline-Baseline-Enhanced SSPS","ASEAN",2062,569.649739990613
"Ambitious-Baseline-Baseline-Baseline-Enhanced SSPS","ASEAN",2063,585.110167258061
"Ambitious-Baseline-Baseline-Baseline-Enhanced SSPS","ASEAN",2064,599.105399507408
"Ambitious-Baseline-Baseline-Baseline-Enhanced SSPS","ASEAN",2065,611.72407517043
"Ambitious-Baseline-Baseline-Baseline-Enhanced SSPS","ASEAN",2066,623.05726251398
"Ambitious-Baseline-Baseline-Baseline-Enhanced SSPS","ASEAN",2067,633.275063836872
"Ambitious-Baseline-Baseline-Baseline-Enhanced SSPS","ASEAN",2068,642.539904191532
"Ambitious-Baseline-Baseline-Baseline-Enhanced SSPS","ASEAN",2069,651.016008160774
"Ambitious-Baseline-Baseline-Baseline-Enhanced SSPS","ASEAN",2070,658.883651528672
"Ambitious-Baseline-Baseline-Baseline-Enhanced SSPS","Africa",2023,0.0423710706275185
"Ambitious-Baseline-Baseline-Baseline-Enhanced SSPS","Africa",2024,0.0719765858582383
"Ambitious-Baseline-Baseline-Baseline-Enhanced SSPS","Africa",2025,0.146328284930281
"Ambitious-Baseline-Baseline-Baseline-Enhanced SSPS","Africa",2026,0.232812873061712
"Ambitious-Baseline-Baseline-Baseline-Enhanced SSPS","Africa",2027,0.40021766849555
"Ambitious-Baseline-Baseline-Baseline-Enhanced SSPS","Africa",2028,0.634252285001126
"Ambitious-Baseline-Baseline-Baseline-Enhanced SSPS","Africa",2029,1.06010358611453
"Ambitious-Baseline-Baseline-Baseline-Enhanced SSPS","Africa",2030,1.65460147006269
"Ambitious-Baseline-Baseline-Baseline-Enhanced SSPS","Africa",2031,2.63154462980751
"Ambitious-Baseline-Baseline-Baseline-Enhanced SSPS","Africa",2032,3.60983364173375
"Ambitious-Baseline-Baseline-Baseline-Enhanced SSPS","Africa",2033,4.9169982231346
"Ambitious-Baseline-Baseline-Baseline-Enhanced SSPS","Africa",2034,6.64462588707261
"Ambitious-Baseline-Baseline-Baseline-Enhanced SSPS","Africa",2035,8.7610941844664
"Ambitious-Baseline-Baseline-Baseline-Enhanced SSPS","Africa",2036,11.5270021386894
"Ambitious-Baseline-Baseline-Baseline-Enhanced SSPS","Africa",2037,14.9369111398162
"Ambitious-Baseline-Baseline-Baseline-Enhanced SSPS","Africa",2038,19.1106641468018
"Ambitious-Baseline-Baseline-Baseline-Enhanced SSPS","Africa",2039,24.1139985257621
"Ambitious-Baseline-Baseline-Baseline-Enhanced SSPS","Africa",2040,30.3133022515602
"Ambitious-Baseline-Baseline-Baseline-Enhanced SSPS","Africa",2041,37.2856756413161
"Ambitious-Baseline-Baseline-Baseline-Enhanced SSPS","Africa",2042,45.1583742991868
"Ambitious-Baseline-Baseline-Baseline-Enhanced SSPS","Africa",2043,54.0502491617701
"Ambitious-Baseline-Baseline-Baseline-Enhanced SSPS","Africa",2044,64.1702768553234
"Ambitious-Baseline-Baseline-Baseline-Enhanced SSPS","Africa",2045,75.5148824885266
"Ambitious-Baseline-Baseline-Baseline-Enhanced SSPS","Africa",2046,87.6351862160891
"Ambitious-Baseline-Baseline-Baseline-Enhanced SSPS","Africa",2047,99.9444416305175
"Ambitious-Baseline-Baseline-Baseline-Enhanced SSPS","Africa",2048,112.481641189473
"Ambitious-Baseline-Baseline-Baseline-Enhanced SSPS","Africa",2049,125.117960398206
"Ambitious-Baseline-Baseline-Baseline-Enhanced SSPS","Africa",2050,137.713869496957
"Ambitious-Baseline-Baseline-Baseline-Enhanced SSPS","Africa",2051,150.137870893263
"Ambitious-Baseline-Baseline-Baseline-Enhanced SSPS","Africa",2052,162.543862445168
"Ambitious-Baseline-Baseline-Baseline-Enhanced SSPS","Africa",2053,174.797007300496
"Ambitious-Baseline-Baseline-Baseline-Enhanced SSPS","Africa",2054,186.877701082538
"Ambitious-Baseline-Baseline-Baseline-Enhanced SSPS","Africa",2055,198.762846416583
"Ambitious-Baseline-Baseline-Baseline-Enhanced SSPS","Africa",2056,210.410709961232
"Ambitious-Baseline-Baseline-Baseline-Enhanced SSPS","Africa",2057,221.795598557414
"Ambitious-Baseline-Baseline-Baseline-Enhanced SSPS","Africa",2058,232.796043071879
"Ambitious-Baseline-Baseline-Baseline-Enhanced SSPS","Africa",2059,243.332325376688
"Ambitious-Baseline-Baseline-Baseline-Enhanced SSPS","Africa",2060,253.305496794891
"Ambitious-Baseline-Baseline-Baseline-Enhanced SSPS","Africa",2061,262.649233768542
"Ambitious-Baseline-Baseline-Baseline-Enhanced SSPS","Africa",2062,271.315791308313
"Ambitious-Baseline-Baseline-Baseline-Enhanced SSPS","Africa",2063,279.246150819636
"Ambitious-Baseline-Baseline-Baseline-Enhanced SSPS","Africa",2064,286.440375869324
"Ambitious-Baseline-Baseline-Baseline-Enhanced SSPS","Africa",2065,292.897340147672
"Ambitious-Baseline-Baseline-Baseline-Enhanced SSPS","Africa",2066,298.654944904073
"Ambitious-Baseline-Baseline-Baseline-Enhanced SSPS","Africa",2067,303.781617936563
"Ambitious-Baseline-Baseline-Baseline-Enhanced SSPS","Africa",2068,308.377374316384
"Ambitious-Baseline-Baseline-Baseline-Enhanced SSPS","Africa",2069,312.535301188285
"Ambitious-Baseline-Baseline-Baseline-Enhanced SSPS","Africa",2070,316.351884845914
"Ambitious-Baseline-Baseline-Baseline-Enhanced SSPS","Australia/NZ",2023,0.0656126490566744
"Ambitious-Baseline-Baseline-Baseline-Enhanced SSPS","Australia/NZ",2024,0.104299716794831
"Ambitious-Baseline-Baseline-Baseline-Enhanced SSPS","Australia/NZ",2025,0.1499037229043
"Ambitious-Baseline-Baseline-Baseline-Enhanced SSPS","Australia/NZ",2026,0.255993170279772
"Ambitious-Baseline-Baseline-Baseline-Enhanced SSPS","Australia/NZ",2027,0.396928479657842
"Ambitious-Baseline-Baseline-Baseline-Enhanced SSPS","Australia/NZ",2028,0.498033444274593
"Ambitious-Baseline-Baseline-Baseline-Enhanced SSPS","Australia/NZ",2029,0.631422796894698
"Ambitious-Baseline-Baseline-Baseline-Enhanced SSPS","Australia/NZ",2030,0.814788420226622
"Ambitious-Baseline-Baseline-Baseline-Enhanced SSPS","Australia/NZ",2031,1.08261459819448
"Ambitious-Baseline-Baseline-Baseline-Enhanced SSPS","Australia/NZ",2032,1.39182445365419
"Ambitious-Baseline-Baseline-Baseline-Enhanced SSPS","Australia/NZ",2033,1.89380142687673
"Ambitious-Baseline-Baseline-Baseline-Enhanced SSPS","Australia/NZ",2034,2.53598681001957
"Ambitious-Baseline-Baseline-Baseline-Enhanced SSPS","Australia/NZ",2035,3.34969213289579
"Ambitious-Baseline-Baseline-Baseline-Enhanced SSPS","Australia/NZ",2036,4.38217519399734
"Ambitious-Baseline-Baseline-Baseline-Enhanced SSPS","Australia/NZ",2037,5.61856563384513
"Ambitious-Baseline-Baseline-Baseline-Enhanced SSPS","Australia/NZ",2038,7.00085290578461
"Ambitious-Baseline-Baseline-Baseline-Enhanced SSPS","Australia/NZ",2039,8.62923810163509
"Ambitious-Baseline-Baseline-Baseline-Enhanced SSPS","Australia/NZ",2040,10.4647814120613
"Ambitious-Baseline-Baseline-Baseline-Enhanced SSPS","Australia/NZ",2041,12.6128788770197
"Ambitious-Baseline-Baseline-Baseline-Enhanced SSPS","Australia/NZ",2042,14.913427218362
"Ambitious-Baseline-Baseline-Baseline-Enhanced SSPS","Australia/NZ",2043,17.3911421916583
"Ambitious-Baseline-Baseline-Baseline-Enhanced SSPS","Australia/NZ",2044,20.05496678263
"Ambitious-Baseline-Baseline-Baseline-Enhanced SSPS","Australia/NZ",2045,22.8984234853875
"Ambitious-Baseline-Baseline-Baseline-Enhanced SSPS","Australia/NZ",2046,27.9899205519437
"Ambitious-Baseline-Baseline-Baseline-Enhanced SSPS","Australia/NZ",2047,31.8099933412109
"Ambitious-Baseline-Baseline-Baseline-Enhanced SSPS","Australia/NZ",2048,35.7466173432945
"Ambitious-Baseline-Baseline-Baseline-Enhanced SSPS","Australia/NZ",2049,39.3914248370345
"Ambitious-Baseline-Baseline-Baseline-Enhanced SSPS","Australia/NZ",2050,43.1575092276226
"Ambitious-Baseline-Baseline-Baseline-Enhanced SSPS","Australia/NZ",2051,46.6382352786798
"Ambitious-Baseline-Baseline-Baseline-Enhanced SSPS","Australia/NZ",2052,49.9562351150094
"Ambitious-Baseline-Baseline-Baseline-Enhanced SSPS","Australia/NZ",2053,52.8694804427404
"Ambitious-Baseline-Baseline-Baseline-Enhanced SSPS","Australia/NZ",2054,55.3975629549412
"Ambitious-Baseline-Baseline-Baseline-Enhanced SSPS","Australia/NZ",2055,57.5759463822961
"Ambitious-Baseline-Baseline-Baseline-Enhanced SSPS","Australia/NZ",2056,59.451303006898
"Ambitious-Baseline-Baseline-Baseline-Enhanced SSPS","Australia/NZ",2057,61.0776770086863
"Ambitious-Baseline-Baseline-Baseline-Enhanced SSPS","Australia/NZ",2058,62.4901102958473
"Ambitious-Baseline-Baseline-Baseline-Enhanced SSPS","Australia/NZ",2059,63.7026798853406
"Ambitious-Baseline-Baseline-Baseline-Enhanced SSPS","Australia/NZ",2060,64.7271381054593
"Ambitious-Baseline-Baseline-Baseline-Enhanced SSPS","Australia/NZ",2061,65.5596536224071
"Ambitious-Baseline-Baseline-Baseline-Enhanced SSPS","Australia/NZ",2062,66.2061016942398
"Ambitious-Baseline-Baseline-Baseline-Enhanced SSPS","Australia/NZ",2063,66.6792877685012
"Ambitious-Baseline-Baseline-Baseline-Enhanced SSPS","Australia/NZ",2064,66.9985967081257
"Ambitious-Baseline-Baseline-Baseline-Enhanced SSPS","Australia/NZ",2065,67.1921767233571
"Ambitious-Baseline-Baseline-Baseline-Enhanced SSPS","Australia/NZ",2066,67.2978920902671
"Ambitious-Baseline-Baseline-Baseline-Enhanced SSPS","Australia/NZ",2067,67.3463204714236
"Ambitious-Baseline-Baseline-Baseline-Enhanced SSPS","Australia/NZ",2068,67.3611132632967
"Ambitious-Baseline-Baseline-Baseline-Enhanced SSPS","Australia/NZ",2069,67.3666831489892
"Ambitious-Baseline-Baseline-Baseline-Enhanced SSPS","Australia/NZ",2070,67.3716562880526
"Ambitious-Baseline-Baseline-Baseline-Enhanced SSPS","Brazil",2023,0.0185396467050407
"Ambitious-Baseline-Baseline-Baseline-Enhanced SSPS","Brazil",2024,0.0502676803315585
"Ambitious-Baseline-Baseline-Baseline-Enhanced SSPS","Brazil",2025,0.0620925110963252
"Ambitious-Baseline-Baseline-Baseline-Enhanced SSPS","Brazil",2026,0.17128596320079
"Ambitious-Baseline-Baseline-Baseline-Enhanced SSPS","Brazil",2027,0.34208732595126
"Ambitious-Baseline-Baseline-Baseline-Enhanced SSPS","Brazil",2028,0.49281135211313
"Ambitious-Baseline-Baseline-Baseline-Enhanced SSPS","Brazil",2029,0.720450763967633
"Ambitious-Baseline-Baseline-Baseline-Enhanced SSPS","Brazil",2030,1.05522062928369
"Ambitious-Baseline-Baseline-Baseline-Enhanced SSPS","Brazil",2031,1.57056641496726
"Ambitious-Baseline-Baseline-Baseline-Enhanced SSPS","Brazil",2032,2.13229108446731
"Ambitious-Baseline-Baseline-Baseline-Enhanced SSPS","Brazil",2033,2.85340772674325
"Ambitious-Baseline-Baseline-Baseline-Enhanced SSPS","Brazil",2034,3.79118455703844
"Ambitious-Baseline-Baseline-Baseline-Enhanced SSPS","Brazil",2035,5.00566219623504
"Ambitious-Baseline-Baseline-Baseline-Enhanced SSPS","Brazil",2036,6.55854100570391
"Ambitious-Baseline-Baseline-Baseline-Enhanced SSPS","Brazil",2037,8.51836948601569
"Ambitious-Baseline-Baseline-Baseline-Enhanced SSPS","Brazil",2038,10.9451299352847
"Ambitious-Baseline-Baseline-Baseline-Enhanced SSPS","Brazil",2039,14.0118358552337
"Ambitious-Baseline-Baseline-Baseline-Enhanced SSPS","Brazil",2040,17.4806482900832
"Ambitious-Baseline-Baseline-Baseline-Enhanced SSPS","Brazil",2041,21.4920362140204
"Ambitious-Baseline-Baseline-Baseline-Enhanced SSPS","Brazil",2042,25.883800751708
"Ambitious-Baseline-Baseline-Baseline-Enhanced SSPS","Brazil",2043,30.7942504691222
"Ambitious-Baseline-Baseline-Baseline-Enhanced SSPS","Brazil",2044,36.1909101375002
"Ambitious-Baseline-Baseline-Baseline-Enhanced SSPS","Brazil",2045,42.4590589196345
"Ambitious-Baseline-Baseline-Baseline-Enhanced SSPS","Brazil",2046,49.9741223664391
"Ambitious-Baseline-Baseline-Baseline-Enhanced SSPS","Brazil",2047,58.0495142305798
"Ambitious-Baseline-Baseline-Baseline-Enhanced SSPS","Brazil",2048,66.5320662429998
"Ambitious-Baseline-Baseline-Baseline-Enhanced SSPS","Brazil",2049,75.3446685928015
"Ambitious-Baseline-Baseline-Baseline-Enhanced SSPS","Brazil",2050,84.3806798498928
"Ambitious-Baseline-Baseline-Baseline-Enhanced SSPS","Brazil",2051,93.5328466453869
"Ambitious-Baseline-Baseline-Baseline-Enhanced SSPS","Brazil",2052,103.139279779052
"Ambitious-Baseline-Baseline-Baseline-Enhanced SSPS","Brazil",2053,112.630951773093
"Ambitious-Baseline-Baseline-Baseline-Enhanced SSPS","Brazil",2054,121.863379660893
"Ambitious-Baseline-Baseline-Baseline-Enhanced SSPS","Brazil",2055,130.703408783987
"Ambitious-Baseline-Baseline-Baseline-Enhanced SSPS","Brazil",2056,139.035900971726
"Ambitious-Baseline-Baseline-Baseline-Enhanced SSPS","Brazil",2057,146.791690146259
"Ambitious-Baseline-Baseline-Baseline-Enhanced SSPS","Brazil",2058,153.902293395345
"Ambitious-Baseline-Baseline-Baseline-Enhanced SSPS","Brazil",2059,160.365164072789
"Ambitious-Baseline-Baseline-Baseline-Enhanced SSPS","Brazil",2060,166.178632935693
"Ambitious-Baseline-Baseline-Baseline-Enhanced SSPS","Brazil",2061,171.36451512725
"Ambitious-Baseline-Baseline-Baseline-Enhanced SSPS","Brazil",2062,175.970916133515
"Ambitious-Baseline-Baseline-Baseline-Enhanced SSPS","Brazil",2063,180.029574337987
"Ambitious-Baseline-Baseline-Baseline-Enhanced SSPS","Brazil",2064,183.594607027063
"Ambitious-Baseline-Baseline-Baseline-Enhanced SSPS","Brazil",2065,186.715645679118
"Ambitious-Baseline-Baseline-Baseline-Enhanced SSPS","Brazil",2066,189.442495913439
"Ambitious-Baseline-Baseline-Baseline-Enhanced SSPS","Brazil",2067,191.839371573578
"Ambitious-Baseline-Baseline-Baseline-Enhanced SSPS","Brazil",2068,193.959150312397
"Ambitious-Baseline-Baseline-Baseline-Enhanced SSPS","Brazil",2069,195.862389032723
"Ambitious-Baseline-Baseline-Baseline-Enhanced SSPS","Brazil",2070,197.60544793792
"Ambitious-Baseline-Baseline-Baseline-Enhanced SSPS","Canada",2023,0.121064223891893
"Ambitious-Baseline-Baseline-Baseline-Enhanced SSPS","Canada",2024,0.141994596687749
"Ambitious-Baseline-Baseline-Baseline-Enhanced SSPS","Canada",2025,0.206360530326984
"Ambitious-Baseline-Baseline-Baseline-Enhanced SSPS","Canada",2026,0.309622262961014
"Ambitious-Baseline-Baseline-Baseline-Enhanced SSPS","Canada",2027,0.461245835721549
"Ambitious-Baseline-Baseline-Baseline-Enhanced SSPS","Canada",2028,0.685027005263634
"Ambitious-Baseline-Baseline-Baseline-Enhanced SSPS","Canada",2029,1.02169978108649
"Ambitious-Baseline-Baseline-Baseline-Enhanced SSPS","Canada",2030,1.55214113207119
"Ambitious-Baseline-Baseline-Baseline-Enhanced SSPS","Canada",2031,2.37564331203509
"Ambitious-Baseline-Baseline-Baseline-Enhanced SSPS","Canada",2032,2.96515411179797
"Ambitious-Baseline-Baseline-Baseline-Enhanced SSPS","Canada",2033,3.73100511645607
"Ambitious-Baseline-Baseline-Baseline-Enhanced SSPS","Canada",2034,4.72774436411655
"Ambitious-Baseline-Baseline-Baseline-Enhanced SSPS","Canada",2035,6.01789580772622
"Ambitious-Baseline-Baseline-Baseline-Enhanced SSPS","Canada",2036,7.50061873676177
"Ambitious-Baseline-Baseline-Baseline-Enhanced SSPS","Canada",2037,9.52373505161292
"Ambitious-Baseline-Baseline-Baseline-Enhanced SSPS","Canada",2038,11.8180865677906
"Ambitious-Baseline-Baseline-Baseline-Enhanced SSPS","Canada",2039,14.5618034052099
"Ambitious-Baseline-Baseline-Baseline-Enhanced SSPS","Canada",2040,17.7605602783319
"Ambitious-Baseline-Baseline-Baseline-Enhanced SSPS","Canada",2041,21.4153049915616
"Ambitious-Baseline-Baseline-Baseline-Enhanced SSPS","Canada",2042,25.5156419937624
"Ambitious-Baseline-Baseline-Baseline-Enhanced SSPS","Canada",2043,29.9264218904797
"Ambitious-Baseline-Baseline-Baseline-Enhanced SSPS","Canada",2044,35.0537885522686
"Ambitious-Baseline-Baseline-Baseline-Enhanced SSPS","Canada",2045,40.836894074999
"Ambitious-Baseline-Baseline-Baseline-Enhanced SSPS","Canada",2046,46.4887153763901
"Ambitious-Baseline-Baseline-Baseline-Enhanced SSPS","Canada",2047,51.7726392795822
"Ambitious-Baseline-Baseline-Baseline-Enhanced SSPS","Canada",2048,56.5278846408759
"Ambitious-Baseline-Baseline-Baseline-Enhanced SSPS","Canada",2049,60.6681832971891
"Ambitious-Baseline-Baseline-Baseline-Enhanced SSPS","Canada",2050,64.1487105362885
"Ambitious-Baseline-Baseline-Baseline-Enhanced SSPS","Canada",2051,66.9814566716544
"Ambitious-Baseline-Baseline-Baseline-Enhanced SSPS","Canada",2052,69.7147681704209
"Ambitious-Baseline-Baseline-Baseline-Enhanced SSPS","Canada",2053,71.9903148352371
"Ambitious-Baseline-Baseline-Baseline-Enhanced SSPS","Canada",2054,73.8953767922806
"Ambitious-Baseline-Baseline-Baseline-Enhanced SSPS","Canada",2055,75.4859716850848
"Ambitious-Baseline-Baseline-Baseline-Enhanced SSPS","Canada",2056,76.8035591593427
"Ambitious-Baseline-Baseline-Baseline-Enhanced SSPS","Canada",2057,77.8893825623733
"Ambitious-Baseline-Baseline-Baseline-Enhanced SSPS","Canada",2058,78.7630562957579
"Ambitious-Baseline-Baseline-Baseline-Enhanced SSPS","Canada",2059,79.4419418200933
"Ambitious-Baseline-Baseline-Baseline-Enhanced SSPS","Canada",2060,79.9545803184795
"Ambitious-Baseline-Baseline-Baseline-Enhanced SSPS","Canada",2061,80.3239463257758
"Ambitious-Baseline-Baseline-Baseline-Enhanced SSPS","Canada",2062,80.5826185264232
"Ambitious-Baseline-Baseline-Baseline-Enhanced SSPS","Canada",2063,80.7667468647224
"Ambitious-Baseline-Baseline-Baseline-Enhanced SSPS","Canada",2064,80.9012722221257
"Ambitious-Baseline-Baseline-Baseline-Enhanced SSPS","Canada",2065,81.004167662811
"Ambitious-Baseline-Baseline-Baseline-Enhanced SSPS","Canada",2066,81.0904324831853
"Ambitious-Baseline-Baseline-Baseline-Enhanced SSPS","Canada",2067,81.1641215122863
"Ambitious-Baseline-Baseline-Baseline-Enhanced SSPS","Canada",2068,81.2308783468024
"Ambitious-Baseline-Baseline-Baseline-Enhanced SSPS","Canada",2069,81.2951459253925
"Ambitious-Baseline-Baseline-Baseline-Enhanced SSPS","Canada",2070,81.3488033547129
"Ambitious-Baseline-Baseline-Baseline-Enhanced SSPS","China",2023,10.6859265326229
"Ambitious-Baseline-Baseline-Baseline-Enhanced SSPS","China",2024,14.1260239553668
"Ambitious-Baseline-Baseline-Baseline-Enhanced SSPS","China",2025,22.2703679901349
"Ambitious-Baseline-Baseline-Baseline-Enhanced SSPS","China",2026,33.9170869005652
"Ambitious-Baseline-Baseline-Baseline-Enhanced SSPS","China",2027,48.3525404558749
"Ambitious-Baseline-Baseline-Baseline-Enhanced SSPS","China",2028,67.8246034342896
"Ambitious-Baseline-Baseline-Baseline-Enhanced SSPS","China",2029,93.3079475168918
"Ambitious-Baseline-Baseline-Baseline-Enhanced SSPS","China",2030,125.022354344806
"Ambitious-Baseline-Baseline-Baseline-Enhanced SSPS","China",2031,164.82760674776
"Ambitious-Baseline-Baseline-Baseline-Enhanced SSPS","China",2032,210.931411839233
"Ambitious-Baseline-Baseline-Baseline-Enhanced SSPS","China",2033,264.933572986803
"Ambitious-Baseline-Baseline-Baseline-Enhanced SSPS","China",2034,327.019644147077
"Ambitious-Baseline-Baseline-Baseline-Enhanced SSPS","China",2035,396.877984242748
"Ambitious-Baseline-Baseline-Baseline-Enhanced SSPS","China",2036,467.117956962707
"Ambitious-Baseline-Baseline-Baseline-Enhanced SSPS","China",2037,548.07439043493
"Ambitious-Baseline-Baseline-Baseline-Enhanced SSPS","China",2038,634.828123520757
"Ambitious-Baseline-Baseline-Baseline-Enhanced SSPS","China",2039,726.457128958676
"Ambitious-Baseline-Baseline-Baseline-Enhanced SSPS","China",2040,840.042394986727
"Ambitious-Baseline-Baseline-Baseline-Enhanced SSPS","China",2041,962.560887061383
"Ambitious-Baseline-Baseline-Baseline-Enhanced SSPS","China",2042,1085.76977411377
"Ambitious-Baseline-Baseline-Baseline-Enhanced SSPS","China",2043,1210.12422565672
"Ambitious-Baseline-Baseline-Baseline-Enhanced SSPS","China",2044,1334.25118815326
"Ambitious-Baseline-Baseline-Baseline-Enhanced SSPS","China",2045,1456.28686074246
"Ambitious-Baseline-Baseline-Baseline-Enhanced SSPS","China",2046,1574.31300352758
"Ambitious-Baseline-Baseline-Baseline-Enhanced SSPS","China",2047,1686.73672581059
"Ambitious-Baseline-Baseline-Baseline-Enhanced SSPS","China",2048,1791.54066792153
"Ambitious-Baseline-Baseline-Baseline-Enhanced SSPS","China",2049,1887.55173653633
"Ambitious-Baseline-Baseline-Baseline-Enhanced SSPS","China",2050,1973.93576425285
"Ambitious-Baseline-Baseline-Baseline-Enhanced SSPS","China",2051,2050.42027231589
"Ambitious-Baseline-Baseline-Baseline-Enhanced SSPS","China",2052,2126.56538655241
"Ambitious-Baseline-Baseline-Baseline-Enhanced SSPS","China",2053,2194.57393171753
"Ambitious-Baseline-Baseline-Baseline-Enhanced SSPS","China",2054,2255.47289609002
"Ambitious-Baseline-Baseline-Baseline-Enhanced SSPS","China",2055,2310.32763206321
"Ambitious-Baseline-Baseline-Baseline-Enhanced SSPS","China",2056,2360.11656318725
"Ambitious-Baseline-Baseline-Baseline-Enhanced SSPS","China",2057,2405.72915807143
"Ambitious-Baseline-Baseline-Baseline-Enhanced SSPS","China",2058,2447.88270031275
"Ambitious-Baseline-Baseline-Baseline-Enhanced SSPS","China",2059,2487.1739668925
"Ambitious-Baseline-Baseline-Baseline-Enhanced SSPS","China",2060,2524.04726934509
"Ambitious-Baseline-Baseline-Baseline-Enhanced SSPS","China",2061,2558.98950597048
"Ambitious-Baseline-Baseline-Baseline-Enhanced SSPS","China",2062,2592.32601473321
"Ambitious-Baseline-Baseline-Baseline-Enhanced SSPS","China",2063,2624.29867312361
"Ambitious-Baseline-Baseline-Baseline-Enhanced SSPS","China",2064,2655.12603471117
"Ambitious-Baseline-Baseline-Baseline-Enhanced SSPS","China",2065,2684.98863426093
"Ambitious-Baseline-Baseline-Baseline-Enhanced SSPS","China",2066,2714.09962112151
"Ambitious-Baseline-Baseline-Baseline-Enhanced SSPS","China",2067,2742.60730317154
"Ambitious-Baseline-Baseline-Baseline-Enhanced SSPS","China",2068,2770.7727880685
"Ambitious-Baseline-Baseline-Baseline-Enhanced SSPS","China",2069,2798.76334579444
"Ambitious-Baseline-Baseline-Baseline-Enhanced SSPS","China",2070,2826.71036972592
"Ambitious-Baseline-Baseline-Baseline-Enhanced SSPS","EFTA",2023,0.275186938049727
"Ambitious-Baseline-Baseline-Baseline-Enhanced SSPS","EFTA",2024,0.338665008656704
"Ambitious-Baseline-Baseline-Baseline-Enhanced SSPS","EFTA",2025,0.397447163191675
"Ambitious-Baseline-Baseline-Baseline-Enhanced SSPS","EFTA",2026,0.555872466731133
"Ambitious-Baseline-Baseline-Baseline-Enhanced SSPS","EFTA",2027,0.652497012571033
"Ambitious-Baseline-Baseline-Baseline-Enhanced SSPS","EFTA",2028,0.809233983611476
"Ambitious-Baseline-Baseline-Baseline-Enhanced SSPS","EFTA",2029,1.03215716698348
"Ambitious-Baseline-Baseline-Baseline-Enhanced SSPS","EFTA",2030,1.33561295871958
"Ambitious-Baseline-Baseline-Baseline-Enhanced SSPS","EFTA",2031,1.73246989134019
"Ambitious-Baseline-Baseline-Baseline-Enhanced SSPS","EFTA",2032,2.17078249461261
"Ambitious-Baseline-Baseline-Baseline-Enhanced SSPS","EFTA",2033,2.73838394449243
"Ambitious-Baseline-Baseline-Baseline-Enhanced SSPS","EFTA",2034,3.45161808898519
"Ambitious-Baseline-Baseline-Baseline-Enhanced SSPS","EFTA",2035,4.33067307044173
"Ambitious-Baseline-Baseline-Baseline-Enhanced SSPS","EFTA",2036,5.3318823269275
"Ambitious-Baseline-Baseline-Baseline-Enhanced SSPS","EFTA",2037,6.41134919619468
"Ambitious-Baseline-Baseline-Baseline-Enhanced SSPS","EFTA",2038,7.55363865443033
"Ambitious-Baseline-Baseline-Baseline-Enhanced SSPS","EFTA",2039,8.71968310982932
"Ambitious-Baseline-Baseline-Baseline-Enhanced SSPS","EFTA",2040,9.89401367412833
"Ambitious-Baseline-Baseline-Baseline-Enhanced SSPS","EFTA",2041,11.0646558531309
"Ambitious-Baseline-Baseline-Baseline-Enhanced SSPS","EFTA",2042,12.2172680926409
"Ambitious-Baseline-Baseline-Baseline-Enhanced SSPS","EFTA",2043,13.3641424446709
"Ambitious-Baseline-Baseline-Baseline-Enhanced SSPS","EFTA",2044,14.5157912582405
"Ambitious-Baseline-Baseline-Baseline-Enhanced SSPS","EFTA",2045,15.650775731541
"Ambitious-Baseline-Baseline-Baseline-Enhanced SSPS","EFTA",2046,16.7631278276167
"Ambitious-Baseline-Baseline-Baseline-Enhanced SSPS","EFTA",2047,17.7177922488082
"Ambitious-Baseline-Baseline-Baseline-Enhanced SSPS","EFTA",2048,18.7427176054276
"Ambitious-Baseline-Baseline-Baseline-Enhanced SSPS","EFTA",2049,19.692168660672
"Ambitious-Baseline-Baseline-Baseline-Enhanced SSPS","EFTA",2050,20.5550798395291
"Ambitious-Baseline-Baseline-Baseline-Enhanced SSPS","EFTA",2051,21.3270080053328
"Ambitious-Baseline-Baseline-Baseline-Enhanced SSPS","EFTA",2052,22.041694395925
"Ambitious-Baseline-Baseline-Baseline-Enhanced SSPS","EFTA",2053,22.672169408603
"Ambitious-Baseline-Baseline-Baseline-Enhanced SSPS","EFTA",2054,23.2248712312211
"Ambitious-Baseline-Baseline-Baseline-Enhanced SSPS","EFTA",2055,23.7086136362185
"Ambitious-Baseline-Baseline-Baseline-Enhanced SSPS","EFTA",2056,24.1252467372653
"Ambitious-Baseline-Baseline-Baseline-Enhanced SSPS","EFTA",2057,24.4827276536982
"Ambitious-Baseline-Baseline-Baseline-Enhanced SSPS","EFTA",2058,24.7875038295446
"Ambitious-Baseline-Baseline-Baseline-Enhanced SSPS","EFTA",2059,25.0498734408454
"Ambitious-Baseline-Baseline-Baseline-Enhanced SSPS","EFTA",2060,25.2750699254242
"Ambitious-Baseline-Baseline-Baseline-Enhanced SSPS","EFTA",2061,25.4685947148956
"Ambitious-Baseline-Baseline-Baseline-Enhanced SSPS","EFTA",2062,25.6361931825698
"Ambitious-Baseline-Baseline-Baseline-Enhanced SSPS","EFTA",2063,25.7886296185078
"Ambitious-Baseline-Baseline-Baseline-Enhanced SSPS","EFTA",2064,25.9293164258017
"Ambitious-Baseline-Baseline-Baseline-Enhanced SSPS","EFTA",2065,26.0637947249957
"Ambitious-Baseline-Baseline-Baseline-Enhanced SSPS","EFTA",2066,26.1931914756881
"Ambitious-Baseline-Baseline-Baseline-Enhanced SSPS","EFTA",2067,26.3209160138602
"Ambitious-Baseline-Baseline-Baseline-Enhanced SSPS","EFTA",2068,26.446469091733
"Ambitious-Baseline-Baseline-Baseline-Enhanced SSPS","EFTA",2069,26.5720342486646
"Ambitious-Baseline-Baseline-Baseline-Enhanced SSPS","EFTA",2070,26.6975823317551
"Ambitious-Baseline-Baseline-Baseline-Enhanced SSPS","European Union",2023,1.49701343261806
"Ambitious-Baseline-Baseline-Baseline-Enhanced SSPS","European Union",2024,2.85928236988091
"Ambitious-Baseline-Baseline-Baseline-Enhanced SSPS","European Union",2025,4.32303433494239
"Ambitious-Baseline-Baseline-Baseline-Enhanced SSPS","European Union",2026,7.04720790777987
"Ambitious-Baseline-Baseline-Baseline-Enhanced SSPS","European Union",2027,10.3732877866782
"Ambitious-Baseline-Baseline-Baseline-Enhanced SSPS","European Union",2028,14.766389045976
"Ambitious-Baseline-Baseline-Baseline-Enhanced SSPS","European Union",2029,20.5192162551108
"Ambitious-Baseline-Baseline-Baseline-Enhanced SSPS","European Union",2030,27.3447537884549
"Ambitious-Baseline-Baseline-Baseline-Enhanced SSPS","European Union",2031,36.0600618053085
"Ambitious-Baseline-Baseline-Baseline-Enhanced SSPS","European Union",2032,45.6439483884455
"Ambitious-Baseline-Baseline-Baseline-Enhanced SSPS","European Union",2033,57.243083985151
"Ambitious-Baseline-Baseline-Baseline-Enhanced SSPS","European Union",2034,72.1390853597042
"Ambitious-Baseline-Baseline-Baseline-Enhanced SSPS","European Union",2035,91.0818876207872
"Ambitious-Baseline-Baseline-Baseline-Enhanced SSPS","European Union",2036,115.234308753609
"Ambitious-Baseline-Baseline-Baseline-Enhanced SSPS","European Union",2037,145.065946699673
"Ambitious-Baseline-Baseline-Baseline-Enhanced SSPS","European Union",2038,181.266623689197
"Ambitious-Baseline-Baseline-Baseline-Enhanced SSPS","European Union",2039,225.753736916558
"Ambitious-Baseline-Baseline-Baseline-Enhanced SSPS","European Union",2040,279.394330865891
"Ambitious-Baseline-Baseline-Baseline-Enhanced SSPS","European Union",2041,338.559131866428
"Ambitious-Baseline-Baseline-Baseline-Enhanced SSPS","European Union",2042,401.075606997987
"Ambitious-Baseline-Baseline-Baseline-Enhanced SSPS","European Union",2043,464.920075823473
"Ambitious-Baseline-Baseline-Baseline-Enhanced SSPS","European Union",2044,527.634918126862
"Ambitious-Baseline-Baseline-Baseline-Enhanced SSPS","European Union",2045,587.51640720429
"Ambitious-Baseline-Baseline-Baseline-Enhanced SSPS","European Union",2046,642.411544925591
"Ambitious-Baseline-Baseline-Baseline-Enhanced SSPS","European Union",2047,692.300916946694
"Ambitious-Baseline-Baseline-Baseline-Enhanced SSPS","European Union",2048,736.919698084155
"Ambitious-Baseline-Baseline-Baseline-Enhanced SSPS","European Union",2049,776.623686750507
"Ambitious-Baseline-Baseline-Baseline-Enhanced SSPS","European Union",2050,812.10517490105
"Ambitious-Baseline-Baseline-Baseline-Enhanced SSPS","European Union",2051,843.540431863346
"Ambitious-Baseline-Baseline-Baseline-Enhanced SSPS","European Union",2052,875.943523877107
"Ambitious-Baseline-Baseline-Baseline-Enhanced SSPS","European Union",2053,906.249507717593
"Ambitious-Baseline-Baseline-Baseline-Enhanced SSPS","European Union",2054,934.642458719158
"Ambitious-Baseline-Baseline-Baseline-Enhanced SSPS","European Union",2055,961.082143937838
"Ambitious-Baseline-Baseline-Baseline-Enhanced SSPS","European Union",2056,985.544785196113
"Ambitious-Baseline-Baseline-Baseline-Enhanced SSPS","European Union",2057,1007.98566386613
"Ambitious-Baseline-Baseline-Baseline-Enhanced SSPS","European Union",2058,1028.42331071161
"Ambitious-Baseline-Baseline-Baseline-Enhanced SSPS","European Union",2059,1047.09671910847
"Ambitious-Baseline-Baseline-Baseline-Enhanced SSPS","European Union",2060,1064.27520192659
"Ambitious-Baseline-Baseline-Baseline-Enhanced SSPS","European Union",2061,1080.30677057418
"Ambitious-Baseline-Baseline-Baseline-Enhanced SSPS","European Union",2062,1095.44528283343
"Ambitious-Baseline-Baseline-Baseline-Enhanced SSPS","European Union",2063,1109.88649705001
"Ambitious-Baseline-Baseline-Baseline-Enhanced SSPS","European Union",2064,1123.70069285327
"Ambitious-Baseline-Baseline-Baseline-Enhanced SSPS","European Union",2065,1136.84469359951
"Ambitious-Baseline-Baseline-Baseline-Enhanced SSPS","European Union",2066,1149.27067984393
"Ambitious-Baseline-Baseline-Baseline-Enhanced SSPS","European Union",2067,1160.95094512569
"Ambitious-Baseline-Baseline-Baseline-Enhanced SSPS","European Union",2068,1171.89072222294
"Ambitious-Baseline-Baseline-Baseline-Enhanced SSPS","European Union",2069,1182.1748315136
"Ambitious-Baseline-Baseline-Baseline-Enhanced SSPS","European Union",2070,1191.9208612918
"Ambitious-Baseline-Baseline-Baseline-Enhanced SSPS","India",2023,0.11192386311021
"Ambitious-Baseline-Baseline-Baseline-Enhanced SSPS","India",2024,0.323010659151912
"Ambitious-Baseline-Baseline-Baseline-Enhanced SSPS","India",2025,0.55646878305641
"Ambitious-Baseline-Baseline-Baseline-Enhanced SSPS","India",2026,0.856782760444635
"Ambitious-Baseline-Baseline-Baseline-Enhanced SSPS","India",2027,1.41132555741211
"Ambitious-Baseline-Baseline-Baseline-Enhanced SSPS","India",2028,2.38626453930999
"Ambitious-Baseline-Baseline-Baseline-Enhanced SSPS","India",2029,3.73785408917614
"Ambitious-Baseline-Baseline-Baseline-Enhanced SSPS","India",2030,5.54298457790447
"Ambitious-Baseline-Baseline-Baseline-Enhanced SSPS","India",2031,8.00333238757961
"Ambitious-Baseline-Baseline-Baseline-Enhanced SSPS","India",2032,10.7814205017885
"Ambitious-Baseline-Baseline-Baseline-Enhanced SSPS","India",2033,14.3075745995847
"Ambitious-Baseline-Baseline-Baseline-Enhanced SSPS","India",2034,18.7385708753707
"Ambitious-Baseline-Baseline-Baseline-Enhanced SSPS","India",2035,24.17706133849
"Ambitious-Baseline-Baseline-Baseline-Enhanced SSPS","India",2036,30.677883902616
"Ambitious-Baseline-Baseline-Baseline-Enhanced SSPS","India",2037,38.0973135756047
"Ambitious-Baseline-Baseline-Baseline-Enhanced SSPS","India",2038,46.5091611683802
"Ambitious-Baseline-Baseline-Baseline-Enhanced SSPS","India",2039,55.8696188135565
"Ambitious-Baseline-Baseline-Baseline-Enhanced SSPS","India",2040,66.1157485527443
"Ambitious-Baseline-Baseline-Baseline-Enhanced SSPS","India",2041,77.2751796202533
"Ambitious-Baseline-Baseline-Baseline-Enhanced SSPS","India",2042,88.8458577807781
"Ambitious-Baseline-Baseline-Baseline-Enhanced SSPS","India",2043,100.971443251932
"Ambitious-Baseline-Baseline-Baseline-Enhanced SSPS","India",2044,113.484263820134
"Ambitious-Baseline-Baseline-Baseline-Enhanced SSPS","India",2045,126.200077168018
"Ambitious-Baseline-Baseline-Baseline-Enhanced SSPS","India",2046,138.903435862291
"Ambitious-Baseline-Baseline-Baseline-Enhanced SSPS","India",2047,151.415053506779
"Ambitious-Baseline-Baseline-Baseline-Enhanced SSPS","India",2048,163.80604529985
"Ambitious-Baseline-Baseline-Baseline-Enhanced SSPS","India",2049,177.237386781381
"Ambitious-Baseline-Baseline-Baseline-Enhanced SSPS","India",2050,189.929742993514
"Ambitious-Baseline-Baseline-Baseline-Enhanced SSPS","India",2051,201.80707928826
"Ambitious-Baseline-Baseline-Baseline-Enhanced SSPS","India",2052,214.648331618335
"Ambitious-Baseline-Baseline-Baseline-Enhanced SSPS","India",2053,226.762603245721
"Ambitious-Baseline-Baseline-Baseline-Enhanced SSPS","India",2054,238.143356239635
"Ambitious-Baseline-Baseline-Baseline-Enhanced SSPS","India",2055,248.777582400361
"Ambitious-Baseline-Baseline-Baseline-Enhanced SSPS","India",2056,258.662020213322
"Ambitious-Baseline-Baseline-Baseline-Enhanced SSPS","India",2057,267.806905671512
"Ambitious-Baseline-Baseline-Baseline-Enhanced SSPS","India",2058,276.244801271275
"Ambitious-Baseline-Baseline-Baseline-Enhanced SSPS","India",2059,284.014431146875
"Ambitious-Baseline-Baseline-Baseline-Enhanced SSPS","India",2060,291.184433365519
"Ambitious-Baseline-Baseline-Baseline-Enhanced SSPS","India",2061,297.811267211312
"Ambitious-Baseline-Baseline-Baseline-Enhanced SSPS","India",2062,303.979533062509
"Ambitious-Baseline-Baseline-Baseline-Enhanced SSPS","India",2063,309.725590964318
"Ambitious-Baseline-Baseline-Baseline-Enhanced SSPS","India",2064,315.100199975667
"Ambitious-Baseline-Baseline-Baseline-Enhanced SSPS","India",2065,320.129758462267
"Ambitious-Baseline-Baseline-Baseline-Enhanced SSPS","India",2066,324.845280174621
"Ambitious-Baseline-Baseline-Baseline-Enhanced SSPS","India",2067,329.27616453269
"Ambitious-Baseline-Baseline-Baseline-Enhanced SSPS","India",2068,333.4738554708
"Ambitious-Baseline-Baseline-Baseline-Enhanced SSPS","India",2069,337.481060579579
"Ambitious-Baseline-Baseline-Baseline-Enhanced SSPS","India",2070,341.340085039505
"Ambitious-Baseline-Baseline-Baseline-Enhanced SSPS","Japan",2023,0.10045345738962
"Ambitious-Baseline-Baseline-Baseline-Enhanced SSPS","Japan",2024,0.41760745739381
"Ambitious-Baseline-Baseline-Baseline-Enhanced SSPS","Japan",2025,0.488767975795183
"Ambitious-Baseline-Baseline-Baseline-Enhanced SSPS","Japan",2026,0.578474843883219
"Ambitious-Baseline-Baseline-Baseline-Enhanced SSPS","Japan",2027,0.705007238764945
"Ambitious-Baseline-Baseline-Baseline-Enhanced SSPS","Japan",2028,0.99713214279034
"Ambitious-Baseline-Baseline-Baseline-Enhanced SSPS","Japan",2029,1.30645506809564
"Ambitious-Baseline-Baseline-Baseline-Enhanced SSPS","Japan",2030,2.26956986824929
"Ambitious-Baseline-Baseline-Baseline-Enhanced SSPS","Japan",2031,3.59969369152346
"Ambitious-Baseline-Baseline-Baseline-Enhanced SSPS","Japan",2032,4.52976265791433
"Ambitious-Baseline-Baseline-Baseline-Enhanced SSPS","Japan",2033,5.74633430153128
"Ambitious-Baseline-Baseline-Baseline-Enhanced SSPS","Japan",2034,7.35155790031645
"Ambitious-Baseline-Baseline-Baseline-Enhanced SSPS","Japan",2035,9.47482417691952
"Ambitious-Baseline-Baseline-Baseline-Enhanced SSPS","Japan",2036,12.1682785498524
"Ambitious-Baseline-Baseline-Baseline-Enhanced SSPS","Japan",2037,15.3161713946949
"Ambitious-Baseline-Baseline-Baseline-Enhanced SSPS","Japan",2038,19.295435063113
"Ambitious-Baseline-Baseline-Baseline-Enhanced SSPS","Japan",2039,23.584432308514
"Ambitious-Baseline-Baseline-Baseline-Enhanced SSPS","Japan",2040,28.4421118369066
"Ambitious-Baseline-Baseline-Baseline-Enhanced SSPS","Japan",2041,32.8300175904846
"Ambitious-Baseline-Baseline-Baseline-Enhanced SSPS","Japan",2042,39.0018472541732
"Ambitious-Baseline-Baseline-Baseline-Enhanced SSPS","Japan",2043,45.9031205584793
"Ambitious-Baseline-Baseline-Baseline-Enhanced SSPS","Japan",2044,53.3935467771721
"Ambitious-Baseline-Baseline-Baseline-Enhanced SSPS","Japan",2045,61.1622665366477
"Ambitious-Baseline-Baseline-Baseline-Enhanced SSPS","Japan",2046,68.8327588348784
"Ambitious-Baseline-Baseline-Baseline-Enhanced SSPS","Japan",2047,78.0901724157646
"Ambitious-Baseline-Baseline-Baseline-Enhanced SSPS","Japan",2048,86.7371813386585
"Ambitious-Baseline-Baseline-Baseline-Enhanced SSPS","Japan",2049,94.5314012435712
"Ambitious-Baseline-Baseline-Baseline-Enhanced SSPS","Japan",2050,101.300045533293
"Ambitious-Baseline-Baseline-Baseline-Enhanced SSPS","Japan",2051,106.986316952299
"Ambitious-Baseline-Baseline-Baseline-Enhanced SSPS","Japan",2052,112.634745708955
"Ambitious-Baseline-Baseline-Baseline-Enhanced SSPS","Japan",2053,117.411024396836
"Ambitious-Baseline-Baseline-Baseline-Enhanced SSPS","Japan",2054,121.411901876523
"Ambitious-Baseline-Baseline-Baseline-Enhanced SSPS","Japan",2055,124.70703235132
"Ambitious-Baseline-Baseline-Baseline-Enhanced SSPS","Japan",2056,127.361577086818
"Ambitious-Baseline-Baseline-Baseline-Enhanced SSPS","Japan",2057,129.429841353335
"Ambitious-Baseline-Baseline-Baseline-Enhanced SSPS","Japan",2058,130.957672469852
"Ambitious-Baseline-Baseline-Baseline-Enhanced SSPS","Japan",2059,131.988608869188
"Ambitious-Baseline-Baseline-Baseline-Enhanced SSPS","Japan",2060,132.565935126793
"Ambitious-Baseline-Baseline-Baseline-Enhanced SSPS","Japan",2061,132.786429002446
"Ambitious-Baseline-Baseline-Baseline-Enhanced SSPS","Japan",2062,132.713548992027
"Ambitious-Baseline-Baseline-Baseline-Enhanced SSPS","Japan",2063,132.456475712408
"Ambitious-Baseline-Baseline-Baseline-Enhanced SSPS","Japan",2064,132.088709908986
"Ambitious-Baseline-Baseline-Baseline-Enhanced SSPS","Japan",2065,131.65553156118
"Ambitious-Baseline-Baseline-Baseline-Enhanced SSPS","Japan",2066,131.197060122573
"Ambitious-Baseline-Baseline-Baseline-Enhanced SSPS","Japan",2067,130.728428476972
"Ambitious-Baseline-Baseline-Baseline-Enhanced SSPS","Japan",2068,130.265056126449
"Ambitious-Baseline-Baseline-Baseline-Enhanced SSPS","Japan",2069,129.807670520344
"Ambitious-Baseline-Baseline-Baseline-Enhanced SSPS","Japan",2070,129.358082716809
"Ambitious-Baseline-Baseline-Baseline-Enhanced SSPS","Mexico",2023,0.0312695961441133
"Ambitious-Baseline-Baseline-Baseline-Enhanced SSPS","Mexico",2024,0.0972344773815941
"Ambitious-Baseline-Baseline-Baseline-Enhanced SSPS","Mexico",2025,0.0989629518115744
"Ambitious-Baseline-Baseline-Baseline-Enhanced SSPS","Mexico",2026,0.136434220011881
"Ambitious-Baseline-Baseline-Baseline-Enhanced SSPS","Mexico",2027,0.18260891961367
"Ambitious-Baseline-Baseline-Baseline-Enhanced SSPS","Mexico",2028,0.294561343993538
"Ambitious-Baseline-Baseline-Baseline-Enhanced SSPS","Mexico",2029,0.534226028949799
"Ambitious-Baseline-Baseline-Baseline-Enhanced SSPS","Mexico",2030,1.03408606086691
"Ambitious-Baseline-Baseline-Baseline-Enhanced SSPS","Mexico",2031,1.77301135307547
"Ambitious-Baseline-Baseline-Baseline-Enhanced SSPS","Mexico",2032,2.19441039419494
"Ambitious-Baseline-Baseline-Baseline-Enhanced SSPS","Mexico",2033,2.73564559507306
"Ambitious-Baseline-Baseline-Baseline-Enhanced SSPS","Mexico",2034,3.4405111528181
"Ambitious-Baseline-Baseline-Baseline-Enhanced SSPS","Mexico",2035,4.3569427020582
"Ambitious-Baseline-Baseline-Baseline-Enhanced SSPS","Mexico",2036,5.54045101399572
"Ambitious-Baseline-Baseline-Baseline-Enhanced SSPS","Mexico",2037,6.94933756744959
"Ambitious-Baseline-Baseline-Baseline-Enhanced SSPS","Mexico",2038,8.72966585031479
"Ambitious-Baseline-Baseline-Baseline-Enhanced SSPS","Mexico",2039,10.9496845930908
"Ambitious-Baseline-Baseline-Baseline-Enhanced SSPS","Mexico",2040,13.7025979167865
"Ambitious-Baseline-Baseline-Baseline-Enhanced SSPS","Mexico",2041,17.131672989266
"Ambitious-Baseline-Baseline-Baseline-Enhanced SSPS","Mexico",2042,21.1453436343449
"Ambitious-Baseline-Baseline-Baseline-Enhanced SSPS","Mexico",2043,25.8711667927818
"Ambitious-Baseline-Baseline-Baseline-Enhanced SSPS","Mexico",2044,32.2089109829972
"Ambitious-Baseline-Baseline-Baseline-Enhanced SSPS","Mexico",2045,39.125176518398
"Ambitious-Baseline-Baseline-Baseline-Enhanced SSPS","Mexico",2046,46.1783169566872
"Ambitious-Baseline-Baseline-Baseline-Enhanced SSPS","Mexico",2047,53.3972208466717
"Ambitious-Baseline-Baseline-Baseline-Enhanced SSPS","Mexico",2048,60.3886373704473
"Ambitious-Baseline-Baseline-Baseline-Enhanced SSPS","Mexico",2049,66.9993153166008
"Ambitious-Baseline-Baseline-Baseline-Enhanced SSPS","Mexico",2050,73.1350731719217
"Ambitious-Baseline-Baseline-Baseline-Enhanced SSPS","Mexico",2051,78.7572065886356
"Ambitious-Baseline-Baseline-Baseline-Enhanced SSPS","Mexico",2052,84.1578871538047
"Ambitious-Baseline-Baseline-Baseline-Enhanced SSPS","Mexico",2053,89.1267448216686
"Ambitious-Baseline-Baseline-Baseline-Enhanced SSPS","Mexico",2054,93.6936837220574
"Ambitious-Baseline-Baseline-Baseline-Enhanced SSPS","Mexico",2055,97.890252298326
"Ambitious-Baseline-Baseline-Baseline-Enhanced SSPS","Mexico",2056,101.727265513876
"Ambitious-Baseline-Baseline-Baseline-Enhanced SSPS","Mexico",2057,105.221737673153
"Ambitious-Baseline-Baseline-Baseline-Enhanced SSPS","Mexico",2058,108.373283334999
"Ambitious-Baseline-Baseline-Baseline-Enhanced SSPS","Mexico",2059,111.187403938533
"Ambitious-Baseline-Baseline-Baseline-Enhanced SSPS","Mexico",2060,113.6792962835
"Ambitious-Baseline-Baseline-Baseline-Enhanced SSPS","Mexico",2061,115.894763882724
"Ambitious-Baseline-Baseline-Baseline-Enhanced SSPS","Mexico",2062,117.854431664485
"Ambitious-Baseline-Baseline-Baseline-Enhanced SSPS","Mexico",2063,119.613047524982
"Ambitious-Baseline-Baseline-Baseline-Enhanced SSPS","Mexico",2064,121.198461351435
"Ambitious-Baseline-Baseline-Baseline-Enhanced SSPS","Mexico",2065,122.642246660994
"Ambitious-Baseline-Baseline-Baseline-Enhanced SSPS","Mexico",2066,123.959981128124
"Ambitious-Baseline-Baseline-Baseline-Enhanced SSPS","Mexico",2067,125.171166642997
"Ambitious-Baseline-Baseline-Baseline-Enhanced SSPS","Mexico",2068,126.296375441882
"Ambitious-Baseline-Baseline-Baseline-Enhanced SSPS","Mexico",2069,127.354948291177
"Ambitious-Baseline-Baseline-Baseline-Enhanced SSPS","Mexico",2070,128.361220082915
"Ambitious-Baseline-Baseline-Baseline-Enhanced SSPS","Middle East",2023,0.130391344949732
"Ambitious-Baseline-Baseline-Baseline-Enhanced SSPS","Middle East",2024,0.20641446493988
"Ambitious-Baseline-Baseline-Baseline-Enhanced SSPS","Middle East",2025,0.282233107505557
"Ambitious-Baseline-Baseline-Baseline-Enhanced SSPS","Middle East",2026,0.415860870626096
"Ambitious-Baseline-Baseline-Baseline-Enhanced SSPS","Middle East",2027,0.642164587487254
"Ambitious-Baseline-Baseline-Baseline-Enhanced SSPS","Middle East",2028,1.02493671044311
"Ambitious-Baseline-Baseline-Baseline-Enhanced SSPS","Middle East",2029,1.62463540226922
"Ambitious-Baseline-Baseline-Baseline-Enhanced SSPS","Middle East",2030,2.64325696694675
"Ambitious-Baseline-Baseline-Baseline-Enhanced SSPS","Middle East",2031,4.40978110662258
"Ambitious-Baseline-Baseline-Baseline-Enhanced SSPS","Middle East",2032,6.08103620940296
"Ambitious-Baseline-Baseline-Baseline-Enhanced SSPS","Middle East",2033,8.28261299272508
"Ambitious-Baseline-Baseline-Baseline-Enhanced SSPS","Middle East",2034,11.1427058884741
"Ambitious-Baseline-Baseline-Baseline-Enhanced SSPS","Middle East",2035,14.8992966292086
"Ambitious-Baseline-Baseline-Baseline-Enhanced SSPS","Middle East",2036,19.3812629371468
"Ambitious-Baseline-Baseline-Baseline-Enhanced SSPS","Middle East",2037,24.9165725225211
"Ambitious-Baseline-Baseline-Baseline-Enhanced SSPS","Middle East",2038,31.607847038376
"Ambitious-Baseline-Baseline-Baseline-Enhanced SSPS","Middle East",2039,39.5096557150305
"Ambitious-Baseline-Baseline-Baseline-Enhanced SSPS","Middle East",2040,48.7196122086522
"Ambitious-Baseline-Baseline-Baseline-Enhanced SSPS","Middle East",2041,59.5015702916626
"Ambitious-Baseline-Baseline-Baseline-Enhanced SSPS","Middle East",2042,71.3954090385791
"Ambitious-Baseline-Baseline-Baseline-Enhanced SSPS","Middle East",2043,84.9365691389226
"Ambitious-Baseline-Baseline-Baseline-Enhanced SSPS","Middle East",2044,100.404100956037
"Ambitious-Baseline-Baseline-Baseline-Enhanced SSPS","Middle East",2045,117.441816081869
"Ambitious-Baseline-Baseline-Baseline-Enhanced SSPS","Middle East",2046,137.126853567557
"Ambitious-Baseline-Baseline-Baseline-Enhanced SSPS","Middle East",2047,158.311621979948
"Ambitious-Baseline-Baseline-Baseline-Enhanced SSPS","Middle East",2048,180.056946470432
"Ambitious-Baseline-Baseline-Baseline-Enhanced SSPS","Middle East",2049,202.306004823489
"Ambitious-Baseline-Baseline-Baseline-Enhanced SSPS","Middle East",2050,224.447838233151
"Ambitious-Baseline-Baseline-Baseline-Enhanced SSPS","Middle East",2051,246.171315990834
"Ambitious-Baseline-Baseline-Baseline-Enhanced SSPS","Middle East",2052,268.499932715318
"Ambitious-Baseline-Baseline-Baseline-Enhanced SSPS","Middle East",2053,290.133741217066
"Ambitious-Baseline-Baseline-Baseline-Enhanced SSPS","Middle East",2054,310.898877488473
"Ambitious-Baseline-Baseline-Baseline-Enhanced SSPS","Middle East",2055,330.610384432794
"Ambitious-Baseline-Baseline-Baseline-Enhanced SSPS","Middle East",2056,349.112988190351
"Ambitious-Baseline-Baseline-Baseline-Enhanced SSPS","Middle East",2057,366.277167618686
"Ambitious-Baseline-Baseline-Baseline-Enhanced SSPS","Middle East",2058,382.015303784251
"Ambitious-Baseline-Baseline-Baseline-Enhanced SSPS","Middle East",2059,396.307713052458
"Ambitious-Baseline-Baseline-Baseline-Enhanced SSPS","Middle East",2060,409.185110693253
"Ambitious-Baseline-Baseline-Baseline-Enhanced SSPS","Middle East",2061,420.741946896306
"Ambitious-Baseline-Baseline-Baseline-Enhanced SSPS","Middle East",2062,431.108913350002
"Ambitious-Baseline-Baseline-Baseline-Enhanced SSPS","Middle East",2063,440.423459348923
"Ambitious-Baseline-Baseline-Baseline-Enhanced SSPS","Middle East",2064,448.81418004157
"Ambitious-Baseline-Baseline-Baseline-Enhanced SSPS","Middle East",2065,456.399073178468
"Ambitious-Baseline-Baseline-Baseline-Enhanced SSPS","Middle East",2066,463.27963314215
"Ambitious-Baseline-Baseline-Baseline-Enhanced SSPS","Middle East",2067,469.560572563646
"Ambitious-Baseline-Baseline-Baseline-Enhanced SSPS","Middle East",2068,475.355873158063
"Ambitious-Baseline-Baseline-Baseline-Enhanced SSPS","Middle East",2069,480.756030341342
"Ambitious-Baseline-Baseline-Baseline-Enhanced SSPS","Middle East",2070,485.850817371441
"Ambitious-Baseline-Baseline-Baseline-Enhanced SSPS","Other Asia Pacific",2023,0.0308872605249458
"Ambitious-Baseline-Baseline-Baseline-Enhanced SSPS","Other Asia Pacific",2024,0.0410310696692757
"Ambitious-Baseline-Baseline-Baseline-Enhanced SSPS","Other Asia Pacific",2025,0.0943579112329466
"Ambitious-Baseline-Baseline-Baseline-Enhanced SSPS","Other Asia Pacific",2026,0.110962601429245
"Ambitious-Baseline-Baseline-Baseline-Enhanced SSPS","Other Asia Pacific",2027,0.177679542810326
"Ambitious-Baseline-Baseline-Baseline-Enhanced SSPS","Other Asia Pacific",2028,0.316878440909214
"Ambitious-Baseline-Baseline-Baseline-Enhanced SSPS","Other Asia Pacific",2029,0.575688966016171
"Ambitious-Baseline-Baseline-Baseline-Enhanced SSPS","Other Asia Pacific",2030,1.06298175450969
"Ambitious-Baseline-Baseline-Baseline-Enhanced SSPS","Other Asia Pacific",2031,2.00213333485076
"Ambitious-Baseline-Baseline-Baseline-Enhanced SSPS","Other Asia Pacific",2032,2.90969585406115
"Ambitious-Baseline-Baseline-Baseline-Enhanced SSPS","Other Asia Pacific",2033,4.16947255803127
"Ambitious-Baseline-Baseline-Baseline-Enhanced SSPS","Other Asia Pacific",2034,5.89124074765382
"Ambitious-Baseline-Baseline-Baseline-Enhanced SSPS","Other Asia Pacific",2035,8.12530409658181
"Ambitious-Baseline-Baseline-Baseline-Enhanced SSPS","Other Asia Pacific",2036,11.0028472140753
"Ambitious-Baseline-Baseline-Baseline-Enhanced SSPS","Other Asia Pacific",2037,14.4874076593355
"Ambitious-Baseline-Baseline-Baseline-Enhanced SSPS","Other Asia Pacific",2038,18.665060183521
"Ambitious-Baseline-Baseline-Baseline-Enhanced SSPS","Other Asia Pacific",2039,23.5439149809214
"Ambitious-Baseline-Baseline-Baseline-Enhanced SSPS","Other Asia Pacific",2040,29.1109758931345
"Ambitious-Baseline-Baseline-Baseline-Enhanced SSPS","Other Asia Pacific",2041,35.4838836335602
"Ambitious-Baseline-Baseline-Baseline-Enhanced SSPS","Other Asia Pacific",2042,42.3499363200359
"Ambitious-Baseline-Baseline-Baseline-Enhanced SSPS","Other Asia Pacific",2043,50.0017771098413
"Ambitious-Baseline-Baseline-Baseline-Enhanced SSPS","Other Asia Pacific",2044,58.4181852314842
"Ambitious-Baseline-Baseline-Baseline-Enhanced SSPS","Other Asia Pacific",2045,67.5155285605381
"Ambitious-Baseline-Baseline-Baseline-Enhanced SSPS","Other Asia Pacific",2046,80.0488895280307
"Ambitious-Baseline-Baseline-Baseline-Enhanced SSPS","Other Asia Pacific",2047,91.3981324682229
"Ambitious-Baseline-Baseline-Baseline-Enhanced SSPS","Other Asia Pacific",2048,103.489359649116
"Ambitious-Baseline-Baseline-Baseline-Enhanced SSPS","Other Asia Pacific",2049,115.977622142941
"Ambitious-Baseline-Baseline-Baseline-Enhanced SSPS","Other Asia Pacific",2050,128.69849210543
"Ambitious-Baseline-Baseline-Baseline-Enhanced SSPS","Other Asia Pacific",2051,141.548945907425
"Ambitious-Baseline-Baseline-Baseline-Enhanced SSPS","Other Asia Pacific",2052,154.618824623649
"Ambitious-Baseline-Baseline-Baseline-Enhanced SSPS","Other Asia Pacific",2053,167.621969317397
"Ambitious-Baseline-Baseline-Baseline-Enhanced SSPS","Other Asia Pacific",2054,180.442125716496
"Ambitious-Baseline-Baseline-Baseline-Enhanced SSPS","Other Asia Pacific",2055,193.014088886759
"Ambitious-Baseline-Baseline-Baseline-Enhanced SSPS","Other Asia Pacific",2056,205.25336854018
"Ambitious-Baseline-Baseline-Baseline-Enhanced SSPS","Other Asia Pacific",2057,216.983232042057
"Ambitious-Baseline-Baseline-Baseline-Enhanced SSPS","Other Asia Pacific",2058,228.101679751261
"Ambitious-Baseline-Baseline-Baseline-Enhanced SSPS","Other Asia Pacific",2059,238.569526808246
"Ambitious-Baseline-Baseline-Baseline-Enhanced SSPS","Other Asia Pacific",2060,248.356563746903
"Ambitious-Baseline-Baseline-Baseline-Enhanced SSPS","Other Asia Pacific",2061,257.483039984819
"Ambitious-Baseline-Baseline-Baseline-Enhanced SSPS","Other Asia Pacific",2062,265.999268299655
"Ambitious-Baseline-Baseline-Baseline-Enhanced SSPS","Other Asia Pacific",2063,273.841611534916
"Ambitious-Baseline-Baseline-Baseline-Enhanced SSPS","Other Asia Pacific",2064,281.023195856547
"Ambitious-Baseline-Baseline-Baseline-Enhanced SSPS","Other Asia Pacific",2065,287.556087558006
"Ambitious-Baseline-Baseline-Baseline-Enhanced SSPS","Other Asia Pacific",2066,293.456387283707
"Ambitious-Baseline-Baseline-Baseline-Enhanced SSPS","Other Asia Pacific",2067,298.776543474646
"Ambitious-Baseline-Baseline-Baseline-Enhanced SSPS","Other Asia Pacific",2068,303.583476878862
"Ambitious-Baseline-Baseline-Baseline-Enhanced SSPS","Other Asia Pacific",2069,307.965288731213
"Ambitious-Baseline-Baseline-Baseline-Enhanced SSPS","Other Asia Pacific",2070,312.002568772282
"Ambitious-Baseline-Baseline-Baseline-Enhanced SSPS","Other Europe",2023,0.0866588836351154
"Ambitious-Baseline-Baseline-Baseline-Enhanced SSPS","Other Europe",2024,0.161083196400986
"Ambitious-Baseline-Baseline-Baseline-Enhanced SSPS","Other Europe",2025,0.202557549572936
"Ambitious-Baseline-Baseline-Baseline-Enhanced SSPS","Other Europe",2026,0.269363366718422
"Ambitious-Baseline-Baseline-Baseline-Enhanced SSPS","Other Europe",2027,0.385993727523465
"Ambitious-Baseline-Baseline-Baseline-Enhanced SSPS","Other Europe",2028,0.642981627620526
"Ambitious-Baseline-Baseline-Baseline-Enhanced SSPS","Other Europe",2029,1.093653216679
"Ambitious-Baseline-Baseline-Baseline-Enhanced SSPS","Other Europe",2030,1.90198572834549
"Ambitious-Baseline-Baseline-Baseline-Enhanced SSPS","Other Europe",2031,3.39667335409351
"Ambitious-Baseline-Baseline-Baseline-Enhanced SSPS","Other Europe",2032,4.73766806427701
"Ambitious-Baseline-Baseline-Baseline-Enhanced SSPS","Other Europe",2033,6.52866919794148
"Ambitious-Baseline-Baseline-Baseline-Enhanced SSPS","Other Europe",2034,8.89397646506911
"Ambitious-Baseline-Baseline-Baseline-Enhanced SSPS","Other Europe",2035,12.1532628093657
"Ambitious-Baseline-Baseline-Baseline-Enhanced SSPS","Other Europe",2036,16.0197988888136
"Ambitious-Baseline-Baseline-Baseline-Enhanced SSPS","Other Europe",2037,20.5729335050991
"Ambitious-Baseline-Baseline-Baseline-Enhanced SSPS","Other Europe",2038,25.7683605213128
"Ambitious-Baseline-Baseline-Baseline-Enhanced SSPS","Other Europe",2039,31.6081632092692
"Ambitious-Baseline-Baseline-Baseline-Enhanced SSPS","Other Europe",2040,38.0427068834718
"Ambitious-Baseline-Baseline-Baseline-Enhanced SSPS","Other Europe",2041,45.1498209172304
"Ambitious-Baseline-Baseline-Baseline-Enhanced SSPS","Other Europe",2042,52.6738375402297
"Ambitious-Baseline-Baseline-Baseline-Enhanced SSPS","Other Europe",2043,60.9254603744292
"Ambitious-Baseline-Baseline-Baseline-Enhanced SSPS","Other Europe",2044,69.9158584753124
"Ambitious-Baseline-Baseline-Baseline-Enhanced SSPS","Other Europe",2045,79.6944043632177
"Ambitious-Baseline-Baseline-Baseline-Enhanced SSPS","Other Europe",2046,90.1875410344201
"Ambitious-Baseline-Baseline-Baseline-Enhanced SSPS","Other Europe",2047,100.967143939493
"Ambitious-Baseline-Baseline-Baseline-Enhanced SSPS","Other Europe",2048,111.847035619197
"Ambitious-Baseline-Baseline-Baseline-Enhanced SSPS","Other Europe",2049,122.646465532862
"Ambitious-Baseline-Baseline-Baseline-Enhanced SSPS","Other Europe",2050,133.222265037753
"Ambitious-Baseline-Baseline-Baseline-Enhanced SSPS","Other Europe",2051,143.46847122718
"Ambitious-Baseline-Baseline-Baseline-Enhanced SSPS","Other Europe",2052,154.004933154708
"Ambitious-Baseline-Baseline-Baseline-Enhanced SSPS","Other Europe",2053,164.891730912297
"Ambitious-Baseline-Baseline-Baseline-Enhanced SSPS","Other Europe",2054,175.112021907773
"Ambitious-Baseline-Baseline-Baseline-Enhanced SSPS","Other Europe",2055,184.589015115085
"Ambitious-Baseline-Baseline-Baseline-Enhanced SSPS","Other Europe",2056,193.252617160683
"Ambitious-Baseline-Baseline-Baseline-Enhanced SSPS","Other Europe",2057,201.07521607622
"Ambitious-Baseline-Baseline-Baseline-Enhanced SSPS","Other Europe",2058,208.0310232554
"Ambitious-Baseline-Baseline-Baseline-Enhanced SSPS","Other Europe",2059,214.161680529331
"Ambitious-Baseline-Baseline-Baseline-Enhanced SSPS","Other Europe",2060,219.491824152759
"Ambitious-Baseline-Baseline-Baseline-Enhanced SSPS","Other Europe",2061,224.089035739876
"Ambitious-Baseline-Baseline-Baseline-Enhanced SSPS","Other Europe",2062,228.035300751492
"Ambitious-Baseline-Baseline-Baseline-Enhanced SSPS","Other Europe",2063,231.391645018172
"Ambitious-Baseline-Baseline-Baseline-Enhanced SSPS","Other Europe",2064,234.233527717999
"Ambitious-Baseline-Baseline-Baseline-Enhanced SSPS","Other Europe",2065,236.612353115915
"Ambitious-Baseline-Baseline-Baseline-Enhanced SSPS","Other Europe",2066,238.590661783861
"Ambitious-Baseline-Baseline-Baseline-Enhanced SSPS","Other Europe",2067,240.22622948616
"Ambitious-Baseline-Baseline-Baseline-Enhanced SSPS","Other Europe",2068,241.590007077578
"Ambitious-Baseline-Baseline-Baseline-Enhanced SSPS","Other Europe",2069,242.737817151961
"Ambitious-Baseline-Baseline-Baseline-Enhanced SSPS","Other Europe",2070,243.719970347168
"Ambitious-Baseline-Baseline-Baseline-Enhanced SSPS","Other Latin America and Caribbean",2023,0.226672423786665
"Ambitious-Baseline-Baseline-Baseline-Enhanced SSPS","Other Latin America and Caribbean",2024,0.400977857291552
"Ambitious-Baseline-Baseline-Baseline-Enhanced SSPS","Other Latin America and Caribbean",2025,0.678331497236661
"Ambitious-Baseline-Baseline-Baseline-Enhanced SSPS","Other Latin America and Caribbean",2026,1.02260952276746
"Ambitious-Baseline-Baseline-Baseline-Enhanced SSPS","Other Latin America and Caribbean",2027,1.56330027002092
"Ambitious-Baseline-Baseline-Baseline-Enhanced SSPS","Other Latin America and Caribbean",2028,2.38899262345397
"Ambitious-Baseline-Baseline-Baseline-Enhanced SSPS","Other Latin America and Caribbean",2029,3.67952945142921
"Ambitious-Baseline-Baseline-Baseline-Enhanced SSPS","Other Latin America and Caribbean",2030,5.55303436884455
"Ambitious-Baseline-Baseline-Baseline-Enhanced SSPS","Other Latin America and Caribbean",2031,8.50193411928509
"Ambitious-Baseline-Baseline-Baseline-Enhanced SSPS","Other Latin America and Caribbean",2032,11.3802242388267
"Ambitious-Baseline-Baseline-Baseline-Enhanced SSPS","Other Latin America and Caribbean",2033,15.0285928808569
"Ambitious-Baseline-Baseline-Baseline-Enhanced SSPS","Other Latin America and Caribbean",2034,19.7061648191718
"Ambitious-Baseline-Baseline-Baseline-Enhanced SSPS","Other Latin America and Caribbean",2035,25.3539742913995
"Ambitious-Baseline-Baseline-Baseline-Enhanced SSPS","Other Latin America and Caribbean",2036,32.4448251223436
"Ambitious-Baseline-Baseline-Baseline-Enhanced SSPS","Other Latin America and Caribbean",2037,40.6162704463961
"Ambitious-Baseline-Baseline-Baseline-Enhanced SSPS","Other Latin America and Caribbean",2038,50.4797361087848
"Ambitious-Baseline-Baseline-Baseline-Enhanced SSPS","Other Latin America and Caribbean",2039,62.0206315801464
"Ambitious-Baseline-Baseline-Baseline-Enhanced SSPS","Other Latin America and Caribbean",2040,75.3084470393691
"Ambitious-Baseline-Baseline-Baseline-Enhanced SSPS","Other Latin America and Caribbean",2041,90.7192491463543
"Ambitious-Baseline-Baseline-Baseline-Enhanced SSPS","Other Latin America and Caribbean",2042,107.884778577675
"Ambitious-Baseline-Baseline-Baseline-Enhanced SSPS","Other Latin America and Caribbean",2043,127.253597116742
"Ambitious-Baseline-Baseline-Baseline-Enhanced SSPS","Other Latin America and Caribbean",2044,148.930053155053
"Ambitious-Baseline-Baseline-Baseline-Enhanced SSPS","Other Latin America and Caribbean",2045,172.665991489291
"Ambitious-Baseline-Baseline-Baseline-Enhanced SSPS","Other Latin America and Caribbean",2046,198.035555837556
"Ambitious-Baseline-Baseline-Baseline-Enhanced SSPS","Other Latin America and Caribbean",2047,224.489371312122
"Ambitious-Baseline-Baseline-Baseline-Enhanced SSPS","Other Latin America and Caribbean",2048,251.536510601743
"Ambitious-Baseline-Baseline-Baseline-Enhanced SSPS","Other Latin America and Caribbean",2049,278.673861155012
"Ambitious-Baseline-Baseline-Baseline-Enhanced SSPS","Other Latin America and Caribbean",2050,305.459467948296
"Ambitious-Baseline-Baseline-Baseline-Enhanced SSPS","Other Latin America and Caribbean",2051,331.544950051301
"Ambitious-Baseline-Baseline-Baseline-Enhanced SSPS","Other Latin America and Caribbean",2052,356.975159689973
"Ambitious-Baseline-Baseline-Baseline-Enhanced SSPS","Other Latin America and Caribbean",2053,381.195419534466
"Ambitious-Baseline-Baseline-Baseline-Enhanced SSPS","Other Latin America and Caribbean",2054,404.034317648424
"Ambitious-Baseline-Baseline-Baseline-Enhanced SSPS","Other Latin America and Caribbean",2055,425.358303320101
"Ambitious-Baseline-Baseline-Baseline-Enhanced SSPS","Other Latin America and Caribbean",2056,445.066412798028
"Ambitious-Baseline-Baseline-Baseline-Enhanced SSPS","Other Latin America and Caribbean",2057,463.128119932474
"Ambitious-Baseline-Baseline-Baseline-Enhanced SSPS","Other Latin America and Caribbean",2058,479.495838394877
"Ambitious-Baseline-Baseline-Baseline-Enhanced SSPS","Other Latin America and Caribbean",2059,494.190880295386
"Ambitious-Baseline-Baseline-Baseline-Enhanced SSPS","Other Latin America and Caribbean",2060,507.26095655634
"Ambitious-Baseline-Baseline-Baseline-Enhanced SSPS","Other Latin America and Caribbean",2061,518.797756393255
"Ambitious-Baseline-Baseline-Baseline-Enhanced SSPS","Other Latin America and Caribbean",2062,528.92779381484
"Ambitious-Baseline-Baseline-Baseline-Enhanced SSPS","Other Latin America and Caribbean",2063,537.774957630163
"Ambitious-Baseline-Baseline-Baseline-Enhanced SSPS","Other Latin America and Caribbean",2064,545.475531703101
"Ambitious-Baseline-Baseline-Baseline-Enhanced SSPS","Other Latin America and Caribbean",2065,552.156077150383
"Ambitious-Baseline-Baseline-Baseline-Enhanced SSPS","Other Latin America and Caribbean",2066,557.960093990508
"Ambitious-Baseline-Baseline-Baseline-Enhanced SSPS","Other Latin America and Caribbean",2067,563.022682095909
"Ambitious-Baseline-Baseline-Baseline-Enhanced SSPS","Other Latin America and Caribbean",2068,567.487837063405
"Ambitious-Baseline-Baseline-Baseline-Enhanced SSPS","Other Latin America and Caribbean",2069,571.482506517705
"Ambitious-Baseline-Baseline-Baseline-Enhanced SSPS","Other Latin America and Caribbean",2070,575.114833429903
"Ambitious-Baseline-Baseline-Baseline-Enhanced SSPS","South Korea",2023,0.150765470077872
"Ambitious-Baseline-Baseline-Baseline-Enhanced SSPS","South Korea",2024,0.196273691259065
"Ambitious-Baseline-Baseline-Baseline-Enhanced SSPS","South Korea",2025,0.367973827281999
"Ambitious-Baseline-Baseline-Baseline-Enhanced SSPS","South Korea",2026,0.743554629568022
"Ambitious-Baseline-Baseline-Baseline-Enhanced SSPS","South Korea",2027,0.961930789139655
"Ambitious-Baseline-Baseline-Baseline-Enhanced SSPS","South Korea",2028,1.24052308715808
"Ambitious-Baseline-Baseline-Baseline-Enhanced SSPS","South Korea",2029,1.63687962846452
"Ambitious-Baseline-Baseline-Baseline-Enhanced SSPS","South Korea",2030,2.28694769332671
"Ambitious-Baseline-Baseline-Baseline-Enhanced SSPS","South Korea",2031,3.32164900146131
"Ambitious-Baseline-Baseline-Baseline-Enhanced SSPS","South Korea",2032,4.22672822898194
"Ambitious-Baseline-Baseline-Baseline-Enhanced SSPS","South Korea",2033,5.444947336464
"Ambitious-Baseline-Baseline-Baseline-Enhanced SSPS","South Korea",2034,7.06034928727337
"Ambitious-Baseline-Baseline-Baseline-Enhanced SSPS","South Korea",2035,9.18826704865173
"Ambitious-Baseline-Baseline-Baseline-Enhanced SSPS","South Korea",2036,11.7024620250724
"Ambitious-Baseline-Baseline-Baseline-Enhanced SSPS","South Korea",2037,14.6921111514899
"Ambitious-Baseline-Baseline-Baseline-Enhanced SSPS","South Korea",2038,18.0189206205592
"Ambitious-Baseline-Baseline-Baseline-Enhanced SSPS","South Korea",2039,21.8407742702834
"Ambitious-Baseline-Baseline-Baseline-Enhanced SSPS","South Korea",2040,25.8913805041386
"Ambitious-Baseline-Baseline-Baseline-Enhanced SSPS","South Korea",2041,29.5355627771727
"Ambitious-Baseline-Baseline-Baseline-Enhanced SSPS","South Korea",2042,33.6067281648824
"Ambitious-Baseline-Baseline-Baseline-Enhanced SSPS","South Korea",2043,37.6014048894826
"Ambitious-Baseline-Baseline-Baseline-Enhanced SSPS","South Korea",2044,41.4844027294845
"Ambitious-Baseline-Baseline-Baseline-Enhanced SSPS","South Korea",2045,45.2083781384463
"Ambitious-Baseline-Baseline-Baseline-Enhanced SSPS","South Korea",2046,50.9260962644128
"Ambitious-Baseline-Baseline-Baseline-Enhanced SSPS","South Korea",2047,54.9090913733649
"Ambitious-Baseline-Baseline-Baseline-Enhanced SSPS","South Korea",2048,58.4797681826791
"Ambitious-Baseline-Baseline-Baseline-Enhanced SSPS","South Korea",2049,61.5911060138882
"Ambitious-Baseline-Baseline-Baseline-Enhanced SSPS","South Korea",2050,64.2069298984676
"Ambitious-Baseline-Baseline-Baseline-Enhanced SSPS","South Korea",2051,66.3209306012497
"Ambitious-Baseline-Baseline-Baseline-Enhanced SSPS","South Korea",2052,68.5857735899834
"Ambitious-Baseline-Baseline-Baseline-Enhanced SSPS","South Korea",2053,70.4493395062006
"Ambitious-Baseline-Baseline-Baseline-Enhanced SSPS","South Korea",2054,71.9383408099316
"Ambitious-Baseline-Baseline-Baseline-Enhanced SSPS","South Korea",2055,73.0810177667511
"Ambitious-Baseline-Baseline-Baseline-Enhanced SSPS","South Korea",2056,73.9037840661096
"Ambitious-Baseline-Baseline-Baseline-Enhanced SSPS","South Korea",2057,74.439084577892
"Ambitious-Baseline-Baseline-Baseline-Enhanced SSPS","South Korea",2058,74.7333640021198
"Ambitious-Baseline-Baseline-Baseline-Enhanced SSPS","South Korea",2059,74.8325375182318
"Ambitious-Baseline-Baseline-Baseline-Enhanced SSPS","South Korea",2060,74.7710392398558
"Ambitious-Baseline-Baseline-Baseline-Enhanced SSPS","South Korea",2061,74.5981603771441
"Ambitious-Baseline-Baseline-Baseline-Enhanced SSPS","South Korea",2062,74.3456118447692
"Ambitious-Baseline-Baseline-Baseline-Enhanced SSPS","South Korea",2063,74.0559627512295
"Ambitious-Baseline-Baseline-Baseline-Enhanced SSPS","South Korea",2064,73.7570703139567
"Ambitious-Baseline-Baseline-Baseline-Enhanced SSPS","South Korea",2065,73.4629401426168
"Ambitious-Baseline-Baseline-Baseline-Enhanced SSPS","South Korea",2066,73.1887531341549
"Ambitious-Baseline-Baseline-Baseline-Enhanced SSPS","South Korea",2067,72.937285291828
"Ambitious-Baseline-Baseline-Baseline-Enhanced SSPS","South Korea",2068,72.71335160467
"Ambitious-Baseline-Baseline-Baseline-Enhanced SSPS","South Korea",2069,72.5174902362532
"Ambitious-Baseline-Baseline-Baseline-Enhanced SSPS","South Korea",2070,72.3446405141278
"Ambitious-Baseline-Baseline-Baseline-Enhanced SSPS","United Kingdom",2023,0.370505258181841
"Ambitious-Baseline-Baseline-Baseline-Enhanced SSPS","United Kingdom",2024,0.524752686673838
"Ambitious-Baseline-Baseline-Baseline-Enhanced SSPS","United Kingdom",2025,0.638934586431172
"Ambitious-Baseline-Baseline-Baseline-Enhanced SSPS","United Kingdom",2026,0.900690907836475
"Ambitious-Baseline-Baseline-Baseline-Enhanced SSPS","United Kingdom",2027,1.23362559622152
"Ambitious-Baseline-Baseline-Baseline-Enhanced SSPS","United Kingdom",2028,1.69887090076347
"Ambitious-Baseline-Baseline-Baseline-Enhanced SSPS","United Kingdom",2029,2.32992375725467
"Ambitious-Baseline-Baseline-Baseline-Enhanced SSPS","United Kingdom",2030,3.29112833507942
"Ambitious-Baseline-Baseline-Baseline-Enhanced SSPS","United Kingdom",2031,4.54474481336557
"Ambitious-Baseline-Baseline-Baseline-Enhanced SSPS","United Kingdom",2032,5.39547688781148
"Ambitious-Baseline-Baseline-Baseline-Enhanced SSPS","United Kingdom",2033,6.60725025866338
"Ambitious-Baseline-Baseline-Baseline-Enhanced SSPS","United Kingdom",2034,8.21826193093025
"Ambitious-Baseline-Baseline-Baseline-Enhanced SSPS","United Kingdom",2035,10.2916809849415
"Ambitious-Baseline-Baseline-Baseline-Enhanced SSPS","United Kingdom",2036,12.8709813022286
"Ambitious-Baseline-Baseline-Baseline-Enhanced SSPS","United Kingdom",2037,15.993099746386
"Ambitious-Baseline-Baseline-Baseline-Enhanced SSPS","United Kingdom",2038,19.6780441243779
"Ambitious-Baseline-Baseline-Baseline-Enhanced SSPS","United Kingdom",2039,23.9399118649959
"Ambitious-Baseline-Baseline-Baseline-Enhanced SSPS","United Kingdom",2040,28.789570072069
"Ambitious-Baseline-Baseline-Baseline-Enhanced SSPS","United Kingdom",2041,38.7084779060858
"Ambitious-Baseline-Baseline-Baseline-Enhanced SSPS","United Kingdom",2042,46.3521271051656
"Ambitious-Baseline-Baseline-Baseline-Enhanced SSPS","United Kingdom",2043,54.4198746644212
"Ambitious-Baseline-Baseline-Baseline-Enhanced SSPS","United Kingdom",2044,62.2945139953636
"Ambitious-Baseline-Baseline-Baseline-Enhanced SSPS","United Kingdom",2045,70.2536265911666
"Ambitious-Baseline-Baseline-Baseline-Enhanced SSPS","United Kingdom",2046,77.6103611813983
"Ambitious-Baseline-Baseline-Baseline-Enhanced SSPS","United Kingdom",2047,84.1456291565734
"Ambitious-Baseline-Baseline-Baseline-Enhanced SSPS","United Kingdom",2048,89.7792433287588
"Ambitious-Baseline-Baseline-Baseline-Enhanced SSPS","United Kingdom",2049,94.5479440278126
"Ambitious-Baseline-Baseline-Baseline-Enhanced SSPS","United Kingdom",2050,98.5539916043597
"Ambitious-Baseline-Baseline-Baseline-Enhanced SSPS","United Kingdom",2051,101.925161379394
"Ambitious-Baseline-Baseline-Baseline-Enhanced SSPS","United Kingdom",2052,105.051616096983
"Ambitious-Baseline-Baseline-Baseline-Enhanced SSPS","United Kingdom",2053,107.841573352861
"Ambitious-Baseline-Baseline-Baseline-Enhanced SSPS","United Kingdom",2054,110.378398566132
"Ambitious-Baseline-Baseline-Baseline-Enhanced SSPS","United Kingdom",2055,112.698909151212
"Ambitious-Baseline-Baseline-Baseline-Enhanced SSPS","United Kingdom",2056,114.825543729736
"Ambitious-Baseline-Baseline-Baseline-Enhanced SSPS","United Kingdom",2057,116.747436874187
"Ambitious-Baseline-Baseline-Baseline-Enhanced SSPS","United Kingdom",2058,118.468225547684
"Ambitious-Baseline-Baseline-Baseline-Enhanced SSPS","United Kingdom",2059,119.998737179934
"Ambitious-Baseline-Baseline-Baseline-Enhanced SSPS","United Kingdom",2060,121.364567355112
"Ambitious-Baseline-Baseline-Baseline-Enhanced SSPS","United Kingdom",2061,122.628994725026
"Ambitious-Baseline-Baseline-Baseline-Enhanced SSPS","United Kingdom",2062,123.803838747335
"Ambitious-Baseline-Baseline-Baseline-Enhanced SSPS","United Kingdom",2063,124.948382678519
"Ambitious-Baseline-Baseline-Baseline-Enhanced SSPS","United Kingdom",2064,126.085200338921
"Ambitious-Baseline-Baseline-Baseline-Enhanced SSPS","United Kingdom",2065,127.21828352507
"Ambitious-Baseline-Baseline-Baseline-Enhanced SSPS","United Kingdom",2066,128.342597100044
"Ambitious-Baseline-Baseline-Baseline-Enhanced SSPS","United Kingdom",2067,129.445377407341
"Ambitious-Baseline-Baseline-Baseline-Enhanced SSPS","United Kingdom",2068,130.523330562313
"Ambitious-Baseline-Baseline-Baseline-Enhanced SSPS","United Kingdom",2069,131.573104627071
"Ambitious-Baseline-Baseline-Baseline-Enhanced SSPS","United Kingdom",2070,132.593380995748
"Ambitious-Baseline-Baseline-Baseline-Enhanced SSPS","United States",2023,1.13335818847995
"Ambitious-Baseline-Baseline-Baseline-Enhanced SSPS","United States",2024,1.40231595258715
"Ambitious-Baseline-Baseline-Baseline-Enhanced SSPS","United States",2025,2.53913536204016
"Ambitious-Baseline-Baseline-Baseline-Enhanced SSPS","United States",2026,4.16524056711167
"Ambitious-Baseline-Baseline-Baseline-Enhanced SSPS","United States",2027,6.43542082652019
"Ambitious-Baseline-Baseline-Baseline-Enhanced SSPS","United States",2028,9.1349391418425
"Ambitious-Baseline-Baseline-Baseline-Enhanced SSPS","United States",2029,13.3390454750132
"Ambitious-Baseline-Baseline-Baseline-Enhanced SSPS","United States",2030,17.1424388972654
"Ambitious-Baseline-Baseline-Baseline-Enhanced SSPS","United States",2031,23.6336141507253
"Ambitious-Baseline-Baseline-Baseline-Enhanced SSPS","United States",2032,29.8793086098663
"Ambitious-Baseline-Baseline-Baseline-Enhanced SSPS","United States",2033,37.9343130954944
"Ambitious-Baseline-Baseline-Baseline-Enhanced SSPS","United States",2034,48.3161336842845
"Ambitious-Baseline-Baseline-Baseline-Enhanced SSPS","United States",2035,60.8450506356215
"Ambitious-Baseline-Baseline-Baseline-Enhanced SSPS","United States",2036,75.0504128136598
"Ambitious-Baseline-Baseline-Baseline-Enhanced SSPS","United States",2037,91.3546658304831
"Ambitious-Baseline-Baseline-Baseline-Enhanced SSPS","United States",2038,111.512388717355
"Ambitious-Baseline-Baseline-Baseline-Enhanced SSPS","United States",2039,134.979665561295
"Ambitious-Baseline-Baseline-Baseline-Enhanced SSPS","United States",2040,161.552024770552
"Ambitious-Baseline-Baseline-Baseline-Enhanced SSPS","United States",2041,190.928141050666
"Ambitious-Baseline-Baseline-Baseline-Enhanced SSPS","United States",2042,224.835188999642
"Ambitious-Baseline-Baseline-Baseline-Enhanced SSPS","United States",2043,265.561779670078
"Ambitious-Baseline-Baseline-Baseline-Enhanced SSPS","United States",2044,307.645758046176
"Ambitious-Baseline-Baseline-Baseline-Enhanced SSPS","United States",2045,350.320234981305
"Ambitious-Baseline-Baseline-Baseline-Enhanced SSPS","United States",2046,392.618373765928
"Ambitious-Baseline-Baseline-Baseline-Enhanced SSPS","United States",2047,433.295501089327
"Ambitious-Baseline-Baseline-Baseline-Enhanced SSPS","United States",2048,471.78321196598
"Ambitious-Baseline-Baseline-Baseline-Enhanced SSPS","United States",2049,507.008445214672
"Ambitious-Baseline-Baseline-Baseline-Enhanced SSPS","United States",2050,538.404390244554
"Ambitious-Baseline-Baseline-Baseline-Enhanced SSPS","United States",2051,565.497294887281
"Ambitious-Baseline-Baseline-Baseline-Enhanced SSPS","United States",2052,591.43303391601
"Ambitious-Baseline-Baseline-Baseline-Enhanced SSPS","United States",2053,613.412215669456
"Ambitious-Baseline-Baseline-Baseline-Enhanced SSPS","United States",2054,631.953664239538
"Ambitious-Baseline-Baseline-Baseline-Enhanced SSPS","United States",2055,647.461533020989
"Ambitious-Baseline-Baseline-Baseline-Enhanced SSPS","United States",2056,660.40215541483
"Ambitious-Baseline-Baseline-Baseline-Enhanced SSPS","United States",2057,671.26081812583
"Ambitious-Baseline-Baseline-Baseline-Enhanced SSPS","United States",2058,680.193632561676
"Ambitious-Baseline-Baseline-Baseline-Enhanced SSPS","United States",2059,687.597498480954
"Ambitious-Baseline-Baseline-Baseline-Enhanced SSPS","United States",2060,693.61846102293
"Ambitious-Baseline-Baseline-Baseline-Enhanced SSPS","United States",2061,698.480013238498
"Ambitious-Baseline-Baseline-Baseline-Enhanced SSPS","United States",2062,702.435984013933
"Ambitious-Baseline-Baseline-Baseline-Enhanced SSPS","United States",2063,705.681767043174
"Ambitious-Baseline-Baseline-Baseline-Enhanced SSPS","United States",2064,708.305800308202
"Ambitious-Baseline-Baseline-Baseline-Enhanced SSPS","United States",2065,710.46382089407
"Ambitious-Baseline-Baseline-Baseline-Enhanced SSPS","United States",2066,712.261896654584
"Ambitious-Baseline-Baseline-Baseline-Enhanced SSPS","United States",2067,713.769776362282
"Ambitious-Baseline-Baseline-Baseline-Enhanced SSPS","United States",2068,715.114026772109
"Ambitious-Baseline-Baseline-Baseline-Enhanced SSPS","United States",2069,716.337163911604
"Ambitious-Baseline-Baseline-Baseline-Enhanced SSPS","United States",2070,717.444359978899
"Ambitious-Baseline-Baseline-Baseline-Enhanced recycling","ASEAN",2023,0.0732269346909619
"Ambitious-Baseline-Baseline-Baseline-Enhanced recycling","ASEAN",2024,0.138466490692245
"Ambitious-Baseline-Baseline-Baseline-Enhanced recycling","ASEAN",2025,0.231280877909563
"Ambitious-Baseline-Baseline-Baseline-Enhanced recycling","ASEAN",2026,0.387535302769372
"Ambitious-Baseline-Baseline-Baseline-Enhanced recycling","ASEAN",2027,0.677983610955827
"Ambitious-Baseline-Baseline-Baseline-Enhanced recycling","ASEAN",2028,1.21162600455243
"Ambitious-Baseline-Baseline-Baseline-Enhanced recycling","ASEAN",2029,2.19154514819324
"Ambitious-Baseline-Baseline-Baseline-Enhanced recycling","ASEAN",2030,3.90331334070923
"Ambitious-Baseline-Baseline-Baseline-Enhanced recycling","ASEAN",2031,7.07380849022087
"Ambitious-Baseline-Baseline-Baseline-Enhanced recycling","ASEAN",2032,9.87931894758103
"Ambitious-Baseline-Baseline-Baseline-Enhanced recycling","ASEAN",2033,13.56892321791
"Ambitious-Baseline-Baseline-Baseline-Enhanced recycling","ASEAN",2034,18.3963119720037
"Ambitious-Baseline-Baseline-Baseline-Enhanced recycling","ASEAN",2035,24.8356525153932
"Ambitious-Baseline-Baseline-Baseline-Enhanced recycling","ASEAN",2036,32.9971136445993
"Ambitious-Baseline-Baseline-Baseline-Enhanced recycling","ASEAN",2037,42.8426140335701
"Ambitious-Baseline-Baseline-Baseline-Enhanced recycling","ASEAN",2038,55.0338105681174
"Ambitious-Baseline-Baseline-Baseline-Enhanced recycling","ASEAN",2039,69.7380923335147
"Ambitious-Baseline-Baseline-Baseline-Enhanced recycling","ASEAN",2040,87.2742820073516
"Ambitious-Baseline-Baseline-Baseline-Enhanced recycling","ASEAN",2041,108.615173794288
"Ambitious-Baseline-Baseline-Baseline-Enhanced recycling","ASEAN",2042,132.469015343487
"Ambitious-Baseline-Baseline-Baseline-Enhanced recycling","ASEAN",2043,159.879879403796
"Ambitious-Baseline-Baseline-Baseline-Enhanced recycling","ASEAN",2044,190.737696027578
"Ambitious-Baseline-Baseline-Baseline-Enhanced recycling","ASEAN",2045,224.628505090419
"Ambitious-Baseline-Baseline-Baseline-Enhanced recycling","ASEAN",2046,260.89112337581
"Ambitious-Baseline-Baseline-Baseline-Enhanced recycling","ASEAN",2047,298.692070340999
"Ambitious-Baseline-Baseline-Baseline-Enhanced recycling","ASEAN",2048,338.221301820705
"Ambitious-Baseline-Baseline-Baseline-Enhanced recycling","ASEAN",2049,378.716097272464
"Ambitious-Baseline-Baseline-Baseline-Enhanced recycling","ASEAN",2050,420.089260303593
"Ambitious-Baseline-Baseline-Baseline-Enhanced recycling","ASEAN",2051,461.474993481279
"Ambitious-Baseline-Baseline-Baseline-Enhanced recycling","ASEAN",2052,503.348967557327
"Ambitious-Baseline-Baseline-Baseline-Enhanced recycling","ASEAN",2053,544.618867964871
"Ambitious-Baseline-Baseline-Baseline-Enhanced recycling","ASEAN",2054,584.973509695871
"Ambitious-Baseline-Baseline-Baseline-Enhanced recycling","ASEAN",2055,624.460044447384
"Ambitious-Baseline-Baseline-Baseline-Enhanced recycling","ASEAN",2056,662.812275056046
"Ambitious-Baseline-Baseline-Baseline-Enhanced recycling","ASEAN",2057,699.311487036924
"Ambitious-Baseline-Baseline-Baseline-Enhanced recycling","ASEAN",2058,733.651467796879
"Ambitious-Baseline-Baseline-Baseline-Enhanced recycling","ASEAN",2059,765.779607568498
"Ambitious-Baseline-Baseline-Baseline-Enhanced recycling","ASEAN",2060,795.51462997353
"Ambitious-Baseline-Baseline-Baseline-Enhanced recycling","ASEAN",2061,822.85947723271
"Ambitious-Baseline-Baseline-Baseline-Enhanced recycling","ASEAN",2062,847.893045974783
"Ambitious-Baseline-Baseline-Baseline-Enhanced recycling","ASEAN",2063,870.676776716548
"Ambitious-Baseline-Baseline-Baseline-Enhanced recycling","ASEAN",2064,891.510115293216
"Ambitious-Baseline-Baseline-Baseline-Enhanced recycling","ASEAN",2065,910.294874942416
"Ambitious-Baseline-Baseline-Baseline-Enhanced recycling","ASEAN",2066,927.166513015148
"Ambitious-Baseline-Baseline-Baseline-Enhanced recycling","ASEAN",2067,942.377129276536
"Ambitious-Baseline-Baseline-Baseline-Enhanced recycling","ASEAN",2068,956.168549455411
"Ambitious-Baseline-Baseline-Baseline-Enhanced recycling","ASEAN",2069,968.785271087223
"Ambitious-Baseline-Baseline-Baseline-Enhanced recycling","ASEAN",2070,980.49509768416
"Ambitious-Baseline-Baseline-Baseline-Enhanced recycling","Africa",2023,0.0426589132767048
"Ambitious-Baseline-Baseline-Baseline-Enhanced recycling","Africa",2024,0.0777626472465538
"Ambitious-Baseline-Baseline-Baseline-Enhanced recycling","Africa",2025,0.168279990702233
"Ambitious-Baseline-Baseline-Baseline-Enhanced recycling","Africa",2026,0.284592574838753
"Ambitious-Baseline-Baseline-Baseline-Enhanced recycling","Africa",2027,0.517432477043495
"Ambitious-Baseline-Baseline-Baseline-Enhanced recycling","Africa",2028,0.866075152585011
"Ambitious-Baseline-Baseline-Baseline-Enhanced recycling","Africa",2029,1.51364924103255
"Ambitious-Baseline-Baseline-Baseline-Enhanced recycling","Africa",2030,2.40872269300988
"Ambitious-Baseline-Baseline-Baseline-Enhanced recycling","Africa",2031,3.87060883330218
"Ambitious-Baseline-Baseline-Baseline-Enhanced recycling","Africa",2032,5.37571537312535
"Ambitious-Baseline-Baseline-Baseline-Enhanced recycling","Africa",2033,7.38183968026619
"Ambitious-Baseline-Baseline-Baseline-Enhanced recycling","Africa",2034,10.0012718281879
"Ambitious-Baseline-Baseline-Baseline-Enhanced recycling","Africa",2035,13.2288533732846
"Ambitious-Baseline-Baseline-Baseline-Enhanced recycling","Africa",2036,17.4691935950956
"Ambitious-Baseline-Baseline-Baseline-Enhanced recycling","Africa",2037,22.7345020412575
"Ambitious-Baseline-Baseline-Baseline-Enhanced recycling","Africa",2038,29.2336393295317
"Ambitious-Baseline-Baseline-Baseline-Enhanced recycling","Africa",2039,37.0962026086038
"Ambitious-Baseline-Baseline-Baseline-Enhanced recycling","Africa",2040,46.5295657176171
"Ambitious-Baseline-Baseline-Baseline-Enhanced recycling","Africa",2041,57.5489410434578
"Ambitious-Baseline-Baseline-Baseline-Enhanced recycling","Africa",2042,70.0827556637088
"Ambitious-Baseline-Baseline-Baseline-Enhanced recycling","Africa",2043,84.2814205401793
"Ambitious-Baseline-Baseline-Baseline-Enhanced recycling","Africa",2044,100.098513667685
"Ambitious-Baseline-Baseline-Baseline-Enhanced recycling","Africa",2045,117.34848899462
"Ambitious-Baseline-Baseline-Baseline-Enhanced recycling","Africa",2046,135.725860547636
"Ambitious-Baseline-Baseline-Baseline-Enhanced recycling","Africa",2047,154.377848444905
"Ambitious-Baseline-Baseline-Baseline-Enhanced recycling","Africa",2048,173.426595312151
"Ambitious-Baseline-Baseline-Baseline-Enhanced recycling","Africa",2049,192.664781969512
"Ambitious-Baseline-Baseline-Baseline-Enhanced recycling","Africa",2050,212.057609329728
"Ambitious-Baseline-Baseline-Baseline-Enhanced recycling","Africa",2051,231.421696365205
"Ambitious-Baseline-Baseline-Baseline-Enhanced recycling","Africa",2052,250.729827134037
"Ambitious-Baseline-Baseline-Baseline-Enhanced recycling","Africa",2053,269.827591750743
"Ambitious-Baseline-Baseline-Baseline-Enhanced recycling","Africa",2054,288.708386774548
"Ambitious-Baseline-Baseline-Baseline-Enhanced recycling","Africa",2055,307.328357806101
"Ambitious-Baseline-Baseline-Baseline-Enhanced recycling","Africa",2056,325.591860267447
"Ambitious-Baseline-Baseline-Baseline-Enhanced recycling","Africa",2057,343.462589443534
"Ambitious-Baseline-Baseline-Baseline-Enhanced recycling","Africa",2058,360.744905506711
"Ambitious-Baseline-Baseline-Baseline-Enhanced recycling","Africa",2059,377.315226038468
"Ambitious-Baseline-Baseline-Baseline-Enhanced recycling","Africa",2060,393.020620051515
"Ambitious-Baseline-Baseline-Baseline-Enhanced recycling","Africa",2061,407.757548733758
"Ambitious-Baseline-Baseline-Baseline-Enhanced recycling","Africa",2062,421.448602536418
"Ambitious-Baseline-Baseline-Baseline-Enhanced recycling","Africa",2063,433.993727836661
"Ambitious-Baseline-Baseline-Baseline-Enhanced recycling","Africa",2064,445.387808057531
"Ambitious-Baseline-Baseline-Baseline-Enhanced recycling","Africa",2065,455.623387164949
"Ambitious-Baseline-Baseline-Baseline-Enhanced recycling","Africa",2066,464.755608448095
"Ambitious-Baseline-Baseline-Baseline-Enhanced recycling","Africa",2067,472.889207526809
"Ambitious-Baseline-Baseline-Baseline-Enhanced recycling","Africa",2068,480.177246184602
"Ambitious-Baseline-Baseline-Baseline-Enhanced recycling","Africa",2069,486.762579664465
"Ambitious-Baseline-Baseline-Baseline-Enhanced recycling","Africa",2070,492.794442835884
"Ambitious-Baseline-Baseline-Baseline-Enhanced recycling","Australia/NZ",2023,0.0662409414232282
"Ambitious-Baseline-Baseline-Baseline-Enhanced recycling","Australia/NZ",2024,0.112594478712628
"Ambitious-Baseline-Baseline-Baseline-Enhanced recycling","Australia/NZ",2025,0.172441069128495
"Ambitious-Baseline-Baseline-Baseline-Enhanced recycling","Australia/NZ",2026,0.312071231511312
"Ambitious-Baseline-Baseline-Baseline-Enhanced recycling","Australia/NZ",2027,0.511476415286933
"Ambitious-Baseline-Baseline-Baseline-Enhanced recycling","Australia/NZ",2028,0.679495082372993
"Ambitious-Baseline-Baseline-Baseline-Enhanced recycling","Australia/NZ",2029,0.905511587467891
"Ambitious-Baseline-Baseline-Baseline-Enhanced recycling","Australia/NZ",2030,1.19885084799311
"Ambitious-Baseline-Baseline-Baseline-Enhanced recycling","Australia/NZ",2031,1.61482165084263
"Ambitious-Baseline-Baseline-Baseline-Enhanced recycling","Australia/NZ",2032,2.10692263455798
"Ambitious-Baseline-Baseline-Baseline-Enhanced recycling","Australia/NZ",2033,2.89404248488564
"Ambitious-Baseline-Baseline-Baseline-Enhanced recycling","Australia/NZ",2034,3.89735829393761
"Ambitious-Baseline-Baseline-Baseline-Enhanced recycling","Australia/NZ",2035,5.1806379392796
"Ambitious-Baseline-Baseline-Baseline-Enhanced recycling","Australia/NZ",2036,6.82008228908762
"Ambitious-Baseline-Baseline-Baseline-Enhanced recycling","Australia/NZ",2037,8.807158294405
"Ambitious-Baseline-Baseline-Baseline-Enhanced recycling","Australia/NZ",2038,11.0730735298728
"Ambitious-Baseline-Baseline-Baseline-Enhanced recycling","Australia/NZ",2039,13.7663324573617
"Ambitious-Baseline-Baseline-Baseline-Enhanced recycling","Australia/NZ",2040,16.8344106164135
"Ambitious-Baseline-Baseline-Baseline-Enhanced recycling","Australia/NZ",2041,20.2749142703624
"Ambitious-Baseline-Baseline-Baseline-Enhanced recycling","Australia/NZ",2042,24.0315119538849
"Ambitious-Baseline-Baseline-Baseline-Enhanced recycling","Australia/NZ",2043,28.1056688499517
"Ambitious-Baseline-Baseline-Baseline-Enhanced recycling","Australia/NZ",2044,32.5140886663349
"Ambitious-Baseline-Baseline-Baseline-Enhanced recycling","Australia/NZ",2045,37.2771767028839
"Ambitious-Baseline-Baseline-Baseline-Enhanced recycling","Australia/NZ",2046,42.4375628629402
"Ambitious-Baseline-Baseline-Baseline-Enhanced recycling","Australia/NZ",2047,47.7997876832817
"Ambitious-Baseline-Baseline-Baseline-Enhanced recycling","Australia/NZ",2048,53.3071434530188
"Ambitious-Baseline-Baseline-Baseline-Enhanced recycling","Australia/NZ",2049,58.4716462424731
"Ambitious-Baseline-Baseline-Baseline-Enhanced recycling","Australia/NZ",2050,64.0619277597524
"Ambitious-Baseline-Baseline-Baseline-Enhanced recycling","Australia/NZ",2051,69.2286304917906
"Ambitious-Baseline-Baseline-Baseline-Enhanced recycling","Australia/NZ",2052,74.153786498842
"Ambitious-Baseline-Baseline-Baseline-Enhanced recycling","Australia/NZ",2053,78.4781350321927
"Ambitious-Baseline-Baseline-Baseline-Enhanced recycling","Australia/NZ",2054,82.2307575112408
"Ambitious-Baseline-Baseline-Baseline-Enhanced recycling","Australia/NZ",2055,85.4642954112208
"Ambitious-Baseline-Baseline-Baseline-Enhanced recycling","Australia/NZ",2056,88.2480279008644
"Ambitious-Baseline-Baseline-Baseline-Enhanced recycling","Australia/NZ",2057,90.6621768097686
"Ambitious-Baseline-Baseline-Baseline-Enhanced recycling","Australia/NZ",2058,92.7587574703982
"Ambitious-Baseline-Baseline-Baseline-Enhanced recycling","Australia/NZ",2059,94.5586654548024
"Ambitious-Baseline-Baseline-Baseline-Enhanced recycling","Australia/NZ",2060,96.0793456252911
"Ambitious-Baseline-Baseline-Baseline-Enhanced recycling","Australia/NZ",2061,97.3151108457606
"Ambitious-Baseline-Baseline-Baseline-Enhanced recycling","Australia/NZ",2062,98.2746822023873
"Ambitious-Baseline-Baseline-Baseline-Enhanced recycling","Australia/NZ",2063,98.9770677813689
"Ambitious-Baseline-Baseline-Baseline-Enhanced recycling","Australia/NZ",2064,99.4510419886241
"Ambitious-Baseline-Baseline-Baseline-Enhanced recycling","Australia/NZ",2065,99.7383873237331
"Ambitious-Baseline-Baseline-Baseline-Enhanced recycling","Australia/NZ",2066,99.8953085714902
"Ambitious-Baseline-Baseline-Baseline-Enhanced recycling","Australia/NZ",2067,99.9671944497694
"Ambitious-Baseline-Baseline-Baseline-Enhanced recycling","Australia/NZ",2068,99.989152500206
"Ambitious-Baseline-Baseline-Baseline-Enhanced recycling","Australia/NZ",2069,99.9974202992808
"Ambitious-Baseline-Baseline-Baseline-Enhanced recycling","Australia/NZ",2070,100.004802302578
"Ambitious-Baseline-Baseline-Baseline-Enhanced recycling","Brazil",2023,0.0187412672822672
"Ambitious-Baseline-Baseline-Baseline-Enhanced recycling","Brazil",2024,0.0542476060002652
"Ambitious-Baseline-Baseline-Baseline-Enhanced recycling","Brazil",2025,0.0718646856155968
"Ambitious-Baseline-Baseline-Baseline-Enhanced recycling","Brazil",2026,0.208864465448954
"Ambitious-Baseline-Baseline-Baseline-Enhanced recycling","Brazil",2027,0.440407851709479
"Ambitious-Baseline-Baseline-Baseline-Enhanced recycling","Brazil",2028,0.670598616989851
"Ambitious-Baseline-Baseline-Baseline-Enhanced recycling","Brazil",2029,1.02805420735665
"Ambitious-Baseline-Baseline-Baseline-Enhanced recycling","Brazil",2030,1.53847584316639
"Ambitious-Baseline-Baseline-Baseline-Enhanced recycling","Brazil",2031,2.31457695867189
"Ambitious-Baseline-Baseline-Baseline-Enhanced recycling","Brazil",2032,3.18137871587628
"Ambitious-Baseline-Baseline-Baseline-Enhanced recycling","Brazil",2033,4.28994299652001
"Ambitious-Baseline-Baseline-Baseline-Enhanced recycling","Brazil",2034,5.71493693442975
"Ambitious-Baseline-Baseline-Baseline-Enhanced recycling","Brazil",2035,7.57061993957643
"Ambitious-Baseline-Baseline-Baseline-Enhanced recycling","Brazil",2036,9.95490846780787
"Ambitious-Baseline-Baseline-Baseline-Enhanced recycling","Brazil",2037,12.9928251658309
"Ambitious-Baseline-Baseline-Baseline-Enhanced recycling","Brazil",2038,16.7985755307184
"Ambitious-Baseline-Baseline-Baseline-Enhanced recycling","Brazil",2039,21.6772056171054
"Ambitious-Baseline-Baseline-Baseline-Enhanced recycling","Brazil",2040,27.2548294384782
"Ambitious-Baseline-Baseline-Baseline-Enhanced recycling","Brazil",2041,33.7918765710399
"Ambitious-Baseline-Baseline-Baseline-Enhanced recycling","Brazil",2042,41.0820236702466
"Ambitious-Baseline-Baseline-Baseline-Enhanced recycling","Brazil",2043,49.3436421518559
"Ambitious-Baseline-Baseline-Baseline-Enhanced recycling","Brazil",2044,58.5321038662794
"Ambitious-Baseline-Baseline-Baseline-Enhanced recycling","Brazil",2045,68.6004405120837
"Ambitious-Baseline-Baseline-Baseline-Enhanced recycling","Brazil",2046,79.2218567336841
"Ambitious-Baseline-Baseline-Baseline-Enhanced recycling","Brazil",2047,90.547266106722
"Ambitious-Baseline-Baseline-Baseline-Enhanced recycling","Brazil",2048,102.394242949581
"Ambitious-Baseline-Baseline-Baseline-Enhanced recycling","Brazil",2049,114.664038376267
"Ambitious-Baseline-Baseline-Baseline-Enhanced recycling","Brazil",2050,127.219462569393
"Ambitious-Baseline-Baseline-Baseline-Enhanced recycling","Brazil",2051,139.923547658716
"Ambitious-Baseline-Baseline-Baseline-Enhanced recycling","Brazil",2052,153.09736842203
"Ambitious-Baseline-Baseline-Baseline-Enhanced recycling","Brazil",2053,167.186569038185
"Ambitious-Baseline-Baseline-Baseline-Enhanced recycling","Brazil",2054,180.890954184138
"Ambitious-Baseline-Baseline-Baseline-Enhanced recycling","Brazil",2055,194.01287241373
"Ambitious-Baseline-Baseline-Baseline-Enhanced recycling","Brazil",2056,206.381415504906
"Ambitious-Baseline-Baseline-Baseline-Enhanced recycling","Brazil",2057,217.893915060851
"Ambitious-Baseline-Baseline-Baseline-Enhanced recycling","Brazil",2058,228.448716758714
"Ambitious-Baseline-Baseline-Baseline-Enhanced recycling","Brazil",2059,238.042040420545
"Ambitious-Baseline-Baseline-Baseline-Enhanced recycling","Brazil",2060,246.671408263919
"Ambitious-Baseline-Baseline-Baseline-Enhanced recycling","Brazil",2061,254.36920214201
"Ambitious-Baseline-Baseline-Baseline-Enhanced recycling","Brazil",2062,261.206828635686
"Ambitious-Baseline-Baseline-Baseline-Enhanced recycling","Brazil",2063,267.231399407949
"Ambitious-Baseline-Baseline-Baseline-Enhanced recycling","Brazil",2064,272.523244805796
"Ambitious-Baseline-Baseline-Baseline-Enhanced recycling","Brazil",2065,277.156036554941
"Ambitious-Baseline-Baseline-Baseline-Enhanced recycling","Brazil",2066,281.203704871511
"Ambitious-Baseline-Baseline-Baseline-Enhanced recycling","Brazil",2067,284.761567179529
"Ambitious-Baseline-Baseline-Baseline-Enhanced recycling","Brazil",2068,287.908113744965
"Ambitious-Baseline-Baseline-Baseline-Enhanced recycling","Brazil",2069,290.733233720448
"Ambitious-Baseline-Baseline-Baseline-Enhanced recycling","Brazil",2070,293.32058678285
"Ambitious-Baseline-Baseline-Baseline-Enhanced recycling","Canada",2023,0.123293698707762
"Ambitious-Baseline-Baseline-Baseline-Enhanced recycling","Canada",2024,0.154907932282442
"Ambitious-Baseline-Baseline-Baseline-Enhanced recycling","Canada",2025,0.240215589090919
"Ambitious-Baseline-Baseline-Baseline-Enhanced recycling","Canada",2026,0.382522312373805
"Ambitious-Baseline-Baseline-Baseline-Enhanced recycling","Canada",2027,0.603715307379583
"Ambitious-Baseline-Baseline-Baseline-Enhanced recycling","Canada",2028,0.946811711617658
"Ambitious-Baseline-Baseline-Baseline-Enhanced recycling","Canada",2029,1.4755549017677
"Ambitious-Baseline-Baseline-Baseline-Enhanced recycling","Canada",2030,2.28909825305242
"Ambitious-Baseline-Baseline-Baseline-Enhanced recycling","Canada",2031,3.54505102711977
"Ambitious-Baseline-Baseline-Baseline-Enhanced recycling","Canada",2032,4.49693087844706
"Ambitious-Baseline-Baseline-Baseline-Enhanced recycling","Canada",2033,5.71857792664365
"Ambitious-Baseline-Baseline-Baseline-Enhanced recycling","Canada",2034,7.28184659824529
"Ambitious-Baseline-Baseline-Baseline-Enhanced recycling","Canada",2035,9.31219899431436
"Ambitious-Baseline-Baseline-Baseline-Enhanced recycling","Canada",2036,11.6361149349051
"Ambitious-Baseline-Baseline-Baseline-Enhanced recycling","Canada",2037,14.8736711143698
"Ambitious-Baseline-Baseline-Baseline-Enhanced recycling","Canada",2038,18.5682570353246
"Ambitious-Baseline-Baseline-Baseline-Enhanced recycling","Canada",2039,23.0301073128158
"Ambitious-Baseline-Baseline-Baseline-Enhanced recycling","Canada",2040,28.2986035227345
"Ambitious-Baseline-Baseline-Baseline-Enhanced recycling","Canada",2041,34.4176791699354
"Ambitious-Baseline-Baseline-Baseline-Enhanced recycling","Canada",2042,41.4258458517901
"Ambitious-Baseline-Baseline-Baseline-Enhanced recycling","Canada",2043,49.0707755738376
"Ambitious-Baseline-Baseline-Baseline-Enhanced recycling","Canada",2044,57.1057274925469
"Ambitious-Baseline-Baseline-Baseline-Enhanced recycling","Canada",2045,65.220701772603
"Ambitious-Baseline-Baseline-Baseline-Enhanced recycling","Canada",2046,73.0947270822052
"Ambitious-Baseline-Baseline-Baseline-Enhanced recycling","Canada",2047,80.4279391261152
"Ambitious-Baseline-Baseline-Baseline-Enhanced recycling","Canada",2048,87.0481570496282
"Ambitious-Baseline-Baseline-Baseline-Enhanced recycling","Canada",2049,92.8806022321455
"Ambitious-Baseline-Baseline-Baseline-Enhanced recycling","Canada",2050,97.9007723837388
"Ambitious-Baseline-Baseline-Baseline-Enhanced recycling","Canada",2051,102.153530572858
"Ambitious-Baseline-Baseline-Baseline-Enhanced recycling","Canada",2052,105.71566745933
"Ambitious-Baseline-Baseline-Baseline-Enhanced recycling","Canada",2053,108.717808655597
"Ambitious-Baseline-Baseline-Baseline-Enhanced recycling","Canada",2054,111.27183396628
"Ambitious-Baseline-Baseline-Baseline-Enhanced recycling","Canada",2055,113.447848793478
"Ambitious-Baseline-Baseline-Baseline-Enhanced recycling","Canada",2056,115.294194216675
"Ambitious-Baseline-Baseline-Baseline-Enhanced recycling","Canada",2057,116.854908052606
"Ambitious-Baseline-Baseline-Baseline-Enhanced recycling","Canada",2058,118.149176866428
"Ambitious-Baseline-Baseline-Baseline-Enhanced recycling","Canada",2059,119.195060918488
"Ambitious-Baseline-Baseline-Baseline-Enhanced recycling","Canada",2060,120.025978215106
"Ambitious-Baseline-Baseline-Baseline-Enhanced recycling","Canada",2061,120.66941490982
"Ambitious-Baseline-Baseline-Baseline-Enhanced recycling","Canada",2062,121.168169327583
"Ambitious-Baseline-Baseline-Baseline-Enhanced recycling","Canada",2063,121.567032851512
"Ambitious-Baseline-Baseline-Baseline-Enhanced recycling","Canada",2064,121.898967513421
"Ambitious-Baseline-Baseline-Baseline-Enhanced recycling","Canada",2065,122.188969922147
"Ambitious-Baseline-Baseline-Baseline-Enhanced recycling","Canada",2066,122.458269734237
"Ambitious-Baseline-Baseline-Baseline-Enhanced recycling","Canada",2067,122.714177779508
"Ambitious-Baseline-Baseline-Baseline-Enhanced recycling","Canada",2068,122.963512831524
"Ambitious-Baseline-Baseline-Baseline-Enhanced recycling","Canada",2069,123.211543117215
"Ambitious-Baseline-Baseline-Baseline-Enhanced recycling","Canada",2070,123.448916875216
"Ambitious-Baseline-Baseline-Baseline-Enhanced recycling","China",2023,10.7887693074786
"Ambitious-Baseline-Baseline-Baseline-Enhanced recycling","China",2024,14.2857016570608
"Ambitious-Baseline-Baseline-Baseline-Enhanced recycling","China",2025,22.5695974793574
"Ambitious-Baseline-Baseline-Baseline-Enhanced recycling","China",2026,34.4410825419236
"Ambitious-Baseline-Baseline-Baseline-Enhanced recycling","China",2027,49.2484695447408
"Ambitious-Baseline-Baseline-Baseline-Enhanced recycling","China",2028,69.3099727336919
"Ambitious-Baseline-Baseline-Baseline-Enhanced recycling","China",2029,95.7039998295527
"Ambitious-Baseline-Baseline-Baseline-Enhanced recycling","China",2030,127.747550040984
"Ambitious-Baseline-Baseline-Baseline-Enhanced recycling","China",2031,168.967401089335
"Ambitious-Baseline-Baseline-Baseline-Enhanced recycling","China",2032,217.014716686055
"Ambitious-Baseline-Baseline-Baseline-Enhanced recycling","China",2033,273.866615905027
"Ambitious-Baseline-Baseline-Baseline-Enhanced recycling","China",2034,340.135443059268
"Ambitious-Baseline-Baseline-Baseline-Enhanced recycling","China",2035,415.413705465379
"Ambitious-Baseline-Baseline-Baseline-Enhanced recycling","China",2036,491.276475739553
"Ambitious-Baseline-Baseline-Baseline-Enhanced recycling","China",2037,580.49712648133
"Ambitious-Baseline-Baseline-Baseline-Enhanced recycling","China",2038,677.36001685058
"Ambitious-Baseline-Baseline-Baseline-Enhanced recycling","China",2039,781.003950506842
"Ambitious-Baseline-Baseline-Baseline-Enhanced recycling","China",2040,890.529125774658
"Ambitious-Baseline-Baseline-Baseline-Enhanced recycling","China",2041,1004.28394471782
"Ambitious-Baseline-Baseline-Baseline-Enhanced recycling","China",2042,1121.25261442262
"Ambitious-Baseline-Baseline-Baseline-Enhanced recycling","China",2043,1239.08132234141
"Ambitious-Baseline-Baseline-Baseline-Enhanced recycling","China",2044,1356.43342607649
"Ambitious-Baseline-Baseline-Baseline-Enhanced recycling","China",2045,1471.67031114713
"Ambitious-Baseline-Baseline-Baseline-Enhanced recycling","China",2046,1583.20020095101
"Ambitious-Baseline-Baseline-Baseline-Enhanced recycling","China",2047,1689.6917810744
"Ambitious-Baseline-Baseline-Baseline-Enhanced recycling","China",2048,1791.54066792153
"Ambitious-Baseline-Baseline-Baseline-Enhanced recycling","China",2049,1887.55173653633
"Ambitious-Baseline-Baseline-Baseline-Enhanced recycling","China",2050,1973.93576425285
"Ambitious-Baseline-Baseline-Baseline-Enhanced recycling","China",2051,2050.42027231589
"Ambitious-Baseline-Baseline-Baseline-Enhanced recycling","China",2052,2126.56538655241
"Ambitious-Baseline-Baseline-Baseline-Enhanced recycling","China",2053,2194.57393171753
"Ambitious-Baseline-Baseline-Baseline-Enhanced recycling","China",2054,2255.47289609002
"Ambitious-Baseline-Baseline-Baseline-Enhanced recycling","China",2055,2310.32763206321
"Ambitious-Baseline-Baseline-Baseline-Enhanced recycling","China",2056,2360.11656318725
"Ambitious-Baseline-Baseline-Baseline-Enhanced recycling","China",2057,2405.72915807143
"Ambitious-Baseline-Baseline-Baseline-Enhanced recycling","China",2058,2447.88270031275
"Ambitious-Baseline-Baseline-Baseline-Enhanced recycling","China",2059,2487.1739668925
"Ambitious-Baseline-Baseline-Baseline-Enhanced recycling","China",2060,2524.04726934509
"Ambitious-Baseline-Baseline-Baseline-Enhanced recycling","China",2061,2558.98950597048
"Ambitious-Baseline-Baseline-Baseline-Enhanced recycling","China",2062,2592.32601473321
"Ambitious-Baseline-Baseline-Baseline-Enhanced recycling","China",2063,2624.29867312361
"Ambitious-Baseline-Baseline-Baseline-Enhanced recycling","China",2064,2655.12603471117
"Ambitious-Baseline-Baseline-Baseline-Enhanced recycling","China",2065,2684.98863426093
"Ambitious-Baseline-Baseline-Baseline-Enhanced recycling","China",2066,2714.09962112151
"Ambitious-Baseline-Baseline-Baseline-Enhanced recycling","China",2067,2742.60730317154
"Ambitious-Baseline-Baseline-Baseline-Enhanced recycling","China",2068,2770.7727880685
"Ambitious-Baseline-Baseline-Baseline-Enhanced recycling","China",2069,2798.76334579444
"Ambitious-Baseline-Baseline-Baseline-Enhanced recycling","China",2070,2826.71036972592
"Ambitious-Baseline-Baseline-Baseline-Enhanced recycling","EFTA",2023,0.281370108163262
"Ambitious-Baseline-Baseline-Baseline-Enhanced recycling","EFTA",2024,0.371935067647735
"Ambitious-Baseline-Baseline-Baseline-Enhanced recycling","EFTA",2025,0.468053463271475
"Ambitious-Baseline-Baseline-Baseline-Enhanced recycling","EFTA",2026,0.69682676944111
"Ambitious-Baseline-Baseline-Baseline-Enhanced recycling","EFTA",2027,0.877518314787171
"Ambitious-Baseline-Baseline-Baseline-Enhanced recycling","EFTA",2028,1.16275227889053
"Ambitious-Baseline-Baseline-Baseline-Enhanced recycling","EFTA",2029,1.55692994877255
"Ambitious-Baseline-Baseline-Baseline-Enhanced recycling","EFTA",2030,2.06239926317944
"Ambitious-Baseline-Baseline-Baseline-Enhanced recycling","EFTA",2031,2.72496849173435
"Ambitious-Baseline-Baseline-Baseline-Enhanced recycling","EFTA",2032,3.4825686563979
"Ambitious-Baseline-Baseline-Baseline-Enhanced recycling","EFTA",2033,4.45512037098412
"Ambitious-Baseline-Baseline-Baseline-Enhanced recycling","EFTA",2034,5.57075494906564
"Ambitious-Baseline-Baseline-Baseline-Enhanced recycling","EFTA",2035,6.88007727301973
"Ambitious-Baseline-Baseline-Baseline-Enhanced recycling","EFTA",2036,8.35859202892511
"Ambitious-Baseline-Baseline-Baseline-Enhanced recycling","EFTA",2037,9.96340868100058
"Ambitious-Baseline-Baseline-Baseline-Enhanced recycling","EFTA",2038,11.7247008051173
"Ambitious-Baseline-Baseline-Baseline-Enhanced recycling","EFTA",2039,13.5556707543445
"Ambitious-Baseline-Baseline-Baseline-Enhanced recycling","EFTA",2040,15.402804979713
"Ambitious-Baseline-Baseline-Baseline-Enhanced recycling","EFTA",2041,17.2468671953261
"Ambitious-Baseline-Baseline-Baseline-Enhanced recycling","EFTA",2042,19.0788620854559
"Ambitious-Baseline-Baseline-Baseline-Enhanced recycling","EFTA",2043,20.8997758452496
"Ambitious-Baseline-Baseline-Baseline-Enhanced recycling","EFTA",2044,22.7259186617743
"Ambitious-Baseline-Baseline-Baseline-Enhanced recycling","EFTA",2045,24.5232733282003
"Ambitious-Baseline-Baseline-Baseline-Enhanced recycling","EFTA",2046,26.2826869833686
"Ambitious-Baseline-Baseline-Baseline-Enhanced recycling","EFTA",2047,27.8034029447499
"Ambitious-Baseline-Baseline-Baseline-Enhanced recycling","EFTA",2048,29.4220573261616
"Ambitious-Baseline-Baseline-Baseline-Enhanced recycling","EFTA",2049,30.921443677231
"Ambitious-Baseline-Baseline-Baseline-Enhanced recycling","EFTA",2050,32.2830754818601
"Ambitious-Baseline-Baseline-Baseline-Enhanced recycling","EFTA",2051,33.4991493537919
"Ambitious-Baseline-Baseline-Baseline-Enhanced recycling","EFTA",2052,34.6297396348877
"Ambitious-Baseline-Baseline-Baseline-Enhanced recycling","EFTA",2053,35.6254734864255
"Ambitious-Baseline-Baseline-Baseline-Enhanced recycling","EFTA",2054,36.495917762617
"Ambitious-Baseline-Baseline-Baseline-Enhanced recycling","EFTA",2055,37.2554248892078
"Ambitious-Baseline-Baseline-Baseline-Enhanced recycling","EFTA",2056,37.9074484273958
"Ambitious-Baseline-Baseline-Baseline-Enhanced recycling","EFTA",2057,38.4639381964319
"Ambitious-Baseline-Baseline-Baseline-Enhanced recycling","EFTA",2058,38.9356980989054
"Ambitious-Baseline-Baseline-Baseline-Enhanced recycling","EFTA",2059,39.3390096406102
"Ambitious-Baseline-Baseline-Baseline-Enhanced recycling","EFTA",2060,39.6820542661461
"Ambitious-Baseline-Baseline-Baseline-Enhanced recycling","EFTA",2061,39.9734928283426
"Ambitious-Baseline-Baseline-Baseline-Enhanced recycling","EFTA",2062,40.2226434940797
"Ambitious-Baseline-Baseline-Baseline-Enhanced recycling","EFTA",2063,40.4471205154484
"Ambitious-Baseline-Baseline-Baseline-Enhanced recycling","EFTA",2064,40.6525226441993
"Ambitious-Baseline-Baseline-Baseline-Enhanced recycling","EFTA",2065,40.8477903192661
"Ambitious-Baseline-Baseline-Baseline-Enhanced recycling","EFTA",2066,41.0346866749469
"Ambitious-Baseline-Baseline-Baseline-Enhanced recycling","EFTA",2067,41.218626630167
"Ambitious-Baseline-Baseline-Baseline-Enhanced recycling","EFTA",2068,41.3989418542763
"Ambitious-Baseline-Baseline-Baseline-Enhanced recycling","EFTA",2069,41.5790473832066
"Ambitious-Baseline-Baseline-Baseline-Enhanced recycling","EFTA",2070,41.7589486042481
"Ambitious-Baseline-Baseline-Baseline-Enhanced recycling","European Union",2023,1.51048538198472
"Ambitious-Baseline-Baseline-Baseline-Enhanced recycling","European Union",2024,2.88048937113619
"Ambitious-Baseline-Baseline-Baseline-Enhanced recycling","European Union",2025,4.36334028503265
"Ambitious-Baseline-Baseline-Baseline-Enhanced recycling","European Union",2026,7.11901685514417
"Ambitious-Baseline-Baseline-Baseline-Enhanced recycling","European Union",2027,10.5105474155854
"Ambitious-Baseline-Baseline-Baseline-Enhanced recycling","European Union",2028,15.0116251602999
"Ambitious-Baseline-Baseline-Baseline-Enhanced recycling","European Union",2029,20.9328717018695
"Ambitious-Baseline-Baseline-Baseline-Enhanced recycling","European Union",2030,27.9414217468744
"Ambitious-Baseline-Baseline-Baseline-Enhanced recycling","European Union",2031,36.9859862266676
"Ambitious-Baseline-Baseline-Baseline-Enhanced recycling","European Union",2032,47.1663328928549
"Ambitious-Baseline-Baseline-Baseline-Enhanced recycling","European Union",2033,59.5765954218496
"Ambitious-Baseline-Baseline-Baseline-Enhanced recycling","European Union",2034,75.6556586315076
"Ambitious-Baseline-Baseline-Baseline-Enhanced recycling","European Union",2035,96.3560355930235
"Ambitious-Baseline-Baseline-Baseline-Enhanced recycling","European Union",2036,122.524070682854
"Ambitious-Baseline-Baseline-Baseline-Enhanced recycling","European Union",2037,154.870455754711
"Ambitious-Baseline-Baseline-Baseline-Enhanced recycling","European Union",2038,193.665730481373
"Ambitious-Baseline-Baseline-Baseline-Enhanced recycling","European Union",2039,239.069131962775
"Ambitious-Baseline-Baseline-Baseline-Enhanced recycling","European Union",2040,290.756215817637
"Ambitious-Baseline-Baseline-Baseline-Enhanced recycling","European Union",2041,347.251401955821
"Ambitious-Baseline-Baseline-Baseline-Enhanced recycling","European Union",2042,406.996455528325
"Ambitious-Baseline-Baseline-Baseline-Enhanced recycling","European Union",2043,468.936309058482
"Ambitious-Baseline-Baseline-Baseline-Enhanced recycling","European Union",2044,530.844652469644
"Ambitious-Baseline-Baseline-Baseline-Enhanced recycling","European Union",2045,589.897923477602
"Ambitious-Baseline-Baseline-Baseline-Enhanced recycling","European Union",2046,644.779821470857
"Ambitious-Baseline-Baseline-Baseline-Enhanced recycling","European Union",2047,694.692115676053
"Ambitious-Baseline-Baseline-Baseline-Enhanced recycling","European Union",2048,739.379143040525
"Ambitious-Baseline-Baseline-Baseline-Enhanced recycling","European Union",2049,779.203422849799
"Ambitious-Baseline-Baseline-Baseline-Enhanced recycling","European Union",2050,814.85829999714
"Ambitious-Baseline-Baseline-Baseline-Enhanced recycling","European Union",2051,846.520303001421
"Ambitious-Baseline-Baseline-Baseline-Enhanced recycling","European Union",2052,878.848432512236
"Ambitious-Baseline-Baseline-Baseline-Enhanced recycling","European Union",2053,909.095570612983
"Ambitious-Baseline-Baseline-Baseline-Enhanced recycling","European Union",2054,937.441386383133
"Ambitious-Baseline-Baseline-Baseline-Enhanced recycling","European Union",2055,963.843524717095
"Ambitious-Baseline-Baseline-Baseline-Enhanced recycling","European Union",2056,988.276823427734
"Ambitious-Baseline-Baseline-Baseline-Enhanced recycling","European Union",2057,1010.69670178388
"Ambitious-Baseline-Baseline-Baseline-Enhanced recycling","European Union",2058,1031.12265758267
"Ambitious-Baseline-Baseline-Baseline-Enhanced recycling","European Union",2059,1049.79315054564
"Ambitious-Baseline-Baseline-Baseline-Enhanced recycling","European Union",2060,1066.97714485523
"Ambitious-Baseline-Baseline-Baseline-Enhanced recycling","European Union",2061,1083.02132726449
"Ambitious-Baseline-Baseline-Baseline-Enhanced recycling","European Union",2062,1098.17822175022
"Ambitious-Baseline-Baseline-Baseline-Enhanced recycling","European Union",2063,1112.64238574157
"Ambitious-Baseline-Baseline-Baseline-Enhanced recycling","European Union",2064,1126.48344989098
"Ambitious-Baseline-Baseline-Baseline-Enhanced recycling","European Union",2065,1139.65847983148
"Ambitious-Baseline-Baseline-Baseline-Enhanced recycling","European Union",2066,1152.1200897995
"Ambitious-Baseline-Baseline-Baseline-Enhanced recycling","European Union",2067,1163.84114346145
"Ambitious-Baseline-Baseline-Baseline-Enhanced recycling","European Union",2068,1174.82743486043
"Ambitious-Baseline-Baseline-Baseline-Enhanced recycling","European Union",2069,1185.16374618017
"Ambitious-Baseline-Baseline-Baseline-Enhanced recycling","European Union",2070,1194.96722595802
"Ambitious-Baseline-Baseline-Baseline-Enhanced recycling","India",2023,0.1143367798357
"Ambitious-Baseline-Baseline-Baseline-Enhanced recycling","India",2024,0.352480505849774
"Ambitious-Baseline-Baseline-Baseline-Enhanced recycling","India",2025,0.649891033144965
"Ambitious-Baseline-Baseline-Baseline-Enhanced recycling","India",2026,1.06750764890291
"Ambitious-Baseline-Baseline-Baseline-Enhanced recycling","India",2027,1.86398962260037
"Ambitious-Baseline-Baseline-Baseline-Enhanced recycling","India",2028,3.32291916364664
"Ambitious-Baseline-Baseline-Baseline-Enhanced recycling","India",2029,5.42172257345864
"Ambitious-Baseline-Baseline-Baseline-Enhanced recycling","India",2030,8.14741588434096
"Ambitious-Baseline-Baseline-Baseline-Enhanced recycling","India",2031,11.8735935287049
"Ambitious-Baseline-Baseline-Baseline-Enhanced recycling","India",2032,16.2165204669901
"Ambitious-Baseline-Baseline-Baseline-Enhanced recycling","India",2033,21.6548744294763
"Ambitious-Baseline-Baseline-Baseline-Enhanced recycling","India",2034,28.4452648557627
"Ambitious-Baseline-Baseline-Baseline-Enhanced recycling","India",2035,36.8264241398642
"Ambitious-Baseline-Baseline-Baseline-Enhanced recycling","India",2036,46.9047581372038
"Ambitious-Baseline-Baseline-Baseline-Enhanced recycling","India",2037,58.5158262083364
"Ambitious-Baseline-Baseline-Baseline-Enhanced recycling","India",2038,71.8058914138459
"Ambitious-Baseline-Baseline-Baseline-Enhanced recycling","India",2039,86.7726400733664
"Ambitious-Baseline-Baseline-Baseline-Enhanced recycling","India",2040,103.367692668208
"Ambitious-Baseline-Baseline-Baseline-Enhanced recycling","India",2041,121.845004416607
"Ambitious-Baseline-Baseline-Baseline-Enhanced recycling","India",2042,141.176926004152
"Ambitious-Baseline-Baseline-Baseline-Enhanced recycling","India",2043,161.628138391645
"Ambitious-Baseline-Baseline-Baseline-Enhanced recycling","India",2044,182.906587125993
"Ambitious-Baseline-Baseline-Baseline-Enhanced recycling","India",2045,204.705280713507
"Ambitious-Baseline-Baseline-Baseline-Enhanced recycling","India",2046,226.656438237402
"Ambitious-Baseline-Baseline-Baseline-Enhanced recycling","India",2047,248.455185443063
"Ambitious-Baseline-Baseline-Baseline-Enhanced recycling","India",2048,269.791030430693
"Ambitious-Baseline-Baseline-Baseline-Enhanced recycling","India",2049,290.423455896262
"Ambitious-Baseline-Baseline-Baseline-Enhanced recycling","India",2050,310.189567606016
"Ambitious-Baseline-Baseline-Baseline-Enhanced recycling","India",2051,329.012324282608
"Ambitious-Baseline-Baseline-Baseline-Enhanced recycling","India",2052,346.65799248791
"Ambitious-Baseline-Baseline-Baseline-Enhanced recycling","India",2053,363.304706946182
"Ambitious-Baseline-Baseline-Baseline-Enhanced recycling","India",2054,378.957481818286
"Ambitious-Baseline-Baseline-Baseline-Enhanced recycling","India",2055,393.611879487119
"Ambitious-Baseline-Baseline-Baseline-Enhanced recycling","India",2056,407.272743065124
"Ambitious-Baseline-Baseline-Baseline-Enhanced recycling","India",2057,419.956052972341
"Ambitious-Baseline-Baseline-Baseline-Enhanced recycling","India",2058,431.707428332181
"Ambitious-Baseline-Baseline-Baseline-Enhanced recycling","India",2059,442.583544826379
"Ambitious-Baseline-Baseline-Baseline-Enhanced recycling","India",2060,452.677261555565
"Ambitious-Baseline-Baseline-Baseline-Enhanced recycling","India",2061,462.063615433952
"Ambitious-Baseline-Baseline-Baseline-Enhanced recycling","India",2062,470.846844688101
"Ambitious-Baseline-Baseline-Baseline-Enhanced recycling","India",2063,479.073494012678
"Ambitious-Baseline-Baseline-Baseline-Enhanced recycling","India",2064,486.809442310841
"Ambitious-Baseline-Baseline-Baseline-Enhanced recycling","India",2065,494.09028964487
"Ambitious-Baseline-Baseline-Baseline-Enhanced recycling","India",2066,500.960072005272
"Ambitious-Baseline-Baseline-Baseline-Enhanced recycling","India",2067,507.462773095244
"Ambitious-Baseline-Baseline-Baseline-Enhanced recycling","India",2068,513.670696893417
"Ambitious-Baseline-Baseline-Baseline-Enhanced recycling","India",2069,519.645150447946
"Ambitious-Baseline-Baseline-Baseline-Enhanced recycling","India",2070,525.445400553371
"Ambitious-Baseline-Baseline-Baseline-Enhanced recycling","Japan",2023,0.102513147023147
"Ambitious-Baseline-Baseline-Baseline-Enhanced recycling","Japan",2024,0.450053657758772
"Ambitious-Baseline-Baseline-Baseline-Enhanced recycling","Japan",2025,0.563106724462877
"Ambitious-Baseline-Baseline-Baseline-Enhanced recycling","Japan",2026,0.710560755984553
"Ambitious-Baseline-Baseline-Baseline-Enhanced recycling","Japan",2027,0.922432650004044
"Ambitious-Baseline-Baseline-Baseline-Enhanced recycling","Japan",2028,1.38091940634505
"Ambitious-Baseline-Baseline-Baseline-Enhanced recycling","Japan",2029,1.89590598998869
"Ambitious-Baseline-Baseline-Baseline-Enhanced recycling","Japan",2030,3.34589201413122
"Ambitious-Baseline-Baseline-Baseline-Enhanced recycling","Japan",2031,5.35422047217704
"Ambitious-Baseline-Baseline-Baseline-Enhanced recycling","Japan",2032,6.83658886397912
"Ambitious-Baseline-Baseline-Baseline-Enhanced recycling","Japan",2033,8.75057132290373
"Ambitious-Baseline-Baseline-Baseline-Enhanced recycling","Japan",2034,11.2362979894747
"Ambitious-Baseline-Baseline-Baseline-Enhanced recycling","Japan",2035,14.5911227481831
"Ambitious-Baseline-Baseline-Baseline-Enhanced recycling","Japan",2036,18.8669607404948
"Ambitious-Baseline-Baseline-Baseline-Enhanced recycling","Japan",2037,23.9088625075215
"Ambitious-Baseline-Baseline-Baseline-Enhanced recycling","Japan",2038,30.3594929500512
"Ambitious-Baseline-Baseline-Baseline-Enhanced recycling","Japan",2039,37.3433460199446
"Ambitious-Baseline-Baseline-Baseline-Enhanced recycling","Japan",2040,45.3168881634481
"Ambitious-Baseline-Baseline-Baseline-Enhanced recycling","Japan",2041,52.44801416555
"Ambitious-Baseline-Baseline-Baseline-Enhanced recycling","Japan",2042,62.8735631310185
"Ambitious-Baseline-Baseline-Baseline-Enhanced recycling","Japan",2043,74.6350445258983
"Ambitious-Baseline-Baseline-Baseline-Enhanced recycling","Japan",2044,87.5277528783874
"Ambitious-Baseline-Baseline-Baseline-Enhanced recycling","Japan",2045,101.113483241125
"Ambitious-Baseline-Baseline-Baseline-Enhanced recycling","Japan",2046,114.804986899494
"Ambitious-Baseline-Baseline-Baseline-Enhanced recycling","Japan",2047,128.051826556846
"Ambitious-Baseline-Baseline-Baseline-Enhanced recycling","Japan",2048,140.392036985551
"Ambitious-Baseline-Baseline-Baseline-Enhanced recycling","Japan",2049,151.578776767246
"Ambitious-Baseline-Baseline-Baseline-Enhanced recycling","Japan",2050,161.468316827248
"Ambitious-Baseline-Baseline-Baseline-Enhanced recycling","Japan",2051,170.058326949703
"Ambitious-Baseline-Baseline-Baseline-Enhanced recycling","Japan",2052,177.398901779595
"Ambitious-Baseline-Baseline-Baseline-Enhanced recycling","Japan",2053,183.64814027075
"Ambitious-Baseline-Baseline-Baseline-Enhanced recycling","Japan",2054,188.93081301942
"Ambitious-Baseline-Baseline-Baseline-Enhanced recycling","Japan",2055,193.334638323746
"Ambitious-Baseline-Baseline-Baseline-Enhanced recycling","Japan",2056,196.936915984202
"Ambitious-Baseline-Baseline-Baseline-Enhanced recycling","Japan",2057,199.800717411673
"Ambitious-Baseline-Baseline-Baseline-Enhanced recycling","Japan",2058,201.98418280468
"Ambitious-Baseline-Baseline-Baseline-Enhanced recycling","Japan",2059,203.545340104497
"Ambitious-Baseline-Baseline-Baseline-Enhanced recycling","Japan",2060,204.540400722775
"Ambitious-Baseline-Baseline-Baseline-Enhanced recycling","Japan",2061,205.089784106156
"Ambitious-Baseline-Baseline-Baseline-Enhanced recycling","Japan",2062,205.275520203784
"Ambitious-Baseline-Baseline-Baseline-Enhanced recycling","Japan",2063,205.229196480683
"Ambitious-Baseline-Baseline-Baseline-Enhanced recycling","Japan",2064,205.043110292358
"Ambitious-Baseline-Baseline-Baseline-Enhanced recycling","Japan",2065,204.775501406976
"Ambitious-Baseline-Baseline-Baseline-Enhanced recycling","Japan",2066,204.478581005882
"Ambitious-Baseline-Baseline-Baseline-Enhanced recycling","Japan",2067,204.173456950417
"Ambitious-Baseline-Baseline-Baseline-Enhanced recycling","Japan",2068,203.878644425843
"Ambitious-Baseline-Baseline-Baseline-Enhanced recycling","Japan",2069,203.594556026621
"Ambitious-Baseline-Baseline-Baseline-Enhanced recycling","Japan",2070,203.321905951774
"Ambitious-Baseline-Baseline-Baseline-Enhanced recycling","Mexico",2023,0.0314146921856993
"Ambitious-Baseline-Baseline-Baseline-Enhanced recycling","Mexico",2024,0.104429567164904
"Ambitious-Baseline-Baseline-Baseline-Enhanced recycling","Mexico",2025,0.113769352773766
"Ambitious-Baseline-Baseline-Baseline-Enhanced recycling","Mexico",2026,0.166871444711327
"Ambitious-Baseline-Baseline-Baseline-Enhanced recycling","Mexico",2027,0.237049016129426
"Ambitious-Baseline-Baseline-Baseline-Enhanced recycling","Mexico",2028,0.402939328308942
"Ambitious-Baseline-Baseline-Baseline-Enhanced recycling","Mexico",2029,0.762106888496145
"Ambitious-Baseline-Baseline-Baseline-Enhanced recycling","Mexico",2030,1.49965073367861
"Ambitious-Baseline-Baseline-Baseline-Enhanced recycling","Mexico",2031,2.59910629347886
"Ambitious-Baseline-Baseline-Baseline-Enhanced recycling","Mexico",2032,3.26132367481427
"Ambitious-Baseline-Baseline-Baseline-Enhanced recycling","Mexico",2033,4.10739141501343
"Ambitious-Baseline-Baseline-Baseline-Enhanced recycling","Mexico",2034,5.18463718418548
"Ambitious-Baseline-Baseline-Baseline-Enhanced recycling","Mexico",2035,6.59505679089939
"Ambitious-Baseline-Baseline-Baseline-Enhanced recycling","Mexico",2036,8.42710887379247
"Ambitious-Baseline-Baseline-Baseline-Enhanced recycling","Mexico",2037,10.6280628223131
"Ambitious-Baseline-Baseline-Baseline-Enhanced recycling","Mexico",2038,13.4256866484889
"Ambitious-Baseline-Baseline-Baseline-Enhanced recycling","Mexico",2039,16.9429072249142
"Ambitious-Baseline-Baseline-Baseline-Enhanced recycling","Mexico",2040,21.3520442066649
"Ambitious-Baseline-Baseline-Baseline-Enhanced recycling","Mexico",2041,26.9697669181643
"Ambitious-Baseline-Baseline-Baseline-Enhanced recycling","Mexico",2042,33.6586445688098
"Ambitious-Baseline-Baseline-Baseline-Enhanced recycling","Mexico",2043,41.5263394219134
"Ambitious-Baseline-Baseline-Baseline-Enhanced recycling","Mexico",2044,50.4048236389455
"Ambitious-Baseline-Baseline-Baseline-Enhanced recycling","Mexico",2045,59.9725087309282
"Ambitious-Baseline-Baseline-Baseline-Enhanced recycling","Mexico",2046,69.6224425546092
"Ambitious-Baseline-Baseline-Baseline-Enhanced recycling","Mexico",2047,79.3624175525716
"Ambitious-Baseline-Baseline-Baseline-Enhanced recycling","Mexico",2048,89.6393835967576
"Ambitious-Baseline-Baseline-Baseline-Enhanced recycling","Mexico",2049,99.4521086730794
"Ambitious-Baseline-Baseline-Baseline-Enhanced recycling","Mexico",2050,108.559874239571
"Ambitious-Baseline-Baseline-Baseline-Enhanced recycling","Mexico",2051,116.905228530006
"Ambitious-Baseline-Baseline-Baseline-Enhanced recycling","Mexico",2052,124.921863743929
"Ambitious-Baseline-Baseline-Baseline-Enhanced recycling","Mexico",2053,132.297511844664
"Ambitious-Baseline-Baseline-Baseline-Enhanced recycling","Mexico",2054,139.076561774929
"Ambitious-Baseline-Baseline-Baseline-Enhanced recycling","Mexico",2055,145.305843255328
"Ambitious-Baseline-Baseline-Baseline-Enhanced recycling","Mexico",2056,151.001409747159
"Ambitious-Baseline-Baseline-Baseline-Enhanced recycling","Mexico",2057,156.188516858587
"Ambitious-Baseline-Baseline-Baseline-Enhanced recycling","Mexico",2058,160.86659245039
"Ambitious-Baseline-Baseline-Baseline-Enhanced recycling","Mexico",2059,165.043802721261
"Ambitious-Baseline-Baseline-Baseline-Enhanced recycling","Mexico",2060,168.742705420821
"Ambitious-Baseline-Baseline-Baseline-Enhanced recycling","Mexico",2061,172.031290138419
"Ambitious-Baseline-Baseline-Baseline-Enhanced recycling","Mexico",2062,174.94017200197
"Ambitious-Baseline-Baseline-Baseline-Enhanced recycling","Mexico",2063,177.550617419896
"Ambitious-Baseline-Baseline-Baseline-Enhanced recycling","Mexico",2064,179.903966068537
"Ambitious-Baseline-Baseline-Baseline-Enhanced recycling","Mexico",2065,182.047084887413
"Ambitious-Baseline-Baseline-Baseline-Enhanced recycling","Mexico",2066,184.003096987059
"Ambitious-Baseline-Baseline-Baseline-Enhanced recycling","Mexico",2067,185.800950485699
"Ambitious-Baseline-Baseline-Baseline-Enhanced recycling","Mexico",2068,187.471182296543
"Ambitious-Baseline-Baseline-Baseline-Enhanced recycling","Mexico",2069,189.042501369716
"Ambitious-Baseline-Baseline-Baseline-Enhanced recycling","Mexico",2070,190.536186060577
"Ambitious-Baseline-Baseline-Baseline-Enhanced recycling","Middle East",2023,0.131230094661612
"Ambitious-Baseline-Baseline-Baseline-Enhanced recycling","Middle East",2024,0.222729723543554
"Ambitious-Baseline-Baseline-Baseline-Enhanced recycling","Middle East",2025,0.325479109195204
"Ambitious-Baseline-Baseline-Baseline-Enhanced recycling","Middle East",2026,0.510116815841233
"Ambitious-Baseline-Baseline-Baseline-Enhanced recycling","Middle East",2027,0.834565316912738
"Ambitious-Baseline-Baseline-Baseline-Enhanced recycling","Middle East",2028,1.40524778103543
"Ambitious-Baseline-Baseline-Baseline-Enhanced recycling","Middle East",2029,2.32508262551454
"Ambitious-Baseline-Baseline-Baseline-Enhanced recycling","Middle East",2030,3.84685114413329
"Ambitious-Baseline-Baseline-Baseline-Enhanced recycling","Middle East",2031,6.48928651462671
"Ambitious-Baseline-Baseline-Baseline-Enhanced recycling","Middle East",2032,9.06745963200744
"Ambitious-Baseline-Baseline-Baseline-Enhanced recycling","Middle East",2033,12.4511329757185
"Ambitious-Baseline-Baseline-Baseline-Enhanced recycling","Middle East",2034,16.8060415531313
"Ambitious-Baseline-Baseline-Baseline-Enhanced recycling","Middle East",2035,22.5645476451954
"Ambitious-Baseline-Baseline-Baseline-Enhanced recycling","Middle East",2036,29.4747213444455
"Ambitious-Baseline-Baseline-Baseline-Enhanced recycling","Middle East",2037,38.0605249937615
"Ambitious-Baseline-Baseline-Baseline-Enhanced recycling","Middle East",2038,48.5145550257664
"Ambitious-Baseline-Baseline-Baseline-Enhanced recycling","Middle East",2039,60.9688723547691
"Ambitious-Baseline-Baseline-Baseline-Enhanced recycling","Middle East",2040,75.6352351335159
"Ambitious-Baseline-Baseline-Baseline-Enhanced recycling","Middle East",2041,92.995724142426
"Ambitious-Baseline-Baseline-Baseline-Enhanced recycling","Middle East",2042,112.510354566439
"Ambitious-Baseline-Baseline-Baseline-Enhanced recycling","Middle East",2043,134.845690106241
"Ambitious-Baseline-Baseline-Baseline-Enhanced recycling","Middle East",2044,159.95762354957
"Ambitious-Baseline-Baseline-Baseline-Enhanced recycling","Middle East",2045,187.521312844498
"Ambitious-Baseline-Baseline-Baseline-Enhanced recycling","Middle East",2046,216.939000836362
"Ambitious-Baseline-Baseline-Baseline-Enhanced recycling","Middle East",2047,247.465940905481
"Ambitious-Baseline-Baseline-Baseline-Enhanced recycling","Middle East",2048,278.962940532174
"Ambitious-Baseline-Baseline-Baseline-Enhanced recycling","Middle East",2049,310.832891190499
"Ambitious-Baseline-Baseline-Baseline-Enhanced recycling","Middle East",2050,342.541145224069
"Ambitious-Baseline-Baseline-Baseline-Enhanced recycling","Middle East",2051,373.78070573252
"Ambitious-Baseline-Baseline-Baseline-Enhanced recycling","Middle East",2052,404.668214502659
"Ambitious-Baseline-Baseline-Baseline-Enhanced recycling","Middle East",2053,435.789054685773
"Ambitious-Baseline-Baseline-Baseline-Enhanced recycling","Middle East",2054,466.3100690348
"Ambitious-Baseline-Baseline-Baseline-Enhanced recycling","Middle East",2055,495.437740313354
"Ambitious-Baseline-Baseline-Baseline-Enhanced recycling","Middle East",2056,522.779709367022
"Ambitious-Baseline-Baseline-Baseline-Enhanced recycling","Middle East",2057,548.146634108881
"Ambitious-Baseline-Baseline-Baseline-Enhanced recycling","Middle East",2058,571.414611481459
"Ambitious-Baseline-Baseline-Baseline-Enhanced recycling","Middle East",2059,592.554041561841
"Ambitious-Baseline-Baseline-Baseline-Enhanced recycling","Middle East",2060,611.627197988204
"Ambitious-Baseline-Baseline-Baseline-Enhanced recycling","Middle East",2061,628.839485172874
"Ambitious-Baseline-Baseline-Baseline-Enhanced recycling","Middle East",2062,644.357007240373
"Ambitious-Baseline-Baseline-Baseline-Enhanced recycling","Middle East",2063,658.303109987511
"Ambitious-Baseline-Baseline-Baseline-Enhanced recycling","Middle East",2064,670.866092522539
"Ambitious-Baseline-Baseline-Baseline-Enhanced recycling","Middle East",2065,682.222103043932
"Ambitious-Baseline-Baseline-Baseline-Enhanced recycling","Middle East",2066,692.523450673805
"Ambitious-Baseline-Baseline-Baseline-Enhanced recycling","Middle East",2067,701.926394066413
"Ambitious-Baseline-Baseline-Baseline-Enhanced recycling","Middle East",2068,710.601395307827
"Ambitious-Baseline-Baseline-Baseline-Enhanced recycling","Middle East",2069,718.68355816462
"Ambitious-Baseline-Baseline-Baseline-Enhanced recycling","Middle East",2070,726.320385418686
"Ambitious-Baseline-Baseline-Baseline-Enhanced recycling","Other Asia Pacific",2023,0.0312011359672669
"Ambitious-Baseline-Baseline-Baseline-Enhanced recycling","Other Asia Pacific",2024,0.0446922205151849
"Ambitious-Baseline-Baseline-Baseline-Enhanced recycling","Other Asia Pacific",2025,0.109003468652746
"Ambitious-Baseline-Baseline-Baseline-Enhanced recycling","Other Asia Pacific",2026,0.137227100456064
"Ambitious-Baseline-Baseline-Baseline-Enhanced recycling","Other Asia Pacific",2027,0.233029870551111
"Ambitious-Baseline-Baseline-Baseline-Enhanced recycling","Other Asia Pacific",2028,0.4376359418801
"Ambitious-Baseline-Baseline-Baseline-Enhanced recycling","Other Asia Pacific",2029,0.826301395093827
"Ambitious-Baseline-Baseline-Baseline-Enhanced recycling","Other Asia Pacific",2030,1.5484159983082
"Ambitious-Baseline-Baseline-Baseline-Enhanced recycling","Other Asia Pacific",2031,2.94399942686316
"Ambitious-Baseline-Baseline-Baseline-Enhanced recycling","Other Asia Pacific",2032,4.33196859566699
"Ambitious-Baseline-Baseline-Baseline-Enhanced recycling","Other Asia Pacific",2033,6.24595551470885
"Ambitious-Baseline-Baseline-Baseline-Enhanced recycling","Other Asia Pacific",2034,8.83854515401133
"Ambitious-Baseline-Baseline-Baseline-Enhanced recycling","Other Asia Pacific",2035,12.2109807894727
"Ambitious-Baseline-Baseline-Baseline-Enhanced recycling","Other Asia Pacific",2036,16.5668585677147
"Ambitious-Baseline-Baseline-Baseline-Enhanced recycling","Other Asia Pacific",2037,21.8623048332498
"Ambitious-Baseline-Baseline-Baseline-Enhanced recycling","Other Asia Pacific",2038,28.2405609939194
"Ambitious-Baseline-Baseline-Baseline-Enhanced recycling","Other Asia Pacific",2039,35.7373185982536
"Ambitious-Baseline-Baseline-Baseline-Enhanced recycling","Other Asia Pacific",2040,44.3637927696109
"Ambitious-Baseline-Baseline-Baseline-Enhanced recycling","Other Asia Pacific",2041,54.3482001434753
"Ambitious-Baseline-Baseline-Baseline-Enhanced recycling","Other Asia Pacific",2042,65.2646443007444
"Ambitious-Baseline-Baseline-Baseline-Enhanced recycling","Other Asia Pacific",2043,77.5862731459074
"Ambitious-Baseline-Baseline-Baseline-Enhanced recycling","Other Asia Pacific",2044,91.3345931338637
"Ambitious-Baseline-Baseline-Baseline-Enhanced recycling","Other Asia Pacific",2045,106.348760935773
"Ambitious-Baseline-Baseline-Baseline-Enhanced recycling","Other Asia Pacific",2046,122.80203311633
"Ambitious-Baseline-Baseline-Baseline-Enhanced recycling","Other Asia Pacific",2047,139.822956932313
"Ambitious-Baseline-Baseline-Baseline-Enhanced recycling","Other Asia Pacific",2048,158.097884213864
"Ambitious-Baseline-Baseline-Baseline-Enhanced recycling","Other Asia Pacific",2049,176.975987436171
"Ambitious-Baseline-Baseline-Baseline-Enhanced recycling","Other Asia Pacific",2050,196.212509503362
"Ambitious-Baseline-Baseline-Baseline-Enhanced recycling","Other Asia Pacific",2051,215.672625422474
"Ambitious-Baseline-Baseline-Baseline-Enhanced recycling","Other Asia Pacific",2052,235.24471415286
"Ambitious-Baseline-Baseline-Baseline-Enhanced recycling","Other Asia Pacific",2053,254.794504709138
"Ambitious-Baseline-Baseline-Baseline-Enhanced recycling","Other Asia Pacific",2054,274.110214400196
"Ambitious-Baseline-Baseline-Baseline-Enhanced recycling","Other Asia Pacific",2055,293.236404524672
"Ambitious-Baseline-Baseline-Baseline-Enhanced recycling","Other Asia Pacific",2056,311.788726899515
"Ambitious-Baseline-Baseline-Baseline-Enhanced recycling","Other Asia Pacific",2057,329.579964908835
"Ambitious-Baseline-Baseline-Baseline-Enhanced recycling","Other Asia Pacific",2058,346.453259258097
"Ambitious-Baseline-Baseline-Baseline-Enhanced recycling","Other Asia Pacific",2059,362.347723071829
"Ambitious-Baseline-Baseline-Baseline-Enhanced recycling","Other Asia Pacific",2060,377.216136663985
"Ambitious-Baseline-Baseline-Baseline-Enhanced recycling","Other Asia Pacific",2061,391.064965183658
"Ambitious-Baseline-Baseline-Baseline-Enhanced recycling","Other Asia Pacific",2062,403.920730351578
"Ambitious-Baseline-Baseline-Baseline-Enhanced recycling","Other Asia Pacific",2063,415.765805239292
"Ambitious-Baseline-Baseline-Baseline-Enhanced recycling","Other Asia Pacific",2064,426.61924707188
"Ambitious-Baseline-Baseline-Baseline-Enhanced recycling","Other Asia Pacific",2065,436.498492177867
"Ambitious-Baseline-Baseline-Baseline-Enhanced recycling","Other Asia Pacific",2066,445.426738637217
"Ambitious-Baseline-Baseline-Baseline-Enhanced recycling","Other Asia Pacific",2067,453.482114311161
"Ambitious-Baseline-Baseline-Baseline-Enhanced recycling","Other Asia Pacific",2068,460.764456883382
"Ambitious-Baseline-Baseline-Baseline-Enhanced recycling","Other Asia Pacific",2069,467.405801902404
"Ambitious-Baseline-Baseline-Baseline-Enhanced recycling","Other Asia Pacific",2070,473.527043789647
"Ambitious-Baseline-Baseline-Baseline-Enhanced recycling","Other Europe",2023,0.08735436418321
"Ambitious-Baseline-Baseline-Baseline-Enhanced recycling","Other Europe",2024,0.17386812174755
"Ambitious-Baseline-Baseline-Baseline-Enhanced recycling","Other Europe",2025,0.234176557475709
"Ambitious-Baseline-Baseline-Baseline-Enhanced recycling","Other Europe",2026,0.332026218168783
"Ambitious-Baseline-Baseline-Baseline-Enhanced recycling","Other Europe",2027,0.505303800993002
"Ambitious-Baseline-Baseline-Baseline-Enhanced recycling","Other Europe",2028,0.886983579960951
"Ambitious-Baseline-Baseline-Baseline-Enhanced recycling","Other Europe",2029,1.568385870836
"Ambitious-Baseline-Baseline-Baseline-Enhanced recycling","Other Europe",2030,2.76706481570954
"Ambitious-Baseline-Baseline-Baseline-Enhanced recycling","Other Europe",2031,4.99289137158147
"Ambitious-Baseline-Baseline-Baseline-Enhanced recycling","Other Europe",2032,7.05317512351919
"Ambitious-Baseline-Baseline-Baseline-Enhanced recycling","Other Europe",2033,9.77874464714854
"Ambitious-Baseline-Baseline-Baseline-Enhanced recycling","Other Europe",2034,13.3462852066078
"Ambitious-Baseline-Baseline-Baseline-Enhanced recycling","Other Europe",2035,18.279695213796
"Ambitious-Baseline-Baseline-Baseline-Enhanced recycling","Other Europe",2036,24.160678729977
"Ambitious-Baseline-Baseline-Baseline-Enhanced recycling","Other Europe",2037,31.1255426944999
"Ambitious-Baseline-Baseline-Baseline-Enhanced recycling","Other Europe",2038,39.1171024417412
"Ambitious-Baseline-Baseline-Baseline-Enhanced recycling","Other Europe",2039,48.1754972514411
"Ambitious-Baseline-Baseline-Baseline-Enhanced recycling","Other Europe",2040,58.2673462814369
"Ambitious-Baseline-Baseline-Baseline-Enhanced recycling","Other Europe",2041,69.5686475491447
"Ambitious-Baseline-Baseline-Baseline-Enhanced recycling","Other Europe",2042,81.7912861598533
"Ambitious-Baseline-Baseline-Baseline-Enhanced recycling","Other Europe",2043,95.2673922689046
"Ambitious-Baseline-Baseline-Baseline-Enhanced recycling","Other Europe",2044,109.994766565236
"Ambitious-Baseline-Baseline-Baseline-Enhanced recycling","Other Europe",2045,125.810241730648
"Ambitious-Baseline-Baseline-Baseline-Enhanced recycling","Other Europe",2046,142.410247744576
"Ambitious-Baseline-Baseline-Baseline-Enhanced recycling","Other Europe",2047,159.515020838721
"Ambitious-Baseline-Baseline-Baseline-Enhanced recycling","Other Europe",2048,176.7632027835
"Ambitious-Baseline-Baseline-Baseline-Enhanced recycling","Other Europe",2049,193.963486782212
"Ambitious-Baseline-Baseline-Baseline-Enhanced recycling","Other Europe",2050,210.872481740901
"Ambitious-Baseline-Baseline-Baseline-Enhanced recycling","Other Europe",2051,227.428579172209
"Ambitious-Baseline-Baseline-Baseline-Enhanced recycling","Other Europe",2052,243.507334590866
"Ambitious-Baseline-Baseline-Baseline-Enhanced recycling","Other Europe",2053,258.883558339498
"Ambitious-Baseline-Baseline-Baseline-Enhanced recycling","Other Europe",2054,273.331208998179
"Ambitious-Baseline-Baseline-Baseline-Enhanced recycling","Other Europe",2055,286.741021893529
"Ambitious-Baseline-Baseline-Baseline-Enhanced recycling","Other Europe",2056,299.022092006039
"Ambitious-Baseline-Baseline-Baseline-Enhanced recycling","Other Europe",2057,310.133933005314
"Ambitious-Baseline-Baseline-Baseline-Enhanced recycling","Other Europe",2058,320.049192319256
"Ambitious-Baseline-Baseline-Baseline-Enhanced recycling","Other Europe",2059,328.833728213096
"Ambitious-Baseline-Baseline-Baseline-Enhanced recycling","Other Europe",2060,336.524564889982
"Ambitious-Baseline-Baseline-Baseline-Enhanced recycling","Other Europe",2061,343.217500112244
"Ambitious-Baseline-Baseline-Baseline-Enhanced recycling","Other Europe",2062,349.020337102426
"Ambitious-Baseline-Baseline-Baseline-Enhanced recycling","Other Europe",2063,354.01538803738
"Ambitious-Baseline-Baseline-Baseline-Enhanced recycling","Other Europe",2064,358.305326409188
"Ambitious-Baseline-Baseline-Baseline-Enhanced recycling","Other Europe",2065,361.960677245283
"Ambitious-Baseline-Baseline-Baseline-Enhanced recycling","Other Europe",2066,365.067475850326
"Ambitious-Baseline-Baseline-Baseline-Enhanced recycling","Other Europe",2067,367.706529426286
"Ambitious-Baseline-Baseline-Baseline-Enhanced recycling","Other Europe",2068,369.975728557113
"Ambitious-Baseline-Baseline-Baseline-Enhanced recycling","Other Europe",2069,371.95429830946
"Ambitious-Baseline-Baseline-Baseline-Enhanced recycling","Other Europe",2070,373.711997895016
"Ambitious-Baseline-Baseline-Baseline-Enhanced recycling","Other Latin America and Caribbean",2023,0.22983502051882
"Ambitious-Baseline-Baseline-Baseline-Enhanced recycling","Other Latin America and Caribbean",2024,0.437527032030467
"Ambitious-Baseline-Baseline-Baseline-Enhanced recycling","Other Latin America and Caribbean",2025,0.790812252333059
"Ambitious-Baseline-Baseline-Baseline-Enhanced recycling","Other Latin America and Caribbean",2026,1.2695807494069
"Ambitious-Baseline-Baseline-Baseline-Enhanced recycling","Other Latin America and Caribbean",2027,2.05542628694131
"Ambitious-Baseline-Baseline-Baseline-Enhanced recycling","Other Latin America and Caribbean",2028,3.31218504249688
"Ambitious-Baseline-Baseline-Baseline-Enhanced recycling","Other Latin America and Caribbean",2029,5.29319346883107
"Ambitious-Baseline-Baseline-Baseline-Enhanced recycling","Other Latin America and Caribbean",2030,8.08857897543346
"Ambitious-Baseline-Baseline-Baseline-Enhanced recycling","Other Latin America and Caribbean",2031,12.5212278221103
"Ambitious-Baseline-Baseline-Baseline-Enhanced recycling","Other Latin America and Caribbean",2032,16.9745290603146
"Ambitious-Baseline-Baseline-Baseline-Enhanced recycling","Other Latin America and Caribbean",2033,22.5526776453598
"Ambitious-Baseline-Baseline-Baseline-Enhanced recycling","Other Latin America and Caribbean",2034,29.6652327960911
"Ambitious-Baseline-Baseline-Baseline-Enhanced recycling","Other Latin America and Caribbean",2035,38.2921761601488
"Ambitious-Baseline-Baseline-Baseline-Enhanced recycling","Other Latin America and Caribbean",2036,49.1772992630873
"Ambitious-Baseline-Baseline-Baseline-Enhanced recycling","Other Latin America and Caribbean",2037,61.6960543720352
"Ambitious-Baseline-Baseline-Baseline-Enhanced recycling","Other Latin America and Caribbean",2038,76.5618402257671
"Ambitious-Baseline-Baseline-Baseline-Enhanced recycling","Other Latin America and Caribbean",2039,93.8929652401302
"Ambitious-Baseline-Baseline-Baseline-Enhanced recycling","Other Latin America and Caribbean",2040,113.987351206082
"Ambitious-Baseline-Baseline-Baseline-Enhanced recycling","Other Latin America and Caribbean",2041,137.365587218625
"Ambitious-Baseline-Baseline-Baseline-Enhanced recycling","Other Latin America and Caribbean",2042,163.526200571854
"Ambitious-Baseline-Baseline-Baseline-Enhanced recycling","Other Latin America and Caribbean",2043,192.983676183234
"Ambitious-Baseline-Baseline-Baseline-Enhanced recycling","Other Latin America and Caribbean",2044,225.739898837301
"Ambitious-Baseline-Baseline-Baseline-Enhanced recycling","Other Latin America and Caribbean",2045,261.582987551167
"Ambitious-Baseline-Baseline-Baseline-Enhanced recycling","Other Latin America and Caribbean",2046,299.718734083294
"Ambitious-Baseline-Baseline-Baseline-Enhanced recycling","Other Latin America and Caribbean",2047,339.417957927817
"Ambitious-Baseline-Baseline-Baseline-Enhanced recycling","Other Latin America and Caribbean",2048,380.216074082916
"Ambitious-Baseline-Baseline-Baseline-Enhanced recycling","Other Latin America and Caribbean",2049,421.375396058965
"Ambitious-Baseline-Baseline-Baseline-Enhanced recycling","Other Latin America and Caribbean",2050,462.067766605646
"Ambitious-Baseline-Baseline-Baseline-Enhanced recycling","Other Latin America and Caribbean",2051,501.939053402052
"Ambitious-Baseline-Baseline-Baseline-Enhanced recycling","Other Latin America and Caribbean",2052,540.866409851555
"Ambitious-Baseline-Baseline-Baseline-Enhanced recycling","Other Latin America and Caribbean",2053,577.976221160662
"Ambitious-Baseline-Baseline-Baseline-Enhanced recycling","Other Latin America and Caribbean",2054,612.999733240712
"Ambitious-Baseline-Baseline-Baseline-Enhanced recycling","Other Latin America and Caribbean",2055,645.726530849101
"Ambitious-Baseline-Baseline-Baseline-Enhanced recycling","Other Latin America and Caribbean",2056,675.994240887364
"Ambitious-Baseline-Baseline-Baseline-Enhanced recycling","Other Latin America and Caribbean",2057,703.750382666705
"Ambitious-Baseline-Baseline-Baseline-Enhanced recycling","Other Latin America and Caribbean",2058,728.913311521803
"Ambitious-Baseline-Baseline-Baseline-Enhanced recycling","Other Latin America and Caribbean",2059,751.509894237498
"Ambitious-Baseline-Baseline-Baseline-Enhanced recycling","Other Latin America and Caribbean",2060,771.60950603441
"Ambitious-Baseline-Baseline-Baseline-Enhanced recycling","Other Latin America and Caribbean",2061,789.350976874109
"Ambitious-Baseline-Baseline-Baseline-Enhanced recycling","Other Latin America and Caribbean",2062,804.930511729922
"Ambitious-Baseline-Baseline-Baseline-Enhanced recycling","Other Latin America and Caribbean",2063,818.531634767824
"Ambitious-Baseline-Baseline-Baseline-Enhanced recycling","Other Latin America and Caribbean",2064,830.363534095978
"Ambitious-Baseline-Baseline-Baseline-Enhanced recycling","Other Latin America and Caribbean",2065,840.618552419808
"Ambitious-Baseline-Baseline-Baseline-Enhanced recycling","Other Latin America and Caribbean",2066,849.520996720426
"Ambitious-Baseline-Baseline-Baseline-Enhanced recycling","Other Latin America and Caribbean",2067,857.277440122539
"Ambitious-Baseline-Baseline-Baseline-Enhanced recycling","Other Latin America and Caribbean",2068,864.110699917456
"Ambitious-Baseline-Baseline-Baseline-Enhanced recycling","Other Latin America and Caribbean",2069,870.215359907875
"Ambitious-Baseline-Baseline-Baseline-Enhanced recycling","Other Latin America and Caribbean",2070,875.756626152519
"Ambitious-Baseline-Baseline-Baseline-Enhanced recycling","South Korea",2023,0.153863300105727
"Ambitious-Baseline-Baseline-Baseline-Enhanced recycling","South Korea",2024,0.214864176303463
"Ambitious-Baseline-Baseline-Baseline-Enhanced recycling","South Korea",2025,0.426589496524186
"Ambitious-Baseline-Baseline-Baseline-Enhanced recycling","South Korea",2026,0.910760035347307
"Ambitious-Baseline-Baseline-Baseline-Enhanced recycling","South Korea",2027,1.25175714351233
"Ambitious-Baseline-Baseline-Baseline-Enhanced recycling","South Korea",2028,1.71087525113824
"Ambitious-Baseline-Baseline-Baseline-Enhanced recycling","South Korea",2029,2.36335184642823
"Ambitious-Baseline-Baseline-Baseline-Enhanced recycling","South Korea",2030,3.37054368199114
"Ambitious-Baseline-Baseline-Baseline-Enhanced recycling","South Korea",2031,4.95874663816052
"Ambitious-Baseline-Baseline-Baseline-Enhanced recycling","South Korea",2032,6.4111092945548
"Ambitious-Baseline-Baseline-Baseline-Enhanced recycling","South Korea",2033,8.33266896130319
"Ambitious-Baseline-Baseline-Baseline-Enhanced recycling","South Korea",2034,10.8549711040031
"Ambitious-Baseline-Baseline-Baseline-Enhanced recycling","South Korea",2035,14.2065723104904
"Ambitious-Baseline-Baseline-Baseline-Enhanced recycling","South Korea",2036,18.1956918796296
"Ambitious-Baseline-Baseline-Baseline-Enhanced recycling","South Korea",2037,23.0235452189985
"Ambitious-Baseline-Baseline-Baseline-Enhanced recycling","South Korea",2038,28.4004800106732
"Ambitious-Baseline-Baseline-Baseline-Enhanced recycling","South Korea",2039,34.6844641150753
"Ambitious-Baseline-Baseline-Baseline-Enhanced recycling","South Korea",2040,41.438749374814
"Ambitious-Baseline-Baseline-Baseline-Enhanced recycling","South Korea",2041,47.5873706137747
"Ambitious-Baseline-Baseline-Baseline-Enhanced recycling","South Korea",2042,54.6183618536094
"Ambitious-Baseline-Baseline-Baseline-Enhanced recycling","South Korea",2043,61.6108808265249
"Ambitious-Baseline-Baseline-Baseline-Enhanced recycling","South Korea",2044,68.4997829354201
"Ambitious-Baseline-Baseline-Baseline-Enhanced recycling","South Korea",2045,75.1937043579687
"Ambitious-Baseline-Baseline-Baseline-Enhanced recycling","South Korea",2046,81.7887779802887
"Ambitious-Baseline-Baseline-Baseline-Enhanced recycling","South Korea",2047,87.7107408166767
"Ambitious-Baseline-Baseline-Baseline-Enhanced recycling","South Korea",2048,93.1192851858593
"Ambitious-Baseline-Baseline-Baseline-Enhanced recycling","South Korea",2049,97.9612199527883
"Ambitious-Baseline-Baseline-Baseline-Enhanced recycling","South Korea",2050,102.199592745986
"Ambitious-Baseline-Baseline-Baseline-Enhanced recycling","South Korea",2051,105.839089238773
"Ambitious-Baseline-Baseline-Baseline-Enhanced recycling","South Korea",2052,108.90593144144
"Ambitious-Baseline-Baseline-Baseline-Enhanced recycling","South Korea",2053,111.447572525498
"Ambitious-Baseline-Baseline-Baseline-Enhanced recycling","South Korea",2054,113.502578930936
"Ambitious-Baseline-Baseline-Baseline-Enhanced recycling","South Korea",2055,115.109670936294
"Ambitious-Baseline-Baseline-Baseline-Enhanced recycling","South Korea",2056,116.30607526977
"Ambitious-Baseline-Baseline-Baseline-Enhanced recycling","South Korea",2057,117.135816613565
"Ambitious-Baseline-Baseline-Baseline-Enhanced recycling","South Korea",2058,117.661375636854
"Ambitious-Baseline-Baseline-Baseline-Enhanced recycling","South Korea",2059,117.944229421942
"Ambitious-Baseline-Baseline-Baseline-Enhanced recycling","South Korea",2060,118.030295789184
"Ambitious-Baseline-Baseline-Baseline-Enhanced recycling","South Korea",2061,117.982873297995
"Ambitious-Baseline-Baseline-Baseline-Enhanced recycling","South Korea",2062,117.841885785588
"Ambitious-Baseline-Baseline-Baseline-Enhanced recycling","South Korea",2063,117.658120962497
"Ambitious-Baseline-Baseline-Baseline-Enhanced recycling","South Korea",2064,117.467144777902
"Ambitious-Baseline-Baseline-Baseline-Enhanced recycling","South Korea",2065,117.286986132897
"Ambitious-Baseline-Baseline-Baseline-Enhanced recycling","South Korea",2066,117.136210473879
"Ambitious-Baseline-Baseline-Baseline-Enhanced recycling","South Korea",2067,117.017967502115
"Ambitious-Baseline-Baseline-Baseline-Enhanced recycling","South Korea",2068,116.937296671993
"Ambitious-Baseline-Baseline-Baseline-Enhanced recycling","South Korea",2069,116.894008447449
"Ambitious-Baseline-Baseline-Baseline-Enhanced recycling","South Korea",2070,116.881100001733
"Ambitious-Baseline-Baseline-Baseline-Enhanced recycling","United Kingdom",2023,0.375401197050767
"Ambitious-Baseline-Baseline-Baseline-Enhanced recycling","United Kingdom",2024,0.568453028874787
"Ambitious-Baseline-Baseline-Baseline-Enhanced recycling","United Kingdom",2025,0.739798152947812
"Ambitious-Baseline-Baseline-Baseline-Enhanced recycling","United Kingdom",2026,1.10857275748369
"Ambitious-Baseline-Baseline-Baseline-Enhanced recycling","United Kingdom",2027,1.61204044610699
"Ambitious-Baseline-Baseline-Baseline-Enhanced recycling","United Kingdom",2028,2.35117416510706
"Ambitious-Baseline-Baseline-Baseline-Enhanced recycling","United Kingdom",2029,3.37435890268991
"Ambitious-Baseline-Baseline-Baseline-Enhanced recycling","United Kingdom",2030,4.8708477102688
"Ambitious-Baseline-Baseline-Baseline-Enhanced recycling","United Kingdom",2031,6.82026016139235
"Ambitious-Baseline-Baseline-Baseline-Enhanced recycling","United Kingdom",2032,8.24759132817386
"Ambitious-Baseline-Baseline-Baseline-Enhanced recycling","United Kingdom",2033,10.2418078418184
"Ambitious-Baseline-Baseline-Baseline-Enhanced recycling","United Kingdom",2034,12.862167548699
"Ambitious-Baseline-Baseline-Baseline-Enhanced recycling","United Kingdom",2035,16.2639121851394
"Ambitious-Baseline-Baseline-Baseline-Enhanced recycling","United Kingdom",2036,20.5174777507151
"Ambitious-Baseline-Baseline-Baseline-Enhanced recycling","United Kingdom",2037,25.7111894363581
"Ambitious-Baseline-Baseline-Baseline-Enhanced recycling","United Kingdom",2038,31.8985027524262
"Ambitious-Baseline-Baseline-Baseline-Enhanced recycling","United Kingdom",2039,39.1169541074254
"Ambitious-Baseline-Baseline-Baseline-Enhanced recycling","United Kingdom",2040,47.4218636506278
"Ambitious-Baseline-Baseline-Baseline-Enhanced recycling","United Kingdom",2041,57.4578968918461
"Ambitious-Baseline-Baseline-Baseline-Enhanced recycling","United Kingdom",2042,68.8039386717301
"Ambitious-Baseline-Baseline-Baseline-Enhanced recycling","United Kingdom",2043,80.7795014550001
"Ambitious-Baseline-Baseline-Baseline-Enhanced recycling","United Kingdom",2044,92.4684192118678
"Ambitious-Baseline-Baseline-Baseline-Enhanced recycling","United Kingdom",2045,104.282726971263
"Ambitious-Baseline-Baseline-Baseline-Enhanced recycling","United Kingdom",2046,115.202879878638
"Ambitious-Baseline-Baseline-Baseline-Enhanced recycling","United Kingdom",2047,124.903668279289
"Ambitious-Baseline-Baseline-Baseline-Enhanced recycling","United Kingdom",2048,133.266064316126
"Ambitious-Baseline-Baseline-Baseline-Enhanced recycling","United Kingdom",2049,140.344604416284
"Ambitious-Baseline-Baseline-Baseline-Enhanced recycling","United Kingdom",2050,146.291081287721
"Ambitious-Baseline-Baseline-Baseline-Enhanced recycling","United Kingdom",2051,151.295161422538
"Ambitious-Baseline-Baseline-Baseline-Enhanced recycling","United Kingdom",2052,155.93599264396
"Ambitious-Baseline-Baseline-Baseline-Enhanced recycling","United Kingdom",2053,160.077335445653
"Ambitious-Baseline-Baseline-Baseline-Enhanced recycling","United Kingdom",2054,163.842935371603
"Ambitious-Baseline-Baseline-Baseline-Enhanced recycling","United Kingdom",2055,167.28744327133
"Ambitious-Baseline-Baseline-Baseline-Enhanced recycling","United Kingdom",2056,170.444166473827
"Ambitious-Baseline-Baseline-Baseline-Enhanced recycling","United Kingdom",2057,173.296976610122
"Ambitious-Baseline-Baseline-Baseline-Enhanced recycling","United Kingdom",2058,175.851272297343
"Ambitious-Baseline-Baseline-Baseline-Enhanced recycling","United Kingdom",2059,178.123125501465
"Ambitious-Baseline-Baseline-Baseline-Enhanced recycling","United Kingdom",2060,180.150529667744
"Ambitious-Baseline-Baseline-Baseline-Enhanced recycling","United Kingdom",2061,182.027414044961
"Ambitious-Baseline-Baseline-Baseline-Enhanced recycling","United Kingdom",2062,183.771323140576
"Ambitious-Baseline-Baseline-Baseline-Enhanced recycling","United Kingdom",2063,185.470255538427
"Ambitious-Baseline-Baseline-Baseline-Enhanced recycling","United Kingdom",2064,187.157719253086
"Ambitious-Baseline-Baseline-Baseline-Enhanced recycling","United Kingdom",2065,188.839639607525
"Ambitious-Baseline-Baseline-Baseline-Enhanced recycling","United Kingdom",2066,190.508542570377
"Ambitious-Baseline-Baseline-Baseline-Enhanced recycling","United Kingdom",2067,192.145482089022
"Ambitious-Baseline-Baseline-Baseline-Enhanced recycling","United Kingdom",2068,193.745568803433
"Ambitious-Baseline-Baseline-Baseline-Enhanced recycling","United Kingdom",2069,195.303827180809
"Ambitious-Baseline-Baseline-Baseline-Enhanced recycling","United Kingdom",2070,196.818299915564
"Ambitious-Baseline-Baseline-Baseline-Enhanced recycling","United States",2023,1.15531077344955
"Ambitious-Baseline-Baseline-Baseline-Enhanced recycling","United States",2024,1.53469857248555
"Ambitious-Baseline-Baseline-Baseline-Enhanced recycling","United States",2025,2.95097986943485
"Ambitious-Baseline-Baseline-Baseline-Enhanced recycling","United States",2026,5.13667188123634
"Ambitious-Baseline-Baseline-Baseline-Enhanced recycling","United States",2027,8.41058024075428
"Ambitious-Baseline-Baseline-Baseline-Enhanced recycling","United States",2028,12.6311008390173
"Ambitious-Baseline-Baseline-Baseline-Enhanced recycling","United States",2029,19.2723738864322
"Ambitious-Baseline-Baseline-Baseline-Enhanced recycling","United States",2030,25.3324703888165
"Ambitious-Baseline-Baseline-Baseline-Enhanced recycling","United States",2031,35.4283770030749
"Ambitious-Baseline-Baseline-Baseline-Enhanced recycling","United States",2032,45.4782578134858
"Ambitious-Baseline-Baseline-Baseline-Enhanced recycling","United States",2033,58.2399425911684
"Ambitious-Baseline-Baseline-Baseline-Enhanced recycling","United States",2034,74.5098133914119
"Ambitious-Baseline-Baseline-Baseline-Enhanced recycling","United States",2035,94.290291041116
"Ambitious-Baseline-Baseline-Baseline-Enhanced recycling","United States",2036,116.857138955894
"Ambitious-Baseline-Baseline-Baseline-Enhanced recycling","United States",2037,143.358600732828
"Ambitious-Baseline-Baseline-Baseline-Enhanced recycling","United States",2038,176.483369352126
"Ambitious-Baseline-Baseline-Baseline-Enhanced recycling","United States",2039,215.552336538592
"Ambitious-Baseline-Baseline-Baseline-Enhanced recycling","United States",2040,260.417192658944
"Ambitious-Baseline-Baseline-Baseline-Enhanced recycling","United States",2041,310.729865557514
"Ambitious-Baseline-Baseline-Baseline-Enhanced recycling","United States",2042,364.488906595609
"Ambitious-Baseline-Baseline-Baseline-Enhanced recycling","United States",2043,421.67880517119
"Ambitious-Baseline-Baseline-Baseline-Enhanced recycling","United States",2044,480.401366151992
"Ambitious-Baseline-Baseline-Baseline-Enhanced recycling","United States",2045,539.686536348838
"Ambitious-Baseline-Baseline-Baseline-Enhanced recycling","United States",2046,598.320559185755
"Ambitious-Baseline-Baseline-Baseline-Enhanced recycling","United States",2047,654.671020326953
"Ambitious-Baseline-Baseline-Baseline-Enhanced recycling","United States",2048,708.312648325265
"Ambitious-Baseline-Baseline-Baseline-Enhanced recycling","United States",2049,757.753614981783
"Ambitious-Baseline-Baseline-Baseline-Enhanced recycling","United States",2050,802.316463858951
"Ambitious-Baseline-Baseline-Baseline-Enhanced recycling","United States",2051,841.440486836595
"Ambitious-Baseline-Baseline-Baseline-Enhanced recycling","United States",2052,877.908409719077
"Ambitious-Baseline-Baseline-Baseline-Enhanced recycling","United States",2053,910.533757634348
"Ambitious-Baseline-Baseline-Baseline-Enhanced recycling","United States",2054,938.056220355564
"Ambitious-Baseline-Baseline-Baseline-Enhanced recycling","United States",2055,961.07571307803
"Ambitious-Baseline-Baseline-Baseline-Enhanced recycling","United States",2056,980.284449443887
"Ambitious-Baseline-Baseline-Baseline-Enhanced recycling","United States",2057,996.402776905528
"Ambitious-Baseline-Baseline-Baseline-Enhanced recycling","United States",2058,1009.66242333374
"Ambitious-Baseline-Baseline-Baseline-Enhanced recycling","United States",2059,1020.65253680767
"Ambitious-Baseline-Baseline-Baseline-Enhanced recycling","United States",2060,1029.58990308091
"Ambitious-Baseline-Baseline-Baseline-Enhanced recycling","United States",2061,1036.8062696509
"Ambitious-Baseline-Baseline-Baseline-Enhanced recycling","United States",2062,1042.67841377068
"Ambitious-Baseline-Baseline-Baseline-Enhanced recycling","United States",2063,1047.49637295471
"Ambitious-Baseline-Baseline-Baseline-Enhanced recycling","United States",2064,1051.39142233249
"Ambitious-Baseline-Baseline-Baseline-Enhanced recycling","United States",2065,1054.59473413964
"Ambitious-Baseline-Baseline-Baseline-Enhanced recycling","United States",2066,1057.26375284665
"Ambitious-Baseline-Baseline-Baseline-Enhanced recycling","United States",2067,1059.50201178776
"Ambitious-Baseline-Baseline-Baseline-Enhanced recycling","United States",2068,1061.49738348985
"Ambitious-Baseline-Baseline-Baseline-Enhanced recycling","United States",2069,1063.31297768129
"Ambitious-Baseline-Baseline-Baseline-Enhanced recycling","United States",2070,1064.95647184368
"Ambitious-Baseline-Baseline-Baseline-USA Recycling","ASEAN",2023,0.0723766159023914
"Ambitious-Baseline-Baseline-Baseline-USA Recycling","ASEAN",2024,0.127511030046309
"Ambitious-Baseline-Baseline-Baseline-USA Recycling","ASEAN",2025,0.199296583246019
"Ambitious-Baseline-Baseline-Baseline-USA Recycling","ASEAN",2026,0.314025489404761
"Ambitious-Baseline-Baseline-Baseline-USA Recycling","ASEAN",2027,0.519403612115609
"Ambitious-Baseline-Baseline-Baseline-USA Recycling","ASEAN",2028,0.881424863069736
"Ambitious-Baseline-Baseline-Baseline-USA Recycling","ASEAN",2029,1.53359869109313
"Ambitious-Baseline-Baseline-Baseline-USA Recycling","ASEAN",2030,2.68974576347877
"Ambitious-Baseline-Baseline-Baseline-USA Recycling","ASEAN",2031,4.82598269352099
"Ambitious-Baseline-Baseline-Baseline-USA Recycling","ASEAN",2032,6.65838205606556
"Ambitious-Baseline-Baseline-Baseline-USA Recycling","ASEAN",2033,9.08577783779063
"Ambitious-Baseline-Baseline-Baseline-USA Recycling","ASEAN",2034,12.3057455088531
"Ambitious-Baseline-Baseline-Baseline-USA Recycling","ASEAN",2035,16.595635343249
"Ambitious-Baseline-Baseline-Baseline-USA Recycling","ASEAN",2036,22.0241396611374
"Ambitious-Baseline-Baseline-Baseline-USA Recycling","ASEAN",2037,28.557469329388
"Ambitious-Baseline-Baseline-Baseline-USA Recycling","ASEAN",2038,36.6295778321243
"Ambitious-Baseline-Baseline-Baseline-USA Recycling","ASEAN",2039,46.3356624303207
"Ambitious-Baseline-Baseline-Baseline-USA Recycling","ASEAN",2040,57.8636513759149
"Ambitious-Baseline-Baseline-Baseline-USA Recycling","ASEAN",2041,71.7831275079219
"Ambitious-Baseline-Baseline-Baseline-USA Recycling","ASEAN",2042,87.2408062903679
"Ambitious-Baseline-Baseline-Baseline-USA Recycling","ASEAN",2043,104.907045483766
"Ambitious-Baseline-Baseline-Baseline-USA Recycling","ASEAN",2044,124.685484043499
"Ambitious-Baseline-Baseline-Baseline-USA Recycling","ASEAN",2045,146.609376901111
"Ambitious-Baseline-Baseline-Baseline-USA Recycling","ASEAN",2046,170.620603527184
"Ambitious-Baseline-Baseline-Baseline-USA Recycling","ASEAN",2047,196.188731253391
"Ambitious-Baseline-Baseline-Baseline-USA Recycling","ASEAN",2048,222.818151126321
"Ambitious-Baseline-Baseline-Baseline-USA Recycling","ASEAN",2049,250.163424266922
"Ambitious-Baseline-Baseline-Baseline-USA Recycling","ASEAN",2050,278.160099635533
"Ambitious-Baseline-Baseline-Baseline-USA Recycling","ASEAN",2051,306.117112829855
"Ambitious-Baseline-Baseline-Baseline-USA Recycling","ASEAN",2052,334.583968270281
"Ambitious-Baseline-Baseline-Baseline-USA Recycling","ASEAN",2053,362.772539749264
"Ambitious-Baseline-Baseline-Baseline-USA Recycling","ASEAN",2054,390.851730348274
"Ambitious-Baseline-Baseline-Baseline-USA Recycling","ASEAN",2055,418.077048152171
"Ambitious-Baseline-Baseline-Baseline-USA Recycling","ASEAN",2056,444.239348699545
"Ambitious-Baseline-Baseline-Baseline-USA Recycling","ASEAN",2057,469.150964462709
"Ambitious-Baseline-Baseline-Baseline-USA Recycling","ASEAN",2058,492.598633901181
"Ambitious-Baseline-Baseline-Baseline-USA Recycling","ASEAN",2059,514.478539799606
"Ambitious-Baseline-Baseline-Baseline-USA Recycling","ASEAN",2060,534.717694869694
"Ambitious-Baseline-Baseline-Baseline-USA Recycling","ASEAN",2061,553.325215742679
"Ambitious-Baseline-Baseline-Baseline-USA Recycling","ASEAN",2062,570.353715132523
"Ambitious-Baseline-Baseline-Baseline-USA Recycling","ASEAN",2063,585.835682101974
"Ambitious-Baseline-Baseline-Baseline-USA Recycling","ASEAN",2064,599.850843852471
"Ambitious-Baseline-Baseline-Baseline-USA Recycling","ASEAN",2065,612.487679671082
"Ambitious-Baseline-Baseline-Baseline-USA Recycling","ASEAN",2066,623.837351430513
"Ambitious-Baseline-Baseline-Baseline-USA Recycling","ASEAN",2067,634.069828095796
"Ambitious-Baseline-Baseline-Baseline-USA Recycling","ASEAN",2068,643.347779280747
"Ambitious-Baseline-Baseline-Baseline-USA Recycling","ASEAN",2069,651.835674341346
"Ambitious-Baseline-Baseline-Baseline-USA Recycling","ASEAN",2070,659.713858668474
"Ambitious-Baseline-Baseline-Baseline-USA Recycling","Africa",2023,0.042417910568897
"Ambitious-Baseline-Baseline-Baseline-USA Recycling","Africa",2024,0.0721408327918785
"Ambitious-Baseline-Baseline-Baseline-USA Recycling","Africa",2025,0.146741333786936
"Ambitious-Baseline-Baseline-Baseline-USA Recycling","Africa",2026,0.23369060376432
"Ambitious-Baseline-Baseline-Baseline-USA Recycling","Africa",2027,0.401979557090879
"Ambitious-Baseline-Baseline-Baseline-USA Recycling","Africa",2028,0.637660576294888
"Ambitious-Baseline-Baseline-Baseline-USA Recycling","Africa",2029,1.0663604522856
"Ambitious-Baseline-Baseline-Baseline-USA Recycling","Africa",2030,1.66236415716659
"Ambitious-Baseline-Baseline-Baseline-USA Recycling","Africa",2031,2.64273673483362
"Ambitious-Baseline-Baseline-Baseline-USA Recycling","Africa",2032,3.62694443695198
"Ambitious-Baseline-Baseline-Baseline-USA Recycling","Africa",2033,4.94501353018327
"Ambitious-Baseline-Baseline-Baseline-USA Recycling","Africa",2034,6.69116240145224
"Ambitious-Baseline-Baseline-Baseline-USA Recycling","Africa",2035,8.83658191270804
"Ambitious-Baseline-Baseline-Baseline-USA Recycling","Africa",2036,11.6478610171664
"Ambitious-Baseline-Baseline-Baseline-USA Recycling","Africa",2037,15.1263930995949
"Ambitious-Baseline-Baseline-Baseline-USA Recycling","Africa",2038,19.4021941342573
"Ambitious-Baseline-Baseline-Baseline-USA Recycling","Africa",2039,24.5522732118542
"Ambitious-Baseline-Baseline-Baseline-USA Recycling","Africa",2040,30.8297420873309
"Ambitious-Baseline-Baseline-Baseline-USA Recycling","Africa",2041,38.023194430188
"Ambitious-Baseline-Baseline-Baseline-USA Recycling","Africa",2042,46.1661500033968
"Ambitious-Baseline-Baseline-Baseline-USA Recycling","Africa",2043,55.3805401175405
"Ambitious-Baseline-Baseline-Baseline-USA Recycling","Africa",2044,65.6315846442889
"Ambitious-Baseline-Baseline-Baseline-USA Recycling","Africa",2045,76.7746993028482
"Ambitious-Baseline-Baseline-Baseline-USA Recycling","Africa",2046,88.9485955035257
"Ambitious-Baseline-Baseline-Baseline-USA Recycling","Africa",2047,101.48508788135
"Ambitious-Baseline-Baseline-Baseline-USA Recycling","Africa",2048,114.309262158527
"Ambitious-Baseline-Baseline-Baseline-USA Recycling","Africa",2049,127.262783869654
"Ambitious-Baseline-Baseline-Baseline-USA Recycling","Africa",2050,140.182352386615
"Ambitious-Baseline-Baseline-Baseline-USA Recycling","Africa",2051,152.953489003572
"Ambitious-Baseline-Baseline-Baseline-USA Recycling","Africa",2052,165.692333049085
"Ambitious-Baseline-Baseline-Baseline-USA Recycling","Africa",2053,178.277106454666
"Ambitious-Baseline-Baseline-Baseline-USA Recycling","Africa",2054,190.687991349538
"Ambitious-Baseline-Baseline-Baseline-USA Recycling","Africa",2055,202.902554258768
"Ambitious-Baseline-Baseline-Baseline-USA Recycling","Africa",2056,214.878402649651
"Ambitious-Baseline-Baseline-Baseline-USA Recycling","Africa",2057,226.590460986002
"Ambitious-Baseline-Baseline-Baseline-USA Recycling","Africa",2058,237.912094969779
"Ambitious-Baseline-Baseline-Baseline-USA Recycling","Africa",2059,248.761817774985
"Ambitious-Baseline-Baseline-Baseline-USA Recycling","Africa",2060,259.03864146743
"Ambitious-Baseline-Baseline-Baseline-USA Recycling","Africa",2061,268.674528036695
"Ambitious-Baseline-Baseline-Baseline-USA Recycling","Africa",2062,277.619530192739
"Ambitious-Baseline-Baseline-Baseline-USA Recycling","Africa",2063,285.810436365324
"Ambitious-Baseline-Baseline-Baseline-USA Recycling","Africa",2064,293.245554859304
"Ambitious-Baseline-Baseline-Baseline-USA Recycling","Africa",2065,299.921811013608
"Ambitious-Baseline-Baseline-Baseline-USA Recycling","Africa",2066,305.876730034554
"Ambitious-Baseline-Baseline-Baseline-USA Recycling","Africa",2067,311.179805187838
"Ambitious-Baseline-Baseline-Baseline-USA Recycling","Africa",2068,315.93260166248
"Ambitious-Baseline-Baseline-Baseline-USA Recycling","Africa",2069,320.229782691647
"Ambitious-Baseline-Baseline-Baseline-USA Recycling","Africa",2070,324.169860009781
"Ambitious-Baseline-Baseline-Baseline-USA Recycling","Australia/NZ",2023,0.0657982903018657
"Ambitious-Baseline-Baseline-Baseline-USA Recycling","Australia/NZ",2024,0.104646601117147
"Ambitious-Baseline-Baseline-Baseline-USA Recycling","Australia/NZ",2025,0.150502794150307
"Ambitious-Baseline-Baseline-Baseline-USA Recycling","Australia/NZ",2026,0.257075530791655
"Ambitious-Baseline-Baseline-Baseline-USA Recycling","Australia/NZ",2027,0.398714913342712
"Ambitious-Baseline-Baseline-Baseline-USA Recycling","Australia/NZ",2028,0.501132640691037
"Ambitious-Baseline-Baseline-Baseline-USA Recycling","Australia/NZ",2029,0.636650588303532
"Ambitious-Baseline-Baseline-Baseline-USA Recycling","Australia/NZ",2030,0.822935325070297
"Ambitious-Baseline-Baseline-Baseline-USA Recycling","Australia/NZ",2031,1.09464430922588
"Ambitious-Baseline-Baseline-Baseline-USA Recycling","Australia/NZ",2032,1.40962583493143
"Ambitious-Baseline-Baseline-Baseline-USA Recycling","Australia/NZ",2033,1.92173607676827
"Ambitious-Baseline-Baseline-Baseline-USA Recycling","Australia/NZ",2034,2.58078777770456
"Ambitious-Baseline-Baseline-Baseline-USA Recycling","Australia/NZ",2035,3.41990305652102
"Ambitious-Baseline-Baseline-Baseline-USA Recycling","Australia/NZ",2036,4.48837847332291
"Ambitious-Baseline-Baseline-Baseline-USA Recycling","Australia/NZ",2037,5.77590455819583
"Ambitious-Baseline-Baseline-Baseline-USA Recycling","Australia/NZ",2038,7.23030385242841
"Ambitious-Baseline-Baseline-Baseline-USA Recycling","Australia/NZ",2039,8.95169945750781
"Ambitious-Baseline-Baseline-Baseline-USA Recycling","Australia/NZ",2040,10.9029290189278
"Ambitious-Baseline-Baseline-Baseline-USA Recycling","Australia/NZ",2041,13.0757915800723
"Ambitious-Baseline-Baseline-Baseline-USA Recycling","Australia/NZ",2042,15.4962558997775
"Ambitious-Baseline-Baseline-Baseline-USA Recycling","Australia/NZ",2043,18.1255472105071
"Ambitious-Baseline-Baseline-Baseline-USA Recycling","Australia/NZ",2044,20.9633128114518
"Ambitious-Baseline-Baseline-Baseline-USA Recycling","Australia/NZ",2045,24.0057344215598
"Ambitious-Baseline-Baseline-Baseline-USA Recycling","Australia/NZ",2046,27.9899205519437
"Ambitious-Baseline-Baseline-Baseline-USA Recycling","Australia/NZ",2047,31.8099933412109
"Ambitious-Baseline-Baseline-Baseline-USA Recycling","Australia/NZ",2048,35.7466173432945
"Ambitious-Baseline-Baseline-Baseline-USA Recycling","Australia/NZ",2049,39.3914248370345
"Ambitious-Baseline-Baseline-Baseline-USA Recycling","Australia/NZ",2050,43.1575092276226
"Ambitious-Baseline-Baseline-Baseline-USA Recycling","Australia/NZ",2051,46.6382352786798
"Ambitious-Baseline-Baseline-Baseline-USA Recycling","Australia/NZ",2052,49.9562351150094
"Ambitious-Baseline-Baseline-Baseline-USA Recycling","Australia/NZ",2053,52.8694804427405
"Ambitious-Baseline-Baseline-Baseline-USA Recycling","Australia/NZ",2054,55.3975629549412
"Ambitious-Baseline-Baseline-Baseline-USA Recycling","Australia/NZ",2055,57.5759463822961
"Ambitious-Baseline-Baseline-Baseline-USA Recycling","Australia/NZ",2056,59.451303006898
"Ambitious-Baseline-Baseline-Baseline-USA Recycling","Australia/NZ",2057,61.0776770086863
"Ambitious-Baseline-Baseline-Baseline-USA Recycling","Australia/NZ",2058,62.4901102958473
"Ambitious-Baseline-Baseline-Baseline-USA Recycling","Australia/NZ",2059,63.7026798853406
"Ambitious-Baseline-Baseline-Baseline-USA Recycling","Australia/NZ",2060,64.7271381054593
"Ambitious-Baseline-Baseline-Baseline-USA Recycling","Australia/NZ",2061,65.5596536224071
"Ambitious-Baseline-Baseline-Baseline-USA Recycling","Australia/NZ",2062,66.2061016942398
"Ambitious-Baseline-Baseline-Baseline-USA Recycling","Australia/NZ",2063,66.6792877685012
"Ambitious-Baseline-Baseline-Baseline-USA Recycling","Australia/NZ",2064,66.9985967081258
"Ambitious-Baseline-Baseline-Baseline-USA Recycling","Australia/NZ",2065,67.1921767233571
"Ambitious-Baseline-Baseline-Baseline-USA Recycling","Australia/NZ",2066,67.2978920902671
"Ambitious-Baseline-Baseline-Baseline-USA Recycling","Australia/NZ",2067,67.3463204714236
"Ambitious-Baseline-Baseline-Baseline-USA Recycling","Australia/NZ",2068,67.3611132632967
"Ambitious-Baseline-Baseline-Baseline-USA Recycling","Australia/NZ",2069,67.3666831489892
"Ambitious-Baseline-Baseline-Baseline-USA Recycling","Australia/NZ",2070,67.3716562880526
"Ambitious-Baseline-Baseline-Baseline-USA Recycling","Brazil",2023,0.0185753461890392
"Ambitious-Baseline-Baseline-Baseline-USA Recycling","Brazil",2024,0.0503753530454067
"Ambitious-Baseline-Baseline-Baseline-USA Recycling","Brazil",2025,0.0623487880431675
"Ambitious-Baseline-Baseline-Baseline-USA Recycling","Brazil",2026,0.171860177569487
"Ambitious-Baseline-Baseline-Baseline-USA Recycling","Brazil",2027,0.343336751397837
"Ambitious-Baseline-Baseline-Baseline-USA Recycling","Brazil",2028,0.495146367194026
"Ambitious-Baseline-Baseline-Baseline-USA Recycling","Brazil",2029,0.724697999175721
"Ambitious-Baseline-Baseline-Baseline-USA Recycling","Brazil",2030,1.06107553130738
"Ambitious-Baseline-Baseline-Baseline-USA Recycling","Brazil",2031,1.57890190576792
"Ambitious-Baseline-Baseline-Baseline-USA Recycling","Brazil",2032,2.14468549398084
"Ambitious-Baseline-Baseline-Baseline-USA Recycling","Brazil",2033,2.87173729377836
"Ambitious-Baseline-Baseline-Baseline-USA Recycling","Brazil",2034,3.82062366695871
"Ambitious-Baseline-Baseline-Baseline-USA Recycling","Brazil",2035,5.05293465671169
"Ambitious-Baseline-Baseline-Baseline-USA Recycling","Brazil",2036,6.6325028288504
"Ambitious-Baseline-Baseline-Baseline-USA Recycling","Brazil",2037,8.63571532518245
"Ambitious-Baseline-Baseline-Baseline-USA Recycling","Brazil",2038,11.1310325148317
"Ambitious-Baseline-Baseline-Baseline-USA Recycling","Brazil",2039,14.307713503905
"Ambitious-Baseline-Baseline-Baseline-USA Recycling","Brazil",2040,17.9208982716869
"Ambitious-Baseline-Baseline-Baseline-USA Recycling","Brazil",2041,22.1285449519921
"Ambitious-Baseline-Baseline-Baseline-USA Recycling","Brazil",2042,26.7800557174107
"Ambitious-Baseline-Baseline-Baseline-USA Recycling","Brazil",2043,32.0181415383441
"Ambitious-Baseline-Baseline-Baseline-USA Recycling","Brazil",2044,37.8115321605494
"Ambitious-Baseline-Baseline-Baseline-USA Recycling","Brazil",2045,44.126774907416
"Ambitious-Baseline-Baseline-Baseline-USA Recycling","Brazil",2046,50.7624978969989
"Ambitious-Baseline-Baseline-Baseline-USA Recycling","Brazil",2047,58.0495142305798
"Ambitious-Baseline-Baseline-Baseline-USA Recycling","Brazil",2048,66.5320662429998
"Ambitious-Baseline-Baseline-Baseline-USA Recycling","Brazil",2049,75.3446685928015
"Ambitious-Baseline-Baseline-Baseline-USA Recycling","Brazil",2050,84.3806798498928
"Ambitious-Baseline-Baseline-Baseline-USA Recycling","Brazil",2051,93.5328466453869
"Ambitious-Baseline-Baseline-Baseline-USA Recycling","Brazil",2052,103.139279779052
"Ambitious-Baseline-Baseline-Baseline-USA Recycling","Brazil",2053,112.630951773093
"Ambitious-Baseline-Baseline-Baseline-USA Recycling","Brazil",2054,121.863379660893
"Ambitious-Baseline-Baseline-Baseline-USA Recycling","Brazil",2055,130.703408783987
"Ambitious-Baseline-Baseline-Baseline-USA Recycling","Brazil",2056,139.035900971726
"Ambitious-Baseline-Baseline-Baseline-USA Recycling","Brazil",2057,146.791690146259
"Ambitious-Baseline-Baseline-Baseline-USA Recycling","Brazil",2058,153.902293395345
"Ambitious-Baseline-Baseline-Baseline-USA Recycling","Brazil",2059,160.365164072789
"Ambitious-Baseline-Baseline-Baseline-USA Recycling","Brazil",2060,166.178632935693
"Ambitious-Baseline-Baseline-Baseline-USA Recycling","Brazil",2061,171.36451512725
"Ambitious-Baseline-Baseline-Baseline-USA Recycling","Brazil",2062,175.970916133515
"Ambitious-Baseline-Baseline-Baseline-USA Recycling","Brazil",2063,180.029574337987
"Ambitious-Baseline-Baseline-Baseline-USA Recycling","Brazil",2064,183.594607027063
"Ambitious-Baseline-Baseline-Baseline-USA Recycling","Brazil",2065,186.715645679118
"Ambitious-Baseline-Baseline-Baseline-USA Recycling","Brazil",2066,189.442495913439
"Ambitious-Baseline-Baseline-Baseline-USA Recycling","Brazil",2067,191.839371573577
"Ambitious-Baseline-Baseline-Baseline-USA Recycling","Brazil",2068,193.959150312397
"Ambitious-Baseline-Baseline-Baseline-USA Recycling","Brazil",2069,195.862389032723
"Ambitious-Baseline-Baseline-Baseline-USA Recycling","Brazil",2070,197.60544793792
"Ambitious-Baseline-Baseline-Baseline-USA Recycling","Canada",2023,0.121702221075323
"Ambitious-Baseline-Baseline-Baseline-USA Recycling","Canada",2024,0.142770827788082
"Ambitious-Baseline-Baseline-Baseline-USA Recycling","Canada",2025,0.20771618186558
"Ambitious-Baseline-Baseline-Baseline-USA Recycling","Canada",2026,0.311844967793909
"Ambitious-Baseline-Baseline-Baseline-USA Recycling","Canada",2027,0.465138524770803
"Ambitious-Baseline-Baseline-Baseline-USA Recycling","Canada",2028,0.691583751516784
"Ambitious-Baseline-Baseline-Baseline-USA Recycling","Canada",2029,1.03256256589418
"Ambitious-Baseline-Baseline-Baseline-USA Recycling","Canada",2030,1.56911232955413
"Ambitious-Baseline-Baseline-Baseline-USA Recycling","Canada",2031,2.40264617037297
"Ambitious-Baseline-Baseline-Baseline-USA Recycling","Canada",2032,3.00595184884676
"Ambitious-Baseline-Baseline-Baseline-USA Recycling","Canada",2033,3.79176038615011
"Ambitious-Baseline-Baseline-Baseline-USA Recycling","Canada",2034,4.81670472041458
"Ambitious-Baseline-Baseline-Baseline-USA Recycling","Canada",2035,6.14568861773743
"Ambitious-Baseline-Baseline-Baseline-USA Recycling","Canada",2036,7.66984282013839
"Ambitious-Baseline-Baseline-Baseline-USA Recycling","Canada",2037,9.77194621696258
"Ambitious-Baseline-Baseline-Baseline-USA Recycling","Canada",2038,12.1636140747415
"Ambitious-Baseline-Baseline-Baseline-USA Recycling","Canada",2039,15.0384115342902
"Ambitious-Baseline-Baseline-Baseline-USA Recycling","Canada",2040,18.4124413257712
"Ambitious-Baseline-Baseline-Baseline-USA Recycling","Canada",2041,22.3009760056538
"Ambitious-Baseline-Baseline-Baseline-USA Recycling","Canada",2042,26.7117901259052
"Ambitious-Baseline-Baseline-Baseline-USA Recycling","Canada",2043,31.4923142964273
"Ambitious-Baseline-Baseline-Baseline-USA Recycling","Canada",2044,36.4789923175511
"Ambitious-Baseline-Baseline-Baseline-USA Recycling","Canada",2045,41.4723466417286
"Ambitious-Baseline-Baseline-Baseline-USA Recycling","Canada",2046,46.4887153763901
"Ambitious-Baseline-Baseline-Baseline-USA Recycling","Canada",2047,51.7726392795822
"Ambitious-Baseline-Baseline-Baseline-USA Recycling","Canada",2048,56.5278846408759
"Ambitious-Baseline-Baseline-Baseline-USA Recycling","Canada",2049,60.6681832971891
"Ambitious-Baseline-Baseline-Baseline-USA Recycling","Canada",2050,64.1487105362885
"Ambitious-Baseline-Baseline-Baseline-USA Recycling","Canada",2051,66.9814566716544
"Ambitious-Baseline-Baseline-Baseline-USA Recycling","Canada",2052,69.7147681704209
"Ambitious-Baseline-Baseline-Baseline-USA Recycling","Canada",2053,71.9903148352371
"Ambitious-Baseline-Baseline-Baseline-USA Recycling","Canada",2054,73.8953767922806
"Ambitious-Baseline-Baseline-Baseline-USA Recycling","Canada",2055,75.4859716850848
"Ambitious-Baseline-Baseline-Baseline-USA Recycling","Canada",2056,76.8035591593427
"Ambitious-Baseline-Baseline-Baseline-USA Recycling","Canada",2057,77.8893825623733
"Ambitious-Baseline-Baseline-Baseline-USA Recycling","Canada",2058,78.7630562957579
"Ambitious-Baseline-Baseline-Baseline-USA Recycling","Canada",2059,79.4419418200933
"Ambitious-Baseline-Baseline-Baseline-USA Recycling","Canada",2060,79.9545803184796
"Ambitious-Baseline-Baseline-Baseline-USA Recycling","Canada",2061,80.3239463257758
"Ambitious-Baseline-Baseline-Baseline-USA Recycling","Canada",2062,80.5826185264232
"Ambitious-Baseline-Baseline-Baseline-USA Recycling","Canada",2063,80.7667468647224
"Ambitious-Baseline-Baseline-Baseline-USA Recycling","Canada",2064,80.9012722221257
"Ambitious-Baseline-Baseline-Baseline-USA Recycling","Canada",2065,81.0041676628111
"Ambitious-Baseline-Baseline-Baseline-USA Recycling","Canada",2066,81.0904324831853
"Ambitious-Baseline-Baseline-Baseline-USA Recycling","Canada",2067,81.1641215122863
"Ambitious-Baseline-Baseline-Baseline-USA Recycling","Canada",2068,81.2308783468025
"Ambitious-Baseline-Baseline-Baseline-USA Recycling","Canada",2069,81.2951459253924
"Ambitious-Baseline-Baseline-Baseline-USA Recycling","Canada",2070,81.3488033547129
"Ambitious-Baseline-Baseline-Baseline-USA Recycling","China",2023,10.7373479200508
"Ambitious-Baseline-Baseline-Baseline-USA Recycling","China",2024,14.2058628062138
"Ambitious-Baseline-Baseline-Baseline-USA Recycling","China",2025,22.4199827347462
"Ambitious-Baseline-Baseline-Baseline-USA Recycling","China",2026,34.1790847212444
"Ambitious-Baseline-Baseline-Baseline-USA Recycling","China",2027,48.8005050003078
"Ambitious-Baseline-Baseline-Baseline-USA Recycling","China",2028,68.5672880839908
"Ambitious-Baseline-Baseline-Baseline-USA Recycling","China",2029,94.5059736732222
"Ambitious-Baseline-Baseline-Baseline-USA Recycling","China",2030,126.384952192895
"Ambitious-Baseline-Baseline-Baseline-USA Recycling","China",2031,166.897503918548
"Ambitious-Baseline-Baseline-Baseline-USA Recycling","China",2032,213.973064262644
"Ambitious-Baseline-Baseline-Baseline-USA Recycling","China",2033,269.400094445915
"Ambitious-Baseline-Baseline-Baseline-USA Recycling","China",2034,333.577543603173
"Ambitious-Baseline-Baseline-Baseline-USA Recycling","China",2035,406.145844854064
"Ambitious-Baseline-Baseline-Baseline-USA Recycling","China",2036,479.197216351131
"Ambitious-Baseline-Baseline-Baseline-USA Recycling","China",2037,564.28575845813
"Ambitious-Baseline-Baseline-Baseline-USA Recycling","China",2038,656.094070185668
"Ambitious-Baseline-Baseline-Baseline-USA Recycling","China",2039,753.730539732759
"Ambitious-Baseline-Baseline-Baseline-USA Recycling","China",2040,856.281104754498
"Ambitious-Baseline-Baseline-Baseline-USA Recycling","China",2041,962.560887061383
"Ambitious-Baseline-Baseline-Baseline-USA Recycling","China",2042,1085.76977411377
"Ambitious-Baseline-Baseline-Baseline-USA Recycling","China",2043,1210.12422565672
"Ambitious-Baseline-Baseline-Baseline-USA Recycling","China",2044,1334.25118815326
"Ambitious-Baseline-Baseline-Baseline-USA Recycling","China",2045,1456.28686074246
"Ambitious-Baseline-Baseline-Baseline-USA Recycling","China",2046,1574.31300352758
"Ambitious-Baseline-Baseline-Baseline-USA Recycling","China",2047,1686.73672581059
"Ambitious-Baseline-Baseline-Baseline-USA Recycling","China",2048,1791.54066792153
"Ambitious-Baseline-Baseline-Baseline-USA Recycling","China",2049,1887.55173653634
"Ambitious-Baseline-Baseline-Baseline-USA Recycling","China",2050,1973.93576425285
"Ambitious-Baseline-Baseline-Baseline-USA Recycling","China",2051,2050.42027231589
"Ambitious-Baseline-Baseline-Baseline-USA Recycling","China",2052,2126.56538655241
"Ambitious-Baseline-Baseline-Baseline-USA Recycling","China",2053,2194.57393171753
"Ambitious-Baseline-Baseline-Baseline-USA Recycling","China",2054,2255.47289609002
"Ambitious-Baseline-Baseline-Baseline-USA Recycling","China",2055,2310.32763206321
"Ambitious-Baseline-Baseline-Baseline-USA Recycling","China",2056,2360.11656318725
"Ambitious-Baseline-Baseline-Baseline-USA Recycling","China",2057,2405.72915807143
"Ambitious-Baseline-Baseline-Baseline-USA Recycling","China",2058,2447.88270031275
"Ambitious-Baseline-Baseline-Baseline-USA Recycling","China",2059,2487.1739668925
"Ambitious-Baseline-Baseline-Baseline-USA Recycling","China",2060,2524.04726934509
"Ambitious-Baseline-Baseline-Baseline-USA Recycling","China",2061,2558.98950597048
"Ambitious-Baseline-Baseline-Baseline-USA Recycling","China",2062,2592.32601473321
"Ambitious-Baseline-Baseline-Baseline-USA Recycling","China",2063,2624.29867312361
"Ambitious-Baseline-Baseline-Baseline-USA Recycling","China",2064,2655.12603471117
"Ambitious-Baseline-Baseline-Baseline-USA Recycling","China",2065,2684.98863426093
"Ambitious-Baseline-Baseline-Baseline-USA Recycling","China",2066,2714.09962112151
"Ambitious-Baseline-Baseline-Baseline-USA Recycling","China",2067,2742.60730317154
"Ambitious-Baseline-Baseline-Baseline-USA Recycling","China",2068,2770.7727880685
"Ambitious-Baseline-Baseline-Baseline-USA Recycling","China",2069,2798.76334579444
"Ambitious-Baseline-Baseline-Baseline-USA Recycling","China",2070,2826.71036972592
"Ambitious-Baseline-Baseline-Baseline-USA Recycling","EFTA",2023,0.2768408640546
"Ambitious-Baseline-Baseline-Baseline-USA Recycling","EFTA",2024,0.341357814026724
"Ambitious-Baseline-Baseline-Baseline-USA Recycling","EFTA",2025,0.401631659271091
"Ambitious-Baseline-Baseline-Baseline-USA Recycling","EFTA",2026,0.562841254967547
"Ambitious-Baseline-Baseline-Baseline-USA Recycling","EFTA",2027,0.664492664922878
"Ambitious-Baseline-Baseline-Baseline-USA Recycling","EFTA",2028,0.828875183904005
"Ambitious-Baseline-Baseline-Baseline-USA Recycling","EFTA",2029,1.06298254780785
"Ambitious-Baseline-Baseline-Baseline-USA Recycling","EFTA",2030,1.38006124778709
"Ambitious-Baseline-Baseline-Baseline-USA Recycling","EFTA",2031,1.79688131479054
"Ambitious-Baseline-Baseline-Baseline-USA Recycling","EFTA",2032,2.2616213120356
"Ambitious-Baseline-Baseline-Baseline-USA Recycling","EFTA",2033,2.86986409720929
"Ambitious-Baseline-Baseline-Baseline-USA Recycling","EFTA",2034,3.57213820583541
"Ambitious-Baseline-Baseline-Baseline-USA Recycling","EFTA",2035,4.42130324717038
"Ambitious-Baseline-Baseline-Baseline-USA Recycling","EFTA",2036,5.44415454061009
"Ambitious-Baseline-Baseline-Baseline-USA Recycling","EFTA",2037,6.55227575768298
"Ambitious-Baseline-Baseline-Baseline-USA Recycling","EFTA",2038,7.72619222999152
"Ambitious-Baseline-Baseline-Baseline-USA Recycling","EFTA",2039,8.9259622300623
"Ambitious-Baseline-Baseline-Baseline-USA Recycling","EFTA",2040,10.1353200933886
"Ambitious-Baseline-Baseline-Baseline-USA Recycling","EFTA",2041,11.3417989818332
"Ambitious-Baseline-Baseline-Baseline-USA Recycling","EFTA",2042,12.5351981172109
"Ambitious-Baseline-Baseline-Baseline-USA Recycling","EFTA",2043,13.7219957175774
"Ambitious-Baseline-Baseline-Baseline-USA Recycling","EFTA",2044,14.9129419151915
"Ambitious-Baseline-Baseline-Baseline-USA Recycling","EFTA",2045,16.0858588815853
"Ambitious-Baseline-Baseline-Baseline-USA Recycling","EFTA",2046,17.2346795292589
"Ambitious-Baseline-Baseline-Baseline-USA Recycling","EFTA",2047,18.2242529057935
"Ambitious-Baseline-Baseline-Baseline-USA Recycling","EFTA",2048,19.2819465336314
"Ambitious-Baseline-Baseline-Baseline-USA Recycling","EFTA",2049,20.2617285163507
"Ambitious-Baseline-Baseline-Baseline-USA Recycling","EFTA",2050,21.1518390294437
"Ambitious-Baseline-Baseline-Baseline-USA Recycling","EFTA",2051,21.9474279955226
"Ambitious-Baseline-Baseline-Baseline-USA Recycling","EFTA",2052,22.6856016012931
"Ambitious-Baseline-Baseline-Baseline-USA Recycling","EFTA",2053,23.3362441944659
"Ambitious-Baseline-Baseline-Baseline-USA Recycling","EFTA",2054,23.9057973882816
"Ambitious-Baseline-Baseline-Baseline-USA Recycling","EFTA",2055,24.4035025702635
"Ambitious-Baseline-Baseline-Baseline-USA Recycling","EFTA",2056,24.8314481020713
"Ambitious-Baseline-Baseline-Baseline-USA Recycling","EFTA",2057,25.1976377456472
"Ambitious-Baseline-Baseline-Baseline-USA Recycling","EFTA",2058,25.5089344322984
"Ambitious-Baseline-Baseline-Baseline-USA Recycling","EFTA",2059,25.7759715467335
"Ambitious-Baseline-Baseline-Baseline-USA Recycling","EFTA",2060,26.0041216628876
"Ambitious-Baseline-Baseline-Baseline-USA Recycling","EFTA",2061,26.1990528364684
"Ambitious-Baseline-Baseline-Baseline-USA Recycling","EFTA",2062,26.3667765050802
"Ambitious-Baseline-Baseline-Baseline-USA Recycling","EFTA",2063,26.5186080355102
"Ambitious-Baseline-Baseline-Baseline-USA Recycling","EFTA",2064,26.6581395246311
"Ambitious-Baseline-Baseline-Baseline-USA Recycling","EFTA",2065,26.7911530489876
"Ambitious-Baseline-Baseline-Baseline-USA Recycling","EFTA",2066,26.9188059862472
"Ambitious-Baseline-Baseline-Baseline-USA Recycling","EFTA",2067,27.0446269770916
"Ambitious-Baseline-Baseline-Baseline-USA Recycling","EFTA",2068,27.1681412757279
"Ambitious-Baseline-Baseline-Baseline-USA Recycling","EFTA",2069,27.2915909797281
"Ambitious-Baseline-Baseline-Baseline-USA Recycling","EFTA",2070,27.4149633273084
"Ambitious-Baseline-Baseline-Baseline-USA Recycling","European Union",2023,1.50374940730139
"Ambitious-Baseline-Baseline-Baseline-USA Recycling","European Union",2024,2.86988587050855
"Ambitious-Baseline-Baseline-Baseline-USA Recycling","European Union",2025,4.34318730998752
"Ambitious-Baseline-Baseline-Baseline-USA Recycling","European Union",2026,7.08311238146202
"Ambitious-Baseline-Baseline-Baseline-USA Recycling","European Union",2027,10.4419176011318
"Ambitious-Baseline-Baseline-Baseline-USA Recycling","European Union",2028,14.8890071031379
"Ambitious-Baseline-Baseline-Baseline-USA Recycling","European Union",2029,20.7260439784901
"Ambitious-Baseline-Baseline-Baseline-USA Recycling","European Union",2030,27.6430877676646
"Ambitious-Baseline-Baseline-Baseline-USA Recycling","European Union",2031,36.5230240159881
"Ambitious-Baseline-Baseline-Baseline-USA Recycling","European Union",2032,46.404818801719
"Ambitious-Baseline-Baseline-Baseline-USA Recycling","European Union",2033,58.408365248971
"Ambitious-Baseline-Baseline-Baseline-USA Recycling","European Union",2034,73.8930182728888
"Ambitious-Baseline-Baseline-Baseline-USA Recycling","European Union",2035,93.7139942933658
"Ambitious-Baseline-Baseline-Baseline-USA Recycling","European Union",2036,118.676100497264
"Ambitious-Baseline-Baseline-Baseline-USA Recycling","European Union",2037,149.557701973532
"Ambitious-Baseline-Baseline-Baseline-USA Recycling","European Union",2038,186.952203211028
"Ambitious-Baseline-Baseline-Baseline-USA Recycling","European Union",2039,230.598392461705
"Ambitious-Baseline-Baseline-Baseline-USA Recycling","European Union",2040,281.435740490601
"Ambitious-Baseline-Baseline-Baseline-USA Recycling","European Union",2041,339.28490573787
"Ambitious-Baseline-Baseline-Baseline-USA Recycling","European Union",2042,401.987644046854
"Ambitious-Baseline-Baseline-Baseline-USA Recycling","European Union",2043,466.006240468521
"Ambitious-Baseline-Baseline-Baseline-USA Recycling","European Union",2044,528.738292631896
"Ambitious-Baseline-Baseline-Baseline-USA Recycling","European Union",2045,588.370684582004
"Ambitious-Baseline-Baseline-Baseline-USA Recycling","European Union",2046,643.053079297818
"Ambitious-Baseline-Baseline-Baseline-USA Recycling","European Union",2047,692.803352359101
"Ambitious-Baseline-Baseline-Baseline-USA Recycling","European Union",2048,737.357908490992
"Ambitious-Baseline-Baseline-Baseline-USA Recycling","European Union",2049,777.058721949133
"Ambitious-Baseline-Baseline-Baseline-USA Recycling","European Union",2050,812.598538368757
"Ambitious-Baseline-Baseline-Baseline-USA Recycling","European Union",2051,844.150176204768
"Ambitious-Baseline-Baseline-Baseline-USA Recycling","European Union",2052,876.425085616264
"Ambitious-Baseline-Baseline-Baseline-USA Recycling","European Union",2053,906.638810666032
"Ambitious-Baseline-Baseline-Baseline-USA Recycling","European Union",2054,934.975779826503
"Ambitious-Baseline-Baseline-Baseline-USA Recycling","European Union",2055,961.369466389148
"Ambitious-Baseline-Baseline-Baseline-USA Recycling","European Union",2056,985.794634447102
"Ambitious-Baseline-Baseline-Baseline-USA Recycling","European Union",2057,1008.20646843724
"Ambitious-Baseline-Baseline-Baseline-USA Recycling","European Union",2058,1028.62398559012
"Ambitious-Baseline-Baseline-Baseline-USA Recycling","European Union",2059,1047.28533868715
"Ambitious-Baseline-Baseline-Baseline-USA Recycling","European Union",2060,1064.45913493633
"Ambitious-Baseline-Baseline-Baseline-USA Recycling","European Union",2061,1080.49192077891
"Ambitious-Baseline-Baseline-Baseline-USA Recycling","European Union",2062,1095.63643769184
"Ambitious-Baseline-Baseline-Baseline-USA Recycling","European Union",2063,1110.08727700607
"Ambitious-Baseline-Baseline-Baseline-USA Recycling","European Union",2064,1123.91417655362
"Ambitious-Baseline-Baseline-Baseline-USA Recycling","European Union",2065,1137.07423758807
"Ambitious-Baseline-Baseline-Baseline-USA Recycling","European Union",2066,1149.52006691097
"Ambitious-Baseline-Baseline-Baseline-USA Recycling","European Union",2067,1161.22448568315
"Ambitious-Baseline-Baseline-Baseline-USA Recycling","European Union",2068,1172.19324322654
"Ambitious-Baseline-Baseline-Baseline-USA Recycling","European Union",2069,1182.51111718053
"Ambitious-Baseline-Baseline-Baseline-USA Recycling","European Union",2070,1192.29530722661
"Ambitious-Baseline-Baseline-Baseline-USA Recycling","India",2023,0.112419107312472
"Ambitious-Baseline-Baseline-Baseline-USA Recycling","India",2024,0.32451522934814
"Ambitious-Baseline-Baseline-Baseline-USA Recycling","India",2025,0.5598901023267
"Ambitious-Baseline-Baseline-Baseline-USA Recycling","India",2026,0.863454554090429
"Ambitious-Baseline-Baseline-Baseline-USA Recycling","India",2027,1.42405920462366
"Ambitious-Baseline-Baseline-Baseline-USA Recycling","India",2028,2.40934724733621
"Ambitious-Baseline-Baseline-Baseline-USA Recycling","India",2029,3.77806223731454
"Ambitious-Baseline-Baseline-Baseline-USA Recycling","India",2030,5.58849751466487
"Ambitious-Baseline-Baseline-Baseline-USA Recycling","India",2031,8.06133320782667
"Ambitious-Baseline-Baseline-Baseline-USA Recycling","India",2032,10.8729862469488
"Ambitious-Baseline-Baseline-Baseline-USA Recycling","India",2033,14.4480607918265
"Ambitious-Baseline-Baseline-Baseline-USA Recycling","India",2034,18.9508483364686
"Ambitious-Baseline-Baseline-Baseline-USA Recycling","India",2035,24.4932209058308
"Ambitious-Baseline-Baseline-Baseline-USA Recycling","India",2036,31.1384394291031
"Ambitious-Baseline-Baseline-Baseline-USA Recycling","India",2037,38.7592508790314
"Ambitious-Baseline-Baseline-Baseline-USA Recycling","India",2038,47.4418282183277
"Ambitious-Baseline-Baseline-Baseline-USA Recycling","India",2039,57.1634881683333
"Ambitious-Baseline-Baseline-Baseline-USA Recycling","India",2040,67.8764654909265
"Ambitious-Baseline-Baseline-Baseline-USA Recycling","India",2041,79.6801176136155
"Ambitious-Baseline-Baseline-Baseline-USA Recycling","India",2042,91.9772618602086
"Ambitious-Baseline-Baseline-Baseline-USA Recycling","India",2043,104.928884031573
"Ambitious-Baseline-Baseline-Baseline-USA Recycling","India",2044,118.352771784085
"Ambitious-Baseline-Baseline-Baseline-USA Recycling","India",2045,132.053396298033
"Ambitious-Baseline-Baseline-Baseline-USA Recycling","India",2046,145.799149758481
"Ambitious-Baseline-Baseline-Baseline-USA Recycling","India",2047,159.397694481579
"Ambitious-Baseline-Baseline-Baseline-USA Recycling","India",2048,172.671483934762
"Ambitious-Baseline-Baseline-Baseline-USA Recycling","India",2049,185.479683187467
"Ambitious-Baseline-Baseline-Baseline-USA Recycling","India",2050,197.72820484384
"Ambitious-Baseline-Baseline-Baseline-USA Recycling","India",2051,209.375125303891
"Ambitious-Baseline-Baseline-Baseline-USA Recycling","India",2052,220.262627575363
"Ambitious-Baseline-Baseline-Baseline-USA Recycling","India",2053,230.52054639211
"Ambitious-Baseline-Baseline-Baseline-USA Recycling","India",2054,240.157194801662
"Ambitious-Baseline-Baseline-Baseline-USA Recycling","India",2055,249.175451693578
"Ambitious-Baseline-Baseline-Baseline-USA Recycling","India",2056,258.662020213322
"Ambitious-Baseline-Baseline-Baseline-USA Recycling","India",2057,267.806905671512
"Ambitious-Baseline-Baseline-Baseline-USA Recycling","India",2058,276.244801271275
"Ambitious-Baseline-Baseline-Baseline-USA Recycling","India",2059,284.014431146875
"Ambitious-Baseline-Baseline-Baseline-USA Recycling","India",2060,291.184433365519
"Ambitious-Baseline-Baseline-Baseline-USA Recycling","India",2061,297.811267211312
"Ambitious-Baseline-Baseline-Baseline-USA Recycling","India",2062,303.979533062509
"Ambitious-Baseline-Baseline-Baseline-USA Recycling","India",2063,309.725590964318
"Ambitious-Baseline-Baseline-Baseline-USA Recycling","India",2064,315.100199975667
"Ambitious-Baseline-Baseline-Baseline-USA Recycling","India",2065,320.129758462267
"Ambitious-Baseline-Baseline-Baseline-USA Recycling","India",2066,324.845280174621
"Ambitious-Baseline-Baseline-Baseline-USA Recycling","India",2067,329.27616453269
"Ambitious-Baseline-Baseline-Baseline-USA Recycling","India",2068,333.4738554708
"Ambitious-Baseline-Baseline-Baseline-USA Recycling","India",2069,337.481060579579
"Ambitious-Baseline-Baseline-Baseline-USA Recycling","India",2070,341.340085039505
"Ambitious-Baseline-Baseline-Baseline-USA Recycling","Japan",2023,0.100955465344981
"Ambitious-Baseline-Baseline-Baseline-USA Recycling","Japan",2024,0.418610177849522
"Ambitious-Baseline-Baseline-Baseline-USA Recycling","Japan",2025,0.490659108531476
"Ambitious-Baseline-Baseline-Baseline-USA Recycling","Japan",2026,0.581698887980971
"Ambitious-Baseline-Baseline-Baseline-USA Recycling","Japan",2027,0.710877285378084
"Ambitious-Baseline-Baseline-Baseline-USA Recycling","Japan",2028,1.00748879782808
"Ambitious-Baseline-Baseline-Baseline-USA Recycling","Japan",2029,1.32269509154306
"Ambitious-Baseline-Baseline-Baseline-USA Recycling","Japan",2030,2.2939868223804
"Ambitious-Baseline-Baseline-Baseline-USA Recycling","Japan",2031,3.63495893956054
"Ambitious-Baseline-Baseline-Baseline-USA Recycling","Japan",2032,4.58134254826736
"Ambitious-Baseline-Baseline-Baseline-USA Recycling","Japan",2033,5.82072801742794
"Ambitious-Baseline-Baseline-Baseline-USA Recycling","Japan",2034,7.46063722029706
"Ambitious-Baseline-Baseline-Baseline-USA Recycling","Japan",2035,9.6523165931109
"Ambitious-Baseline-Baseline-Baseline-USA Recycling","Japan",2036,12.4393260506718
"Ambitious-Baseline-Baseline-Baseline-USA Recycling","Japan",2037,15.7115972788284
"Ambitious-Baseline-Baseline-Baseline-USA Recycling","Japan",2038,19.8740730515737
"Ambitious-Baseline-Baseline-Baseline-USA Recycling","Japan",2039,24.3710274451857
"Ambitious-Baseline-Baseline-Baseline-USA Recycling","Japan",2040,29.4856919314043
"Ambitious-Baseline-Baseline-Baseline-USA Recycling","Japan",2041,34.0817083036381
"Ambitious-Baseline-Baseline-Baseline-USA Recycling","Japan",2042,40.679386997535
"Ambitious-Baseline-Baseline-Baseline-USA Recycling","Japan",2043,48.0917858037527
"Ambitious-Baseline-Baseline-Baseline-USA Recycling","Japan",2044,56.1798059370954
"Ambitious-Baseline-Baseline-Baseline-USA Recycling","Japan",2045,64.6404118337554
"Ambitious-Baseline-Baseline-Baseline-USA Recycling","Japan",2046,73.0853263285822
"Ambitious-Baseline-Baseline-Baseline-USA Recycling","Japan",2047,81.1649270907619
"Ambitious-Baseline-Baseline-Baseline-USA Recycling","Japan",2048,88.6107839757639
"Ambitious-Baseline-Baseline-Baseline-USA Recycling","Japan",2049,95.2976213286139
"Ambitious-Baseline-Baseline-Baseline-USA Recycling","Japan",2050,101.300045533293
"Ambitious-Baseline-Baseline-Baseline-USA Recycling","Japan",2051,106.986316952299
"Ambitious-Baseline-Baseline-Baseline-USA Recycling","Japan",2052,112.634745708955
"Ambitious-Baseline-Baseline-Baseline-USA Recycling","Japan",2053,117.411024396836
"Ambitious-Baseline-Baseline-Baseline-USA Recycling","Japan",2054,121.411901876523
"Ambitious-Baseline-Baseline-Baseline-USA Recycling","Japan",2055,124.70703235132
"Ambitious-Baseline-Baseline-Baseline-USA Recycling","Japan",2056,127.361577086818
"Ambitious-Baseline-Baseline-Baseline-USA Recycling","Japan",2057,129.429841353335
"Ambitious-Baseline-Baseline-Baseline-USA Recycling","Japan",2058,130.957672469852
"Ambitious-Baseline-Baseline-Baseline-USA Recycling","Japan",2059,131.988608869188
"Ambitious-Baseline-Baseline-Baseline-USA Recycling","Japan",2060,132.565935126793
"Ambitious-Baseline-Baseline-Baseline-USA Recycling","Japan",2061,132.786429002446
"Ambitious-Baseline-Baseline-Baseline-USA Recycling","Japan",2062,132.713548992027
"Ambitious-Baseline-Baseline-Baseline-USA Recycling","Japan",2063,132.456475712408
"Ambitious-Baseline-Baseline-Baseline-USA Recycling","Japan",2064,132.088709908986
"Ambitious-Baseline-Baseline-Baseline-USA Recycling","Japan",2065,131.65553156118
"Ambitious-Baseline-Baseline-Baseline-USA Recycling","Japan",2066,131.197060122573
"Ambitious-Baseline-Baseline-Baseline-USA Recycling","Japan",2067,130.728428476972
"Ambitious-Baseline-Baseline-Baseline-USA Recycling","Japan",2068,130.265056126449
"Ambitious-Baseline-Baseline-Baseline-USA Recycling","Japan",2069,129.807670520344
"Ambitious-Baseline-Baseline-Baseline-USA Recycling","Japan",2070,129.358082716809
"Ambitious-Baseline-Baseline-Baseline-USA Recycling","Mexico",2023,0.0312948282293928
"Ambitious-Baseline-Baseline-Baseline-USA Recycling","Mexico",2024,0.0973684043489086
"Ambitious-Baseline-Baseline-Baseline-USA Recycling","Mexico",2025,0.0992558715645099
"Ambitious-Baseline-Baseline-Baseline-USA Recycling","Mexico",2026,0.136981965200932
"Ambitious-Baseline-Baseline-Baseline-USA Recycling","Mexico",2027,0.183594650952222
"Ambitious-Baseline-Baseline-Baseline-USA Recycling","Mexico",2028,0.296270840199935
"Ambitious-Baseline-Baseline-Baseline-USA Recycling","Mexico",2029,0.537263152104797
"Ambitious-Baseline-Baseline-Baseline-USA Recycling","Mexico",2030,1.03744037409297
"Ambitious-Baseline-Baseline-Baseline-USA Recycling","Mexico",2031,1.77872547830063
"Ambitious-Baseline-Baseline-Baseline-USA Recycling","Mexico",2032,2.20405338156521
"Ambitious-Baseline-Baseline-Baseline-USA Recycling","Mexico",2033,2.75136516890947
"Ambitious-Baseline-Baseline-Baseline-USA Recycling","Mexico",2034,3.46665968055574
"Ambitious-Baseline-Baseline-Baseline-USA Recycling","Mexico",2035,4.39996416480574
"Ambitious-Baseline-Baseline-Baseline-USA Recycling","Mexico",2036,5.60883060132795
"Ambitious-Baseline-Baseline-Baseline-USA Recycling","Mexico",2037,7.05464783966186
"Ambitious-Baseline-Baseline-Baseline-USA Recycling","Mexico",2038,8.88716948043789
"Ambitious-Baseline-Baseline-Baseline-USA Recycling","Mexico",2039,11.1819268354639
"Ambitious-Baseline-Baseline-Baseline-USA Recycling","Mexico",2040,14.0435664806382
"Ambitious-Baseline-Baseline-Baseline-USA Recycling","Mexico",2041,17.6503895618041
"Ambitious-Baseline-Baseline-Baseline-USA Recycling","Mexico",2042,21.9103205140347
"Ambitious-Baseline-Baseline-Baseline-USA Recycling","Mexico",2043,26.8932159471134
"Ambitious-Baseline-Baseline-Baseline-USA Recycling","Mexico",2044,32.4794266587392
"Ambitious-Baseline-Baseline-Baseline-USA Recycling","Mexico",2045,39.125176518398
"Ambitious-Baseline-Baseline-Baseline-USA Recycling","Mexico",2046,46.1783169566872
"Ambitious-Baseline-Baseline-Baseline-USA Recycling","Mexico",2047,53.3972208466717
"Ambitious-Baseline-Baseline-Baseline-USA Recycling","Mexico",2048,60.3886373704473
"Ambitious-Baseline-Baseline-Baseline-USA Recycling","Mexico",2049,66.9993153166008
"Ambitious-Baseline-Baseline-Baseline-USA Recycling","Mexico",2050,73.1350731719217
"Ambitious-Baseline-Baseline-Baseline-USA Recycling","Mexico",2051,78.7572065886356
"Ambitious-Baseline-Baseline-Baseline-USA Recycling","Mexico",2052,84.1578871538047
"Ambitious-Baseline-Baseline-Baseline-USA Recycling","Mexico",2053,89.1267448216686
"Ambitious-Baseline-Baseline-Baseline-USA Recycling","Mexico",2054,93.6936837220574
"Ambitious-Baseline-Baseline-Baseline-USA Recycling","Mexico",2055,97.890252298326
"Ambitious-Baseline-Baseline-Baseline-USA Recycling","Mexico",2056,101.727265513876
"Ambitious-Baseline-Baseline-Baseline-USA Recycling","Mexico",2057,105.221737673153
"Ambitious-Baseline-Baseline-Baseline-USA Recycling","Mexico",2058,108.373283334999
"Ambitious-Baseline-Baseline-Baseline-USA Recycling","Mexico",2059,111.187403938533
"Ambitious-Baseline-Baseline-Baseline-USA Recycling","Mexico",2060,113.6792962835
"Ambitious-Baseline-Baseline-Baseline-USA Recycling","Mexico",2061,115.894763882724
"Ambitious-Baseline-Baseline-Baseline-USA Recycling","Mexico",2062,117.854431664485
"Ambitious-Baseline-Baseline-Baseline-USA Recycling","Mexico",2063,119.613047524982
"Ambitious-Baseline-Baseline-Baseline-USA Recycling","Mexico",2064,121.198461351435
"Ambitious-Baseline-Baseline-Baseline-USA Recycling","Mexico",2065,122.642246660994
"Ambitious-Baseline-Baseline-Baseline-USA Recycling","Mexico",2066,123.959981128124
"Ambitious-Baseline-Baseline-Baseline-USA Recycling","Mexico",2067,125.171166642997
"Ambitious-Baseline-Baseline-Baseline-USA Recycling","Mexico",2068,126.296375441882
"Ambitious-Baseline-Baseline-Baseline-USA Recycling","Mexico",2069,127.354948291177
"Ambitious-Baseline-Baseline-Baseline-USA Recycling","Mexico",2070,128.361220082915
"Ambitious-Baseline-Baseline-Baseline-USA Recycling","Middle East",2023,0.130580773119928
"Ambitious-Baseline-Baseline-Baseline-USA Recycling","Middle East",2024,0.206944909020215
"Ambitious-Baseline-Baseline-Baseline-USA Recycling","Middle East",2025,0.283304736742417
"Ambitious-Baseline-Baseline-Baseline-USA Recycling","Middle East",2026,0.417837506579772
"Ambitious-Baseline-Baseline-Baseline-USA Recycling","Middle East",2027,0.645782598278411
"Ambitious-Baseline-Baseline-Baseline-USA Recycling","Middle East",2028,1.03122238226623
"Ambitious-Baseline-Baseline-Baseline-USA Recycling","Middle East",2029,1.63481405811273
"Ambitious-Baseline-Baseline-Baseline-USA Recycling","Middle East",2030,2.65461416524795
"Ambitious-Baseline-Baseline-Baseline-USA Recycling","Middle East",2031,4.42902756581549
"Ambitious-Baseline-Baseline-Baseline-USA Recycling","Middle East",2032,6.11312331512629
"Ambitious-Baseline-Baseline-Baseline-USA Recycling","Middle East",2033,8.33537234081508
"Ambitious-Baseline-Baseline-Baseline-USA Recycling","Middle East",2034,11.2323353621339
"Ambitious-Baseline-Baseline-Baseline-USA Recycling","Middle East",2035,15.0503380477227
"Ambitious-Baseline-Baseline-Baseline-USA Recycling","Middle East",2036,19.6189586582813
"Ambitious-Baseline-Baseline-Baseline-USA Recycling","Middle East",2037,25.2786736275802
"Ambitious-Baseline-Baseline-Baseline-USA Recycling","Middle East",2038,32.1456683699724
"Ambitious-Baseline-Baseline-Baseline-USA Recycling","Middle East",2039,40.2917111770165
"Ambitious-Baseline-Baseline-Baseline-USA Recycling","Middle East",2040,49.8369379387736
"Ambitious-Baseline-Baseline-Baseline-USA Recycling","Middle East",2041,61.0756606464379
"Ambitious-Baseline-Baseline-Baseline-USA Recycling","Middle East",2042,73.5959292153533
"Ambitious-Baseline-Baseline-Baseline-USA Recycling","Middle East",2043,87.8496215894361
"Ambitious-Baseline-Baseline-Baseline-USA Recycling","Middle East",2044,103.784900880028
"Ambitious-Baseline-Baseline-Baseline-USA Recycling","Middle East",2045,121.473469142455
"Ambitious-Baseline-Baseline-Baseline-USA Recycling","Middle East",2046,140.450366089872
"Ambitious-Baseline-Baseline-Baseline-USA Recycling","Middle East",2047,160.22417158669
"Ambitious-Baseline-Baseline-Baseline-USA Recycling","Middle East",2048,181.555469197922
"Ambitious-Baseline-Baseline-Baseline-USA Recycling","Middle East",2049,203.604218733301
"Ambitious-Baseline-Baseline-Baseline-USA Recycling","Middle East",2050,225.580883970638
"Ambitious-Baseline-Baseline-Baseline-USA Recycling","Middle East",2051,247.174884575129
"Ambitious-Baseline-Baseline-Baseline-USA Recycling","Middle East",2052,269.321044650475
"Ambitious-Baseline-Baseline-Baseline-USA Recycling","Middle East",2053,291.036134518015
"Ambitious-Baseline-Baseline-Baseline-USA Recycling","Middle East",2054,311.883555195252
"Ambitious-Baseline-Baseline-Baseline-USA Recycling","Middle East",2055,331.67472070603
"Ambitious-Baseline-Baseline-Baseline-USA Recycling","Middle East",2056,350.253669210776
"Ambitious-Baseline-Baseline-Baseline-USA Recycling","Middle East",2057,367.490108162922
"Ambitious-Baseline-Baseline-Baseline-USA Recycling","Middle East",2058,383.296030415047
"Ambitious-Baseline-Baseline-Baseline-USA Recycling","Middle East",2059,397.650268780599
"Ambitious-Baseline-Baseline-Baseline-USA Recycling","Middle East",2060,410.58299025777
"Ambitious-Baseline-Baseline-Baseline-USA Recycling","Middle East",2061,422.189462515877
"Ambitious-Baseline-Baseline-Baseline-USA Recycling","Middle East",2062,432.601027534917
"Ambitious-Baseline-Baseline-Baseline-USA Recycling","Middle East",2063,441.955935143939
"Ambitious-Baseline-Baseline-Baseline-USA Recycling","Middle East",2064,450.383036975746
"Ambitious-Baseline-Baseline-Baseline-USA Recycling","Middle East",2065,458.000666035611
"Ambitious-Baseline-Baseline-Baseline-USA Recycling","Middle East",2066,464.910873640146
"Ambitious-Baseline-Baseline-Baseline-USA Recycling","Middle East",2067,471.21865059893
"Ambitious-Baseline-Baseline-Baseline-USA Recycling","Middle East",2068,477.038406577457
"Ambitious-Baseline-Baseline-Baseline-USA Recycling","Middle East",2069,482.460897920859
"Ambitious-Baseline-Baseline-Baseline-USA Recycling","Middle East",2070,487.576324127083
"Ambitious-Baseline-Baseline-Baseline-USA Recycling","Other Asia Pacific",2023,0.0309477204260943
"Ambitious-Baseline-Baseline-Baseline-USA Recycling","Other Asia Pacific",2024,0.0411945184215149
"Ambitious-Baseline-Baseline-Baseline-USA Recycling","Other Asia Pacific",2025,0.0946926154530437
"Ambitious-Baseline-Baseline-Baseline-USA Recycling","Other Asia Pacific",2026,0.111582396062602
"Ambitious-Baseline-Baseline-Baseline-USA Recycling","Other Asia Pacific",2027,0.178883172341206
"Ambitious-Baseline-Baseline-Baseline-USA Recycling","Other Asia Pacific",2028,0.319071774510876
"Ambitious-Baseline-Baseline-Baseline-USA Recycling","Other Asia Pacific",2029,0.579455256575028
"Ambitious-Baseline-Baseline-Baseline-USA Recycling","Other Asia Pacific",2030,1.06758772551806
"Ambitious-Baseline-Baseline-Baseline-USA Recycling","Other Asia Pacific",2031,2.00941172382959
"Ambitious-Baseline-Baseline-Baseline-USA Recycling","Other Asia Pacific",2032,2.9216347882449
"Ambitious-Baseline-Baseline-Baseline-USA Recycling","Other Asia Pacific",2033,4.1886370839702
"Ambitious-Baseline-Baseline-Baseline-USA Recycling","Other Asia Pacific",2034,5.92281453096757
"Ambitious-Baseline-Baseline-Baseline-USA Recycling","Other Asia Pacific",2035,8.17582452474486
"Ambitious-Baseline-Baseline-Baseline-USA Recycling","Other Asia Pacific",2036,11.0818391245836
"Ambitious-Baseline-Baseline-Baseline-USA Recycling","Other Asia Pacific",2037,14.6078486156045
"Ambitious-Baseline-Baseline-Baseline-USA Recycling","Other Asia Pacific",2038,18.8451401107649
"Ambitious-Baseline-Baseline-Baseline-USA Recycling","Other Asia Pacific",2039,23.8097911235566
"Ambitious-Baseline-Baseline-Baseline-USA Recycling","Other Asia Pacific",2040,29.4990813005414
"Ambitious-Baseline-Baseline-Baseline-USA Recycling","Other Asia Pacific",2041,36.0487039703718
"Ambitious-Baseline-Baseline-Baseline-USA Recycling","Other Asia Pacific",2042,43.1588483455318
"Ambitious-Baseline-Baseline-Baseline-USA Recycling","Other Asia Pacific",2043,51.1352121409106
"Ambitious-Baseline-Baseline-Baseline-USA Recycling","Other Asia Pacific",2044,59.9744292503068
"Ambitious-Baseline-Baseline-Baseline-USA Recycling","Other Asia Pacific",2045,69.5737930902805
"Ambitious-Baseline-Baseline-Baseline-USA Recycling","Other Asia Pacific",2046,81.1709667205042
"Ambitious-Baseline-Baseline-Baseline-USA Recycling","Other Asia Pacific",2047,92.7123351530529
"Ambitious-Baseline-Baseline-Baseline-USA Recycling","Other Asia Pacific",2048,104.739201590872
"Ambitious-Baseline-Baseline-Baseline-USA Recycling","Other Asia Pacific",2049,117.196963747385
"Ambitious-Baseline-Baseline-Baseline-USA Recycling","Other Asia Pacific",2050,129.977734510032
"Ambitious-Baseline-Baseline-Baseline-USA Recycling","Other Asia Pacific",2051,143.023945829299
"Ambitious-Baseline-Baseline-Baseline-USA Recycling","Other Asia Pacific",2052,156.296006373709
"Ambitious-Baseline-Baseline-Baseline-USA Recycling","Other Asia Pacific",2053,169.504673145802
"Ambitious-Baseline-Baseline-Baseline-USA Recycling","Other Asia Pacific",2054,182.532355449225
"Ambitious-Baseline-Baseline-Baseline-USA Recycling","Other Asia Pacific",2055,195.250733695998
"Ambitious-Baseline-Baseline-Baseline-USA Recycling","Other Asia Pacific",2056,207.543164617708
"Ambitious-Baseline-Baseline-Baseline-USA Recycling","Other Asia Pacific",2057,219.326174164728
"Ambitious-Baseline-Baseline-Baseline-USA Recycling","Other Asia Pacific",2058,230.497131734518
"Ambitious-Baseline-Baseline-Baseline-USA Recycling","Other Asia Pacific",2059,241.016607453363
"Ambitious-Baseline-Baseline-Baseline-USA Recycling","Other Asia Pacific",2060,250.854104261948
"Ambitious-Baseline-Baseline-Baseline-USA Recycling","Other Asia Pacific",2061,260.08394362576
"Ambitious-Baseline-Baseline-Baseline-USA Recycling","Other Asia Pacific",2062,268.659463645008
"Ambitious-Baseline-Baseline-Baseline-USA Recycling","Other Asia Pacific",2063,276.558419722164
"Ambitious-Baseline-Baseline-Baseline-USA Recycling","Other Asia Pacific",2064,283.793803766657
"Ambitious-Baseline-Baseline-Baseline-USA Recycling","Other Asia Pacific",2065,290.377534525281
"Ambitious-Baseline-Baseline-Baseline-USA Recycling","Other Asia Pacific",2066,296.325503632504
"Ambitious-Baseline-Baseline-Baseline-USA Recycling","Other Asia Pacific",2067,301.690228041759
"Ambitious-Baseline-Baseline-Baseline-USA Recycling","Other Asia Pacific",2068,306.538745974972
"Ambitious-Baseline-Baseline-Baseline-USA Recycling","Other Asia Pacific",2069,310.959518905535
"Ambitious-Baseline-Baseline-Baseline-USA Recycling","Other Asia Pacific",2070,315.033494939899
"Ambitious-Baseline-Baseline-Baseline-USA Recycling","Other Europe",2023,0.0867575243301104
"Ambitious-Baseline-Baseline-Baseline-USA Recycling","Other Europe",2024,0.161335026423553
"Ambitious-Baseline-Baseline-Baseline-USA Recycling","Other Europe",2025,0.2031046129669
"Ambitious-Baseline-Baseline-Baseline-USA Recycling","Other Europe",2026,0.270337747663741
"Ambitious-Baseline-Baseline-Baseline-USA Recycling","Other Europe",2027,0.387838390749945
"Ambitious-Baseline-Baseline-Baseline-USA Recycling","Other Europe",2028,0.64625613070964
"Ambitious-Baseline-Baseline-Baseline-USA Recycling","Other Europe",2029,1.09956352375012
"Ambitious-Baseline-Baseline-Baseline-USA Recycling","Other Europe",2030,1.90849715592192
"Ambitious-Baseline-Baseline-Baseline-USA Recycling","Other Europe",2031,3.40768687412439
"Ambitious-Baseline-Baseline-Baseline-USA Recycling","Other Europe",2032,4.75598306967965
"Ambitious-Baseline-Baseline-Baseline-USA Recycling","Other Europe",2033,6.55822753274709
"Ambitious-Baseline-Baseline-Baseline-USA Recycling","Other Europe",2034,8.94257903897086
"Ambitious-Baseline-Baseline-Baseline-USA Recycling","Other Europe",2035,12.2340024240668
"Ambitious-Baseline-Baseline-Baseline-USA Recycling","Other Europe",2036,16.1482333323991
"Ambitious-Baseline-Baseline-Baseline-USA Recycling","Other Europe",2037,20.7708600812233
"Ambitious-Baseline-Baseline-Baseline-USA Recycling","Other Europe",2038,26.0604673989271
"Ambitious-Baseline-Baseline-Baseline-USA Recycling","Other Europe",2039,32.0316175209096
"Ambitious-Baseline-Baseline-Baseline-USA Recycling","Other Europe",2040,38.6482490312726
"Ambitious-Baseline-Baseline-Baseline-USA Recycling","Other Europe",2041,46.0085601593797
"Ambitious-Baseline-Baseline-Baseline-USA Recycling","Other Europe",2042,53.8876677923813
"Ambitious-Baseline-Baseline-Baseline-USA Recycling","Other Europe",2043,62.5147591191894
"Ambitious-Baseline-Baseline-Baseline-USA Recycling","Other Europe",2044,71.9217230240082
"Ambitious-Baseline-Baseline-Baseline-USA Recycling","Other Europe",2045,82.022680115312
"Ambitious-Baseline-Baseline-Baseline-USA Recycling","Other Europe",2046,92.6774054490648
"Ambitious-Baseline-Baseline-Baseline-USA Recycling","Other Europe",2047,103.802093382963
"Ambitious-Baseline-Baseline-Baseline-USA Recycling","Other Europe",2048,115.172225328312
"Ambitious-Baseline-Baseline-Baseline-USA Recycling","Other Europe",2049,126.48864184326
"Ambitious-Baseline-Baseline-Baseline-USA Recycling","Other Europe",2050,137.571013755889
"Ambitious-Baseline-Baseline-Baseline-USA Recycling","Other Europe",2051,148.301278387276
"Ambitious-Baseline-Baseline-Baseline-USA Recycling","Other Europe",2052,158.717851229888
"Ambitious-Baseline-Baseline-Baseline-USA Recycling","Other Europe",2053,168.621414787989
"Ambitious-Baseline-Baseline-Baseline-USA Recycling","Other Europe",2054,177.925182870212
"Ambitious-Baseline-Baseline-Baseline-USA Recycling","Other Europe",2055,186.557394486709
"Ambitious-Baseline-Baseline-Baseline-USA Recycling","Other Europe",2056,194.457085394876
"Ambitious-Baseline-Baseline-Baseline-USA Recycling","Other Europe",2057,201.602069280465
"Ambitious-Baseline-Baseline-Baseline-USA Recycling","Other Europe",2058,208.148281573928
"Ambitious-Baseline-Baseline-Baseline-USA Recycling","Other Europe",2059,214.28475069814
"Ambitious-Baseline-Baseline-Baseline-USA Recycling","Other Europe",2060,219.620149469523
"Ambitious-Baseline-Baseline-Baseline-USA Recycling","Other Europe",2061,224.222070067693
"Ambitious-Baseline-Baseline-Baseline-USA Recycling","Other Europe",2062,228.172562921321
"Ambitious-Baseline-Baseline-Baseline-USA Recycling","Other Europe",2063,231.532694449055
"Ambitious-Baseline-Baseline-Baseline-USA Recycling","Other Europe",2064,234.377978935806
"Ambitious-Baseline-Baseline-Baseline-USA Recycling","Other Europe",2065,236.759851086681
"Ambitious-Baseline-Baseline-Baseline-USA Recycling","Other Europe",2066,238.740895774467
"Ambitious-Baseline-Baseline-Baseline-USA Recycling","Other Europe",2067,240.378921453724
"Ambitious-Baseline-Baseline-Baseline-USA Recycling","Other Europe",2068,241.744934220177
"Ambitious-Baseline-Baseline-Baseline-USA Recycling","Other Europe",2069,242.894786063124
"Ambitious-Baseline-Baseline-Baseline-USA Recycling","Other Europe",2070,243.878825573112
"Ambitious-Baseline-Baseline-Baseline-USA Recycling","Other Latin America and Caribbean",2023,0.226998786143547
"Ambitious-Baseline-Baseline-Baseline-USA Recycling","Other Latin America and Caribbean",2024,0.401945902779054
"Ambitious-Baseline-Baseline-Baseline-USA Recycling","Other Latin America and Caribbean",2025,0.680472836755993
"Ambitious-Baseline-Baseline-Baseline-USA Recycling","Other Latin America and Caribbean",2026,1.02669933526614
"Ambitious-Baseline-Baseline-Baseline-USA Recycling","Other Latin America and Caribbean",2027,1.57065139873258
"Ambitious-Baseline-Baseline-Baseline-USA Recycling","Other Latin America and Caribbean",2028,2.40171360346218
"Ambitious-Baseline-Baseline-Baseline-USA Recycling","Other Latin America and Caribbean",2029,3.70106122216564
"Ambitious-Baseline-Baseline-Baseline-USA Recycling","Other Latin America and Caribbean",2030,5.57273576958713
"Ambitious-Baseline-Baseline-Baseline-USA Recycling","Other Latin America and Caribbean",2031,8.53371624617306
"Ambitious-Baseline-Baseline-Baseline-USA Recycling","Other Latin America and Caribbean",2032,11.4319067739249
"Ambitious-Baseline-Baseline-Baseline-USA Recycling","Other Latin America and Caribbean",2033,15.1109878578128
"Ambitious-Baseline-Baseline-Baseline-USA Recycling","Other Latin America and Caribbean",2034,19.8455818777429
"Ambitious-Baseline-Baseline-Baseline-USA Recycling","Other Latin America and Caribbean",2035,25.5754043785921
"Ambitious-Baseline-Baseline-Baseline-USA Recycling","Other Latin America and Caribbean",2036,32.7873975761065
"Ambitious-Baseline-Baseline-Baseline-USA Recycling","Other Latin America and Caribbean",2037,41.0505855946872
"Ambitious-Baseline-Baseline-Baseline-USA Recycling","Other Latin America and Caribbean",2038,50.8847925851499
"Ambitious-Baseline-Baseline-Baseline-USA Recycling","Other Latin America and Caribbean",2039,62.5460888268565
"Ambitious-Baseline-Baseline-Baseline-USA Recycling","Other Latin America and Caribbean",2040,76.0130620320735
"Ambitious-Baseline-Baseline-Baseline-USA Recycling","Other Latin America and Caribbean",2041,91.525226857111
"Ambitious-Baseline-Baseline-Baseline-USA Recycling","Other Latin America and Caribbean",2042,108.915014370061
"Ambitious-Baseline-Baseline-Baseline-USA Recycling","Other Latin America and Caribbean",2043,128.521172984871
"Ambitious-Baseline-Baseline-Baseline-USA Recycling","Other Latin America and Caribbean",2044,150.248711812874
"Ambitious-Baseline-Baseline-Baseline-USA Recycling","Other Latin America and Caribbean",2045,174.083957846722
"Ambitious-Baseline-Baseline-Baseline-USA Recycling","Other Latin America and Caribbean",2046,199.522503670495
"Ambitious-Baseline-Baseline-Baseline-USA Recycling","Other Latin America and Caribbean",2047,226.23824159046
"Ambitious-Baseline-Baseline-Baseline-USA Recycling","Other Latin America and Caribbean",2048,253.641204369803
"Ambitious-Baseline-Baseline-Baseline-USA Recycling","Other Latin America and Caribbean",2049,281.160563649934
"Ambitious-Baseline-Baseline-Baseline-USA Recycling","Other Latin America and Caribbean",2050,308.344527252838
"Ambitious-Baseline-Baseline-Baseline-USA Recycling","Other Latin America and Caribbean",2051,334.846682487395
"Ambitious-Baseline-Baseline-Baseline-USA Recycling","Other Latin America and Caribbean",2052,360.67416000551
"Ambitious-Baseline-Baseline-Baseline-USA Recycling","Other Latin America and Caribbean",2053,385.284436895035
"Ambitious-Baseline-Baseline-Baseline-USA Recycling","Other Latin America and Caribbean",2054,408.501279494767
"Ambitious-Baseline-Baseline-Baseline-USA Recycling","Other Latin America and Caribbean",2055,430.187035735537
"Ambitious-Baseline-Baseline-Baseline-USA Recycling","Other Latin America and Caribbean",2056,450.236529645284
"Ambitious-Baseline-Baseline-Baseline-USA Recycling","Other Latin America and Caribbean",2057,468.616820443443
"Ambitious-Baseline-Baseline-Baseline-USA Recycling","Other Latin America and Caribbean",2058,485.276613604783
"Ambitious-Baseline-Baseline-Baseline-USA Recycling","Other Latin America and Caribbean",2059,500.235615048746
"Ambitious-Baseline-Baseline-Baseline-USA Recycling","Other Latin America and Caribbean",2060,513.541048731866
"Ambitious-Baseline-Baseline-Baseline-USA Recycling","Other Latin America and Caribbean",2061,525.285523038432
"Ambitious-Baseline-Baseline-Baseline-USA Recycling","Other Latin America and Caribbean",2062,535.598385069078
"Ambitious-Baseline-Baseline-Baseline-USA Recycling","Other Latin America and Caribbean",2063,544.60339789477
"Ambitious-Baseline-Baseline-Baseline-USA Recycling","Other Latin America and Caribbean",2064,552.439166810195
"Ambitious-Baseline-Baseline-Baseline-USA Recycling","Other Latin America and Caribbean",2065,559.233761495548
"Ambitious-Baseline-Baseline-Baseline-USA Recycling","Other Latin America and Caribbean",2066,565.134487995819
"Ambitious-Baseline-Baseline-Baseline-USA Recycling","Other Latin America and Caribbean",2067,570.278478773442
"Ambitious-Baseline-Baseline-Baseline-USA Recycling","Other Latin America and Caribbean",2068,574.812785872319
"Ambitious-Baseline-Baseline-Baseline-USA Recycling","Other Latin America and Caribbean",2069,578.866427122559
"Ambitious-Baseline-Baseline-Baseline-USA Recycling","Other Latin America and Caribbean",2070,582.549122366326
"Ambitious-Baseline-Baseline-Baseline-USA Recycling","South Korea",2023,0.151630079356103
"Ambitious-Baseline-Baseline-Baseline-USA Recycling","South Korea",2024,0.197480448679682
"Ambitious-Baseline-Baseline-Baseline-USA Recycling","South Korea",2025,0.369681282139186
"Ambitious-Baseline-Baseline-Baseline-USA Recycling","South Korea",2026,0.746652572565604
"Ambitious-Baseline-Baseline-Baseline-USA Recycling","South Korea",2027,0.967381627669298
"Ambitious-Baseline-Baseline-Baseline-USA Recycling","South Korea",2028,1.24973518930143
"Ambitious-Baseline-Baseline-Baseline-USA Recycling","South Korea",2029,1.65223456402827
"Ambitious-Baseline-Baseline-Baseline-USA Recycling","South Korea",2030,2.30968577237548
"Ambitious-Baseline-Baseline-Baseline-USA Recycling","South Korea",2031,3.35756339251647
"Ambitious-Baseline-Baseline-Baseline-USA Recycling","South Korea",2032,4.28186948016235
"Ambitious-Baseline-Baseline-Baseline-USA Recycling","South Korea",2033,5.52926742361834
"Ambitious-Baseline-Baseline-Baseline-USA Recycling","South Korea",2034,7.18658596287985
"Ambitious-Baseline-Baseline-Baseline-USA Recycling","South Korea",2035,9.37950524996474
"Ambitious-Baseline-Baseline-Baseline-USA Recycling","South Korea",2036,11.9803061719904
"Ambitious-Baseline-Baseline-Baseline-USA Recycling","South Korea",2037,15.1013550179339
"Ambitious-Baseline-Baseline-Baseline-USA Recycling","South Korea",2038,18.5759377875589
"Ambitious-Baseline-Baseline-Baseline-USA Recycling","South Korea",2039,22.6035750475881
"Ambitious-Baseline-Baseline-Baseline-USA Recycling","South Korea",2040,26.904005830954
"Ambitious-Baseline-Baseline-Baseline-USA Recycling","South Korea",2041,30.7972114900683
"Ambitious-Baseline-Baseline-Baseline-USA Recycling","South Korea",2042,35.2011280752359
"Ambitious-Baseline-Baseline-Baseline-USA Recycling","South Korea",2043,39.5538412494655
"Ambitious-Baseline-Baseline-Baseline-USA Recycling","South Korea",2044,43.8158124587786
"Ambitious-Baseline-Baseline-Baseline-USA Recycling","South Korea",2045,47.9325947476969
"Ambitious-Baseline-Baseline-Baseline-USA Recycling","South Korea",2046,51.85614398111
"Ambitious-Baseline-Baseline-Baseline-USA Recycling","South Korea",2047,55.4465126445038
"Ambitious-Baseline-Baseline-Baseline-USA Recycling","South Korea",2048,58.709889579168
"Ambitious-Baseline-Baseline-Baseline-USA Recycling","South Korea",2049,61.6188806827398
"Ambitious-Baseline-Baseline-Baseline-USA Recycling","South Korea",2050,64.2069298984676
"Ambitious-Baseline-Baseline-Baseline-USA Recycling","South Korea",2051,66.3320553070445
"Ambitious-Baseline-Baseline-Baseline-USA Recycling","South Korea",2052,68.5857735899834
"Ambitious-Baseline-Baseline-Baseline-USA Recycling","South Korea",2053,70.4493395062006
"Ambitious-Baseline-Baseline-Baseline-USA Recycling","South Korea",2054,71.9383408099316
"Ambitious-Baseline-Baseline-Baseline-USA Recycling","South Korea",2055,73.0810177667511
"Ambitious-Baseline-Baseline-Baseline-USA Recycling","South Korea",2056,73.9037840661096
"Ambitious-Baseline-Baseline-Baseline-USA Recycling","South Korea",2057,74.439084577892
"Ambitious-Baseline-Baseline-Baseline-USA Recycling","South Korea",2058,74.7333640021198
"Ambitious-Baseline-Baseline-Baseline-USA Recycling","South Korea",2059,74.8325375182318
"Ambitious-Baseline-Baseline-Baseline-USA Recycling","South Korea",2060,74.7710392398558
"Ambitious-Baseline-Baseline-Baseline-USA Recycling","South Korea",2061,74.5981603771441
"Ambitious-Baseline-Baseline-Baseline-USA Recycling","South Korea",2062,74.3456118447692
"Ambitious-Baseline-Baseline-Baseline-USA Recycling","South Korea",2063,74.0559627512295
"Ambitious-Baseline-Baseline-Baseline-USA Recycling","South Korea",2064,73.7570703139567
"Ambitious-Baseline-Baseline-Baseline-USA Recycling","South Korea",2065,73.4629401426168
"Ambitious-Baseline-Baseline-Baseline-USA Recycling","South Korea",2066,73.1887531341549
"Ambitious-Baseline-Baseline-Baseline-USA Recycling","South Korea",2067,72.9793812784255
"Ambitious-Baseline-Baseline-Baseline-USA Recycling","South Korea",2068,72.9451234319179
"Ambitious-Baseline-Baseline-Baseline-USA Recycling","South Korea",2069,72.9328071728484
"Ambitious-Baseline-Baseline-Baseline-USA Recycling","South Korea",2070,72.938049324406
"Ambitious-Baseline-Baseline-Baseline-USA Recycling","United Kingdom",2023,0.371857670499221
"Ambitious-Baseline-Baseline-Baseline-USA Recycling","United Kingdom",2024,0.526809575503613
"Ambitious-Baseline-Baseline-Baseline-USA Recycling","United Kingdom",2025,0.642379203072252
"Ambitious-Baseline-Baseline-Baseline-USA Recycling","United Kingdom",2026,0.906555553928448
"Ambitious-Baseline-Baseline-Baseline-USA Recycling","United Kingdom",2027,1.24405516520114
"Ambitious-Baseline-Baseline-Baseline-USA Recycling","United Kingdom",2028,1.71714933622422
"Ambitious-Baseline-Baseline-Baseline-USA Recycling","United Kingdom",2029,2.35822456667712
"Ambitious-Baseline-Baseline-Baseline-USA Recycling","United Kingdom",2030,3.33301520740327
"Ambitious-Baseline-Baseline-Baseline-USA Recycling","United Kingdom",2031,4.60905526433647
"Ambitious-Baseline-Baseline-Baseline-USA Recycling","United Kingdom",2032,5.49074124807608
"Ambitious-Baseline-Baseline-Baseline-USA Recycling","United Kingdom",2033,6.75349724447053
"Ambitious-Baseline-Baseline-Baseline-USA Recycling","United Kingdom",2034,8.44165056081637
"Ambitious-Baseline-Baseline-Baseline-USA Recycling","United Kingdom",2035,10.6242109127282
"Ambitious-Baseline-Baseline-Baseline-USA Recycling","United Kingdom",2036,13.3466410513552
"Ambitious-Baseline-Baseline-Baseline-USA Recycling","United Kingdom",2037,16.6571610517557
"Ambitious-Baseline-Baseline-Baseline-USA Recycling","United Kingdom",2038,20.5837808840588
"Ambitious-Baseline-Baseline-Baseline-USA Recycling","United Kingdom",2039,25.1461931055255
"Ambitious-Baseline-Baseline-Baseline-USA Recycling","United Kingdom",2040,30.3684654236144
"Ambitious-Baseline-Baseline-Baseline-USA Recycling","United Kingdom",2041,38.7084779060858
"Ambitious-Baseline-Baseline-Baseline-USA Recycling","United Kingdom",2042,46.3521271051656
"Ambitious-Baseline-Baseline-Baseline-USA Recycling","United Kingdom",2043,54.4198746644212
"Ambitious-Baseline-Baseline-Baseline-USA Recycling","United Kingdom",2044,62.2945139953636
"Ambitious-Baseline-Baseline-Baseline-USA Recycling","United Kingdom",2045,70.2536265911666
"Ambitious-Baseline-Baseline-Baseline-USA Recycling","United Kingdom",2046,77.6103611813983
"Ambitious-Baseline-Baseline-Baseline-USA Recycling","United Kingdom",2047,84.1456291565734
"Ambitious-Baseline-Baseline-Baseline-USA Recycling","United Kingdom",2048,89.7792433287587
"Ambitious-Baseline-Baseline-Baseline-USA Recycling","United Kingdom",2049,94.5479440278126
"Ambitious-Baseline-Baseline-Baseline-USA Recycling","United Kingdom",2050,98.5539916043597
"Ambitious-Baseline-Baseline-Baseline-USA Recycling","United Kingdom",2051,101.925161379394
"Ambitious-Baseline-Baseline-Baseline-USA Recycling","United Kingdom",2052,105.051616096983
"Ambitious-Baseline-Baseline-Baseline-USA Recycling","United Kingdom",2053,107.841573352861
"Ambitious-Baseline-Baseline-Baseline-USA Recycling","United Kingdom",2054,110.378398566132
"Ambitious-Baseline-Baseline-Baseline-USA Recycling","United Kingdom",2055,112.698909151212
"Ambitious-Baseline-Baseline-Baseline-USA Recycling","United Kingdom",2056,114.825543729736
"Ambitious-Baseline-Baseline-Baseline-USA Recycling","United Kingdom",2057,116.747436874187
"Ambitious-Baseline-Baseline-Baseline-USA Recycling","United Kingdom",2058,118.468225547684
"Ambitious-Baseline-Baseline-Baseline-USA Recycling","United Kingdom",2059,119.998737179934
"Ambitious-Baseline-Baseline-Baseline-USA Recycling","United Kingdom",2060,121.364567355112
"Ambitious-Baseline-Baseline-Baseline-USA Recycling","United Kingdom",2061,122.628994725026
"Ambitious-Baseline-Baseline-Baseline-USA Recycling","United Kingdom",2062,123.803838747335
"Ambitious-Baseline-Baseline-Baseline-USA Recycling","United Kingdom",2063,124.948382678519
"Ambitious-Baseline-Baseline-Baseline-USA Recycling","United Kingdom",2064,126.085200338921
"Ambitious-Baseline-Baseline-Baseline-USA Recycling","United Kingdom",2065,127.21828352507
"Ambitious-Baseline-Baseline-Baseline-USA Recycling","United Kingdom",2066,128.342597100044
"Ambitious-Baseline-Baseline-Baseline-USA Recycling","United Kingdom",2067,129.445377407341
"Ambitious-Baseline-Baseline-Baseline-USA Recycling","United Kingdom",2068,130.523330562313
"Ambitious-Baseline-Baseline-Baseline-USA Recycling","United Kingdom",2069,131.573104627071
"Ambitious-Baseline-Baseline-Baseline-USA Recycling","United Kingdom",2070,132.593380995748
"Ambitious-Baseline-Baseline-Baseline-USA Recycling","United States",2023,1.14929687918196
"Ambitious-Baseline-Baseline-Baseline-USA Recycling","United States",2024,1.5247622918275
"Ambitious-Baseline-Baseline-Baseline-USA Recycling","United States",2025,2.93295136162106
"Ambitious-Baseline-Baseline-Baseline-USA Recycling","United States",2026,5.10424620513759
"Ambitious-Baseline-Baseline-Baseline-USA Recycling","United States",2027,8.34789508623227
"Ambitious-Baseline-Baseline-Baseline-USA Recycling","United States",2028,12.5185202387198
"Ambitious-Baseline-Baseline-Baseline-USA Recycling","United States",2029,19.0762784084533
"Ambitious-Baseline-Baseline-Baseline-USA Recycling","United States",2030,25.0490907962038
"Ambitious-Baseline-Baseline-Baseline-USA Recycling","United States",2031,34.9772174531129
"Ambitious-Baseline-Baseline-Baseline-USA Recycling","United States",2032,44.8133598294022
"Ambitious-Baseline-Baseline-Baseline-USA Recycling","United States",2033,57.2743442961465
"Ambitious-Baseline-Baseline-Baseline-USA Recycling","United States",2034,73.1145371645109
"Ambitious-Baseline-Baseline-Baseline-USA Recycling","United States",2035,92.3035815391833
"Ambitious-Baseline-Baseline-Baseline-USA Recycling","United States",2036,114.130047738085
"Ambitious-Baseline-Baseline-Baseline-USA Recycling","United States",2037,139.481591412476
"Ambitious-Baseline-Baseline-Baseline-USA Recycling","United States",2038,171.004785677225
"Ambitious-Baseline-Baseline-Baseline-USA Recycling","United States",2039,207.956388803069
"Ambitious-Baseline-Baseline-Baseline-USA Recycling","United States",2040,250.110489713866
"Ambitious-Baseline-Baseline-Baseline-USA Recycling","United States",2041,297.069412464798
"Ambitious-Baseline-Baseline-Baseline-USA Recycling","United States",2042,346.833254971769
"Ambitious-Baseline-Baseline-Baseline-USA Recycling","United States",2043,399.536809633771
"Ambitious-Baseline-Baseline-Baseline-USA Recycling","United States",2044,456.661672099793
"Ambitious-Baseline-Baseline-Baseline-USA Recycling","United States",2045,520.006598800376
"Ambitious-Baseline-Baseline-Baseline-USA Recycling","United States",2046,582.792898558799
"Ambitious-Baseline-Baseline-Baseline-USA Recycling","United States",2047,643.17300942947
"Ambitious-Baseline-Baseline-Baseline-USA Recycling","United States",2048,700.303205262002
"Ambitious-Baseline-Baseline-Baseline-USA Recycling","United States",2049,752.590660865529
"Ambitious-Baseline-Baseline-Baseline-USA Recycling","United States",2050,799.19401676926
"Ambitious-Baseline-Baseline-Baseline-USA Recycling","United States",2051,839.410047098308
"Ambitious-Baseline-Baseline-Baseline-USA Recycling","United States",2052,877.908409719077
"Ambitious-Baseline-Baseline-Baseline-USA Recycling","United States",2053,910.533757634348
"Ambitious-Baseline-Baseline-Baseline-USA Recycling","United States",2054,938.056220355564
"Ambitious-Baseline-Baseline-Baseline-USA Recycling","United States",2055,961.07571307803
"Ambitious-Baseline-Baseline-Baseline-USA Recycling","United States",2056,980.284449443887
"Ambitious-Baseline-Baseline-Baseline-USA Recycling","United States",2057,996.402776905527
"Ambitious-Baseline-Baseline-Baseline-USA Recycling","United States",2058,1009.66242333374
"Ambitious-Baseline-Baseline-Baseline-USA Recycling","United States",2059,1020.65253680767
"Ambitious-Baseline-Baseline-Baseline-USA Recycling","United States",2060,1029.58990308091
"Ambitious-Baseline-Baseline-Baseline-USA Recycling","United States",2061,1036.8062696509
"Ambitious-Baseline-Baseline-Baseline-USA Recycling","United States",2062,1042.67841377068
"Ambitious-Baseline-Baseline-Baseline-USA Recycling","United States",2063,1047.49637295471
"Ambitious-Baseline-Baseline-Baseline-USA Recycling","United States",2064,1051.39142233249
"Ambitious-Baseline-Baseline-Baseline-USA Recycling","United States",2065,1054.59473413964
"Ambitious-Baseline-Baseline-Baseline-USA Recycling","United States",2066,1057.26375284665
"Ambitious-Baseline-Baseline-Baseline-USA Recycling","United States",2067,1059.50201178776
"Ambitious-Baseline-Baseline-Baseline-USA Recycling","United States",2068,1061.49738348985
"Ambitious-Baseline-Baseline-Baseline-USA Recycling","United States",2069,1063.31297768129
"Ambitious-Baseline-Baseline-Baseline-USA Recycling","United States",2070,1064.95647184368
"Ambitious-Baseline-High Capacity-Baseline-Baseline","ASEAN",2023,0.0723766159023914
"Ambitious-Baseline-High Capacity-Baseline-Baseline","ASEAN",2024,0.131879862052948
"Ambitious-Baseline-High Capacity-Baseline-Baseline","ASEAN",2025,0.212887058613667
"Ambitious-Baseline-High Capacity-Baseline-Baseline","ASEAN",2026,0.34729431696508
"Ambitious-Baseline-High Capacity-Baseline-Baseline","ASEAN",2027,0.595375075297882
"Ambitious-Baseline-High Capacity-Baseline-Baseline","ASEAN",2028,1.04518986323329
"Ambitious-Baseline-High Capacity-Baseline-Baseline","ASEAN",2029,1.87514047330567
"Ambitious-Baseline-High Capacity-Baseline-Baseline","ASEAN",2030,3.38605971518407
"Ambitious-Baseline-High Capacity-Baseline-Baseline","ASEAN",2031,6.24756631535669
"Ambitious-Baseline-High Capacity-Baseline-Baseline","ASEAN",2032,8.85782196036566
"Ambitious-Baseline-High Capacity-Baseline-Baseline","ASEAN",2033,12.40652997054
"Ambitious-Baseline-High Capacity-Baseline-Baseline","ASEAN",2034,17.2259899519445
"Ambitious-Baseline-High Capacity-Baseline-Baseline","ASEAN",2035,23.8156799027769
"Ambitious-Baseline-High Capacity-Baseline-Baseline","ASEAN",2036,32.347953048665
"Ambitious-Baseline-High Capacity-Baseline-Baseline","ASEAN",2037,41.8488111608951
"Ambitious-Baseline-High Capacity-Baseline-Baseline","ASEAN",2038,53.5976958800735
"Ambitious-Baseline-High Capacity-Baseline-Baseline","ASEAN",2039,67.7229089596596
"Ambitious-Baseline-High Capacity-Baseline-Baseline","ASEAN",2040,84.4963665512951
"Ambitious-Baseline-High Capacity-Baseline-Baseline","ASEAN",2041,104.551573891499
"Ambitious-Baseline-High Capacity-Baseline-Baseline","ASEAN",2042,127.074158792203
"Ambitious-Baseline-High Capacity-Baseline-Baseline","ASEAN",2043,152.899578418974
"Ambitious-Baseline-High Capacity-Baseline-Baseline","ASEAN",2044,182.771096080856
"Ambitious-Baseline-High Capacity-Baseline-Baseline","ASEAN",2045,216.074058643348
"Ambitious-Baseline-High Capacity-Baseline-Baseline","ASEAN",2046,253.984343865554
"Ambitious-Baseline-High Capacity-Baseline-Baseline","ASEAN",2047,294.147300859607
"Ambitious-Baseline-High Capacity-Baseline-Baseline","ASEAN",2048,335.849678423629
"Ambitious-Baseline-High Capacity-Baseline-Baseline","ASEAN",2049,378.773189138956
"Ambitious-Baseline-High Capacity-Baseline-Baseline","ASEAN",2050,422.310568784945
"Ambitious-Baseline-High Capacity-Baseline-Baseline","ASEAN",2051,465.684837736922
"Ambitious-Baseline-High Capacity-Baseline-Baseline","ASEAN",2052,509.515078686675
"Ambitious-Baseline-High Capacity-Baseline-Baseline","ASEAN",2053,552.59757300927
"Ambitious-Baseline-High Capacity-Baseline-Baseline","ASEAN",2054,594.66301871211
"Ambitious-Baseline-High Capacity-Baseline-Baseline","ASEAN",2055,635.396551142432
"Ambitious-Baseline-High Capacity-Baseline-Baseline","ASEAN",2056,674.519999006679
"Ambitious-Baseline-High Capacity-Baseline-Baseline","ASEAN",2057,711.787425157851
"Ambitious-Baseline-High Capacity-Baseline-Baseline","ASEAN",2058,746.896323147436
"Ambitious-Baseline-High Capacity-Baseline-Baseline","ASEAN",2059,779.70092959944
"Ambitious-Baseline-High Capacity-Baseline-Baseline","ASEAN",2060,810.094151533208
"Ambitious-Baseline-High Capacity-Baseline-Baseline","ASEAN",2061,838.084066635746
"Ambitious-Baseline-High Capacity-Baseline-Baseline","ASEAN",2062,863.743579736778
"Ambitious-Baseline-High Capacity-Baseline-Baseline","ASEAN",2063,887.11002092415
"Ambitious-Baseline-High Capacity-Baseline-Baseline","ASEAN",2064,908.293131424736
"Ambitious-Baseline-High Capacity-Baseline-Baseline","ASEAN",2065,927.417609702921
"Ambitious-Baseline-High Capacity-Baseline-Baseline","ASEAN",2066,944.612700908466
"Ambitious-Baseline-High Capacity-Baseline-Baseline","ASEAN",2067,960.13119100586
"Ambitious-Baseline-High Capacity-Baseline-Baseline","ASEAN",2068,974.215107775525
"Ambitious-Baseline-High Capacity-Baseline-Baseline","ASEAN",2069,987.111470866149
"Ambitious-Baseline-High Capacity-Baseline-Baseline","ASEAN",2070,999.093562265382
"Ambitious-Baseline-High Capacity-Baseline-Baseline","Africa",2023,0.042417910568897
"Ambitious-Baseline-High Capacity-Baseline-Baseline","Africa",2024,0.0743580219038427
"Ambitious-Baseline-High Capacity-Baseline-Baseline","Africa",2025,0.156101697680124
"Ambitious-Baseline-High Capacity-Baseline-Baseline","Africa",2026,0.256583235713787
"Ambitious-Baseline-High Capacity-Baseline-Baseline","Africa",2027,0.455692809437686
"Ambitious-Baseline-High Capacity-Baseline-Baseline","Africa",2028,0.741785057393486
"Ambitious-Baseline-High Capacity-Baseline-Baseline","Africa",2029,1.27430580023644
"Ambitious-Baseline-High Capacity-Baseline-Baseline","Africa",2030,2.03650706086496
"Ambitious-Baseline-High Capacity-Baseline-Baseline","Africa",2031,3.31304543047613
"Ambitious-Baseline-High Capacity-Baseline-Baseline","Africa",2032,4.65982161963128
"Ambitious-Baseline-High Capacity-Baseline-Baseline","Africa",2033,6.50492219073355
"Ambitious-Baseline-High Capacity-Baseline-Baseline","Africa",2034,9.00206446981814
"Ambitious-Baseline-High Capacity-Baseline-Baseline","Africa",2035,12.1437589436882
"Ambitious-Baseline-High Capacity-Baseline-Baseline","Africa",2036,16.3342632464279
"Ambitious-Baseline-High Capacity-Baseline-Baseline","Africa",2037,21.1694689306116
"Ambitious-Baseline-High Capacity-Baseline-Baseline","Africa",2038,27.1019529606943
"Ambitious-Baseline-High Capacity-Baseline-Baseline","Africa",2039,34.2476051186495
"Ambitious-Baseline-High Capacity-Baseline-Baseline","Africa",2040,42.9610464264499
"Ambitious-Baseline-High Capacity-Baseline-Baseline","Africa",2041,52.9618245081158
"Ambitious-Baseline-High Capacity-Baseline-Baseline","Africa",2042,64.3277886833358
"Ambitious-Baseline-High Capacity-Baseline-Baseline","Africa",2043,77.2410561130411
"Ambitious-Baseline-High Capacity-Baseline-Baseline","Africa",2044,91.7770797039281
"Ambitious-Baseline-High Capacity-Baseline-Baseline","Africa",2045,108.209162395955
"Ambitious-Baseline-High Capacity-Baseline-Baseline","Africa",2046,125.854180943438
"Ambitious-Baseline-High Capacity-Baseline-Baseline","Africa",2047,143.98060779197
"Ambitious-Baseline-High Capacity-Baseline-Baseline","Africa",2048,162.539003545445
"Ambitious-Baseline-High Capacity-Baseline-Baseline","Africa",2049,181.277232138145
"Ambitious-Baseline-High Capacity-Baseline-Baseline","Africa",2050,199.951734802838
"Ambitious-Baseline-High Capacity-Baseline-Baseline","Africa",2051,218.388378986658
"Ambitious-Baseline-High Capacity-Baseline-Baseline","Africa",2052,236.650548161251
"Ambitious-Baseline-High Capacity-Baseline-Baseline","Africa",2053,254.642782359299
"Ambitious-Baseline-High Capacity-Baseline-Baseline","Africa",2054,272.353612706184
"Ambitious-Baseline-High Capacity-Baseline-Baseline","Africa",2055,289.77065243226
"Ambitious-Baseline-High Capacity-Baseline-Baseline","Africa",2056,306.846956232412
"Ambitious-Baseline-High Capacity-Baseline-Baseline","Africa",2057,323.554836812706
"Ambitious-Baseline-High Capacity-Baseline-Baseline","Africa",2058,339.718827478278
"Ambitious-Baseline-High Capacity-Baseline-Baseline","Africa",2059,355.224623978421
"Ambitious-Baseline-High Capacity-Baseline-Baseline","Africa",2060,369.928222797512
"Ambitious-Baseline-High Capacity-Baseline-Baseline","Africa",2061,383.731209757149
"Ambitious-Baseline-High Capacity-Baseline-Baseline","Africa",2062,396.56213482966
"Ambitious-Baseline-High Capacity-Baseline-Baseline","Africa",2063,408.32668634628
"Ambitious-Baseline-High Capacity-Baseline-Baseline","Africa",2064,419.018999893004
"Ambitious-Baseline-High Capacity-Baseline-Baseline","Africa",2065,428.631584482027
"Ambitious-Baseline-High Capacity-Baseline-Baseline","Africa",2066,437.214769640269
"Ambitious-Baseline-High Capacity-Baseline-Baseline","Africa",2067,444.865718639011
"Ambitious-Baseline-High Capacity-Baseline-Baseline","Africa",2068,451.729794622798
"Ambitious-Baseline-High Capacity-Baseline-Baseline","Africa",2069,457.943256350613
"Ambitious-Baseline-High Capacity-Baseline-Baseline","Africa",2070,463.648426175992
"Ambitious-Baseline-High Capacity-Baseline-Baseline","Australia/NZ",2023,0.0657982903018657
"Ambitious-Baseline-High Capacity-Baseline-Baseline","Australia/NZ",2024,0.106786335093117
"Ambitious-Baseline-High Capacity-Baseline-Baseline","Australia/NZ",2025,0.156472955614333
"Ambitious-Baseline-High Capacity-Baseline-Baseline","Australia/NZ",2026,0.271145668902527
"Ambitious-Baseline-High Capacity-Baseline-Baseline","Australia/NZ",2027,0.429250649786174
"Ambitious-Baseline-High Capacity-Baseline-Baseline","Australia/NZ",2028,0.549037221961422
"Ambitious-Baseline-High Capacity-Baseline-Baseline","Australia/NZ",2029,0.709875626733549
"Ambitious-Baseline-High Capacity-Baseline-Baseline","Australia/NZ",2030,0.934410404865367
"Ambitious-Baseline-High Capacity-Baseline-Baseline","Australia/NZ",2031,1.26746787817068
"Ambitious-Baseline-High Capacity-Baseline-Baseline","Australia/NZ",2032,1.66006779729382
"Ambitious-Baseline-High Capacity-Baseline-Baseline","Australia/NZ",2033,2.30072203990808
"Ambitious-Baseline-High Capacity-Baseline-Baseline","Australia/NZ",2034,3.13767848965572
"Ambitious-Baseline-High Capacity-Baseline-Baseline","Australia/NZ",2035,4.22003103863704
"Ambitious-Baseline-High Capacity-Baseline-Baseline","Australia/NZ",2036,5.62107813606404
"Ambitious-Baseline-High Capacity-Baseline-Baseline","Australia/NZ",2037,7.24216979347323
"Ambitious-Baseline-High Capacity-Baseline-Baseline","Australia/NZ",2038,9.08185285414863
"Ambitious-Baseline-High Capacity-Baseline-Baseline","Australia/NZ",2039,11.2730548383511
"Ambitious-Baseline-High Capacity-Baseline-Baseline","Australia/NZ",2040,13.7736206066981
"Ambitious-Baseline-High Capacity-Baseline-Baseline","Australia/NZ",2041,16.6257121882508
"Ambitious-Baseline-High Capacity-Baseline-Baseline","Australia/NZ",2042,19.790789739364
"Ambitious-Baseline-High Capacity-Baseline-Baseline","Australia/NZ",2043,23.2408549224035
"Ambitious-Baseline-High Capacity-Baseline-Baseline","Australia/NZ",2044,26.9924243811092
"Ambitious-Baseline-High Capacity-Baseline-Baseline","Australia/NZ",2045,31.0409148841607
"Ambitious-Baseline-High Capacity-Baseline-Baseline","Australia/NZ",2046,36.9798398203861
"Ambitious-Baseline-High Capacity-Baseline-Baseline","Australia/NZ",2047,42.1433144335012
"Ambitious-Baseline-High Capacity-Baseline-Baseline","Australia/NZ",2048,47.4757370961115
"Ambitious-Baseline-High Capacity-Baseline-Baseline","Australia/NZ",2049,52.5205956056678
"Ambitious-Baseline-High Capacity-Baseline-Baseline","Australia/NZ",2050,57.6350691824288
"Ambitious-Baseline-High Capacity-Baseline-Baseline","Australia/NZ",2051,62.3718133173978
"Ambitious-Baseline-High Capacity-Baseline-Baseline","Australia/NZ",2052,66.8274484676196
"Ambitious-Baseline-High Capacity-Baseline-Baseline","Australia/NZ",2053,70.7458138236289
"Ambitious-Baseline-High Capacity-Baseline-Baseline","Australia/NZ",2054,74.1580393274235
"Ambitious-Baseline-High Capacity-Baseline-Baseline","Australia/NZ",2055,77.1128647009571
"Ambitious-Baseline-High Capacity-Baseline-Baseline","Australia/NZ",2056,79.6729655701237
"Ambitious-Baseline-High Capacity-Baseline-Baseline","Australia/NZ",2057,81.908437953042
"Ambitious-Baseline-High Capacity-Baseline-Baseline","Australia/NZ",2058,83.8644362903872
"Ambitious-Baseline-High Capacity-Baseline-Baseline","Australia/NZ",2059,85.5568624732346
"Ambitious-Baseline-High Capacity-Baseline-Baseline","Australia/NZ",2060,87.0005328553389
"Ambitious-Baseline-High Capacity-Baseline-Baseline","Australia/NZ",2061,88.1897171961376
"Ambitious-Baseline-High Capacity-Baseline-Baseline","Australia/NZ",2062,89.1330328366538
"Ambitious-Baseline-High Capacity-Baseline-Baseline","Australia/NZ",2063,89.8459605348329
"Ambitious-Baseline-High Capacity-Baseline-Baseline","Australia/NZ",2064,90.3542386299741
"Ambitious-Baseline-High Capacity-Baseline-Baseline","Australia/NZ",2065,90.6943135238814
"Ambitious-Baseline-High Capacity-Baseline-Baseline","Australia/NZ",2066,90.9156923998052
"Ambitious-Baseline-High Capacity-Baseline-Baseline","Australia/NZ",2067,91.0577201899769
"Ambitious-Baseline-High Capacity-Baseline-Baseline","Australia/NZ",2068,91.1516501710835
"Ambitious-Baseline-High Capacity-Baseline-Baseline","Australia/NZ",2069,91.2299374164441
"Ambitious-Baseline-High Capacity-Baseline-Baseline","Australia/NZ",2070,91.304296938692
"Ambitious-Baseline-High Capacity-Baseline-Baseline","Brazil",2023,0.0185753461890392
"Ambitious-Baseline-High Capacity-Baseline-Baseline","Brazil",2024,0.0516444317534849
"Ambitious-Baseline-High Capacity-Baseline-Baseline","Brazil",2025,0.0662445105518445
"Ambitious-Baseline-High Capacity-Baseline-Baseline","Brazil",2026,0.187860502477721
"Ambitious-Baseline-High Capacity-Baseline-Baseline","Brazil",2027,0.386254063822278
"Ambitious-Baseline-High Capacity-Baseline-Baseline","Brazil",2028,0.573489212121871
"Ambitious-Baseline-High Capacity-Baseline-Baseline","Brazil",2029,0.863621868684037
"Ambitious-Baseline-High Capacity-Baseline-Baseline","Brazil",2030,1.29988565749277
"Ambitious-Baseline-High Capacity-Baseline-Baseline","Brazil",2031,1.98768386321214
"Ambitious-Baseline-High Capacity-Baseline-Baseline","Brazil",2032,2.76924312287048
"Ambitious-Baseline-High Capacity-Baseline-Baseline","Brazil",2033,3.7980549542568
"Ambitious-Baseline-High Capacity-Baseline-Baseline","Brazil",2034,5.16612682183816
"Ambitious-Baseline-High Capacity-Baseline-Baseline","Brazil",2035,6.97300113154951
"Ambitious-Baseline-High Capacity-Baseline-Baseline","Brazil",2036,9.32540284611552
"Ambitious-Baseline-High Capacity-Baseline-Baseline","Brazil",2037,12.1069086399441
"Ambitious-Baseline-High Capacity-Baseline-Baseline","Brazil",2038,15.5599112632474
"Ambitious-Baseline-High Capacity-Baseline-Baseline","Brazil",2039,19.890029841897
"Ambitious-Baseline-High Capacity-Baseline-Baseline","Brazil",2040,24.8931175047257
"Ambitious-Baseline-High Capacity-Baseline-Baseline","Brazil",2041,30.7506084468415
"Ambitious-Baseline-High Capacity-Baseline-Baseline","Brazil",2042,37.2669694621434
"Ambitious-Baseline-High Capacity-Baseline-Baseline","Brazil",2043,44.6796956806103
"Ambitious-Baseline-High Capacity-Baseline-Baseline","Brazil",2044,52.970106820644
"Ambitious-Baseline-High Capacity-Baseline-Baseline","Brazil",2045,62.483567179736
"Ambitious-Baseline-High Capacity-Baseline-Baseline","Brazil",2046,73.741335697862
"Ambitious-Baseline-High Capacity-Baseline-Baseline","Brazil",2047,85.8727403530283
"Ambitious-Baseline-High Capacity-Baseline-Baseline","Brazil",2048,98.6899727699858
"Ambitious-Baseline-High Capacity-Baseline-Baseline","Brazil",2049,112.04623213984
"Ambitious-Baseline-High Capacity-Baseline-Baseline","Brazil",2050,125.746676540049
"Ambitious-Baseline-High Capacity-Baseline-Baseline","Brazil",2051,139.602944264064
"Ambitious-Baseline-High Capacity-Baseline-Baseline","Brazil",2052,153.865659937741
"Ambitious-Baseline-High Capacity-Baseline-Baseline","Brazil",2053,167.920585451811
"Ambitious-Baseline-High Capacity-Baseline-Baseline","Brazil",2054,181.572637108473
"Ambitious-Baseline-High Capacity-Baseline-Baseline","Brazil",2055,194.644615870092
"Ambitious-Baseline-High Capacity-Baseline-Baseline","Brazil",2056,206.981184397034
"Ambitious-Baseline-High Capacity-Baseline-Baseline","Brazil",2057,218.489753057274
"Ambitious-Baseline-High Capacity-Baseline-Baseline","Brazil",2058,229.072019448262
"Ambitious-Baseline-High Capacity-Baseline-Baseline","Brazil",2059,238.723913757841
"Ambitious-Baseline-High Capacity-Baseline-Baseline","Brazil",2060,247.441021547023
"Ambitious-Baseline-High Capacity-Baseline-Baseline","Brazil",2061,255.251707657628
"Ambitious-Baseline-High Capacity-Baseline-Baseline","Brazil",2062,262.220930939426
"Ambitious-Baseline-High Capacity-Baseline-Baseline","Brazil",2063,268.389585238644
"Ambitious-Baseline-High Capacity-Baseline-Baseline","Brazil",2064,273.831818954382
"Ambitious-Baseline-High Capacity-Baseline-Baseline","Brazil",2065,278.616321279773
"Ambitious-Baseline-High Capacity-Baseline-Baseline","Brazil",2066,282.813245247307
"Ambitious-Baseline-High Capacity-Baseline-Baseline","Brazil",2067,286.515751919311
"Ambitious-Baseline-High Capacity-Baseline-Baseline","Brazil",2068,289.801589898935
"Ambitious-Baseline-High Capacity-Baseline-Baseline","Brazil",2069,292.760668465347
"Ambitious-Baseline-High Capacity-Baseline-Baseline","Brazil",2070,295.477916947147
"Ambitious-Baseline-High Capacity-Baseline-Baseline","Canada",2023,0.121702221075323
"Ambitious-Baseline-High Capacity-Baseline-Baseline","Canada",2024,0.144863134130819
"Ambitious-Baseline-High Capacity-Baseline-Baseline","Canada",2025,0.213942718818043
"Ambitious-Baseline-High Capacity-Baseline-Baseline","Canada",2026,0.326118344864164
"Ambitious-Baseline-High Capacity-Baseline-Baseline","Canada",2027,0.49416115356194
"Ambitious-Baseline-High Capacity-Baseline-Baseline","Canada",2028,0.747381168849395
"Ambitious-Baseline-High Capacity-Baseline-Baseline","Canada",2029,1.13666456264775
"Ambitious-Baseline-High Capacity-Baseline-Baseline","Canada",2030,1.76206940549911
"Ambitious-Baseline-High Capacity-Baseline-Baseline","Canada",2031,2.75790037233075
"Ambitious-Baseline-High Capacity-Baseline-Baseline","Canada",2032,3.52038379548032
"Ambitious-Baseline-High Capacity-Baseline-Baseline","Canada",2033,4.53206737683992
"Ambitious-Baseline-High Capacity-Baseline-Baseline","Canada",2034,5.87577536302937
"Ambitious-Baseline-High Capacity-Baseline-Baseline","Canada",2035,7.64790218021262
"Ambitious-Baseline-High Capacity-Baseline-Baseline","Canada",2036,9.76779155037856
"Ambitious-Baseline-High Capacity-Baseline-Baseline","Canada",2037,12.4340718382656
"Ambitious-Baseline-High Capacity-Baseline-Baseline","Canada",2038,15.505679484196
"Ambitious-Baseline-High Capacity-Baseline-Baseline","Canada",2039,19.1793182414259
"Ambitious-Baseline-High Capacity-Baseline-Baseline","Canada",2040,23.4725012220251
"Ambitious-Baseline-High Capacity-Baseline-Baseline","Canada",2041,28.4075476906851
"Ambitious-Baseline-High Capacity-Baseline-Baseline","Canada",2042,33.9903411637119
"Ambitious-Baseline-High Capacity-Baseline-Baseline","Canada",2043,40.0607974302624
"Ambitious-Baseline-High Capacity-Baseline-Baseline","Canada",2044,46.4370942058386
"Ambitious-Baseline-High Capacity-Baseline-Baseline","Canada",2045,53.4721997835259
"Ambitious-Baseline-High Capacity-Baseline-Baseline","Canada",2046,60.9358750296501
"Ambitious-Baseline-High Capacity-Baseline-Baseline","Canada",2047,68.025569207759
"Ambitious-Baseline-High Capacity-Baseline-Baseline","Canada",2048,74.5082334540698
"Ambitious-Baseline-High Capacity-Baseline-Baseline","Canada",2049,80.2403904187037
"Ambitious-Baseline-High Capacity-Baseline-Baseline","Canada",2050,85.1321258234506
"Ambitious-Baseline-High Capacity-Baseline-Baseline","Canada",2051,89.1752372391401
"Ambitious-Baseline-High Capacity-Baseline-Baseline","Canada",2052,92.9315059154965
"Ambitious-Baseline-High Capacity-Baseline-Baseline","Canada",2053,96.0628737328832
"Ambitious-Baseline-High Capacity-Baseline-Baseline","Canada",2054,98.6885719782284
"Ambitious-Baseline-High Capacity-Baseline-Baseline","Canada",2055,100.88785475345
"Ambitious-Baseline-High Capacity-Baseline-Baseline","Canada",2056,102.718873108554
"Ambitious-Baseline-High Capacity-Baseline-Baseline","Canada",2057,104.238946510978
"Ambitious-Baseline-High Capacity-Baseline-Baseline","Canada",2058,105.475488137157
"Ambitious-Baseline-High Capacity-Baseline-Baseline","Canada",2059,106.452105666542
"Ambitious-Baseline-High Capacity-Baseline-Baseline","Canada",2060,107.20754862933
"Ambitious-Baseline-High Capacity-Baseline-Baseline","Canada",2061,107.771690627129
"Ambitious-Baseline-High Capacity-Baseline-Baseline","Canada",2062,108.189427456867
"Ambitious-Baseline-High Capacity-Baseline-Baseline","Canada",2063,108.50710506054
"Ambitious-Baseline-High Capacity-Baseline-Baseline","Canada",2064,108.757429451388
"Ambitious-Baseline-High Capacity-Baseline-Baseline","Canada",2065,108.963633754433
"Ambitious-Baseline-High Capacity-Baseline-Baseline","Canada",2066,109.14540625286
"Ambitious-Baseline-High Capacity-Baseline-Baseline","Canada",2067,109.307954838205
"Ambitious-Baseline-High Capacity-Baseline-Baseline","Canada",2068,109.458553397359
"Ambitious-Baseline-High Capacity-Baseline-Baseline","Canada",2069,109.603362599732
"Ambitious-Baseline-High Capacity-Baseline-Baseline","Canada",2070,109.732640782475
"Ambitious-Baseline-High Capacity-Baseline-Baseline","China",2023,10.7373479200508
"Ambitious-Baseline-High Capacity-Baseline-Baseline","China",2024,14.782300638194
"Ambitious-Baseline-High Capacity-Baseline-Baseline","China",2025,24.0437193710784
"Ambitious-Baseline-High Capacity-Baseline-Baseline","China",2026,37.8633397160469
"Ambitious-Baseline-High Capacity-Baseline-Baseline","China",2027,55.817144509555
"Ambitious-Baseline-High Capacity-Baseline-Baseline","China",2028,80.8050559466651
"Ambitious-Baseline-High Capacity-Baseline-Baseline","China",2029,114.554765005069
"Ambitious-Baseline-High Capacity-Baseline-Baseline","China",2030,157.207088507075
"Ambitious-Baseline-High Capacity-Baseline-Baseline","China",2031,212.844043840669
"Ambitious-Baseline-High Capacity-Baseline-Baseline","China",2032,279.247602281061
"Ambitious-Baseline-High Capacity-Baseline-Baseline","China",2033,359.301272092433
"Ambitious-Baseline-High Capacity-Baseline-Baseline","China",2034,454.224071692137
"Ambitious-Baseline-High Capacity-Baseline-Baseline","China",2035,564.308278001897
"Ambitious-Baseline-High Capacity-Baseline-Baseline","China",2036,682.461021155346
"Ambitious-Baseline-High Capacity-Baseline-Baseline","China",2037,803.3630946516
"Ambitious-Baseline-High Capacity-Baseline-Baseline","China",2038,935.49541846363
"Ambitious-Baseline-High Capacity-Baseline-Baseline","China",2039,1078.27302748666
"Ambitious-Baseline-High Capacity-Baseline-Baseline","China",2040,1250.90022579057
"Ambitious-Baseline-High Capacity-Baseline-Baseline","China",2041,1438.95429618449
"Ambitious-Baseline-High Capacity-Baseline-Baseline","China",2042,1633.78109727555
"Ambitious-Baseline-High Capacity-Baseline-Baseline","China",2043,1835.04072053891
"Ambitious-Baseline-High Capacity-Baseline-Baseline","China",2044,2040.7588909596
"Ambitious-Baseline-High Capacity-Baseline-Baseline","China",2045,2247.94352018284
"Ambitious-Baseline-High Capacity-Baseline-Baseline","China",2046,2453.07607146502
"Ambitious-Baseline-High Capacity-Baseline-Baseline","China",2047,2652.7076305796
"Ambitious-Baseline-High Capacity-Baseline-Baseline","China",2048,2841.43741326772
"Ambitious-Baseline-High Capacity-Baseline-Baseline","China",2049,3015.84640414337
"Ambitious-Baseline-High Capacity-Baseline-Baseline","China",2050,3173.20112790232
"Ambitious-Baseline-High Capacity-Baseline-Baseline","China",2051,3312.16175084341
"Ambitious-Baseline-High Capacity-Baseline-Baseline","China",2052,3442.18737577797
"Ambitious-Baseline-High Capacity-Baseline-Baseline","China",2053,3556.5463089876
"Ambitious-Baseline-High Capacity-Baseline-Baseline","China",2054,3657.6835449335
"Ambitious-Baseline-High Capacity-Baseline-Baseline","China",2055,3748.08585272018
"Ambitious-Baseline-High Capacity-Baseline-Baseline","China",2056,3829.87562896468
"Ambitious-Baseline-High Capacity-Baseline-Baseline","China",2057,3904.81674357053
"Ambitious-Baseline-High Capacity-Baseline-Baseline","China",2058,3974.2154125704
"Ambitious-Baseline-High Capacity-Baseline-Baseline","China",2059,4039.09154356946
"Ambitious-Baseline-High Capacity-Baseline-Baseline","China",2060,4100.16035862434
"Ambitious-Baseline-High Capacity-Baseline-Baseline","China",2061,4158.18639270986
"Ambitious-Baseline-High Capacity-Baseline-Baseline","China",2062,4213.64431639263
"Ambitious-Baseline-High Capacity-Baseline-Baseline","China",2063,4266.87969321105
"Ambitious-Baseline-High Capacity-Baseline-Baseline","China",2064,4318.20866919687
"Ambitious-Baseline-High Capacity-Baseline-Baseline","China",2065,4367.89048963944
"Ambitious-Baseline-High Capacity-Baseline-Baseline","China",2066,4416.25424167214
"Ambitious-Baseline-High Capacity-Baseline-Baseline","China",2067,4463.53417491307
"Ambitious-Baseline-High Capacity-Baseline-Baseline","China",2068,4510.15960928045
"Ambitious-Baseline-High Capacity-Baseline-Baseline","China",2069,4556.41441963025
"Ambitious-Baseline-High Capacity-Baseline-Baseline","China",2070,4602.52111866498
"Ambitious-Baseline-High Capacity-Baseline-Baseline","EFTA",2023,0.2768408640546
"Ambitious-Baseline-High Capacity-Baseline-Baseline","EFTA",2024,0.345797723334054
"Ambitious-Baseline-High Capacity-Baseline-Baseline","EFTA",2025,0.411853899967006
"Ambitious-Baseline-High Capacity-Baseline-Baseline","EFTA",2026,0.583418691155537
"Ambitious-Baseline-High Capacity-Baseline-Baseline","EFTA",2027,0.695561422705908
"Ambitious-Baseline-High Capacity-Baseline-Baseline","EFTA",2028,0.873818100522723
"Ambitious-Baseline-High Capacity-Baseline-Baseline","EFTA",2029,1.12897158904517
"Ambitious-Baseline-High Capacity-Baseline-Baseline","EFTA",2030,1.47815603443963
"Ambitious-Baseline-High Capacity-Baseline-Baseline","EFTA",2031,1.94440972648959
"Ambitious-Baseline-High Capacity-Baseline-Baseline","EFTA",2032,2.46807879506242
"Ambitious-Baseline-High Capacity-Baseline-Baseline","EFTA",2033,3.15802216091002
"Ambitious-Baseline-High Capacity-Baseline-Baseline","EFTA",2034,3.9751326831273
"Ambitious-Baseline-High Capacity-Baseline-Baseline","EFTA",2035,5.00603547460716
"Ambitious-Baseline-High Capacity-Baseline-Baseline","EFTA",2036,6.25541750679857
"Ambitious-Baseline-High Capacity-Baseline-Baseline","EFTA",2037,7.59241655810018
"Ambitious-Baseline-High Capacity-Baseline-Baseline","EFTA",2038,9.04269472343526
"Ambitious-Baseline-High Capacity-Baseline-Baseline","EFTA",2039,10.5619251748769
"Ambitious-Baseline-High Capacity-Baseline-Baseline","EFTA",2040,12.1286419418123
"Ambitious-Baseline-High Capacity-Baseline-Baseline","EFTA",2041,13.726437190565
"Ambitious-Baseline-High Capacity-Baseline-Baseline","EFTA",2042,15.3287576804324
"Ambitious-Baseline-High Capacity-Baseline-Baseline","EFTA",2043,16.945406500909
"Ambitious-Baseline-High Capacity-Baseline-Baseline","EFTA",2044,18.5880604587292
"Ambitious-Baseline-High Capacity-Baseline-Baseline","EFTA",2045,20.2243140890184
"Ambitious-Baseline-High Capacity-Baseline-Baseline","EFTA",2046,21.8460051171033
"Ambitious-Baseline-High Capacity-Baseline-Baseline","EFTA",2047,23.3069110592726
"Ambitious-Baseline-High Capacity-Baseline-Baseline","EFTA",2048,24.8167227515307
"Ambitious-Baseline-High Capacity-Baseline-Baseline","EFTA",2049,26.2187185935101
"Ambitious-Baseline-High Capacity-Baseline-Baseline","EFTA",2050,27.490788880083
"Ambitious-Baseline-High Capacity-Baseline-Baseline","EFTA",2051,28.6230723500871
"Ambitious-Baseline-High Capacity-Baseline-Baseline","EFTA",2052,29.6493398226841
"Ambitious-Baseline-High Capacity-Baseline-Baseline","EFTA",2053,30.5468904182059
"Ambitious-Baseline-High Capacity-Baseline-Baseline","EFTA",2054,31.3288769732268
"Ambitious-Baseline-High Capacity-Baseline-Baseline","EFTA",2055,32.0114657232919
"Ambitious-Baseline-High Capacity-Baseline-Baseline","EFTA",2056,32.599408575427
"Ambitious-Baseline-High Capacity-Baseline-Baseline","EFTA",2057,33.1045814865239
"Ambitious-Baseline-High Capacity-Baseline-Baseline","EFTA",2058,33.5364774265073
"Ambitious-Baseline-High Capacity-Baseline-Baseline","EFTA",2059,33.9091732684577
"Ambitious-Baseline-High Capacity-Baseline-Baseline","EFTA",2060,34.2295742912438
"Ambitious-Baseline-High Capacity-Baseline-Baseline","EFTA",2061,34.5050063291379
"Ambitious-Baseline-High Capacity-Baseline-Baseline","EFTA",2062,34.7433372152149
"Ambitious-Baseline-High Capacity-Baseline-Baseline","EFTA",2063,34.9601878790831
"Ambitious-Baseline-High Capacity-Baseline-Baseline","EFTA",2064,35.160065983629
"Ambitious-Baseline-High Capacity-Baseline-Baseline","EFTA",2065,35.3507803543324
"Ambitious-Baseline-High Capacity-Baseline-Baseline","EFTA",2066,35.5335939329363
"Ambitious-Baseline-High Capacity-Baseline-Baseline","EFTA",2067,35.713568548594
"Ambitious-Baseline-High Capacity-Baseline-Baseline","EFTA",2068,35.8897675493662
"Ambitious-Baseline-High Capacity-Baseline-Baseline","EFTA",2069,36.0654088718984
"Ambitious-Baseline-High Capacity-Baseline-Baseline","EFTA",2070,36.2405225224942
"Ambitious-Baseline-High Capacity-Baseline-Baseline","European Union",2023,1.50374940730139
"Ambitious-Baseline-High Capacity-Baseline-Baseline","European Union",2024,2.94661866554961
"Ambitious-Baseline-High Capacity-Baseline-Baseline","European Union",2025,4.57212036484552
"Ambitious-Baseline-High Capacity-Baseline-Baseline","European Union",2026,7.67831590047816
"Ambitious-Baseline-High Capacity-Baseline-Baseline","European Union",2027,11.6241873647932
"Ambitious-Baseline-High Capacity-Baseline-Baseline","European Union",2028,16.9598423674244
"Ambitious-Baseline-High Capacity-Baseline-Baseline","European Union",2029,24.1227573491567
"Ambitious-Baseline-High Capacity-Baseline-Baseline","European Union",2030,32.8196598700263
"Ambitious-Baseline-High Capacity-Baseline-Baseline","European Union",2031,44.1542469945781
"Ambitious-Baseline-High Capacity-Baseline-Baseline","European Union",2032,56.7138230251853
"Ambitious-Baseline-High Capacity-Baseline-Baseline","European Union",2033,72.2995366588142
"Ambitious-Baseline-High Capacity-Baseline-Baseline","European Union",2034,92.5343642718497
"Ambitious-Baseline-High Capacity-Baseline-Baseline","European Union",2035,118.672167588818
"Ambitious-Baseline-High Capacity-Baseline-Baseline","European Union",2036,152.047345923331
"Ambitious-Baseline-High Capacity-Baseline-Baseline","European Union",2037,191.808459729937
"Ambitious-Baseline-High Capacity-Baseline-Baseline","European Union",2038,240.317238285128
"Ambitious-Baseline-High Capacity-Baseline-Baseline","European Union",2039,299.118130914571
"Ambitious-Baseline-High Capacity-Baseline-Baseline","European Union",2040,370.370018637456
"Ambitious-Baseline-High Capacity-Baseline-Baseline","European Union",2041,451.698331920417
"Ambitious-Baseline-High Capacity-Baseline-Baseline","European Union",2042,539.362279047918
"Ambitious-Baseline-High Capacity-Baseline-Baseline","European Union",2043,630.7862015175
"Ambitious-Baseline-High Capacity-Baseline-Baseline","European Union",2044,722.656412008313
"Ambitious-Baseline-High Capacity-Baseline-Baseline","European Union",2045,812.332750076905
"Ambitious-Baseline-High Capacity-Baseline-Baseline","European Union",2046,897.139392852094
"Ambitious-Baseline-High Capacity-Baseline-Baseline","European Union",2047,976.105400629045
"Ambitious-Baseline-High Capacity-Baseline-Baseline","European Union",2048,1047.92682443498
"Ambitious-Baseline-High Capacity-Baseline-Baseline","European Union",2049,1112.47410924675
"Ambitious-Baseline-High Capacity-Baseline-Baseline","European Union",2050,1170.1885844787
"Ambitious-Baseline-High Capacity-Baseline-Baseline","European Union",2051,1221.26246240973
"Ambitious-Baseline-High Capacity-Baseline-Baseline","European Union",2052,1270.86749573109
"Ambitious-Baseline-High Capacity-Baseline-Baseline","European Union",2053,1316.43473336382
"Ambitious-Baseline-High Capacity-Baseline-Baseline","European Union",2054,1358.54504121572
"Ambitious-Baseline-High Capacity-Baseline-Baseline","European Union",2055,1397.43287291567
"Ambitious-Baseline-High Capacity-Baseline-Baseline","European Union",2056,1433.26706738346
"Ambitious-Baseline-High Capacity-Baseline-Baseline","European Union",2057,1466.110700693
"Ambitious-Baseline-High Capacity-Baseline-Baseline","European Union",2058,1496.05348016372
"Ambitious-Baseline-High Capacity-Baseline-Baseline","European Union",2059,1523.46979208766
"Ambitious-Baseline-High Capacity-Baseline-Baseline","European Union",2060,1548.75199395298
"Ambitious-Baseline-High Capacity-Baseline-Baseline","European Union",2061,1572.39564926357
"Ambitious-Baseline-High Capacity-Baseline-Baseline","European Union",2062,1594.76264897978
"Ambitious-Baseline-High Capacity-Baseline-Baseline","European Union",2063,1616.12205017307
"Ambitious-Baseline-High Capacity-Baseline-Baseline","European Union",2064,1636.56972130695
"Ambitious-Baseline-High Capacity-Baseline-Baseline","European Union",2065,1656.04255160281
"Ambitious-Baseline-High Capacity-Baseline-Baseline","European Union",2066,1674.47370707953
"Ambitious-Baseline-High Capacity-Baseline-Baseline","European Union",2067,1691.82950769945
"Ambitious-Baseline-High Capacity-Baseline-Baseline","European Union",2068,1708.12090532309
"Ambitious-Baseline-High Capacity-Baseline-Baseline","European Union",2069,1723.47709953341
"Ambitious-Baseline-High Capacity-Baseline-Baseline","European Union",2070,1738.07041108033
"Ambitious-Baseline-High Capacity-Baseline-Baseline","India",2023,0.112419107312472
"Ambitious-Baseline-High Capacity-Baseline-Baseline","India",2024,0.338115744527669
"Ambitious-Baseline-High Capacity-Baseline-Baseline","India",2025,0.607060211538254
"Ambitious-Baseline-High Capacity-Baseline-Baseline","India",2026,1.01167220629188
"Ambitious-Baseline-High Capacity-Baseline-Baseline","India",2027,1.71941878278969
"Ambitious-Baseline-High Capacity-Baseline-Baseline","India",2028,3.01421781409471
"Ambitious-Baseline-High Capacity-Baseline-Baseline","India",2029,4.89470115761559
"Ambitious-Baseline-High Capacity-Baseline-Baseline","India",2030,7.47630149816776
"Ambitious-Baseline-High Capacity-Baseline-Baseline","India",2031,11.113670384811
"Ambitious-Baseline-High Capacity-Baseline-Baseline","India",2032,15.3893740453851
"Ambitious-Baseline-High Capacity-Baseline-Baseline","India",2033,20.9746518315032
"Ambitious-Baseline-High Capacity-Baseline-Baseline","India",2034,28.1896947997659
"Ambitious-Baseline-High Capacity-Baseline-Baseline","India",2035,37.2984542692606
"Ambitious-Baseline-High Capacity-Baseline-Baseline","India",2036,48.5099902619753
"Ambitious-Baseline-High Capacity-Baseline-Baseline","India",2037,60.1547633808284
"Ambitious-Baseline-High Capacity-Baseline-Baseline","India",2038,73.4744621045264
"Ambitious-Baseline-High Capacity-Baseline-Baseline","India",2039,88.4860611970398
"Ambitious-Baseline-High Capacity-Baseline-Baseline","India",2040,105.192738067664
"Ambitious-Baseline-High Capacity-Baseline-Baseline","India",2041,123.599066643025
"Ambitious-Baseline-High Capacity-Baseline-Baseline","India",2042,143.295717811604
"Ambitious-Baseline-High Capacity-Baseline-Baseline","India",2043,164.391770293297
"Ambitious-Baseline-High Capacity-Baseline-Baseline","India",2044,186.644938886334
"Ambitious-Baseline-High Capacity-Baseline-Baseline","India",2045,209.749703484385
"Ambitious-Baseline-High Capacity-Baseline-Baseline","India",2046,236.117999780105
"Ambitious-Baseline-High Capacity-Baseline-Baseline","India",2047,263.009688166792
"Ambitious-Baseline-High Capacity-Baseline-Baseline","India",2048,289.474736624327
"Ambitious-Baseline-High Capacity-Baseline-Baseline","India",2049,314.99471571912
"Ambitious-Baseline-High Capacity-Baseline-Baseline","India",2050,339.159326091325
"Ambitious-Baseline-High Capacity-Baseline-Baseline","India",2051,361.723306793289
"Ambitious-Baseline-High Capacity-Baseline-Baseline","India",2052,384.284991539532
"Ambitious-Baseline-High Capacity-Baseline-Baseline","India",2053,405.284525709237
"Ambitious-Baseline-High Capacity-Baseline-Baseline","India",2054,424.795149432534
"Ambitious-Baseline-High Capacity-Baseline-Baseline","India",2055,442.884046065235
"Ambitious-Baseline-High Capacity-Baseline-Baseline","India",2056,459.616921058893
"Ambitious-Baseline-High Capacity-Baseline-Baseline","India",2057,475.062027164648
"Ambitious-Baseline-High Capacity-Baseline-Baseline","India",2058,489.317630278316
"Ambitious-Baseline-High Capacity-Baseline-Baseline","India",2059,502.471317837397
"Ambitious-Baseline-High Capacity-Baseline-Baseline","India",2060,514.652561393791
"Ambitious-Baseline-High Capacity-Baseline-Baseline","India",2061,525.960644117561
"Ambitious-Baseline-High Capacity-Baseline-Baseline","India",2062,536.535632919432
"Ambitious-Baseline-High Capacity-Baseline-Baseline","India",2063,546.42835520825
"Ambitious-Baseline-High Capacity-Baseline-Baseline","India",2064,555.713222919846
"Ambitious-Baseline-High Capacity-Baseline-Baseline","India",2065,564.42679298871
"Ambitious-Baseline-High Capacity-Baseline-Baseline","India",2066,572.61586218843
"Ambitious-Baseline-High Capacity-Baseline-Baseline","India",2067,580.32680963294
"Ambitious-Baseline-High Capacity-Baseline-Baseline","India",2068,587.646831330204
"Ambitious-Baseline-High Capacity-Baseline-Baseline","India",2069,594.649850656147
"Ambitious-Baseline-High Capacity-Baseline-Baseline","India",2070,601.409122303175
"Ambitious-Baseline-High Capacity-Baseline-Baseline","Japan",2023,0.100955465344981
"Ambitious-Baseline-High Capacity-Baseline-Baseline","Japan",2024,0.437006668103456
"Ambitious-Baseline-High Capacity-Baseline-Baseline","Japan",2025,0.532141557212972
"Ambitious-Baseline-High Capacity-Baseline-Baseline","Japan",2026,0.652115348305318
"Ambitious-Baseline-High Capacity-Baseline-Baseline","Japan",2027,0.821060429695192
"Ambitious-Baseline-High Capacity-Baseline-Baseline","Japan",2028,1.17575576063261
"Ambitious-Baseline-High Capacity-Baseline-Baseline","Japan",2029,1.59173201187178
"Ambitious-Baseline-High Capacity-Baseline-Baseline","Japan",2030,2.81923362168269
"Ambitious-Baseline-High Capacity-Baseline-Baseline","Japan",2031,4.65316223546554
"Ambitious-Baseline-High Capacity-Baseline-Baseline","Japan",2032,5.98879996752925
"Ambitious-Baseline-High Capacity-Baseline-Baseline","Japan",2033,7.75453073488783
"Ambitious-Baseline-High Capacity-Baseline-Baseline","Japan",2034,10.1100724070647
"Ambitious-Baseline-High Capacity-Baseline-Baseline","Japan",2035,13.272401403962
"Ambitious-Baseline-High Capacity-Baseline-Baseline","Japan",2036,17.3591470355145
"Ambitious-Baseline-High Capacity-Baseline-Baseline","Japan",2037,21.8698732802156
"Ambitious-Baseline-High Capacity-Baseline-Baseline","Japan",2038,27.5695852024234
"Ambitious-Baseline-High Capacity-Baseline-Baseline","Japan",2039,33.964690233656
"Ambitious-Baseline-High Capacity-Baseline-Baseline","Japan",2040,41.3754113350681
"Ambitious-Baseline-High Capacity-Baseline-Baseline","Japan",2041,48.7398348110819
"Ambitious-Baseline-High Capacity-Baseline-Baseline","Japan",2042,58.5910249878529
"Ambitious-Baseline-High Capacity-Baseline-Baseline","Japan",2043,69.7732068591902
"Ambitious-Baseline-High Capacity-Baseline-Baseline","Japan",2044,82.1037302896753
"Ambitious-Baseline-High Capacity-Baseline-Baseline","Japan",2045,95.1780852992272
"Ambitious-Baseline-High Capacity-Baseline-Baseline","Japan",2046,110.073657062458
"Ambitious-Baseline-High Capacity-Baseline-Baseline","Japan",2047,125.512528732549
"Ambitious-Baseline-High Capacity-Baseline-Baseline","Japan",2048,140.191186497126
"Ambitious-Baseline-High Capacity-Baseline-Baseline","Japan",2049,153.63769354268
"Ambitious-Baseline-High Capacity-Baseline-Baseline","Japan",2050,165.480096885497
"Ambitious-Baseline-High Capacity-Baseline-Baseline","Japan",2051,175.553596655797
"Ambitious-Baseline-High Capacity-Baseline-Baseline","Japan",2052,184.88263238593
"Ambitious-Baseline-High Capacity-Baseline-Baseline","Japan",2053,192.713508614341
"Ambitious-Baseline-High Capacity-Baseline-Baseline","Japan",2054,199.238518417946
"Ambitious-Baseline-High Capacity-Baseline-Baseline","Japan",2055,204.609040672324
"Ambitious-Baseline-High Capacity-Baseline-Baseline","Japan",2056,208.96094571189
"Ambitious-Baseline-High Capacity-Baseline-Baseline","Japan",2057,212.398592718486
"Ambitious-Baseline-High Capacity-Baseline-Baseline","Japan",2058,215.004339075923
"Ambitious-Baseline-High Capacity-Baseline-Baseline","Japan",2059,216.851665137112
"Ambitious-Baseline-High Capacity-Baseline-Baseline","Japan",2060,218.011197674834
"Ambitious-Baseline-High Capacity-Baseline-Baseline","Japan",2061,218.627858655191
"Ambitious-Baseline-High Capacity-Baseline-Baseline","Japan",2062,218.799198982462
"Ambitious-Baseline-High Capacity-Baseline-Baseline","Japan",2063,218.687608065476
"Ambitious-Baseline-High Capacity-Baseline-Baseline","Japan",2064,218.402037402133
"Ambitious-Baseline-High Capacity-Baseline-Baseline","Japan",2065,218.009142987208
"Ambitious-Baseline-High Capacity-Baseline-Baseline","Japan",2066,217.568408874968
"Ambitious-Baseline-High Capacity-Baseline-Baseline","Japan",2067,217.102089469183
"Ambitious-Baseline-High Capacity-Baseline-Baseline","Japan",2068,216.634767064334
"Ambitious-Baseline-High Capacity-Baseline-Baseline","Japan",2069,216.169000826287
"Ambitious-Baseline-High Capacity-Baseline-Baseline","Japan",2070,215.709771060679
"Ambitious-Baseline-High Capacity-Baseline-Baseline","Mexico",2023,0.0312948282293928
"Ambitious-Baseline-High Capacity-Baseline-Baseline","Mexico",2024,0.0987986230480228
"Ambitious-Baseline-High Capacity-Baseline-Baseline","Mexico",2025,0.103493356548101
"Ambitious-Baseline-High Capacity-Baseline-Baseline","Mexico",2026,0.146018086403304
"Ambitious-Baseline-High Capacity-Baseline-Baseline","Mexico",2027,0.200217483379846
"Ambitious-Baseline-High Capacity-Baseline-Baseline","Mexico",2028,0.330636906218273
"Ambitious-Baseline-High Capacity-Baseline-Baseline","Mexico",2029,0.611879325849648
"Ambitious-Baseline-High Capacity-Baseline-Baseline","Mexico",2030,1.19448140295842
"Ambitious-Baseline-High Capacity-Baseline-Baseline","Mexico",2031,2.10617837556724
"Ambitious-Baseline-High Capacity-Baseline-Baseline","Mexico",2032,2.67060173025869
"Ambitious-Baseline-High Capacity-Baseline-Baseline","Mexico",2033,3.41044677046825
"Ambitious-Baseline-High Capacity-Baseline-Baseline","Mexico",2034,4.3928675088896
"Ambitious-Baseline-High Capacity-Baseline-Baseline","Mexico",2035,5.69320112400379
"Ambitious-Baseline-High Capacity-Baseline-Baseline","Mexico",2036,7.40023153303511
"Ambitious-Baseline-High Capacity-Baseline-Baseline","Mexico",2037,9.31424242595917
"Ambitious-Baseline-High Capacity-Baseline-Baseline","Mexico",2038,11.7287089452933
"Ambitious-Baseline-High Capacity-Baseline-Baseline","Mexico",2039,14.7355172393214
"Ambitious-Baseline-High Capacity-Baseline-Baseline","Mexico",2040,18.4651215831967
"Ambitious-Baseline-High Capacity-Baseline-Baseline","Mexico",2041,23.115327725851
"Ambitious-Baseline-High Capacity-Baseline-Baseline","Mexico",2042,28.6205289590758
"Ambitious-Baseline-High Capacity-Baseline-Baseline","Mexico",2043,35.0608795917349
"Ambitious-Baseline-High Capacity-Baseline-Baseline","Mexico",2044,43.0001952377527
"Ambitious-Baseline-High Capacity-Baseline-Baseline","Mexico",2045,52.0628757185306
"Ambitious-Baseline-High Capacity-Baseline-Baseline","Mexico",2046,61.4205125425329
"Ambitious-Baseline-High Capacity-Baseline-Baseline","Mexico",2047,71.0264370020246
"Ambitious-Baseline-High Capacity-Baseline-Baseline","Mexico",2048,80.3988883862267
"Ambitious-Baseline-High Capacity-Baseline-Baseline","Mexico",2049,89.3198661395011
"Ambitious-Baseline-High Capacity-Baseline-Baseline","Mexico",2050,97.6427832935505
"Ambitious-Baseline-High Capacity-Baseline-Baseline","Mexico",2051,105.299152010485
"Ambitious-Baseline-High Capacity-Baseline-Baseline","Mexico",2052,112.566706500479
"Ambitious-Baseline-High Capacity-Baseline-Baseline","Mexico",2053,119.25536729161
"Ambitious-Baseline-High Capacity-Baseline-Baseline","Mexico",2054,125.407188297608
"Ambitious-Baseline-High Capacity-Baseline-Baseline","Mexico",2055,131.069144799155
"Ambitious-Baseline-High Capacity-Baseline-Baseline","Mexico",2056,136.258388347318
"Ambitious-Baseline-High Capacity-Baseline-Baseline","Mexico",2057,140.999588636687
"Ambitious-Baseline-High Capacity-Baseline-Baseline","Mexico",2058,145.292365382021
"Ambitious-Baseline-High Capacity-Baseline-Baseline","Mexico",2059,149.143694603319
"Ambitious-Baseline-High Capacity-Baseline-Baseline","Mexico",2060,152.573805379921
"Ambitious-Baseline-High Capacity-Baseline-Baseline","Mexico",2061,155.640301277056
"Ambitious-Baseline-High Capacity-Baseline-Baseline","Mexico",2062,158.369847287576
"Ambitious-Baseline-High Capacity-Baseline-Baseline","Mexico",2063,160.831166846963
"Ambitious-Baseline-High Capacity-Baseline-Baseline","Mexico",2064,163.057945884022
"Ambitious-Baseline-High Capacity-Baseline-Baseline","Mexico",2065,165.090787112065
"Ambitious-Baseline-High Capacity-Baseline-Baseline","Mexico",2066,166.948591413773
"Ambitious-Baseline-High Capacity-Baseline-Baseline","Mexico",2067,168.657813160902
"Ambitious-Baseline-High Capacity-Baseline-Baseline","Mexico",2068,170.245921191696
"Ambitious-Baseline-High Capacity-Baseline-Baseline","Mexico",2069,171.74003561484
"Ambitious-Baseline-High Capacity-Baseline-Baseline","Mexico",2070,173.160258987875
"Ambitious-Baseline-High Capacity-Baseline-Baseline","Middle East",2023,0.130580773119928
"Ambitious-Baseline-High Capacity-Baseline-Baseline","Middle East",2024,0.210534656007773
"Ambitious-Baseline-High Capacity-Baseline-Baseline","Middle East",2025,0.294919787881355
"Ambitious-Baseline-High Capacity-Baseline-Baseline","Middle East",2026,0.444222427629893
"Ambitious-Baseline-High Capacity-Baseline-Baseline","Middle East",2027,0.703212910719871
"Ambitious-Baseline-High Capacity-Baseline-Baseline","Middle East",2028,1.14815794274215
"Ambitious-Baseline-High Capacity-Baseline-Baseline","Middle East",2029,1.8614034684874
"Ambitious-Baseline-High Capacity-Baseline-Baseline","Middle East",2030,3.08836082303191
"Ambitious-Baseline-High Capacity-Baseline-Baseline","Middle East",2031,5.26285580673906
"Ambitious-Baseline-High Capacity-Baseline-Baseline","Middle East",2032,7.41467028683122
"Ambitious-Baseline-High Capacity-Baseline-Baseline","Middle East",2033,10.3215875352128
"Ambitious-Baseline-High Capacity-Baseline-Baseline","Middle East",2034,14.1989704274854
"Ambitious-Baseline-High Capacity-Baseline-Baseline","Middle East",2035,19.3665118253578
"Ambitious-Baseline-High Capacity-Baseline-Baseline","Middle East",2036,25.7596163861822
"Ambitious-Baseline-High Capacity-Baseline-Baseline","Middle East",2037,33.2393177338682
"Ambitious-Baseline-High Capacity-Baseline-Baseline","Middle East",2038,42.2833989906934
"Ambitious-Baseline-High Capacity-Baseline-Baseline","Middle East",2039,52.9706677984606
"Ambitious-Baseline-High Capacity-Baseline-Baseline","Middle East",2040,65.4298510764868
"Ambitious-Baseline-High Capacity-Baseline-Baseline","Middle East",2041,80.0509371047746
"Ambitious-Baseline-High Capacity-Baseline-Baseline","Middle East",2042,96.2728771365531
"Ambitious-Baseline-High Capacity-Baseline-Baseline","Middle East",2043,114.689362170628
"Ambitious-Baseline-High Capacity-Baseline-Baseline","Middle East",2044,135.693294776427
"Ambitious-Baseline-High Capacity-Baseline-Baseline","Middle East",2045,158.76593504604
"Ambitious-Baseline-High Capacity-Baseline-Baseline","Middle East",2046,183.596493181739
"Ambitious-Baseline-High Capacity-Baseline-Baseline","Middle East",2047,211.044532032988
"Ambitious-Baseline-High Capacity-Baseline-Baseline","Middle East",2048,239.69812576238
"Ambitious-Baseline-High Capacity-Baseline-Baseline","Middle East",2049,268.600708887308
"Ambitious-Baseline-High Capacity-Baseline-Baseline","Middle East",2050,297.348334360199
"Ambitious-Baseline-High Capacity-Baseline-Baseline","Middle East",2051,325.709317247692
"Ambitious-Baseline-High Capacity-Baseline-Baseline","Middle East",2052,354.540584693645
"Ambitious-Baseline-High Capacity-Baseline-Baseline","Middle East",2053,382.411834074356
"Ambitious-Baseline-High Capacity-Baseline-Baseline","Middle East",2054,409.126629664924
"Ambitious-Baseline-High Capacity-Baseline-Baseline","Middle East",2055,434.473939584544
"Ambitious-Baseline-High Capacity-Baseline-Baseline","Middle East",2056,458.275254446085
"Ambitious-Baseline-High Capacity-Baseline-Baseline","Middle East",2057,480.369997763031
"Ambitious-Baseline-High Capacity-Baseline-Baseline","Middle East",2058,500.650765052174
"Ambitious-Baseline-High Capacity-Baseline-Baseline","Middle East",2059,519.087808459195
"Ambitious-Baseline-High Capacity-Baseline-Baseline","Middle East",2060,535.714845753298
"Ambitious-Baseline-High Capacity-Baseline-Baseline","Middle East",2061,550.649397976197
"Ambitious-Baseline-High Capacity-Baseline-Baseline","Middle East",2062,564.055573040235
"Ambitious-Baseline-High Capacity-Baseline-Baseline","Middle East",2063,576.109747965957
"Ambitious-Baseline-High Capacity-Baseline-Baseline","Middle East",2064,586.974659865319
"Ambitious-Baseline-High Capacity-Baseline-Baseline","Middle East",2065,596.804558038473
"Ambitious-Baseline-High Capacity-Baseline-Baseline","Middle East",2066,605.727996722305
"Ambitious-Baseline-High Capacity-Baseline-Baseline","Middle East",2067,613.882741291852
"Ambitious-Baseline-High Capacity-Baseline-Baseline","Middle East",2068,621.414115123284
"Ambitious-Baseline-High Capacity-Baseline-Baseline","Middle East",2069,628.439802275318
"Ambitious-Baseline-High Capacity-Baseline-Baseline","Middle East",2070,635.074300473796
"Ambitious-Baseline-High Capacity-Baseline-Baseline","Other Asia Pacific",2023,0.0309477204260943
"Ambitious-Baseline-High Capacity-Baseline-Baseline","Other Asia Pacific",2024,0.0425089172843453
"Ambitious-Baseline-High Capacity-Baseline-Baseline","Other Asia Pacific",2025,0.099167544007845
"Ambitious-Baseline-High Capacity-Baseline-Baseline","Other Asia Pacific",2026,0.121933795723823
"Ambitious-Baseline-High Capacity-Baseline-Baseline","Other Asia Pacific",2027,0.20154552931151
"Ambitious-Baseline-High Capacity-Baseline-Baseline","Other Asia Pacific",2028,0.368862316876795
"Ambitious-Baseline-High Capacity-Baseline-Baseline","Other Asia Pacific",2029,0.686818508549956
"Ambitious-Baseline-High Capacity-Baseline-Baseline","Other Asia Pacific",2030,1.29627635886402
"Ambitious-Baseline-High Capacity-Baseline-Baseline","Other Asia Pacific",2031,2.49817586856654
"Ambitious-Baseline-High Capacity-Baseline-Baseline","Other Asia Pacific",2032,3.72808758373109
"Ambitious-Baseline-High Capacity-Baseline-Baseline","Other Asia Pacific",2033,5.48210205739315
"Ambitious-Baseline-High Capacity-Baseline-Baseline","Other Asia Pacific",2034,7.94389212080723
"Ambitious-Baseline-High Capacity-Baseline-Baseline","Other Asia Pacific",2035,11.232356582064
"Ambitious-Baseline-High Capacity-Baseline-Baseline","Other Asia Pacific",2036,15.5828204631793
"Ambitious-Baseline-High Capacity-Baseline-Baseline","Other Asia Pacific",2037,20.5491909169871
"Ambitious-Baseline-High Capacity-Baseline-Baseline","Other Asia Pacific",2038,26.5118836707916
"Ambitious-Baseline-High Capacity-Baseline-Baseline","Other Asia Pacific",2039,33.4835883852437
"Ambitious-Baseline-High Capacity-Baseline-Baseline","Other Asia Pacific",2040,41.4557167989986
"Ambitious-Baseline-High Capacity-Baseline-Baseline","Other Asia Pacific",2041,50.5884221078475
"Ambitious-Baseline-High Capacity-Baseline-Baseline","Other Asia Pacific",2042,60.5182118085358
"Ambitious-Baseline-High Capacity-Baseline-Baseline","Other Asia Pacific",2043,71.6089307462934
"Ambitious-Baseline-High Capacity-Baseline-Baseline","Other Asia Pacific",2044,83.8667447951345
"Ambitious-Baseline-High Capacity-Baseline-Baseline","Other Asia Pacific",2045,97.1928351111977
"Ambitious-Baseline-High Capacity-Baseline-Baseline","Other Asia Pacific",2046,114.245883406777
"Ambitious-Baseline-High Capacity-Baseline-Baseline","Other Asia Pacific",2047,130.451081042852
"Ambitious-Baseline-High Capacity-Baseline-Baseline","Other Asia Pacific",2048,147.363364655558
"Ambitious-Baseline-High Capacity-Baseline-Baseline","Other Asia Pacific",2049,164.88039358726
"Ambitious-Baseline-High Capacity-Baseline-Baseline","Other Asia Pacific",2050,182.842042673463
"Ambitious-Baseline-High Capacity-Baseline-Baseline","Other Asia Pacific",2051,200.950471904389
"Ambitious-Baseline-High Capacity-Baseline-Baseline","Other Asia Pacific",2052,219.178041784967
"Ambitious-Baseline-High Capacity-Baseline-Baseline","Other Asia Pacific",2053,237.263898762095
"Ambitious-Baseline-High Capacity-Baseline-Baseline","Other Asia Pacific",2054,255.059403628651
"Ambitious-Baseline-High Capacity-Baseline-Baseline","Other Asia Pacific",2055,272.436927298708
"Ambitious-Baseline-High Capacity-Baseline-Baseline","Other Asia Pacific",2056,289.329062478723
"Ambitious-Baseline-High Capacity-Baseline-Baseline","Other Asia Pacific",2057,305.51225790015
"Ambitious-Baseline-High Capacity-Baseline-Baseline","Other Asia Pacific",2058,320.848165989601
"Ambitious-Baseline-High Capacity-Baseline-Baseline","Other Asia Pacific",2059,335.284762832932
"Ambitious-Baseline-High Capacity-Baseline-Baseline","Other Asia Pacific",2060,348.781066968484
"Ambitious-Baseline-High Capacity-Baseline-Baseline","Other Asia Pacific",2061,361.346747667436
"Ambitious-Baseline-High Capacity-Baseline-Baseline","Other Asia Pacific",2062,373.032804617655
"Ambitious-Baseline-High Capacity-Baseline-Baseline","Other Asia Pacific",2063,383.833969469868
"Ambitious-Baseline-High Capacity-Baseline-Baseline","Other Asia Pacific",2064,393.734118633215
"Ambitious-Baseline-High Capacity-Baseline-Baseline","Other Asia Pacific",2065,402.752199554843
"Ambitious-Baseline-High Capacity-Baseline-Baseline","Other Asia Pacific",2066,410.910055528424
"Ambitious-Baseline-High Capacity-Baseline-Baseline","Other Asia Pacific",2067,418.279098143184
"Ambitious-Baseline-High Capacity-Baseline-Baseline","Other Asia Pacific",2068,424.949159421956
"Ambitious-Baseline-High Capacity-Baseline-Baseline","Other Asia Pacific",2069,431.039340630019
"Ambitious-Baseline-High Capacity-Baseline-Baseline","Other Asia Pacific",2070,436.658238134433
"Ambitious-Baseline-High Capacity-Baseline-Baseline","Other Europe",2023,0.0867575243301104
"Ambitious-Baseline-High Capacity-Baseline-Baseline","Other Europe",2024,0.164175586397733
"Ambitious-Baseline-High Capacity-Baseline-Baseline","Other Europe",2025,0.21340176461942
"Ambitious-Baseline-High Capacity-Baseline-Baseline","Other Europe",2026,0.291953466216591
"Ambitious-Baseline-High Capacity-Baseline-Baseline","Other Europe",2027,0.431508431809046
"Ambitious-Baseline-High Capacity-Baseline-Baseline","Other Europe",2028,0.738951095947269
"Ambitious-Baseline-High Capacity-Baseline-Baseline","Other Europe",2029,1.29079108195518
"Ambitious-Baseline-High Capacity-Baseline-Baseline","Other Europe",2030,2.29957493686021
"Ambitious-Baseline-High Capacity-Baseline-Baseline","Other Europe",2031,4.21159477017148
"Ambitious-Baseline-High Capacity-Baseline-Baseline","Other Europe",2032,6.02964530859265
"Ambitious-Baseline-High Capacity-Baseline-Baseline","Other Europe",2033,8.5245241608443
"Ambitious-Baseline-High Capacity-Baseline-Baseline","Other Europe",2034,11.9064804374645
"Ambitious-Baseline-High Capacity-Baseline-Baseline","Other Europe",2035,16.580107595129
"Ambitious-Baseline-High Capacity-Baseline-Baseline","Other Europe",2036,22.3552783189114
"Ambitious-Baseline-High Capacity-Baseline-Baseline","Other Europe",2037,28.7722348180661
"Ambitious-Baseline-High Capacity-Baseline-Baseline","Other Europe",2038,36.1323868838294
"Ambitious-Baseline-High Capacity-Baseline-Baseline","Other Europe",2039,44.41882706297
"Ambitious-Baseline-High Capacity-Baseline-Baseline","Other Europe",2040,53.5690179278385
"Ambitious-Baseline-High Capacity-Baseline-Baseline","Other Europe",2041,63.698445177251
"Ambitious-Baseline-High Capacity-Baseline-Baseline","Other Europe",2042,74.504170972061
"Ambitious-Baseline-High Capacity-Baseline-Baseline","Other Europe",2043,86.2973542071747
"Ambitious-Baseline-High Capacity-Baseline-Baseline","Other Europe",2044,99.1663206609478
"Ambitious-Baseline-High Capacity-Baseline-Baseline","Other Europe",2045,113.070296248202
"Ambitious-Baseline-High Capacity-Baseline-Baseline","Other Europe",2046,128.048865623541
"Ambitious-Baseline-High Capacity-Baseline-Baseline","Other Europe",2047,143.481724113163
"Ambitious-Baseline-High Capacity-Baseline-Baseline","Other Europe",2048,159.079912148433
"Ambitious-Baseline-High Capacity-Baseline-Baseline","Other Europe",2049,174.56253735768
"Ambitious-Baseline-High Capacity-Baseline-Baseline","Other Europe",2050,189.686899473154
"Ambitious-Baseline-High Capacity-Baseline-Baseline","Other Europe",2051,204.278460942916
"Ambitious-Baseline-High Capacity-Baseline-Baseline","Other Europe",2052,218.45703608081
"Ambitious-Baseline-High Capacity-Baseline-Baseline","Other Europe",2053,233.141099088528
"Ambitious-Baseline-High Capacity-Baseline-Baseline","Other Europe",2054,246.879290650196
"Ambitious-Baseline-High Capacity-Baseline-Baseline","Other Europe",2055,259.589125543793
"Ambitious-Baseline-High Capacity-Baseline-Baseline","Other Europe",2056,271.192734595988
"Ambitious-Baseline-High Capacity-Baseline-Baseline","Other Europe",2057,281.663789044227
"Ambitious-Baseline-High Capacity-Baseline-Baseline","Other Europe",2058,290.973858119027
"Ambitious-Baseline-High Capacity-Baseline-Baseline","Other Europe",2059,299.183188766911
"Ambitious-Baseline-High Capacity-Baseline-Baseline","Other Europe",2060,306.324139819766
"Ambitious-Baseline-High Capacity-Baseline-Baseline","Other Europe",2061,312.488206182081
"Ambitious-Baseline-High Capacity-Baseline-Baseline","Other Europe",2062,317.784086946611
"Ambitious-Baseline-High Capacity-Baseline-Baseline","Other Europe",2063,322.292598596685
"Ambitious-Baseline-High Capacity-Baseline-Baseline","Other Europe",2064,326.11546911001
"Ambitious-Baseline-High Capacity-Baseline-Baseline","Other Europe",2065,329.321842821204
"Ambitious-Baseline-High Capacity-Baseline-Baseline","Other Europe",2066,331.996153621342
"Ambitious-Baseline-High Capacity-Baseline-Baseline","Other Europe",2067,334.217772910381
"Ambitious-Baseline-High Capacity-Baseline-Baseline","Other Europe",2068,336.081965620223
"Ambitious-Baseline-High Capacity-Baseline-Baseline","Other Europe",2069,337.663734604693
"Ambitious-Baseline-High Capacity-Baseline-Baseline","Other Europe",2070,339.029347890107
"Ambitious-Baseline-High Capacity-Baseline-Baseline","Other Latin America and Caribbean",2023,0.226998786143547
"Ambitious-Baseline-High Capacity-Baseline-Baseline","Other Latin America and Caribbean",2024,0.413917408507897
"Ambitious-Baseline-High Capacity-Baseline-Baseline","Other Latin America and Caribbean",2025,0.721331426979407
"Ambitious-Baseline-High Capacity-Baseline-Baseline","Other Latin America and Caribbean",2026,1.12085159600411
"Ambitious-Baseline-High Capacity-Baseline-Baseline","Other Latin America and Caribbean",2027,1.76253551749299
"Ambitious-Baseline-High Capacity-Baseline-Baseline","Other Latin America and Caribbean",2028,2.7700293687562
"Ambitious-Baseline-High Capacity-Baseline-Baseline","Other Latin America and Caribbean",2029,4.38281724115957
"Ambitious-Baseline-High Capacity-Baseline-Baseline","Other Latin America and Caribbean",2030,6.77165464811134
"Ambitious-Baseline-High Capacity-Baseline-Baseline","Other Latin America and Caribbean",2031,10.6315316685414
"Ambitious-Baseline-High Capacity-Baseline-Baseline","Other Latin America and Caribbean",2032,14.5952826063
"Ambitious-Baseline-High Capacity-Baseline-Baseline","Other Latin America and Caribbean",2033,19.7483707355035
"Ambitious-Baseline-High Capacity-Baseline-Baseline","Other Latin America and Caribbean",2034,26.4884370715135
"Ambitious-Baseline-High Capacity-Baseline-Baseline","Other Latin America and Caribbean",2035,34.8928008254069
"Ambitious-Baseline-High Capacity-Baseline-Baseline","Other Latin America and Caribbean",2036,45.6710121816644
"Ambitious-Baseline-High Capacity-Baseline-Baseline","Other Latin America and Caribbean",2037,57.2066491383459
"Ambitious-Baseline-High Capacity-Baseline-Baseline","Other Latin America and Caribbean",2038,71.0478534514022
"Ambitious-Baseline-High Capacity-Baseline-Baseline","Other Latin America and Caribbean",2039,87.24575918988
"Ambitious-Baseline-High Capacity-Baseline-Baseline","Other Latin America and Caribbean",2040,105.891618460149
"Ambitious-Baseline-High Capacity-Baseline-Baseline","Other Latin America and Caribbean",2041,127.43554317584
"Ambitious-Baseline-High Capacity-Baseline-Baseline","Other Latin America and Caribbean",2042,151.506871456315
"Ambitious-Baseline-High Capacity-Baseline-Baseline","Other Latin America and Caribbean",2043,178.660682601997
"Ambitious-Baseline-High Capacity-Baseline-Baseline","Other Latin America and Caribbean",2044,209.063955956758
"Ambitious-Baseline-High Capacity-Baseline-Baseline","Other Latin America and Caribbean",2045,242.57627469842
"Ambitious-Baseline-High Capacity-Baseline-Baseline","Other Latin America and Caribbean",2046,278.523387208631
"Ambitious-Baseline-High Capacity-Baseline-Baseline","Other Latin America and Caribbean",2047,316.131461567567
"Ambitious-Baseline-High Capacity-Baseline-Baseline","Other Latin America and Caribbean",2048,354.707542038691
"Ambitious-Baseline-High Capacity-Baseline-Baseline","Other Latin America and Caribbean",2049,393.483514837452
"Ambitious-Baseline-High Capacity-Baseline-Baseline","Other Latin America and Caribbean",2050,431.769692483528
"Ambitious-Baseline-High Capacity-Baseline-Baseline","Other Latin America and Caribbean",2051,469.012832391127
"Ambitious-Baseline-High Capacity-Baseline-Baseline","Other Latin America and Caribbean",2052,505.084751578105
"Ambitious-Baseline-High Capacity-Baseline-Baseline","Other Latin America and Caribbean",2053,539.381570109811
"Ambitious-Baseline-High Capacity-Baseline-Baseline","Other Latin America and Caribbean",2054,571.690303544135
"Ambitious-Baseline-High Capacity-Baseline-Baseline","Other Latin America and Caribbean",2055,601.854450770389
"Ambitious-Baseline-High Capacity-Baseline-Baseline","Other Latin America and Caribbean",2056,629.751763433054
"Ambitious-Baseline-High Capacity-Baseline-Baseline","Other Latin America and Caribbean",2057,655.34819499282
"Ambitious-Baseline-High Capacity-Baseline-Baseline","Other Latin America and Caribbean",2058,678.577691583984
"Ambitious-Baseline-High Capacity-Baseline-Baseline","Other Latin America and Caribbean",2059,699.468101251406
"Ambitious-Baseline-High Capacity-Baseline-Baseline","Other Latin America and Caribbean",2060,718.085139829424
"Ambitious-Baseline-High Capacity-Baseline-Baseline","Other Latin America and Caribbean",2061,734.556366235839
"Ambitious-Baseline-High Capacity-Baseline-Baseline","Other Latin America and Caribbean",2062,749.058705146672
"Ambitious-Baseline-High Capacity-Baseline-Baseline","Other Latin America and Caribbean",2063,761.763453692516
"Ambitious-Baseline-High Capacity-Baseline-Baseline","Other Latin America and Caribbean",2064,772.859432958807
"Ambitious-Baseline-High Capacity-Baseline-Baseline","Other Latin America and Caribbean",2065,782.523062884113
"Ambitious-Baseline-High Capacity-Baseline-Baseline","Other Latin America and Caribbean",2066,790.953700604467
"Ambitious-Baseline-High Capacity-Baseline-Baseline","Other Latin America and Caribbean",2067,798.341687711986
"Ambitious-Baseline-High Capacity-Baseline-Baseline","Other Latin America and Caribbean",2068,804.88737256988
"Ambitious-Baseline-High Capacity-Baseline-Baseline","Other Latin America and Caribbean",2069,810.768742951357
"Ambitious-Baseline-High Capacity-Baseline-Baseline","Other Latin America and Caribbean",2070,816.137992596989
"Ambitious-Baseline-High Capacity-Baseline-Baseline","South Korea",2023,0.151630079356103
"Ambitious-Baseline-High Capacity-Baseline-Baseline","South Korea",2024,0.201445474919186
"Ambitious-Baseline-High Capacity-Baseline-Baseline","South Korea",2025,0.384521015190767
"Ambitious-Baseline-High Capacity-Baseline-Baseline","South Korea",2026,0.792154222046566
"Ambitious-Baseline-High Capacity-Baseline-Baseline","South Korea",2027,1.04779899557532
"Ambitious-Baseline-High Capacity-Baseline-Baseline","South Korea",2028,1.38158684300272
"Ambitious-Baseline-High Capacity-Baseline-Baseline","South Korea",2029,1.86404071731811
"Ambitious-Baseline-High Capacity-Baseline-Baseline","South Korea",2030,2.6655107573948
"Ambitious-Baseline-High Capacity-Baseline-Baseline","South Korea",2031,3.97097866857971
"Ambitious-Baseline-High Capacity-Baseline-Baseline","South Korea",2032,5.16746421499425
"Ambitious-Baseline-High Capacity-Baseline-Baseline","South Korea",2033,6.80147956953909
"Ambitious-Baseline-High Capacity-Baseline-Baseline","South Korea",2034,9.00147497558791
"Ambitious-Baseline-High Capacity-Baseline-Baseline","South Korea",2035,11.9171332368657
"Ambitious-Baseline-High Capacity-Baseline-Baseline","South Korea",2036,15.476759763015
"Ambitious-Baseline-High Capacity-Baseline-Baseline","South Korea",2037,19.5005509937671
"Ambitious-Baseline-High Capacity-Baseline-Baseline","South Korea",2038,24.0285756479083
"Ambitious-Baseline-High Capacity-Baseline-Baseline","South Korea",2039,29.2317852360467
"Ambitious-Baseline-High Capacity-Baseline-Baseline","South Korea",2040,34.8140616171223
"Ambitious-Baseline-High Capacity-Baseline-Baseline","South Korea",2041,40.0868069408761
"Ambitious-Baseline-High Capacity-Baseline-Baseline","South Korea",2042,45.938619644994
"Ambitious-Baseline-High Capacity-Baseline-Baseline","South Korea",2043,51.798902230673
"Ambitious-Baseline-High Capacity-Baseline-Baseline","South Korea",2044,57.6133823179899
"Ambitious-Baseline-High Capacity-Baseline-Baseline","South Korea",2045,63.2987361035154
"Ambitious-Baseline-High Capacity-Baseline-Baseline","South Korea",2046,69.8700157523961
"Ambitious-Baseline-High Capacity-Baseline-Baseline","South Korea",2047,75.6701240856812
"Ambitious-Baseline-High Capacity-Baseline-Baseline","South Korea",2048,80.9353168513779
"Ambitious-Baseline-High Capacity-Baseline-Baseline","South Korea",2049,85.578414432338
"Ambitious-Baseline-High Capacity-Baseline-Baseline","South Korea",2050,89.5335334701436
"Ambitious-Baseline-High Capacity-Baseline-Baseline","South Korea",2051,92.7838568606669
"Ambitious-Baseline-High Capacity-Baseline-Baseline","South Korea",2052,96.002211057694
"Ambitious-Baseline-High Capacity-Baseline-Baseline","South Korea",2053,98.648978417931
"Ambitious-Baseline-High Capacity-Baseline-Baseline","South Korea",2054,100.772659757678
"Ambitious-Baseline-High Capacity-Baseline-Baseline","South Korea",2055,102.422248511479
"Ambitious-Baseline-High Capacity-Baseline-Baseline","South Korea",2056,103.640068997089
"Ambitious-Baseline-High Capacity-Baseline-Baseline","South Korea",2057,104.472367290251
"Ambitious-Baseline-High Capacity-Baseline-Baseline","South Korea",2058,104.982397432906
"Ambitious-Baseline-High Capacity-Baseline-Baseline","South Korea",2059,105.231768083083
"Ambitious-Baseline-High Capacity-Baseline-Baseline","South Korea",2060,105.265568578319
"Ambitious-Baseline-High Capacity-Baseline-Baseline","South Korea",2061,105.149223930641
"Ambitious-Baseline-High Capacity-Baseline-Baseline","South Korea",2062,104.924512696635
"Ambitious-Baseline-High Capacity-Baseline-Baseline","South Korea",2063,104.646958905328
"Ambitious-Baseline-High Capacity-Baseline-Baseline","South Korea",2064,104.353990243622
"Ambitious-Baseline-High Capacity-Baseline-Baseline","South Korea",2065,104.063761712382
"Ambitious-Baseline-High Capacity-Baseline-Baseline","South Korea",2066,103.79661286522
"Ambitious-Baseline-High Capacity-Baseline-Baseline","South Korea",2067,103.556314287584
"Ambitious-Baseline-High Capacity-Baseline-Baseline","South Korea",2068,103.35009245087
"Ambitious-Baseline-High Capacity-Baseline-Baseline","South Korea",2069,103.179411571576
"Ambitious-Baseline-High Capacity-Baseline-Baseline","South Korea",2070,103.038188139874
"Ambitious-Baseline-High Capacity-Baseline-Baseline","United Kingdom",2023,0.371857670499221
"Ambitious-Baseline-High Capacity-Baseline-Baseline","United Kingdom",2024,0.537399514356692
"Ambitious-Baseline-High Capacity-Baseline-Baseline","United Kingdom",2025,0.668347465948953
"Ambitious-Baseline-High Capacity-Baseline-Baseline","United Kingdom",2026,0.961126479656568
"Ambitious-Baseline-High Capacity-Baseline-Baseline","United Kingdom",2027,1.34665811121477
"Ambitious-Baseline-High Capacity-Baseline-Baseline","United Kingdom",2028,1.88424338405294
"Ambitious-Baseline-High Capacity-Baseline-Baseline","United Kingdom",2029,2.63663807143109
"Ambitious-Baseline-High Capacity-Baseline-Baseline","United Kingdom",2030,3.77856077015285
"Ambitious-Baseline-High Capacity-Baseline-Baseline","United Kingdom",2031,5.30501642949418
"Ambitious-Baseline-High Capacity-Baseline-Baseline","United Kingdom",2032,6.40192629628741
"Ambitious-Baseline-High Capacity-Baseline-Baseline","United Kingdom",2033,7.95511243334898
"Ambitious-Baseline-High Capacity-Baseline-Baseline","United Kingdom",2034,10.0417612989305
"Ambitious-Baseline-High Capacity-Baseline-Baseline","United Kingdom",2035,12.7678751258073
"Ambitious-Baseline-High Capacity-Baseline-Baseline","United Kingdom",2036,16.2232725332106
"Ambitious-Baseline-High Capacity-Baseline-Baseline","United Kingdom",2037,20.2822321737254
"Ambitious-Baseline-High Capacity-Baseline-Baseline","United Kingdom",2038,25.148900632156
"Ambitious-Baseline-High Capacity-Baseline-Baseline","United Kingdom",2039,30.8670718375228
"Ambitious-Baseline-High Capacity-Baseline-Baseline","United Kingdom",2040,37.4763765262806
"Ambitious-Baseline-High Capacity-Baseline-Baseline","United Kingdom",2041,48.4580141846288
"Ambitious-Baseline-High Capacity-Baseline-Baseline","United Kingdom",2042,58.33352352954
"Ambitious-Baseline-High Capacity-Baseline-Baseline","United Kingdom",2043,68.8768442721751
"Ambitious-Baseline-High Capacity-Baseline-Baseline","United Kingdom",2044,79.4029999193404
"Ambitious-Baseline-High Capacity-Baseline-Baseline","United Kingdom",2045,90.0911548999544
"Ambitious-Baseline-High Capacity-Baseline-Baseline","United Kingdom",2046,100.146140405456
"Ambitious-Baseline-High Capacity-Baseline-Baseline","United Kingdom",2047,109.252250195793
"Ambitious-Baseline-High Capacity-Baseline-Baseline","United Kingdom",2048,117.230748805287
"Ambitious-Baseline-High Capacity-Baseline-Baseline","United Kingdom",2049,124.070995874376
"Ambitious-Baseline-High Capacity-Baseline-Baseline","United Kingdom",2050,129.858045642817
"Ambitious-Baseline-High Capacity-Baseline-Baseline","United Kingdom",2051,134.729386486586
"Ambitious-Baseline-High Capacity-Baseline-Baseline","United Kingdom",2052,139.112957543891
"Ambitious-Baseline-High Capacity-Baseline-Baseline","United Kingdom",2053,142.973043084408
"Ambitious-Baseline-High Capacity-Baseline-Baseline","United Kingdom",2054,146.441365658474
"Ambitious-Baseline-High Capacity-Baseline-Baseline","United Kingdom",2055,149.587239839878
"Ambitious-Baseline-High Capacity-Baseline-Baseline","United Kingdom",2056,152.456566762744
"Ambitious-Baseline-High Capacity-Baseline-Baseline","United Kingdom",2057,155.044881904224
"Ambitious-Baseline-High Capacity-Baseline-Baseline","United Kingdom",2058,157.363618822998
"Ambitious-Baseline-High Capacity-Baseline-Baseline","United Kingdom",2059,159.430476406169
"Ambitious-Baseline-High Capacity-Baseline-Baseline","United Kingdom",2060,161.280380379531
"Ambitious-Baseline-High Capacity-Baseline-Baseline","United Kingdom",2061,162.99679615689
"Ambitious-Baseline-High Capacity-Baseline-Baseline","United Kingdom",2062,164.595724522275
"Ambitious-Baseline-High Capacity-Baseline-Baseline","United Kingdom",2063,166.153866184813
"Ambitious-Baseline-High Capacity-Baseline-Baseline","United Kingdom",2064,167.700720526216
"Ambitious-Baseline-High Capacity-Baseline-Baseline","United Kingdom",2065,169.242031516085
"Ambitious-Baseline-High Capacity-Baseline-Baseline","United Kingdom",2066,170.771554092023
"Ambitious-Baseline-High Capacity-Baseline-Baseline","United Kingdom",2067,172.272844272941
"Ambitious-Baseline-High Capacity-Baseline-Baseline","United Kingdom",2068,173.74239222065
"Ambitious-Baseline-High Capacity-Baseline-Baseline","United Kingdom",2069,175.176392497259
"Ambitious-Baseline-High Capacity-Baseline-Baseline","United Kingdom",2070,176.573169727815
"Ambitious-Baseline-High Capacity-Baseline-Baseline","United States",2023,1.13901222490528
"Ambitious-Baseline-High Capacity-Baseline-Baseline","United States",2024,1.42547641949924
"Ambitious-Baseline-High Capacity-Baseline-Baseline","United States",2025,2.6148422810974
"Ambitious-Baseline-High Capacity-Baseline-Baseline","United States",2026,4.37079026469132
"Ambitious-Baseline-High Capacity-Baseline-Baseline","United States",2027,6.86354073939181
"Ambitious-Baseline-High Capacity-Baseline-Baseline","United States",2028,9.91752070120629
"Ambitious-Baseline-High Capacity-Baseline-Baseline","United States",2029,14.7027797733395
"Ambitious-Baseline-High Capacity-Baseline-Baseline","United States",2030,19.3726499040484
"Ambitious-Baseline-High Capacity-Baseline-Baseline","United States",2031,27.1751883278246
"Ambitious-Baseline-High Capacity-Baseline-Baseline","United States",2032,35.1710659858399
"Ambitious-Baseline-High Capacity-Baseline-Baseline","United States",2033,45.647600541735
"Ambitious-Baseline-High Capacity-Baseline-Baseline","United States",2034,59.3105800945978
"Ambitious-Baseline-High Capacity-Baseline-Baseline","United States",2035,76.0963290680737
"Ambitious-Baseline-High Capacity-Baseline-Baseline","United States",2036,95.6546298822294
"Ambitious-Baseline-High Capacity-Baseline-Baseline","United States",2037,116.821022309609
"Ambitious-Baseline-High Capacity-Baseline-Baseline","United States",2038,142.857706847807
"Ambitious-Baseline-High Capacity-Baseline-Baseline","United States",2039,173.208329724242
"Ambitious-Baseline-High Capacity-Baseline-Baseline","United States",2040,207.727012912478
"Ambitious-Baseline-High Capacity-Baseline-Baseline","United States",2041,246.209433809803
"Ambitious-Baseline-High Capacity-Baseline-Baseline","United States",2042,286.959342183347
"Ambitious-Baseline-High Capacity-Baseline-Baseline","United States",2043,331.259217446766
"Ambitious-Baseline-High Capacity-Baseline-Baseline","United States",2044,382.818757738854
"Ambitious-Baseline-High Capacity-Baseline-Baseline","United States",2045,435.39952109486
"Ambitious-Baseline-High Capacity-Baseline-Baseline","United States",2046,487.868867054853
"Ambitious-Baseline-High Capacity-Baseline-Baseline","United States",2047,538.714070458926
"Ambitious-Baseline-High Capacity-Baseline-Baseline","United States",2048,587.129021487057
"Ambitious-Baseline-High Capacity-Baseline-Baseline","United States",2049,631.762292469751
"Ambitious-Baseline-High Capacity-Baseline-Baseline","United States",2050,671.859569792002
"Ambitious-Baseline-High Capacity-Baseline-Baseline","United States",2051,706.799243783141
"Ambitious-Baseline-High Capacity-Baseline-Baseline","United States",2052,739.721652328698
"Ambitious-Baseline-High Capacity-Baseline-Baseline","United States",2053,767.833999257637
"Ambitious-Baseline-High Capacity-Baseline-Baseline","United States",2054,791.753506194051
"Ambitious-Baseline-High Capacity-Baseline-Baseline","United States",2055,811.968092904562
"Ambitious-Baseline-High Capacity-Baseline-Baseline","United States",2056,829.025847679018
"Ambitious-Baseline-High Capacity-Baseline-Baseline","United States",2057,843.483918335427
"Ambitious-Baseline-High Capacity-Baseline-Baseline","United States",2058,855.527633782679
"Ambitious-Baseline-High Capacity-Baseline-Baseline","United States",2059,865.611664534209
"Ambitious-Baseline-High Capacity-Baseline-Baseline","United States",2060,873.91944935784
"Ambitious-Baseline-High Capacity-Baseline-Baseline","United States",2061,880.720545426962
"Ambitious-Baseline-High Capacity-Baseline-Baseline","United States",2062,886.340152559859
"Ambitious-Baseline-High Capacity-Baseline-Baseline","United States",2063,891.027985902139
"Ambitious-Baseline-High Capacity-Baseline-Baseline","United States",2064,894.910957195614
"Ambitious-Baseline-High Capacity-Baseline-Baseline","United States",2065,898.183323377349
"Ambitious-Baseline-High Capacity-Baseline-Baseline","United States",2066,900.982893901411
"Ambitious-Baseline-High Capacity-Baseline-Baseline","United States",2067,903.402983616993
"Ambitious-Baseline-High Capacity-Baseline-Baseline","United States",2068,905.601183601547
"Ambitious-Baseline-High Capacity-Baseline-Baseline","United States",2069,907.636666997717
"Ambitious-Baseline-High Capacity-Baseline-Baseline","United States",2070,909.525216556614
"Ambitious-Baseline-Low Capacity-Baseline-Baseline","ASEAN",2023,0.0723766159023914
"Ambitious-Baseline-Low Capacity-Baseline-Baseline","ASEAN",2024,0.125044218428996
"Ambitious-Baseline-Low Capacity-Baseline-Baseline","ASEAN",2025,0.191137187879445
"Ambitious-Baseline-Low Capacity-Baseline-Baseline","ASEAN",2026,0.294342243475918
"Ambitious-Baseline-Low Capacity-Baseline-Baseline","ASEAN",2027,0.475772892035196
"Ambitious-Baseline-Low Capacity-Baseline-Baseline","ASEAN",2028,0.789640091132101
"Ambitious-Baseline-Low Capacity-Baseline-Baseline","ASEAN",2029,1.34585420336313
"Ambitious-Baseline-Low Capacity-Baseline-Baseline","ASEAN",2030,2.31830943715267
"Ambitious-Baseline-Low Capacity-Baseline-Baseline","ASEAN",2031,4.08686497491289
"Ambitious-Baseline-Low Capacity-Baseline-Baseline","ASEAN",2032,5.50520752036146
"Ambitious-Baseline-Low Capacity-Baseline-Baseline","ASEAN",2033,7.3304713631859
"Ambitious-Baseline-Low Capacity-Baseline-Baseline","ASEAN",2034,9.68442954139203
"Ambitious-Baseline-Low Capacity-Baseline-Baseline","ASEAN",2035,12.7471238049095
"Ambitious-Baseline-Low Capacity-Baseline-Baseline","ASEAN",2036,16.4967996787726
"Ambitious-Baseline-Low Capacity-Baseline-Baseline","ASEAN",2037,21.419847302493
"Ambitious-Baseline-Low Capacity-Baseline-Baseline","ASEAN",2038,27.5305993383694
"Ambitious-Baseline-Low Capacity-Baseline-Baseline","ASEAN",2039,34.9121792674101
"Ambitious-Baseline-Low Capacity-Baseline-Baseline","ASEAN",2040,43.7316380820899
"Ambitious-Baseline-Low Capacity-Baseline-Baseline","ASEAN",2041,54.5522277626918
"Ambitious-Baseline-Low Capacity-Baseline-Baseline","ASEAN",2042,66.5193675794761
"Ambitious-Baseline-Low Capacity-Baseline-Baseline","ASEAN",2043,80.2552162187975
"Ambitious-Baseline-Low Capacity-Baseline-Baseline","ASEAN",2044,95.6728268196251
"Ambitious-Baseline-Low Capacity-Baseline-Baseline","ASEAN",2045,112.524124256101
"Ambitious-Baseline-Low Capacity-Baseline-Baseline","ASEAN",2046,130.659111618514
"Ambitious-Baseline-Low Capacity-Baseline-Baseline","ASEAN",2047,149.94745344497
"Ambitious-Baseline-Low Capacity-Baseline-Baseline","ASEAN",2048,169.794176312152
"Ambitious-Baseline-Low Capacity-Baseline-Baseline","ASEAN",2049,190.142503094818
"Ambitious-Baseline-Low Capacity-Baseline-Baseline","ASEAN",2050,211.674002460029
"Ambitious-Baseline-Low Capacity-Baseline-Baseline","ASEAN",2051,233.454676255224
"Ambitious-Baseline-Low Capacity-Baseline-Baseline","ASEAN",2052,255.871154567539
"Ambitious-Baseline-Low Capacity-Baseline-Baseline","ASEAN",2053,278.046700594702
"Ambitious-Baseline-Low Capacity-Baseline-Baseline","ASEAN",2054,299.794956438691
"Ambitious-Baseline-Low Capacity-Baseline-Baseline","ASEAN",2055,320.903543663014
"Ambitious-Baseline-Low Capacity-Baseline-Baseline","ASEAN",2056,341.202502362443
"Ambitious-Baseline-Low Capacity-Baseline-Baseline","ASEAN",2057,360.619393976347
"Ambitious-Baseline-Low Capacity-Baseline-Baseline","ASEAN",2058,379.028815674753
"Ambitious-Baseline-Low Capacity-Baseline-Baseline","ASEAN",2059,396.416019929551
"Ambitious-Baseline-Low Capacity-Baseline-Baseline","ASEAN",2060,412.493920639984
"Ambitious-Baseline-Low Capacity-Baseline-Baseline","ASEAN",2061,427.26796127494
"Ambitious-Baseline-Low Capacity-Baseline-Baseline","ASEAN",2062,440.778754269493
"Ambitious-Baseline-Low Capacity-Baseline-Baseline","ASEAN",2063,453.050389705673
"Ambitious-Baseline-Low Capacity-Baseline-Baseline","ASEAN",2064,464.145194253023
"Ambitious-Baseline-Low Capacity-Baseline-Baseline","ASEAN",2065,474.133842852088
"Ambitious-Baseline-Low Capacity-Baseline-Baseline","ASEAN",2066,483.090151887542
"Ambitious-Baseline-Low Capacity-Baseline-Baseline","ASEAN",2067,491.150602475395
"Ambitious-Baseline-Low Capacity-Baseline-Baseline","ASEAN",2068,498.445771385696
"Ambitious-Baseline-Low Capacity-Baseline-Baseline","ASEAN",2069,505.107655037949
"Ambitious-Baseline-Low Capacity-Baseline-Baseline","ASEAN",2070,511.280945699453
"Ambitious-Baseline-Low Capacity-Baseline-Baseline","Africa",2023,0.042417910568897
"Ambitious-Baseline-Low Capacity-Baseline-Baseline","Africa",2024,0.0708870287236692
"Ambitious-Baseline-Low Capacity-Baseline-Baseline","Africa",2025,0.141830991633108
"Ambitious-Baseline-Low Capacity-Baseline-Baseline","Africa",2026,0.221204371089807
"Ambitious-Baseline-Low Capacity-Baseline-Baseline","Africa",2027,0.373805538398651
"Ambitious-Baseline-Low Capacity-Baseline-Baseline","Africa",2028,0.579669953227216
"Ambitious-Baseline-Low Capacity-Baseline-Baseline","Africa",2029,0.947099125189974
"Ambitious-Baseline-Low Capacity-Baseline-Baseline","Africa",2030,1.43404948057623
"Ambitious-Baseline-Low Capacity-Baseline-Baseline","Africa",2031,2.20769983503168
"Ambitious-Baseline-Low Capacity-Baseline-Baseline","Africa",2032,2.94380473228635
"Ambitious-Baseline-Low Capacity-Baseline-Baseline","Africa",2033,3.89720852232178
"Ambitious-Baseline-Low Capacity-Baseline-Baseline","Africa",2034,5.11756481854834
"Ambitious-Baseline-Low Capacity-Baseline-Baseline","Africa",2035,6.54525415951777
"Ambitious-Baseline-Low Capacity-Baseline-Baseline","Africa",2036,8.36255774479267
"Ambitious-Baseline-Low Capacity-Baseline-Baseline","Africa",2037,10.8599959129202
"Ambitious-Baseline-Low Capacity-Baseline-Baseline","Africa",2038,13.9497938945038
"Ambitious-Baseline-Low Capacity-Baseline-Baseline","Africa",2039,17.6960074699257
"Ambitious-Baseline-Low Capacity-Baseline-Baseline","Africa",2040,22.2626477791816
"Ambitious-Baseline-Low Capacity-Baseline-Baseline","Africa",2041,27.5435375653433
"Ambitious-Baseline-Low Capacity-Baseline-Baseline","Africa",2042,33.5165340466339
"Ambitious-Baseline-Low Capacity-Baseline-Baseline","Africa",2043,40.2718832103035
"Ambitious-Baseline-Low Capacity-Baseline-Baseline","Africa",2044,47.7647286818756
"Ambitious-Baseline-Low Capacity-Baseline-Baseline","Africa",2045,55.8542012971114
"Ambitious-Baseline-Low Capacity-Baseline-Baseline","Africa",2046,64.4321862938909
"Ambitious-Baseline-Low Capacity-Baseline-Baseline","Africa",2047,73.0526402319163
"Ambitious-Baseline-Low Capacity-Baseline-Baseline","Africa",2048,81.9673375863385
"Ambitious-Baseline-Low Capacity-Baseline-Baseline","Africa",2049,91.1691663841082
"Ambitious-Baseline-Low Capacity-Baseline-Baseline","Africa",2050,100.413505696283
"Ambitious-Baseline-Low Capacity-Baseline-Baseline","Africa",2051,109.558984332676
"Ambitious-Baseline-Low Capacity-Baseline-Baseline","Africa",2052,118.860191898612
"Ambitious-Baseline-Low Capacity-Baseline-Baseline","Africa",2053,128.098502792954
"Ambitious-Baseline-Low Capacity-Baseline-Baseline","Africa",2054,137.246183610126
"Ambitious-Baseline-Low Capacity-Baseline-Baseline","Africa",2055,146.273492175393
"Ambitious-Baseline-Low Capacity-Baseline-Baseline","Africa",2056,155.138573494569
"Ambitious-Baseline-Low Capacity-Baseline-Baseline","Africa",2057,163.81550829547
"Ambitious-Baseline-Low Capacity-Baseline-Baseline","Africa",2058,172.204603871259
"Ambitious-Baseline-Low Capacity-Baseline-Baseline","Africa",2059,180.242761386746
"Ambitious-Baseline-Low Capacity-Baseline-Baseline","Africa",2060,187.85071272319
"Ambitious-Baseline-Low Capacity-Baseline-Baseline","Africa",2061,194.97504889276
"Ambitious-Baseline-Low Capacity-Baseline-Baseline","Africa",2062,201.576337420082
"Ambitious-Baseline-Low Capacity-Baseline-Baseline","Africa",2063,207.608081544972
"Ambitious-Baseline-Low Capacity-Baseline-Baseline","Africa",2064,213.068659280127
"Ambitious-Baseline-Low Capacity-Baseline-Baseline","Africa",2065,217.957846242201
"Ambitious-Baseline-Low Capacity-Baseline-Baseline","Africa",2066,222.305365608666
"Ambitious-Baseline-Low Capacity-Baseline-Baseline","Africa",2067,226.164987329397
"Ambitious-Baseline-Low Capacity-Baseline-Baseline","Africa",2068,229.614336433621
"Ambitious-Baseline-Low Capacity-Baseline-Baseline","Africa",2069,232.72475599525
"Ambitious-Baseline-Low Capacity-Baseline-Baseline","Africa",2070,235.569253731204
"Ambitious-Baseline-Low Capacity-Baseline-Baseline","Australia/NZ",2023,0.0657982903018657
"Ambitious-Baseline-Low Capacity-Baseline-Baseline","Australia/NZ",2024,0.102305718899046
"Ambitious-Baseline-Low Capacity-Baseline-Baseline","Australia/NZ",2025,0.144186144046707
"Ambitious-Baseline-Low Capacity-Baseline-Baseline","Australia/NZ",2026,0.243101095172901
"Ambitious-Baseline-Low Capacity-Baseline-Baseline","Australia/NZ",2027,0.368447625173935
"Ambitious-Baseline-Low Capacity-Baseline-Baseline","Australia/NZ",2028,0.454630415972661
"Ambitious-Baseline-Low Capacity-Baseline-Baseline","Australia/NZ",2029,0.56748514457912
"Ambitious-Baseline-Low Capacity-Baseline-Baseline","Australia/NZ",2030,0.721091881157639
"Ambitious-Baseline-Low Capacity-Baseline-Baseline","Australia/NZ",2031,0.942954857270111
"Ambitious-Baseline-Low Capacity-Baseline-Baseline","Australia/NZ",2032,1.19533874351864
"Ambitious-Baseline-Low Capacity-Baseline-Baseline","Australia/NZ",2033,1.60156071136551
"Ambitious-Baseline-Low Capacity-Baseline-Baseline","Australia/NZ",2034,2.11676006519485
"Ambitious-Baseline-Low Capacity-Baseline-Baseline","Australia/NZ",2035,2.76248573452145
"Ambitious-Baseline-Low Capacity-Baseline-Baseline","Australia/NZ",2036,3.56824199034811
"Ambitious-Baseline-Low Capacity-Baseline-Baseline","Australia/NZ",2037,4.5937908153222
"Ambitious-Baseline-Low Capacity-Baseline-Baseline","Australia/NZ",2038,5.74923187199481
"Ambitious-Baseline-Low Capacity-Baseline-Baseline","Australia/NZ",2039,7.09876271351151
"Ambitious-Baseline-Low Capacity-Baseline-Baseline","Australia/NZ",2040,8.60859581788719
"Ambitious-Baseline-Low Capacity-Baseline-Baseline","Australia/NZ",2041,10.2665452024876
"Ambitious-Baseline-Low Capacity-Baseline-Baseline","Australia/NZ",2042,12.0403400389963
"Ambitious-Baseline-Low Capacity-Baseline-Baseline","Australia/NZ",2043,13.9523597805243
"Ambitious-Baseline-Low Capacity-Baseline-Baseline","Australia/NZ",2044,16.0074420992495
"Ambitious-Baseline-Low Capacity-Baseline-Baseline","Australia/NZ",2045,18.1778156018135
"Ambitious-Baseline-Low Capacity-Baseline-Baseline","Australia/NZ",2046,20.4567369434015
"Ambitious-Baseline-Low Capacity-Baseline-Baseline","Australia/NZ",2047,22.9511031809192
"Ambitious-Baseline-Low Capacity-Baseline-Baseline","Australia/NZ",2048,25.6257066847492
"Ambitious-Baseline-Low Capacity-Baseline-Baseline","Australia/NZ",2049,28.0062947586098
"Ambitious-Baseline-Low Capacity-Baseline-Baseline","Australia/NZ",2050,30.5620689898586
"Ambitious-Baseline-Low Capacity-Baseline-Baseline","Australia/NZ",2051,32.928614035146
"Ambitious-Baseline-Low Capacity-Baseline-Baseline","Australia/NZ",2052,35.2586572369007
"Ambitious-Baseline-Low Capacity-Baseline-Baseline","Australia/NZ",2053,37.3184841920418
"Ambitious-Baseline-Low Capacity-Baseline-Baseline","Australia/NZ",2054,39.114306457877
"Ambitious-Baseline-Low Capacity-Baseline-Baseline","Australia/NZ",2055,40.6640233913055
"Ambitious-Baseline-Low Capacity-Baseline-Baseline","Australia/NZ",2056,41.9946318905822
"Ambitious-Baseline-Low Capacity-Baseline-Baseline","Australia/NZ",2057,43.1423940530406
"Ambitious-Baseline-Low Capacity-Baseline-Baseline","Australia/NZ",2058,44.1320865854883
"Ambitious-Baseline-Low Capacity-Baseline-Baseline","Australia/NZ",2059,44.9738182503642
"Ambitious-Baseline-Low Capacity-Baseline-Baseline","Australia/NZ",2060,45.6773357244408
"Ambitious-Baseline-Low Capacity-Baseline-Baseline","Australia/NZ",2061,46.2403342813124
"Ambitious-Baseline-Low Capacity-Baseline-Baseline","Australia/NZ",2062,46.6681799265709
"Ambitious-Baseline-Low Capacity-Baseline-Baseline","Australia/NZ",2063,46.9706362400923
"Ambitious-Baseline-Low Capacity-Baseline-Baseline","Australia/NZ",2064,47.1625745060637
"Ambitious-Baseline-Low Capacity-Baseline-Baseline","Australia/NZ",2065,47.264990850694
"Ambitious-Baseline-Low Capacity-Baseline-Baseline","Australia/NZ",2066,47.3058024030221
"Ambitious-Baseline-Low Capacity-Baseline-Baseline","Australia/NZ",2067,47.3072667687841
"Ambitious-Baseline-Low Capacity-Baseline-Baseline","Australia/NZ",2068,47.2865056138295
"Ambitious-Baseline-Low Capacity-Baseline-Baseline","Australia/NZ",2069,47.2612429994985
"Ambitious-Baseline-Low Capacity-Baseline-Baseline","Australia/NZ",2070,47.2376164466037
"Ambitious-Baseline-Low Capacity-Baseline-Baseline","Brazil",2023,0.0185753461890392
"Ambitious-Baseline-Low Capacity-Baseline-Baseline","Brazil",2024,0.0496212109115374
"Ambitious-Baseline-Low Capacity-Baseline-Baseline","Brazil",2025,0.0600185183639428
"Ambitious-Baseline-Low Capacity-Baseline-Baseline","Brazil",2026,0.16274691029222
"Ambitious-Baseline-Low Capacity-Baseline-Baseline","Brazil",2027,0.319326601262838
"Ambitious-Baseline-Low Capacity-Baseline-Baseline","Brazil",2028,0.451242857474412
"Ambitious-Baseline-Low Capacity-Baseline-Baseline","Brazil",2029,0.646558028008024
"Ambitious-Baseline-Low Capacity-Baseline-Baseline","Brazil",2030,0.926097851465208
"Ambitious-Baseline-Low Capacity-Baseline-Baseline","Brazil",2031,1.34567253951297
"Ambitious-Baseline-Low Capacity-Baseline-Baseline","Brazil",2032,1.78742547530552
"Ambitious-Baseline-Low Capacity-Baseline-Baseline","Brazil",2033,2.33958935816657
"Ambitious-Baseline-Low Capacity-Baseline-Baseline","Brazil",2034,3.04376527363678
"Ambitious-Baseline-Low Capacity-Baseline-Baseline","Brazil",2035,3.93812799296665
"Ambitious-Baseline-Low Capacity-Baseline-Baseline","Brazil",2036,5.06042121548084
"Ambitious-Baseline-Low Capacity-Baseline-Baseline","Brazil",2037,6.60861544174174
"Ambitious-Baseline-Low Capacity-Baseline-Baseline","Brazil",2038,8.54733295177583
"Ambitious-Baseline-Low Capacity-Baseline-Baseline","Brazil",2039,11.0609653433831
"Ambitious-Baseline-Low Capacity-Baseline-Baseline","Brazil",2040,13.8856204777909
"Ambitious-Baseline-Low Capacity-Baseline-Baseline","Brazil",2041,17.1716410342416
"Ambitious-Baseline-Low Capacity-Baseline-Baseline","Brazil",2042,20.7943589358722
"Ambitious-Baseline-Low Capacity-Baseline-Baseline","Brazil",2043,24.8539743052418
"Ambitious-Baseline-Low Capacity-Baseline-Baseline","Brazil",2044,29.3175275029852
"Ambitious-Baseline-Low Capacity-Baseline-Baseline","Brazil",2045,34.1520253943435
"Ambitious-Baseline-Low Capacity-Baseline-Baseline","Brazil",2046,39.168154766897
"Ambitious-Baseline-Low Capacity-Baseline-Baseline","Brazil",2047,44.4915176106287
"Ambitious-Baseline-Low Capacity-Baseline-Baseline","Brazil",2048,50.0262602807631
"Ambitious-Baseline-Low Capacity-Baseline-Baseline","Brazil",2049,55.7406145159931
"Ambitious-Baseline-Low Capacity-Baseline-Baseline","Brazil",2050,62.4466075672437
"Ambitious-Baseline-Low Capacity-Baseline-Baseline","Brazil",2051,69.2632065654461
"Ambitious-Baseline-Low Capacity-Baseline-Baseline","Brazil",2052,76.5696977918731
"Ambitious-Baseline-Low Capacity-Baseline-Baseline","Brazil",2053,83.8176347034732
"Ambitious-Baseline-Low Capacity-Baseline-Baseline","Brazil",2054,90.8865198406661
"Ambitious-Baseline-Low Capacity-Baseline-Baseline","Brazil",2055,97.6649771668054
"Ambitious-Baseline-Low Capacity-Baseline-Baseline","Brazil",2056,104.055933029761
"Ambitious-Baseline-Low Capacity-Baseline-Baseline","Brazil",2057,110.001343600056
"Ambitious-Baseline-Low Capacity-Baseline-Baseline","Brazil",2058,115.444967430248
"Ambitious-Baseline-Low Capacity-Baseline-Baseline","Brazil",2059,120.38424663335
"Ambitious-Baseline-Low Capacity-Baseline-Baseline","Brazil",2060,124.816678330048
"Ambitious-Baseline-Low Capacity-Baseline-Baseline","Brazil",2061,128.760284289037
"Ambitious-Baseline-Low Capacity-Baseline-Baseline","Brazil",2062,132.252118188323
"Ambitious-Baseline-Low Capacity-Baseline-Baseline","Brazil",2063,135.318121279442
"Ambitious-Baseline-Low Capacity-Baseline-Baseline","Brazil",2064,138.000777841502
"Ambitious-Baseline-Low Capacity-Baseline-Baseline","Brazil",2065,140.339664630867
"Ambitious-Baseline-Low Capacity-Baseline-Baseline","Brazil",2066,142.373692764654
"Ambitious-Baseline-Low Capacity-Baseline-Baseline","Brazil",2067,144.153374525641
"Ambitious-Baseline-Low Capacity-Baseline-Baseline","Brazil",2068,145.719787749495
"Ambitious-Baseline-Low Capacity-Baseline-Baseline","Brazil",2069,147.119756822758
"Ambitious-Baseline-Low Capacity-Baseline-Baseline","Brazil",2070,148.396605466418
"Ambitious-Baseline-Low Capacity-Baseline-Baseline","Canada",2023,0.121702221075323
"Ambitious-Baseline-Low Capacity-Baseline-Baseline","Canada",2024,0.139553096955505
"Ambitious-Baseline-Low Capacity-Baseline-Baseline","Canada",2025,0.198461794168461
"Ambitious-Baseline-Low Capacity-Baseline-Baseline","Canada",2026,0.291088794306551
"Ambitious-Baseline-Low Capacity-Baseline-Baseline","Canada",2027,0.424299582650979
"Ambitious-Baseline-Low Capacity-Baseline-Baseline","Canada",2028,0.616246212046483
"Ambitious-Baseline-Low Capacity-Baseline-Baseline","Canada",2029,0.898404788935544
"Ambitious-Baseline-Low Capacity-Baseline-Baseline","Canada",2030,1.33406708463809
"Ambitious-Baseline-Low Capacity-Baseline-Baseline","Canada",2031,1.99630845656543
"Ambitious-Baseline-Low Capacity-Baseline-Baseline","Canada",2032,2.46122188007282
"Ambitious-Baseline-Low Capacity-Baseline-Baseline","Canada",2033,3.06275355789785
"Ambitious-Baseline-Low Capacity-Baseline-Baseline","Canada",2034,3.83902669530175
"Ambitious-Baseline-Low Capacity-Baseline-Baseline","Canada",2035,4.83021987937185
"Ambitious-Baseline-Low Capacity-Baseline-Baseline","Canada",2036,5.90694745728873
"Ambitious-Baseline-Low Capacity-Baseline-Baseline","Canada",2037,7.59190004016015
"Ambitious-Baseline-Low Capacity-Baseline-Baseline","Canada",2038,9.4474020706203
"Ambitious-Baseline-Low Capacity-Baseline-Baseline","Canada",2039,11.6479540275928
"Ambitious-Baseline-Low Capacity-Baseline-Baseline","Canada",2040,14.189245226142
"Ambitious-Baseline-Low Capacity-Baseline-Baseline","Canada",2041,17.0629075295638
"Ambitious-Baseline-Low Capacity-Baseline-Baseline","Canada",2042,20.2589233885432
"Ambitious-Baseline-Low Capacity-Baseline-Baseline","Canada",2043,23.6384490984652
"Ambitious-Baseline-Low Capacity-Baseline-Baseline","Canada",2044,27.0672509613535
"Ambitious-Baseline-Low Capacity-Baseline-Baseline","Canada",2045,30.3925113142805
"Ambitious-Baseline-Low Capacity-Baseline-Baseline","Canada",2046,33.4779206631139
"Ambitious-Baseline-Low Capacity-Baseline-Baseline","Canada",2047,36.2209437263908
"Ambitious-Baseline-Low Capacity-Baseline-Baseline","Canada",2048,38.6081107398356
"Ambitious-Baseline-Low Capacity-Baseline-Baseline","Canada",2049,40.6660009027494
"Ambitious-Baseline-Low Capacity-Baseline-Baseline","Canada",2050,42.4350309656165
"Ambitious-Baseline-Low Capacity-Baseline-Baseline","Canada",2051,43.9673750610387
"Ambitious-Baseline-Low Capacity-Baseline-Baseline","Canada",2052,45.2921420730923
"Ambitious-Baseline-Low Capacity-Baseline-Baseline","Canada",2053,46.4588468463534
"Ambitious-Baseline-Low Capacity-Baseline-Baseline","Canada",2054,47.4933150052308
"Ambitious-Baseline-Low Capacity-Baseline-Baseline","Canada",2055,48.4053119565818
"Ambitious-Baseline-Low Capacity-Baseline-Baseline","Canada",2056,49.1997279739613
"Ambitious-Baseline-Low Capacity-Baseline-Baseline","Canada",2057,49.8847183983084
"Ambitious-Baseline-Low Capacity-Baseline-Baseline","Canada",2058,50.4626947171068
"Ambitious-Baseline-Low Capacity-Baseline-Baseline","Canada",2059,50.9381645311475
"Ambitious-Baseline-Low Capacity-Baseline-Baseline","Canada",2060,51.3232637289236
"Ambitious-Baseline-Low Capacity-Baseline-Baseline","Canada",2061,51.62798792792
"Ambitious-Baseline-Low Capacity-Baseline-Baseline","Canada",2062,51.8709296684371
"Ambitious-Baseline-Low Capacity-Baseline-Baseline","Canada",2063,52.0692593729914
"Ambitious-Baseline-Low Capacity-Baseline-Baseline","Canada",2064,52.236679896609
"Ambitious-Baseline-Low Capacity-Baseline-Baseline","Canada",2065,52.3839074900806
"Ambitious-Baseline-Low Capacity-Baseline-Baseline","Canada",2066,52.5203855675557
"Ambitious-Baseline-Low Capacity-Baseline-Baseline","Canada",2067,52.649658975174
"Ambitious-Baseline-Low Capacity-Baseline-Baseline","Canada",2068,52.7746308906257
"Ambitious-Baseline-Low Capacity-Baseline-Baseline","Canada",2069,52.8976823109561
"Ambitious-Baseline-Low Capacity-Baseline-Baseline","Canada",2070,53.0158728677455
"Ambitious-Baseline-Low Capacity-Baseline-Baseline","China",2023,10.7373479200508
"Ambitious-Baseline-Low Capacity-Baseline-Baseline","China",2024,13.9482850736829
"Ambitious-Baseline-Low Capacity-Baseline-Baseline","China",2025,21.6198483152275
"Ambitious-Baseline-Low Capacity-Baseline-Baseline","China",2026,32.2560656931591
"Ambitious-Baseline-Low Capacity-Baseline-Baseline","China",2027,45.0199316966876
"Ambitious-Baseline-Low Capacity-Baseline-Baseline","China",2028,61.7762737737186
"Ambitious-Baseline-Low Capacity-Baseline-Baseline","China",2029,83.1057925004488
"Ambitious-Baseline-Low Capacity-Baseline-Baseline","China",2030,108.62642215924
"Ambitious-Baseline-Low Capacity-Baseline-Baseline","China",2031,140.121962074033
"Ambitious-Baseline-Low Capacity-Baseline-Baseline","China",2032,175.61014859993
"Ambitious-Baseline-Low Capacity-Baseline-Baseline","China",2033,216.459745463124
"Ambitious-Baseline-Low Capacity-Baseline-Baseline","China",2034,262.755087202074
"Ambitious-Baseline-Low Capacity-Baseline-Baseline","China",2035,314.005420744261
"Ambitious-Baseline-Low Capacity-Baseline-Baseline","China",2036,362.063060078737
"Ambitious-Baseline-Low Capacity-Baseline-Baseline","China",2037,428.646564195665
"Ambitious-Baseline-Low Capacity-Baseline-Baseline","China",2038,500.662456595209
"Ambitious-Baseline-Low Capacity-Baseline-Baseline","China",2039,577.262925271685
"Ambitious-Baseline-Low Capacity-Baseline-Baseline","China",2040,657.618386329782
"Ambitious-Baseline-Low Capacity-Baseline-Baseline","China",2041,740.289392660409
"Ambitious-Baseline-Low Capacity-Baseline-Baseline","China",2042,824.707794367924
"Ambitious-Baseline-Low Capacity-Baseline-Baseline","China",2043,909.313810989949
"Ambitious-Baseline-Low Capacity-Baseline-Baseline","China",2044,1004.04401994201
"Ambitious-Baseline-Low Capacity-Baseline-Baseline","China",2045,1096.44639182489
"Ambitious-Baseline-Low Capacity-Baseline-Baseline","China",2046,1185.00525399826
"Ambitious-Baseline-Low Capacity-Baseline-Baseline","China",2047,1268.53097150787
"Ambitious-Baseline-Low Capacity-Baseline-Baseline","China",2048,1345.72157518141
"Ambitious-Baseline-Low Capacity-Baseline-Baseline","China",2049,1415.85876059725
"Ambitious-Baseline-Low Capacity-Baseline-Baseline","China",2050,1478.48445978933
"Ambitious-Baseline-Low Capacity-Baseline-Baseline","China",2051,1533.5172296242
"Ambitious-Baseline-Low Capacity-Baseline-Baseline","China",2052,1590.58217718468
"Ambitious-Baseline-Low Capacity-Baseline-Baseline","China",2053,1641.54559600247
"Ambitious-Baseline-Low Capacity-Baseline-Baseline","China",2054,1687.11140648658
"Ambitious-Baseline-Low Capacity-Baseline-Baseline","China",2055,1728.01778728418
"Ambitious-Baseline-Low Capacity-Baseline-Baseline","China",2056,1764.98536698344
"Ambitious-Baseline-Low Capacity-Baseline-Baseline","China",2057,1798.70662050993
"Ambitious-Baseline-Low Capacity-Baseline-Baseline","China",2058,1829.75716270769
"Ambitious-Baseline-Low Capacity-Baseline-Baseline","China",2059,1858.62285676832
"Ambitious-Baseline-Low Capacity-Baseline-Baseline","China",2060,1885.66176567753
"Ambitious-Baseline-Low Capacity-Baseline-Baseline","China",2061,1911.26236704601
"Ambitious-Baseline-Low Capacity-Baseline-Baseline","China",2062,1935.67294388774
"Ambitious-Baseline-Low Capacity-Baseline-Baseline","China",2063,1959.07504707275
"Ambitious-Baseline-Low Capacity-Baseline-Baseline","China",2064,1981.63665867958
"Ambitious-Baseline-Low Capacity-Baseline-Baseline","China",2065,2003.49896732552
"Ambitious-Baseline-Low Capacity-Baseline-Baseline","China",2066,2024.83455443964
"Ambitious-Baseline-Low Capacity-Baseline-Baseline","China",2067,2045.76293878536
"Ambitious-Baseline-Low Capacity-Baseline-Baseline","China",2068,2066.4936570151
"Ambitious-Baseline-Low Capacity-Baseline-Baseline","China",2069,2087.15326097631
"Ambitious-Baseline-Low Capacity-Baseline-Baseline","China",2070,2107.83499433927
"Ambitious-Baseline-Low Capacity-Baseline-Baseline","EFTA",2023,0.2768408640546
"Ambitious-Baseline-Low Capacity-Baseline-Baseline","EFTA",2024,0.334576245314828
"Ambitious-Baseline-Low Capacity-Baseline-Baseline","EFTA",2025,0.386484459091608
"Ambitious-Baseline-Low Capacity-Baseline-Baseline","EFTA",2026,0.534962883820486
"Ambitious-Baseline-Low Capacity-Baseline-Baseline","EFTA",2027,0.624016462908158
"Ambitious-Baseline-Low Capacity-Baseline-Baseline","EFTA",2028,0.772943863183326
"Ambitious-Baseline-Low Capacity-Baseline-Baseline","EFTA",2029,0.98491918478146
"Ambitious-Baseline-Low Capacity-Baseline-Baseline","EFTA",2030,1.27002982303672
"Ambitious-Baseline-Low Capacity-Baseline-Baseline","EFTA",2031,1.64021051301864
"Ambitious-Baseline-Low Capacity-Baseline-Baseline","EFTA",2032,2.05051676582819
"Ambitious-Baseline-Low Capacity-Baseline-Baseline","EFTA",2033,2.58501087923611
"Ambitious-Baseline-Low Capacity-Baseline-Baseline","EFTA",2034,3.1846037115373
"Ambitious-Baseline-Low Capacity-Baseline-Baseline","EFTA",2035,3.86646453888834
"Ambitious-Baseline-Low Capacity-Baseline-Baseline","EFTA",2036,4.68319330273582
"Ambitious-Baseline-Low Capacity-Baseline-Baseline","EFTA",2037,5.57424020344291
"Ambitious-Baseline-Low Capacity-Baseline-Baseline","EFTA",2038,6.48110670522975
"Ambitious-Baseline-Low Capacity-Baseline-Baseline","EFTA",2039,7.36656525244945
"Ambitious-Baseline-Low Capacity-Baseline-Baseline","EFTA",2040,8.22007772350054
"Ambitious-Baseline-Low Capacity-Baseline-Baseline","EFTA",2041,9.03319317122061
"Ambitious-Baseline-Low Capacity-Baseline-Baseline","EFTA",2042,9.80785358928486
"Ambitious-Baseline-Low Capacity-Baseline-Baseline","EFTA",2043,10.5508659389603
"Ambitious-Baseline-Low Capacity-Baseline-Baseline","EFTA",2044,11.2729933975266
"Ambitious-Baseline-Low Capacity-Baseline-Baseline","EFTA",2045,11.961542996219
"Ambitious-Baseline-Low Capacity-Baseline-Baseline","EFTA",2046,12.6153501260881
"Ambitious-Baseline-Low Capacity-Baseline-Baseline","EFTA",2047,13.1111085644165
"Ambitious-Baseline-Low Capacity-Baseline-Baseline","EFTA",2048,13.6970833689397
"Ambitious-Baseline-Low Capacity-Baseline-Baseline","EFTA",2049,14.2405871368969
"Ambitious-Baseline-Low Capacity-Baseline-Baseline","EFTA",2050,14.7419752276826
"Ambitious-Baseline-Low Capacity-Baseline-Baseline","EFTA",2051,15.2024774827957
"Ambitious-Baseline-Low Capacity-Baseline-Baseline","EFTA",2052,15.658831656599
"Ambitious-Baseline-Low Capacity-Baseline-Baseline","EFTA",2053,16.07516452207
"Ambitious-Baseline-Low Capacity-Baseline-Baseline","EFTA",2054,16.4489421558392
"Ambitious-Baseline-Low Capacity-Baseline-Baseline","EFTA",2055,16.7813774602434
"Ambitious-Baseline-Low Capacity-Baseline-Baseline","EFTA",2056,17.0687484068327
"Ambitious-Baseline-Low Capacity-Baseline-Baseline","EFTA",2057,17.3148152730701
"Ambitious-Baseline-Low Capacity-Baseline-Baseline","EFTA",2058,17.522739426345
"Ambitious-Baseline-Low Capacity-Baseline-Baseline","EFTA",2059,17.6998252731553
"Ambitious-Baseline-Low Capacity-Baseline-Baseline","EFTA",2060,17.8494273219309
"Ambitious-Baseline-Low Capacity-Baseline-Baseline","EFTA",2061,17.9751750298515
"Ambitious-Baseline-Low Capacity-Baseline-Baseline","EFTA",2062,18.081387062884
"Ambitious-Baseline-Low Capacity-Baseline-Baseline","EFTA",2063,18.1760882313808
"Ambitious-Baseline-Low Capacity-Baseline-Baseline","EFTA",2064,18.2618494770111
"Ambitious-Baseline-Low Capacity-Baseline-Baseline","EFTA",2065,18.3427102069078
"Ambitious-Baseline-Low Capacity-Baseline-Baseline","EFTA",2066,18.419568808616
"Ambitious-Baseline-Low Capacity-Baseline-Baseline","EFTA",2067,18.4948932185956
"Ambitious-Baseline-Low Capacity-Baseline-Baseline","EFTA",2068,18.5681802350998
"Ambitious-Baseline-Low Capacity-Baseline-Baseline","EFTA",2069,18.6412565369644
"Ambitious-Baseline-Low Capacity-Baseline-Baseline","EFTA",2070,18.7140327052377
"Ambitious-Baseline-Low Capacity-Baseline-Baseline","European Union",2023,1.50374940730139
"Ambitious-Baseline-Low Capacity-Baseline-Baseline","European Union",2024,2.82710163527357
"Ambitious-Baseline-Low Capacity-Baseline-Baseline","European Union",2025,4.21656801318535
"Ambitious-Baseline-Low Capacity-Baseline-Baseline","European Union",2026,6.75928327743007
"Ambitious-Baseline-Low Capacity-Baseline-Baseline","European Union",2027,9.79472872463496
"Ambitious-Baseline-Low Capacity-Baseline-Baseline","European Union",2028,13.7602198518278
"Ambitious-Baseline-Low Capacity-Baseline-Baseline","European Union",2029,18.8773821348259
"Ambitious-Baseline-Low Capacity-Baseline-Baseline","European Union",2030,24.8316721173628
"Ambitious-Baseline-Low Capacity-Baseline-Baseline","European Union",2031,32.3903950685269
"Ambitious-Baseline-Low Capacity-Baseline-Baseline","European Union",2032,40.8195802917136
"Ambitious-Baseline-Low Capacity-Baseline-Baseline","European Union",2033,50.870667563443
"Ambitious-Baseline-Low Capacity-Baseline-Baseline","European Union",2034,63.7454838131594
"Ambitious-Baseline-Low Capacity-Baseline-Baseline","European Union",2035,80.0781545108256
"Ambitious-Baseline-Low Capacity-Baseline-Baseline","European Union",2036,100.365112024256
"Ambitious-Baseline-Low Capacity-Baseline-Baseline","European Union",2037,126.326965198037
"Ambitious-Baseline-Low Capacity-Baseline-Baseline","European Union",2038,157.654193967989
"Ambitious-Baseline-Low Capacity-Baseline-Baseline","European Union",2039,193.722691231134
"Ambitious-Baseline-Low Capacity-Baseline-Baseline","European Union",2040,234.486603574002
"Ambitious-Baseline-Low Capacity-Baseline-Baseline","European Union",2041,279.697531784038
"Ambitious-Baseline-Low Capacity-Baseline-Baseline","European Union",2042,327.852570444668
"Ambitious-Baseline-Low Capacity-Baseline-Baseline","European Union",2043,377.479975490898
"Ambitious-Baseline-Low Capacity-Baseline-Baseline","European Union",2044,425.196354253832
"Ambitious-Baseline-Low Capacity-Baseline-Baseline","European Union",2045,469.542635964051
"Ambitious-Baseline-Low Capacity-Baseline-Baseline","European Union",2046,509.151225197011
"Ambitious-Baseline-Low Capacity-Baseline-Baseline","European Union",2047,544.431222975576
"Ambitious-Baseline-Low Capacity-Baseline-Baseline","European Union",2048,575.545229140885
"Ambitious-Baseline-Low Capacity-Baseline-Baseline","European Union",2049,603.058129992748
"Ambitious-Baseline-Low Capacity-Baseline-Baseline","European Union",2050,627.749449994562
"Ambitious-Baseline-Low Capacity-Baseline-Baseline","European Union",2051,649.758116121822
"Ambitious-Baseline-Low Capacity-Baseline-Baseline","European Union",2052,673.62568192983
"Ambitious-Baseline-Low Capacity-Baseline-Baseline","European Union",2053,696.375118407562
"Ambitious-Baseline-Low Capacity-Baseline-Baseline","European Union",2054,717.994553464893
"Ambitious-Baseline-Low Capacity-Baseline-Baseline","European Union",2055,738.312709431943
"Ambitious-Baseline-Low Capacity-Baseline-Baseline","European Union",2056,757.211716869574
"Ambitious-Baseline-Low Capacity-Baseline-Baseline","European Union",2057,774.595550733503
"Ambitious-Baseline-Low Capacity-Baseline-Baseline","European Union",2058,790.446082086328
"Ambitious-Baseline-Low Capacity-Baseline-Baseline","European Union",2059,804.932637531548
"Ambitious-Baseline-Low Capacity-Baseline-Baseline","European Union",2060,818.257556616036
"Ambitious-Baseline-Low Capacity-Baseline-Baseline","European Union",2061,830.691512985254
"Ambitious-Baseline-Low Capacity-Baseline-Baseline","European Union",2062,842.438801392749
"Ambitious-Baseline-Low Capacity-Baseline-Baseline","European Union",2063,853.643369130312
"Ambitious-Baseline-Low Capacity-Baseline-Baseline","European Union",2064,864.361940964672
"Ambitious-Baseline-Low Capacity-Baseline-Baseline","European Union",2065,874.562407199947
"Ambitious-Baseline-Low Capacity-Baseline-Baseline","European Union",2066,884.208407684163
"Ambitious-Baseline-Low Capacity-Baseline-Baseline","European Union",2067,893.278080530916
"Ambitious-Baseline-Low Capacity-Baseline-Baseline","European Union",2068,901.775870761027
"Ambitious-Baseline-Low Capacity-Baseline-Baseline","European Union",2069,909.766725907485
"Ambitious-Baseline-Low Capacity-Baseline-Baseline","European Union",2070,917.340411689894
"Ambitious-Baseline-Low Capacity-Baseline-Baseline","India",2023,0.112419107312472
"Ambitious-Baseline-Low Capacity-Baseline-Baseline","India",2024,0.320296716912139
"Ambitious-Baseline-Low Capacity-Baseline-Baseline","India",2025,0.54325036794693
"Ambitious-Baseline-Low Capacity-Baseline-Baseline","India",2026,0.827305575171988
"Ambitious-Baseline-Low Capacity-Baseline-Baseline","India",2027,1.32894571430225
"Ambitious-Baseline-Low Capacity-Baseline-Baseline","India",2028,2.19863387288488
"Ambitious-Baseline-Low Capacity-Baseline-Baseline","India",2029,3.36117041797817
"Ambitious-Baseline-Low Capacity-Baseline-Baseline","India",2030,4.83241522560296
"Ambitious-Baseline-Low Capacity-Baseline-Baseline","India",2031,6.74536370484847
"Ambitious-Baseline-Low Capacity-Baseline-Baseline","India",2032,8.80542949728224
"Ambitious-Baseline-Low Capacity-Baseline-Baseline","India",2033,11.3217375593542
"Ambitious-Baseline-Low Capacity-Baseline-Baseline","India",2034,14.3741209928543
"Ambitious-Baseline-Low Capacity-Baseline-Baseline","India",2035,18.0058269224392
"Ambitious-Baseline-Low Capacity-Baseline-Baseline","India",2036,22.2317723801451
"Ambitious-Baseline-Low Capacity-Baseline-Baseline","India",2037,27.7739493494794
"Ambitious-Baseline-Low Capacity-Baseline-Baseline","India",2038,34.2461542351882
"Ambitious-Baseline-Low Capacity-Baseline-Baseline","India",2039,41.6945555142496
"Ambitious-Baseline-Low Capacity-Baseline-Baseline","India",2040,50.1346532142042
"Ambitious-Baseline-Low Capacity-Baseline-Baseline","India",2041,59.768370871218
"Ambitious-Baseline-Low Capacity-Baseline-Baseline","India",2042,69.9354222941906
"Ambitious-Baseline-Low Capacity-Baseline-Baseline","India",2043,80.8698765430864
"Ambitious-Baseline-Low Capacity-Baseline-Baseline","India",2044,92.3970616049764
"Ambitious-Baseline-Low Capacity-Baseline-Baseline","India",2045,104.323356319556
"Ambitious-Baseline-Low Capacity-Baseline-Baseline","India",2046,116.417304288931
"Ambitious-Baseline-Low Capacity-Baseline-Baseline","India",2047,128.49504371646
"Ambitious-Baseline-Low Capacity-Baseline-Baseline","India",2048,140.344426638843
"Ambitious-Baseline-Low Capacity-Baseline-Baseline","India",2049,151.801043214544
"Ambitious-Baseline-Low Capacity-Baseline-Baseline","India",2050,162.741209122463
"Ambitious-Baseline-Low Capacity-Baseline-Baseline","India",2051,173.09540021709
"Ambitious-Baseline-Low Capacity-Baseline-Baseline","India",2052,182.700039294081
"Ambitious-Baseline-Low Capacity-Baseline-Baseline","India",2053,191.682105747223
"Ambitious-Baseline-Low Capacity-Baseline-Baseline","India",2054,200.06336505389
"Ambitious-Baseline-Low Capacity-Baseline-Baseline","India",2055,207.861851189222
"Ambitious-Baseline-Low Capacity-Baseline-Baseline","India",2056,215.098610012981
"Ambitious-Baseline-Low Capacity-Baseline-Baseline","India",2057,221.796516548796
"Ambitious-Baseline-Low Capacity-Baseline-Baseline","India",2058,228.369548656197
"Ambitious-Baseline-Low Capacity-Baseline-Baseline","India",2059,235.05697208939
"Ambitious-Baseline-Low Capacity-Baseline-Baseline","India",2060,241.223334481804
"Ambitious-Baseline-Low Capacity-Baseline-Baseline","India",2061,246.922566832862
"Ambitious-Baseline-Low Capacity-Baseline-Baseline","India",2062,252.229817067553
"Ambitious-Baseline-Low Capacity-Baseline-Baseline","India",2063,257.173082143917
"Ambitious-Baseline-Low Capacity-Baseline-Baseline","India",2064,261.791188996601
"Ambitious-Baseline-Low Capacity-Baseline-Baseline","India",2065,266.10274133993
"Ambitious-Baseline-Low Capacity-Baseline-Baseline","India",2066,270.131428754167
"Ambitious-Baseline-Low Capacity-Baseline-Baseline","India",2067,273.901563323962
"Ambitious-Baseline-Low Capacity-Baseline-Baseline","India",2068,277.458652418709
"Ambitious-Baseline-Low Capacity-Baseline-Baseline","India",2069,280.841514790441
"Ambitious-Baseline-Low Capacity-Baseline-Baseline","India",2070,284.089132042608
"Ambitious-Baseline-Low Capacity-Baseline-Baseline","Japan",2023,0.100955465344981
"Ambitious-Baseline-Low Capacity-Baseline-Baseline","Japan",2024,0.415524872286911
"Ambitious-Baseline-Low Capacity-Baseline-Baseline","Japan",2025,0.483021672481889
"Ambitious-Baseline-Low Capacity-Baseline-Baseline","Japan",2026,0.567473384158668
"Ambitious-Baseline-Low Capacity-Baseline-Baseline","Japan",2027,0.686943543303468
"Ambitious-Baseline-Low Capacity-Baseline-Baseline","Japan",2028,0.966139428786359
"Ambitious-Baseline-Low Capacity-Baseline-Baseline","Japan",2029,1.24478809999261
"Ambitious-Baseline-Low Capacity-Baseline-Baseline","Japan",2030,2.13564582646132
"Ambitious-Baseline-Low Capacity-Baseline-Baseline","Japan",2031,3.31437353069013
"Ambitious-Baseline-Low Capacity-Baseline-Baseline","Japan",2032,4.1186937788545
"Ambitious-Baseline-Low Capacity-Baseline-Baseline","Japan",2033,5.15831865539877
"Ambitious-Baseline-Low Capacity-Baseline-Baseline","Japan",2034,6.51805853834198
"Ambitious-Baseline-Low Capacity-Baseline-Baseline","Japan",2035,8.32263151559541
"Ambitious-Baseline-Low Capacity-Baseline-Baseline","Japan",2036,10.5869958515808
"Ambitious-Baseline-Low Capacity-Baseline-Baseline","Japan",2037,13.3643816037967
"Ambitious-Baseline-Low Capacity-Baseline-Baseline","Japan",2038,16.9348168445637
"Ambitious-Baseline-Low Capacity-Baseline-Baseline","Japan",2039,20.733951982269
"Ambitious-Baseline-Low Capacity-Baseline-Baseline","Japan",2040,25.0407214756531
"Ambitious-Baseline-Low Capacity-Baseline-Baseline","Japan",2041,28.7023433471563
"Ambitious-Baseline-Low Capacity-Baseline-Baseline","Japan",2042,34.2414106668135
"Ambitious-Baseline-Low Capacity-Baseline-Baseline","Japan",2043,40.4682731442283
"Ambitious-Baseline-Low Capacity-Baseline-Baseline","Japan",2044,47.2589534791271
"Ambitious-Baseline-Low Capacity-Baseline-Baseline","Japan",2045,54.349151675821
"Ambitious-Baseline-Low Capacity-Baseline-Baseline","Japan",2046,61.4000729655923
"Ambitious-Baseline-Low Capacity-Baseline-Baseline","Japan",2047,68.1152547369345
"Ambitious-Baseline-Low Capacity-Baseline-Baseline","Japan",2048,74.2760128925072
"Ambitious-Baseline-Low Capacity-Baseline-Baseline","Japan",2049,79.7881499562366
"Ambitious-Baseline-Low Capacity-Baseline-Baseline","Japan",2050,84.6171337037892
"Ambitious-Baseline-Low Capacity-Baseline-Baseline","Japan",2051,88.7956447156333
"Ambitious-Baseline-Low Capacity-Baseline-Baseline","Japan",2052,92.3502925817549
"Ambitious-Baseline-Low Capacity-Baseline-Baseline","Japan",2053,95.3736153666338
"Ambitious-Baseline-Low Capacity-Baseline-Baseline","Japan",2054,98.5549027783117
"Ambitious-Baseline-Low Capacity-Baseline-Baseline","Japan",2055,101.240661148488
"Ambitious-Baseline-Low Capacity-Baseline-Baseline","Japan",2056,103.391258956046
"Ambitious-Baseline-Low Capacity-Baseline-Baseline","Japan",2057,105.051954892913
"Ambitious-Baseline-Low Capacity-Baseline-Baseline","Japan",2058,106.260531100552
"Ambitious-Baseline-Low Capacity-Baseline-Baseline","Japan",2059,107.053974538141
"Ambitious-Baseline-Low Capacity-Baseline-Baseline","Japan",2060,107.469493884319
"Ambitious-Baseline-Low Capacity-Baseline-Baseline","Japan",2061,107.587607328181
"Ambitious-Baseline-Low Capacity-Baseline-Baseline","Japan",2062,107.461798578514
"Ambitious-Baseline-Low Capacity-Baseline-Baseline","Japan",2063,107.183711700365
"Ambitious-Baseline-Low Capacity-Baseline-Baseline","Japan",2064,106.814263063104
"Ambitious-Baseline-Low Capacity-Baseline-Baseline","Japan",2065,106.392137417876
"Ambitious-Baseline-Low Capacity-Baseline-Baseline","Japan",2066,105.950011425922
"Ambitious-Baseline-Low Capacity-Baseline-Baseline","Japan",2067,105.50067134916
"Ambitious-Baseline-Low Capacity-Baseline-Baseline","Japan",2068,105.056455648517
"Ambitious-Baseline-Low Capacity-Baseline-Baseline","Japan",2069,104.716016843374
"Ambitious-Baseline-Low Capacity-Baseline-Baseline","Japan",2070,104.56632999879
"Ambitious-Baseline-Low Capacity-Baseline-Baseline","Mexico",2023,0.0312948282293928
"Ambitious-Baseline-Low Capacity-Baseline-Baseline","Mexico",2024,0.096201012935969
"Ambitious-Baseline-Low Capacity-Baseline-Baseline","Mexico",2025,0.0958087193105145
"Ambitious-Baseline-Low Capacity-Baseline-Baseline","Mexico",2026,0.129684553833115
"Ambitious-Baseline-Low Capacity-Baseline-Baseline","Mexico",2027,0.170336284299215
"Ambitious-Baseline-Low Capacity-Baseline-Baseline","Mexico",2028,0.268911497834423
"Ambitious-Baseline-Low Capacity-Baseline-Baseline","Mexico",2029,0.477797052169989
"Ambitious-Baseline-Low Capacity-Baseline-Baseline","Mexico",2030,0.912054153730993
"Ambitious-Baseline-Low Capacity-Baseline-Baseline","Mexico",2031,1.51686131261746
"Ambitious-Baseline-Low Capacity-Baseline-Baseline","Mexico",2032,1.83693404584041
"Ambitious-Baseline-Low Capacity-Baseline-Baseline","Mexico",2033,2.24109329374073
"Ambitious-Baseline-Low Capacity-Baseline-Baseline","Mexico",2034,2.76048031550455
"Ambitious-Baseline-Low Capacity-Baseline-Baseline","Mexico",2035,3.42752712659036
"Ambitious-Baseline-Low Capacity-Baseline-Baseline","Mexico",2036,4.27744463828712
"Ambitious-Baseline-Low Capacity-Baseline-Baseline","Mexico",2037,5.3913475052492
"Ambitious-Baseline-Low Capacity-Baseline-Baseline","Mexico",2038,6.80777683370413
"Ambitious-Baseline-Low Capacity-Baseline-Baseline","Mexico",2039,8.58660775836368
"Ambitious-Baseline-Low Capacity-Baseline-Baseline","Mexico",2040,10.8092515753321
"Ambitious-Baseline-Low Capacity-Baseline-Baseline","Mexico",2041,13.6358244158808
"Ambitious-Baseline-Low Capacity-Baseline-Baseline","Mexico",2042,16.9475837537285
"Ambitious-Baseline-Low Capacity-Baseline-Baseline","Mexico",2043,20.8060274725019
"Ambitious-Baseline-Low Capacity-Baseline-Baseline","Mexico",2044,25.1038104375153
"Ambitious-Baseline-Low Capacity-Baseline-Baseline","Mexico",2045,29.6555985467562
"Ambitious-Baseline-Low Capacity-Baseline-Baseline","Mexico",2046,34.4091499490621
"Ambitious-Baseline-Low Capacity-Baseline-Baseline","Mexico",2047,39.7075366210928
"Ambitious-Baseline-Low Capacity-Baseline-Baseline","Mexico",2048,44.7804851780124
"Ambitious-Baseline-Low Capacity-Baseline-Baseline","Mexico",2049,49.5306637442894
"Ambitious-Baseline-Low Capacity-Baseline-Baseline","Mexico",2050,53.9085161214475
"Ambitious-Baseline-Low Capacity-Baseline-Baseline","Mexico",2051,57.9008285800871
"Ambitious-Baseline-Low Capacity-Baseline-Baseline","Mexico",2052,61.8142335500093
"Ambitious-Baseline-Low Capacity-Baseline-Baseline","Mexico",2053,65.4181609437342
"Ambitious-Baseline-Low Capacity-Baseline-Baseline","Mexico",2054,68.7299250737098
"Ambitious-Baseline-Low Capacity-Baseline-Baseline","Mexico",2055,71.7671332180878
"Ambitious-Baseline-Low Capacity-Baseline-Baseline","Mexico",2056,74.5331707004036
"Ambitious-Baseline-Low Capacity-Baseline-Baseline","Mexico",2057,77.0385796948527
"Ambitious-Baseline-Low Capacity-Baseline-Baseline","Mexico",2058,79.2812223514232
"Ambitious-Baseline-Low Capacity-Baseline-Baseline","Mexico",2059,81.2656328785668
"Ambitious-Baseline-Low Capacity-Baseline-Baseline","Mexico",2060,83.0036892908392
"Ambitious-Baseline-Low Capacity-Baseline-Baseline","Mexico",2061,84.5316012511536
"Ambitious-Baseline-Low Capacity-Baseline-Baseline","Mexico",2062,85.8666582540338
"Ambitious-Baseline-Low Capacity-Baseline-Baseline","Mexico",2063,87.0540514401681
"Ambitious-Baseline-Low Capacity-Baseline-Baseline","Mexico",2064,88.1175816006403
"Ambitious-Baseline-Low Capacity-Baseline-Baseline","Mexico",2065,89.0827378571156
"Ambitious-Baseline-Low Capacity-Baseline-Baseline","Mexico",2066,89.9623698421419
"Ambitious-Baseline-Low Capacity-Baseline-Baseline","Mexico",2067,90.7713967848745
"Ambitious-Baseline-Low Capacity-Baseline-Baseline","Mexico",2068,91.5242648130149
"Ambitious-Baseline-Low Capacity-Baseline-Baseline","Mexico",2069,92.2340279502439
"Ambitious-Baseline-Low Capacity-Baseline-Baseline","Mexico",2070,92.9097830964404
"Ambitious-Baseline-Low Capacity-Baseline-Baseline","Middle East",2023,0.130580773119928
"Ambitious-Baseline-Low Capacity-Baseline-Baseline","Middle East",2024,0.202920676537474
"Ambitious-Baseline-Low Capacity-Baseline-Baseline","Middle East",2025,0.270672207412559
"Ambitious-Baseline-Low Capacity-Baseline-Baseline","Middle East",2026,0.390006075439798
"Ambitious-Baseline-Low Capacity-Baseline-Baseline","Middle East",2027,0.5876735375044
"Ambitious-Baseline-Low Capacity-Baseline-Baseline","Middle East",2028,0.912665163531845
"Ambitious-Baseline-Low Capacity-Baseline-Baseline","Middle East",2029,1.40631524212598
"Ambitious-Baseline-Low Capacity-Baseline-Baseline","Middle East",2030,2.21453260006297
"Ambitious-Baseline-Low Capacity-Baseline-Baseline","Middle East",2031,3.58245044874664
"Ambitious-Baseline-Low Capacity-Baseline-Baseline","Middle East",2032,4.81305472712763
"Ambitious-Baseline-Low Capacity-Baseline-Baseline","Middle East",2033,6.39254438481513
"Ambitious-Baseline-Low Capacity-Baseline-Baseline","Middle East",2034,8.40676169812265
"Ambitious-Baseline-Low Capacity-Baseline-Baseline","Middle East",2035,11.0440478317472
"Ambitious-Baseline-Low Capacity-Baseline-Baseline","Middle East",2036,14.0329438465911
"Ambitious-Baseline-Low Capacity-Baseline-Baseline","Middle East",2037,18.1210728870703
"Ambitious-Baseline-Low Capacity-Baseline-Baseline","Middle East",2038,23.0686160221016
"Ambitious-Baseline-Low Capacity-Baseline-Baseline","Middle East",2039,28.9058097585083
"Ambitious-Baseline-Low Capacity-Baseline-Baseline","Middle East",2040,35.7043786177917
"Ambitious-Baseline-Low Capacity-Baseline-Baseline","Middle East",2041,43.6537299894514
"Ambitious-Baseline-Low Capacity-Baseline-Baseline","Middle East",2042,52.4492011838451
"Ambitious-Baseline-Low Capacity-Baseline-Baseline","Middle East",2043,62.3599439397119
"Ambitious-Baseline-Low Capacity-Baseline-Baseline","Middle East",2044,73.3113135812987
"Ambitious-Baseline-Low Capacity-Baseline-Baseline","Middle East",2045,85.105806408208
"Ambitious-Baseline-Low Capacity-Baseline-Baseline","Middle East",2046,97.4418137299769
"Ambitious-Baseline-Low Capacity-Baseline-Baseline","Middle East",2047,110.292123748584
"Ambitious-Baseline-Low Capacity-Baseline-Baseline","Middle East",2048,123.343867256153
"Ambitious-Baseline-Low Capacity-Baseline-Baseline","Middle East",2049,136.395904269943
"Ambitious-Baseline-Low Capacity-Baseline-Baseline","Middle East",2050,149.393501288618
"Ambitious-Baseline-Low Capacity-Baseline-Baseline","Middle East",2051,162.214179752987
"Ambitious-Baseline-Low Capacity-Baseline-Baseline","Middle East",2052,175.562498122049
"Ambitious-Baseline-Low Capacity-Baseline-Baseline","Middle East",2053,189.475596793552
"Ambitious-Baseline-Low Capacity-Baseline-Baseline","Middle East",2054,203.014561563642
"Ambitious-Baseline-Low Capacity-Baseline-Baseline","Middle East",2055,215.990287157688
"Ambitious-Baseline-Low Capacity-Baseline-Baseline","Middle East",2056,228.236970656548
"Ambitious-Baseline-Low Capacity-Baseline-Baseline","Middle East",2057,239.626833176982
"Ambitious-Baseline-Low Capacity-Baseline-Baseline","Middle East",2058,250.072947899722
"Ambitious-Baseline-Low Capacity-Baseline-Baseline","Middle East",2059,259.552459021096
"Ambitious-Baseline-Low Capacity-Baseline-Baseline","Middle East",2060,268.091753827387
"Ambitious-Baseline-Low Capacity-Baseline-Baseline","Middle East",2061,275.804766436698
"Ambitious-Baseline-Low Capacity-Baseline-Baseline","Middle East",2062,282.714990984433
"Ambitious-Baseline-Low Capacity-Baseline-Baseline","Middle East",2063,288.909161549667
"Ambitious-Baseline-Low Capacity-Baseline-Baseline","Middle East",2064,294.463517512176
"Ambitious-Baseline-Low Capacity-Baseline-Baseline","Middle East",2065,299.461661009273
"Ambitious-Baseline-Low Capacity-Baseline-Baseline","Middle East",2066,303.975205129848
"Ambitious-Baseline-Low Capacity-Baseline-Baseline","Middle East",2067,308.079342091994
"Ambitious-Baseline-Low Capacity-Baseline-Baseline","Middle East",2068,311.851521992696
"Ambitious-Baseline-Low Capacity-Baseline-Baseline","Middle East",2069,315.354813752733
"Ambitious-Baseline-Low Capacity-Baseline-Baseline","Middle East",2070,318.650349427692
"Ambitious-Baseline-Low Capacity-Baseline-Baseline","Other Asia Pacific",2023,0.0309477204260943
"Ambitious-Baseline-Low Capacity-Baseline-Baseline","Other Asia Pacific",2024,0.0402995535425422
"Ambitious-Baseline-Low Capacity-Baseline-Baseline","Other Asia Pacific",2025,0.0913322394500648
"Ambitious-Baseline-Low Capacity-Baseline-Baseline","Other Asia Pacific",2026,0.103702320929185
"Ambitious-Baseline-Low Capacity-Baseline-Baseline","Other Asia Pacific",2027,0.161183336108009
"Ambitious-Baseline-Low Capacity-Baseline-Baseline","Other Asia Pacific",2028,0.278185900183016
"Ambitious-Baseline-Low Capacity-Baseline-Baseline","Other Asia Pacific",2029,0.487925422551255
"Ambitious-Baseline-Low Capacity-Baseline-Baseline","Other Asia Pacific",2030,0.866723788176887
"Ambitious-Baseline-Low Capacity-Baseline-Baseline","Other Asia Pacific",2031,1.57071567152266
"Ambitious-Baseline-Low Capacity-Baseline-Baseline","Other Asia Pacific",2032,2.2002601934622
"Ambitious-Baseline-Low Capacity-Baseline-Baseline","Other Asia Pacific",2033,3.03635411699855
"Ambitious-Baseline-Low Capacity-Baseline-Baseline","Other Asia Pacific",2034,4.12995804003044
"Ambitious-Baseline-Low Capacity-Baseline-Baseline","Other Asia Pacific",2035,5.47437432969286
"Ambitious-Baseline-Low Capacity-Baseline-Baseline","Other Asia Pacific",2036,7.1163435389113
"Ambitious-Baseline-Low Capacity-Baseline-Baseline","Other Asia Pacific",2037,9.38611375897114
"Ambitious-Baseline-Low Capacity-Baseline-Baseline","Other Asia Pacific",2038,12.1187594789018
"Ambitious-Baseline-Low Capacity-Baseline-Baseline","Other Asia Pacific",2039,15.3292072615069
"Ambitious-Baseline-Low Capacity-Baseline-Baseline","Other Asia Pacific",2040,19.0208680814512
"Ambitious-Baseline-Low Capacity-Baseline-Baseline","Other Asia Pacific",2041,23.3081207641282
"Ambitious-Baseline-Low Capacity-Baseline-Baseline","Other Asia Pacific",2042,27.9389857966553
"Ambitious-Baseline-Low Capacity-Baseline-Baseline","Other Asia Pacific",2043,33.1630213113172
"Ambitious-Baseline-Low Capacity-Baseline-Baseline","Other Asia Pacific",2044,38.9725507912751
"Ambitious-Baseline-Low Capacity-Baseline-Baseline","Other Asia Pacific",2045,45.2602912942493
"Ambitious-Baseline-Low Capacity-Baseline-Baseline","Other Asia Pacific",2046,52.1985182558436
"Ambitious-Baseline-Low Capacity-Baseline-Baseline","Other Asia Pacific",2047,59.4270946274377
"Ambitious-Baseline-Low Capacity-Baseline-Baseline","Other Asia Pacific",2048,67.1554269265056
"Ambitious-Baseline-Low Capacity-Baseline-Baseline","Other Asia Pacific",2049,75.1219232048614
"Ambitious-Baseline-Low Capacity-Baseline-Baseline","Other Asia Pacific",2050,83.2557387639076
"Ambitious-Baseline-Low Capacity-Baseline-Baseline","Other Asia Pacific",2051,91.5126233767005
"Ambitious-Baseline-Low Capacity-Baseline-Baseline","Other Asia Pacific",2052,99.9620211860442
"Ambitious-Baseline-Low Capacity-Baseline-Baseline","Other Asia Pacific",2053,108.432523224765
"Ambitious-Baseline-Low Capacity-Baseline-Baseline","Other Asia Pacific",2054,116.812974026382
"Ambitious-Baseline-Low Capacity-Baseline-Baseline","Other Asia Pacific",2055,125.013314377911
"Ambitious-Baseline-Low Capacity-Baseline-Baseline","Other Asia Pacific",2056,133.148075920088
"Ambitious-Baseline-Low Capacity-Baseline-Baseline","Other Asia Pacific",2057,140.951222608831
"Ambitious-Baseline-Low Capacity-Baseline-Baseline","Other Asia Pacific",2058,148.349303004531
"Ambitious-Baseline-Low Capacity-Baseline-Baseline","Other Asia Pacific",2059,155.313858225246
"Ambitious-Baseline-Low Capacity-Baseline-Baseline","Other Asia Pacific",2060,161.823031650791
"Ambitious-Baseline-Low Capacity-Baseline-Baseline","Other Asia Pacific",2061,167.878095093504
"Ambitious-Baseline-Low Capacity-Baseline-Baseline","Other Asia Pacific",2062,173.490491071158
"Ambitious-Baseline-Low Capacity-Baseline-Baseline","Other Asia Pacific",2063,178.653788192595
"Ambitious-Baseline-Low Capacity-Baseline-Baseline","Other Asia Pacific",2064,183.376560308526
"Ambitious-Baseline-Low Capacity-Baseline-Baseline","Other Asia Pacific",2065,187.668401948591
"Ambitious-Baseline-Low Capacity-Baseline-Baseline","Other Asia Pacific",2066,191.540325333187
"Ambitious-Baseline-Low Capacity-Baseline-Baseline","Other Asia Pacific",2067,195.02799591412
"Ambitious-Baseline-Low Capacity-Baseline-Baseline","Other Asia Pacific",2068,198.176958602059
"Ambitious-Baseline-Low Capacity-Baseline-Baseline","Other Asia Pacific",2069,201.045700410673
"Ambitious-Baseline-Low Capacity-Baseline-Baseline","Other Asia Pacific",2070,203.687106001394
"Ambitious-Baseline-Low Capacity-Baseline-Baseline","Other Europe",2023,0.0867575243301104
"Ambitious-Baseline-Low Capacity-Baseline-Baseline","Other Europe",2024,0.158697458215451
"Ambitious-Baseline-Low Capacity-Baseline-Baseline","Other Europe",2025,0.193668674657001
"Ambitious-Baseline-Low Capacity-Baseline-Baseline","Other Europe",2026,0.250885895943978
"Ambitious-Baseline-Low Capacity-Baseline-Baseline","Other Europe",2027,0.348727192638988
"Ambitious-Baseline-Low Capacity-Baseline-Baseline","Other Europe",2028,0.56404848662571
"Ambitious-Baseline-Low Capacity-Baseline-Baseline","Other Europe",2029,0.930932190567599
"Ambitious-Baseline-Low Capacity-Baseline-Baseline","Other Europe",2030,1.5650295071087
"Ambitious-Baseline-Low Capacity-Baseline-Baseline","Other Europe",2031,2.70633771217579
"Ambitious-Baseline-Low Capacity-Baseline-Baseline","Other Europe",2032,3.66118783079074
"Ambitious-Baseline-Low Capacity-Baseline-Baseline","Other Europe",2033,4.89016407000419
"Ambitious-Baseline-Low Capacity-Baseline-Baseline","Other Europe",2034,6.45624242425342
"Ambitious-Baseline-Low Capacity-Baseline-Baseline","Other Europe",2035,8.62319216271514
"Ambitious-Baseline-Low Capacity-Baseline-Baseline","Other Europe",2036,10.9869450152384
"Ambitious-Baseline-Low Capacity-Baseline-Baseline","Other Europe",2037,14.1757575638665
"Ambitious-Baseline-Low Capacity-Baseline-Baseline","Other Europe",2038,17.8130737690445
"Ambitious-Baseline-Low Capacity-Baseline-Baseline","Other Europe",2039,21.9374558663716
"Ambitious-Baseline-Low Capacity-Baseline-Baseline","Other Europe",2040,26.5274838052023
"Ambitious-Baseline-Low Capacity-Baseline-Baseline","Other Europe",2041,31.6536601038801
"Ambitious-Baseline-Low Capacity-Baseline-Baseline","Other Europe",2042,37.161306366412
"Ambitious-Baseline-Low Capacity-Baseline-Baseline","Other Europe",2043,43.1968610977106
"Ambitious-Baseline-Low Capacity-Baseline-Baseline","Other Europe",2044,49.7359200201295
"Ambitious-Baseline-Low Capacity-Baseline-Baseline","Other Europe",2045,56.6840468894039
"Ambitious-Baseline-Low Capacity-Baseline-Baseline","Other Europe",2046,63.8813393025487
"Ambitious-Baseline-Low Capacity-Baseline-Baseline","Other Europe",2047,71.2295643483754
"Ambitious-Baseline-Low Capacity-Baseline-Baseline","Other Europe",2048,78.6691900186542
"Ambitious-Baseline-Low Capacity-Baseline-Baseline","Other Europe",2049,86.1320340289919
"Ambitious-Baseline-Low Capacity-Baseline-Baseline","Other Europe",2050,93.6026939319177
"Ambitious-Baseline-Low Capacity-Baseline-Baseline","Other Europe",2051,100.92529799107
"Ambitious-Baseline-Low Capacity-Baseline-Baseline","Other Europe",2052,108.154706199769
"Ambitious-Baseline-Low Capacity-Baseline-Baseline","Other Europe",2053,115.089059081499
"Ambitious-Baseline-Low Capacity-Baseline-Baseline","Other Europe",2054,121.654379516223
"Ambitious-Baseline-Low Capacity-Baseline-Baseline","Other Europe",2055,127.784465191505
"Ambitious-Baseline-Low Capacity-Baseline-Baseline","Other Europe",2056,133.420525030803
"Ambitious-Baseline-Low Capacity-Baseline-Baseline","Other Europe",2057,138.536439974032
"Ambitious-Baseline-Low Capacity-Baseline-Baseline","Other Europe",2058,143.116835330414
"Ambitious-Baseline-Low Capacity-Baseline-Baseline","Other Europe",2059,147.189215611865
"Ambitious-Baseline-Low Capacity-Baseline-Baseline","Other Europe",2060,150.76622063721
"Ambitious-Baseline-Low Capacity-Baseline-Baseline","Other Europe",2061,153.890703724135
"Ambitious-Baseline-Low Capacity-Baseline-Baseline","Other Europe",2062,156.608332006106
"Ambitious-Baseline-Low Capacity-Baseline-Baseline","Other Europe",2063,158.955601554451
"Ambitious-Baseline-Low Capacity-Baseline-Baseline","Other Europe",2064,160.979337591353
"Ambitious-Baseline-Low Capacity-Baseline-Baseline","Other Europe",2065,162.712648819651
"Ambitious-Baseline-Low Capacity-Baseline-Baseline","Other Europe",2066,164.195241234248
"Ambitious-Baseline-Low Capacity-Baseline-Baseline","Other Europe",2067,165.466060314595
"Ambitious-Baseline-Low Capacity-Baseline-Baseline","Other Europe",2068,166.569473434587
"Ambitious-Baseline-Low Capacity-Baseline-Baseline","Other Europe",2069,167.542620080779
"Ambitious-Baseline-Low Capacity-Baseline-Baseline","Other Europe",2070,168.416427137188
"Ambitious-Baseline-Low Capacity-Baseline-Baseline","Other Latin America and Caribbean",2023,0.226998786143547
"Ambitious-Baseline-Low Capacity-Baseline-Baseline","Other Latin America and Caribbean",2024,0.391243142786873
"Ambitious-Baseline-Low Capacity-Baseline-Baseline","Other Latin America and Caribbean",2025,0.643810817201424
"Ambitious-Baseline-Low Capacity-Baseline-Baseline","Other Latin America and Caribbean",2026,0.943158903194556
"Ambitious-Baseline-Low Capacity-Baseline-Baseline","Other Latin America and Caribbean",2027,1.39975669388478
"Ambitious-Baseline-Low Capacity-Baseline-Baseline","Other Latin America and Caribbean",2028,2.07978210020176
"Ambitious-Baseline-Low Capacity-Baseline-Baseline","Other Latin America and Caribbean",2029,3.11526170433638
"Ambitious-Baseline-Low Capacity-Baseline-Baseline","Other Latin America and Caribbean",2030,4.55616462369906
"Ambitious-Baseline-Low Capacity-Baseline-Baseline","Other Latin America and Caribbean",2031,6.78226783958016
"Ambitious-Baseline-Low Capacity-Baseline-Baseline","Other Latin America and Caribbean",2032,8.81165167252887
"Ambitious-Baseline-Low Capacity-Baseline-Baseline","Other Latin America and Caribbean",2033,11.2971175095244
"Ambitious-Baseline-Low Capacity-Baseline-Baseline","Other Latin America and Caribbean",2034,14.4223888404221
"Ambitious-Baseline-Low Capacity-Baseline-Baseline","Other Latin America and Caribbean",2035,18.0336297711194
"Ambitious-Baseline-Low Capacity-Baseline-Baseline","Other Latin America and Caribbean",2036,22.4535891773988
"Ambitious-Baseline-Low Capacity-Baseline-Baseline","Other Latin America and Caribbean",2037,28.2389394819031
"Ambitious-Baseline-Low Capacity-Baseline-Baseline","Other Latin America and Caribbean",2038,35.1321537656624
"Ambitious-Baseline-Low Capacity-Baseline-Baseline","Other Latin America and Caribbean",2039,43.2206660191653
"Ambitious-Baseline-Low Capacity-Baseline-Baseline","Other Latin America and Caribbean",2040,52.7920440016186
"Ambitious-Baseline-Low Capacity-Baseline-Baseline","Other Latin America and Caribbean",2041,63.8964067245974
"Ambitious-Baseline-Low Capacity-Baseline-Baseline","Other Latin America and Caribbean",2042,76.3544792469295
"Ambitious-Baseline-Low Capacity-Baseline-Baseline","Other Latin America and Caribbean",2043,90.4392935816891
"Ambitious-Baseline-Low Capacity-Baseline-Baseline","Other Latin America and Caribbean",2044,106.135089454382
"Ambitious-Baseline-Low Capacity-Baseline-Baseline","Other Latin America and Caribbean",2045,123.168247952401
"Ambitious-Baseline-Low Capacity-Baseline-Baseline","Other Latin America and Caribbean",2046,141.17559066469
"Ambitious-Baseline-Low Capacity-Baseline-Baseline","Other Latin America and Caribbean",2047,160.099051029499
"Ambitious-Baseline-Low Capacity-Baseline-Baseline","Other Latin America and Caribbean",2048,179.60616474438
"Ambitious-Baseline-Low Capacity-Baseline-Baseline","Other Latin America and Caribbean",2049,199.361265576699
"Ambitious-Baseline-Low Capacity-Baseline-Baseline","Other Latin America and Caribbean",2050,218.953125114205
"Ambitious-Baseline-Low Capacity-Baseline-Baseline","Other Latin America and Caribbean",2051,238.171775666206
"Ambitious-Baseline-Low Capacity-Baseline-Baseline","Other Latin America and Caribbean",2052,257.120317984202
"Ambitious-Baseline-Low Capacity-Baseline-Baseline","Other Latin America and Caribbean",2053,275.289781733198
"Ambitious-Baseline-Low Capacity-Baseline-Baseline","Other Latin America and Caribbean",2054,292.518773717687
"Ambitious-Baseline-Low Capacity-Baseline-Baseline","Other Latin America and Caribbean",2055,308.672862803046
"Ambitious-Baseline-Low Capacity-Baseline-Baseline","Other Latin America and Caribbean",2056,323.64860574651
"Ambitious-Baseline-Low Capacity-Baseline-Baseline","Other Latin America and Caribbean",2057,337.402072063128
"Ambitious-Baseline-Low Capacity-Baseline-Baseline","Other Latin America and Caribbean",2058,349.883888899687
"Ambitious-Baseline-Low Capacity-Baseline-Baseline","Other Latin America and Caribbean",2059,361.100091681294
"Ambitious-Baseline-Low Capacity-Baseline-Baseline","Other Latin America and Caribbean",2060,371.0794284269
"Ambitious-Baseline-Low Capacity-Baseline-Baseline","Other Latin America and Caribbean",2061,379.885709137586
"Ambitious-Baseline-Low Capacity-Baseline-Baseline","Other Latin America and Caribbean",2062,387.612222751533
"Ambitious-Baseline-Low Capacity-Baseline-Baseline","Other Latin America and Caribbean",2063,394.348176976595
"Ambitious-Baseline-Low Capacity-Baseline-Baseline","Other Latin America and Caribbean",2064,400.196805727833
"Ambitious-Baseline-Low Capacity-Baseline-Baseline","Other Latin America and Caribbean",2065,405.254801210431
"Ambitious-Baseline-Low Capacity-Baseline-Baseline","Other Latin America and Caribbean",2066,409.634337853675
"Ambitious-Baseline-Low Capacity-Baseline-Baseline","Other Latin America and Caribbean",2067,413.440514083807
"Ambitious-Baseline-Low Capacity-Baseline-Baseline","Other Latin America and Caribbean",2068,416.78554965201
"Ambitious-Baseline-Low Capacity-Baseline-Baseline","Other Latin America and Caribbean",2069,419.767320995371
"Ambitious-Baseline-Low Capacity-Baseline-Baseline","Other Latin America and Caribbean",2070,422.468671041117
"Ambitious-Baseline-Low Capacity-Baseline-Baseline","South Korea",2023,0.151630079356103
"Ambitious-Baseline-Low Capacity-Baseline-Baseline","South Korea",2024,0.19282865094132
"Ambitious-Baseline-Low Capacity-Baseline-Baseline","South Korea",2025,0.351768218055545
"Ambitious-Baseline-Low Capacity-Baseline-Baseline","South Korea",2026,0.690790962621519
"Ambitious-Baseline-Low Capacity-Baseline-Baseline","South Korea",2027,0.87173880297685
"Ambitious-Baseline-Low Capacity-Baseline-Baseline","South Korea",2028,1.09868048567644
"Ambitious-Baseline-Low Capacity-Baseline-Baseline","South Korea",2029,1.42004461819011
"Ambitious-Baseline-Low Capacity-Baseline-Baseline","South Korea",2030,1.93965627309837
"Ambitious-Baseline-Low Capacity-Baseline-Baseline","South Korea",2031,2.75160190909911
"Ambitious-Baseline-Low Capacity-Baseline-Baseline","South Korea",2032,3.4333998345595
"Ambitious-Baseline-Low Capacity-Baseline-Baseline","South Korea",2033,4.3381014871039
"Ambitious-Baseline-Low Capacity-Baseline-Baseline","South Korea",2034,5.51376616816532
"Ambitious-Baseline-Low Capacity-Baseline-Baseline","South Korea",2035,7.07566257377837
"Ambitious-Baseline-Low Capacity-Baseline-Baseline","South Korea",2036,8.83948740537918
"Ambitious-Baseline-Low Capacity-Baseline-Baseline","South Korea",2037,11.1648123852933
"Ambitious-Baseline-Low Capacity-Baseline-Baseline","South Korea",2038,13.6972033484813
"Ambitious-Baseline-Low Capacity-Baseline-Baseline","South Korea",2039,16.6617214251761
"Ambitious-Baseline-Low Capacity-Baseline-Baseline","South Korea",2040,19.7879911269403
"Ambitious-Baseline-Low Capacity-Baseline-Baseline","South Korea",2041,22.4052947721945
"Ambitious-Baseline-Low Capacity-Baseline-Baseline","South Korea",2042,25.4599995066207
"Ambitious-Baseline-Low Capacity-Baseline-Baseline","South Korea",2043,28.4048918903595
"Ambitious-Baseline-Low Capacity-Baseline-Baseline","South Korea",2044,31.2199937679944
"Ambitious-Baseline-Low Capacity-Baseline-Baseline","South Korea",2045,33.8824128489168
"Ambitious-Baseline-Low Capacity-Baseline-Baseline","South Korea",2046,36.4857879421413
"Ambitious-Baseline-Low Capacity-Baseline-Baseline","South Korea",2047,38.7456128763743
"Ambitious-Baseline-Low Capacity-Baseline-Baseline","South Korea",2048,40.7930971811269
"Ambitious-Baseline-Low Capacity-Baseline-Baseline","South Korea",2049,42.6301562972817
"Ambitious-Baseline-Low Capacity-Baseline-Baseline","South Korea",2050,44.2610488201863
"Ambitious-Baseline-Low Capacity-Baseline-Baseline","South Korea",2051,45.7002764855288
"Ambitious-Baseline-Low Capacity-Baseline-Baseline","South Korea",2052,46.9457058702008
"Ambitious-Baseline-Low Capacity-Baseline-Baseline","South Korea",2053,48.0161153738411
"Ambitious-Baseline-Low Capacity-Baseline-Baseline","South Korea",2054,48.9141910763194
"Ambitious-Baseline-Low Capacity-Baseline-Baseline","South Korea",2055,49.6437758447495
"Ambitious-Baseline-Low Capacity-Baseline-Baseline","South Korea",2056,50.2113814784362
"Ambitious-Baseline-Low Capacity-Baseline-Baseline","South Korea",2057,50.6290689837929
"Ambitious-Baseline-Low Capacity-Baseline-Baseline","South Korea",2058,50.919291920788
"Ambitious-Baseline-Low Capacity-Baseline-Baseline","South Korea",2059,51.1051223509493
"Ambitious-Baseline-Low Capacity-Baseline-Baseline","South Korea",2060,51.2047398770739
"Ambitious-Baseline-Low Capacity-Baseline-Baseline","South Korea",2061,51.2449225781204
"Ambitious-Baseline-Low Capacity-Baseline-Baseline","South Korea",2062,51.2428708643504
"Ambitious-Baseline-Low Capacity-Baseline-Baseline","South Korea",2063,51.2194174654753
"Ambitious-Baseline-Low Capacity-Baseline-Baseline","South Korea",2064,51.1905720755856
"Ambitious-Baseline-Low Capacity-Baseline-Baseline","South Korea",2065,51.1650107837178
"Ambitious-Baseline-Low Capacity-Baseline-Baseline","South Korea",2066,51.1507372218067
"Ambitious-Baseline-Low Capacity-Baseline-Baseline","South Korea",2067,51.1490985830332
"Ambitious-Baseline-Low Capacity-Baseline-Baseline","South Korea",2068,51.1622188545791
"Ambitious-Baseline-Low Capacity-Baseline-Baseline","South Korea",2069,51.1897455486838
"Ambitious-Baseline-Low Capacity-Baseline-Baseline","South Korea",2070,51.2286311124971
"Ambitious-Baseline-Low Capacity-Baseline-Baseline","United Kingdom",2023,0.371857670499221
"Ambitious-Baseline-Low Capacity-Baseline-Baseline","United Kingdom",2024,0.516564434069412
"Ambitious-Baseline-Low Capacity-Baseline-Baseline","United Kingdom",2025,0.617536382281743
"Ambitious-Baseline-Low Capacity-Baseline-Baseline","United Kingdom",2026,0.855241916687565
"Ambitious-Baseline-Low Capacity-Baseline-Baseline","United Kingdom",2027,1.14827392244178
"Ambitious-Baseline-Low Capacity-Baseline-Baseline","United Kingdom",2028,1.56435927291575
"Ambitious-Baseline-Low Capacity-Baseline-Baseline","United Kingdom",2029,2.10691855547541
"Ambitious-Baseline-Low Capacity-Baseline-Baseline","United Kingdom",2030,2.93845246896422
"Ambitious-Baseline-Low Capacity-Baseline-Baseline","United Kingdom",2031,4.00781306055805
"Ambitious-Baseline-Low Capacity-Baseline-Baseline","United Kingdom",2032,4.72204258574588
"Ambitious-Baseline-Low Capacity-Baseline-Baseline","United Kingdom",2033,5.76316507579913
"Ambitious-Baseline-Low Capacity-Baseline-Baseline","United Kingdom",2034,7.15035765831891
"Ambitious-Baseline-Low Capacity-Baseline-Baseline","United Kingdom",2035,8.92345297495116
"Ambitious-Baseline-Low Capacity-Baseline-Baseline","United Kingdom",2036,11.0911967391246
"Ambitious-Baseline-Low Capacity-Baseline-Baseline","United Kingdom",2037,13.8197557115908
"Ambitious-Baseline-Low Capacity-Baseline-Baseline","United Kingdom",2038,16.9972108547143
"Ambitious-Baseline-Low Capacity-Baseline-Baseline","United Kingdom",2039,20.6185396020583
"Ambitious-Baseline-Low Capacity-Baseline-Baseline","United Kingdom",2040,24.6887461170874
"Ambitious-Baseline-Low Capacity-Baseline-Baseline","United Kingdom",2041,30.7011221450596
"Ambitious-Baseline-Low Capacity-Baseline-Baseline","United Kingdom",2042,36.4051049029583
"Ambitious-Baseline-Low Capacity-Baseline-Baseline","United Kingdom",2043,42.3068208403898
"Ambitious-Baseline-Low Capacity-Baseline-Baseline","United Kingdom",2044,47.8505310049479
"Ambitious-Baseline-Low Capacity-Baseline-Baseline","United Kingdom",2045,53.4049791450657
"Ambitious-Baseline-Low Capacity-Baseline-Baseline","United Kingdom",2046,58.3825468755947
"Ambitious-Baseline-Low Capacity-Baseline-Baseline","United Kingdom",2047,62.6532986603618
"Ambitious-Baseline-Low Capacity-Baseline-Baseline","United Kingdom",2048,66.2285771382779
"Ambitious-Baseline-Low Capacity-Baseline-Baseline","United Kingdom",2049,69.1895269505667
"Ambitious-Baseline-Low Capacity-Baseline-Baseline","United Kingdom",2050,71.6547429027485
"Ambitious-Baseline-Low Capacity-Baseline-Baseline","United Kingdom",2051,73.7423852826135
"Ambitious-Baseline-Low Capacity-Baseline-Baseline","United Kingdom",2052,75.8099500898622
"Ambitious-Baseline-Low Capacity-Baseline-Baseline","United Kingdom",2053,77.7107918997671
"Ambitious-Baseline-Low Capacity-Baseline-Baseline","United Kingdom",2054,79.4813275627893
"Ambitious-Baseline-Low Capacity-Baseline-Baseline","United Kingdom",2055,81.126556520268
"Ambitious-Baseline-Low Capacity-Baseline-Baseline","United Kingdom",2056,82.6459415758227
"Ambitious-Baseline-Low Capacity-Baseline-Baseline","United Kingdom",2057,84.0218677068369
"Ambitious-Baseline-Low Capacity-Baseline-Baseline","United Kingdom",2058,85.2516506856728
"Ambitious-Baseline-Low Capacity-Baseline-Baseline","United Kingdom",2059,86.3387114916404
"Ambitious-Baseline-Low Capacity-Baseline-Baseline","United Kingdom",2060,87.3011309924475
"Ambitious-Baseline-Low Capacity-Baseline-Baseline","United Kingdom",2061,88.1854199719713
"Ambitious-Baseline-Low Capacity-Baseline-Baseline","United Kingdom",2062,88.9996005916135
"Ambitious-Baseline-Low Capacity-Baseline-Baseline","United Kingdom",2063,89.7893256143047
"Ambitious-Baseline-Low Capacity-Baseline-Baseline","United Kingdom",2064,90.5720097200304
"Ambitious-Baseline-Low Capacity-Baseline-Baseline","United Kingdom",2065,91.3512949875754
"Ambitious-Baseline-Low Capacity-Baseline-Baseline","United Kingdom",2066,92.1238213426466
"Ambitious-Baseline-Low Capacity-Baseline-Baseline","United Kingdom",2067,92.8798189433703
"Ambitious-Baseline-Low Capacity-Baseline-Baseline","United Kingdom",2068,93.6169778324996
"Ambitious-Baseline-Low Capacity-Baseline-Baseline","United Kingdom",2069,94.3325528704513
"Ambitious-Baseline-Low Capacity-Baseline-Baseline","United Kingdom",2070,95.025547348976
"Ambitious-Baseline-Low Capacity-Baseline-Baseline","United States",2023,1.13901222490528
"Ambitious-Baseline-Low Capacity-Baseline-Baseline","United States",2024,1.3759537869771
"Ambitious-Baseline-Low Capacity-Baseline-Baseline","United States",2025,2.42707982337781
"Ambitious-Baseline-Low Capacity-Baseline-Baseline","United States",2026,3.88796595472611
"Ambitious-Baseline-Low Capacity-Baseline-Baseline","United States",2027,5.85831318039704
"Ambitious-Baseline-Low Capacity-Baseline-Baseline","United States",2028,8.12820035205181
"Ambitious-Baseline-Low Capacity-Baseline-Baseline","United States",2029,11.7225149250813
"Ambitious-Baseline-Low Capacity-Baseline-Baseline","United States",2030,14.6358007128317
"Ambitious-Baseline-Low Capacity-Baseline-Baseline","United States",2031,19.9393100248149
"Ambitious-Baseline-Low Capacity-Baseline-Baseline","United States",2032,24.8211834801524
"Ambitious-Baseline-Low Capacity-Baseline-Baseline","United States",2033,31.0188283519069
"Ambitious-Baseline-Low Capacity-Baseline-Baseline","United States",2034,38.8415270110139
"Ambitious-Baseline-Low Capacity-Baseline-Baseline","United States",2035,48.1260576205524
"Ambitious-Baseline-Low Capacity-Baseline-Baseline","United States",2036,58.184404995095
"Ambitious-Baseline-Low Capacity-Baseline-Baseline","United States",2037,71.4052902768902
"Ambitious-Baseline-Low Capacity-Baseline-Baseline","United States",2038,87.4915232721352
"Ambitious-Baseline-Low Capacity-Baseline-Baseline","United States",2039,106.012969059535
"Ambitious-Baseline-Low Capacity-Baseline-Baseline","United States",2040,126.645854576589
"Ambitious-Baseline-Low Capacity-Baseline-Baseline","United States",2041,148.956547997266
"Ambitious-Baseline-Low Capacity-Baseline-Baseline","United States",2042,171.878104507565
"Ambitious-Baseline-Low Capacity-Baseline-Baseline","United States",2043,195.177995947167
"Ambitious-Baseline-Low Capacity-Baseline-Baseline","United States",2044,217.979638846804
"Ambitious-Baseline-Low Capacity-Baseline-Baseline","United States",2045,239.895920007297
"Ambitious-Baseline-Low Capacity-Baseline-Baseline","United States",2046,260.586925814381
"Ambitious-Baseline-Low Capacity-Baseline-Baseline","United States",2047,279.657796263045
"Ambitious-Baseline-Low Capacity-Baseline-Baseline","United States",2048,297.429370520289
"Ambitious-Baseline-Low Capacity-Baseline-Baseline","United States",2049,313.661975007143
"Ambitious-Baseline-Low Capacity-Baseline-Baseline","United States",2050,328.416843836988
"Ambitious-Baseline-Low Capacity-Baseline-Baseline","United States",2051,341.693993596672
"Ambitious-Baseline-Low Capacity-Baseline-Baseline","United States",2052,355.305858414266
"Ambitious-Baseline-Low Capacity-Baseline-Baseline","United States",2053,368.407334764598
"Ambitious-Baseline-Low Capacity-Baseline-Baseline","United States",2054,379.857458483075
"Ambitious-Baseline-Low Capacity-Baseline-Baseline","United States",2055,389.695510322213
"Ambitious-Baseline-Low Capacity-Baseline-Baseline","United States",2056,398.057821961475
"Ambitious-Baseline-Low Capacity-Baseline-Baseline","United States",2057,405.14843278061
"Ambitious-Baseline-Low Capacity-Baseline-Baseline","United States",2058,411.020656597207
"Ambitious-Baseline-Low Capacity-Baseline-Baseline","United States",2059,415.889432608073
"Ambitious-Baseline-Low Capacity-Baseline-Baseline","United States",2060,419.843977352963
"Ambitious-Baseline-Low Capacity-Baseline-Baseline","United States",2061,423.022020652103
"Ambitious-Baseline-Low Capacity-Baseline-Baseline","United States",2062,425.593226002096
"Ambitious-Baseline-Low Capacity-Baseline-Baseline","United States",2063,427.684727639922
"Ambitious-Baseline-Low Capacity-Baseline-Baseline","United States",2064,429.360967180022
"Ambitious-Baseline-Low Capacity-Baseline-Baseline","United States",2065,430.720348393694
"Ambitious-Baseline-Low Capacity-Baseline-Baseline","United States",2066,431.83388480241
"Ambitious-Baseline-Low Capacity-Baseline-Baseline","United States",2067,432.750666260956
"Ambitious-Baseline-Low Capacity-Baseline-Baseline","United States",2068,433.551703165303
"Ambitious-Baseline-Low Capacity-Baseline-Baseline","United States",2069,434.266639024852
"Ambitious-Baseline-Low Capacity-Baseline-Baseline","United States",2070,434.903814405149
"Ambitious-Baseline-Low Capacity-Baseline-Recycling Medium","ASEAN",2023,0.0732269346909619
"Ambitious-Baseline-Low Capacity-Baseline-Recycling Medium","ASEAN",2024,0.135771218130623
"Ambitious-Baseline-Low Capacity-Baseline-Recycling Medium","ASEAN",2025,0.220173762272692
"Ambitious-Baseline-Low Capacity-Baseline-Recycling Medium","ASEAN",2026,0.347567454222606
"Ambitious-Baseline-Low Capacity-Baseline-Recycling Medium","ASEAN",2027,0.56213970060848
"Ambitious-Baseline-Low Capacity-Baseline-Recycling Medium","ASEAN",2028,0.933147498341974
"Ambitious-Baseline-Low Capacity-Baseline-Recycling Medium","ASEAN",2029,1.59017868111412
"Ambitious-Baseline-Low Capacity-Baseline-Recycling Medium","ASEAN",2030,2.73005420049731
"Ambitious-Baseline-Low Capacity-Baseline-Recycling Medium","ASEAN",2031,4.8098135716918
"Ambitious-Baseline-Low Capacity-Baseline-Recycling Medium","ASEAN",2032,6.48393309377864
"Ambitious-Baseline-Low Capacity-Baseline-Recycling Medium","ASEAN",2033,8.64064761971598
"Ambitious-Baseline-Low Capacity-Baseline-Recycling Medium","ASEAN",2034,11.4270954377324
"Ambitious-Baseline-Low Capacity-Baseline-Recycling Medium","ASEAN",2035,15.0575935234773
"Ambitious-Baseline-Low Capacity-Baseline-Recycling Medium","ASEAN",2036,19.5108120758198
"Ambitious-Baseline-Low Capacity-Baseline-Recycling Medium","ASEAN",2037,25.3692295311076
"Ambitious-Baseline-Low Capacity-Baseline-Recycling Medium","ASEAN",2038,32.6576903977726
"Ambitious-Baseline-Low Capacity-Baseline-Recycling Medium","ASEAN",2039,41.4899001314492
"Ambitious-Baseline-Low Capacity-Baseline-Recycling Medium","ASEAN",2040,52.0865661556807
"Ambitious-Baseline-Low Capacity-Baseline-Recycling Medium","ASEAN",2041,65.1862222643999
"Ambitious-Baseline-Low Capacity-Baseline-Recycling Medium","ASEAN",2042,79.7760046491952
"Ambitious-Baseline-Low Capacity-Baseline-Recycling Medium","ASEAN",2043,96.610046018764
"Ambitious-Baseline-Low Capacity-Baseline-Recycling Medium","ASEAN",2044,115.604933212005
"Ambitious-Baseline-Low Capacity-Baseline-Recycling Medium","ASEAN",2045,136.476880564972
"Ambitious-Baseline-Low Capacity-Baseline-Recycling Medium","ASEAN",2046,158.768123430426
"Ambitious-Baseline-Low Capacity-Baseline-Recycling Medium","ASEAN",2047,182.004558963919
"Ambitious-Baseline-Low Capacity-Baseline-Recycling Medium","ASEAN",2048,205.934579995471
"Ambitious-Baseline-Low Capacity-Baseline-Recycling Medium","ASEAN",2049,230.33701839134
"Ambitious-Baseline-Low Capacity-Baseline-Recycling Medium","ASEAN",2050,255.491922366898
"Ambitious-Baseline-Low Capacity-Baseline-Recycling Medium","ASEAN",2051,280.726539428993
"Ambitious-Baseline-Low Capacity-Baseline-Recycling Medium","ASEAN",2052,305.911248995628
"Ambitious-Baseline-Low Capacity-Baseline-Recycling Medium","ASEAN",2053,330.799452571106
"Ambitious-Baseline-Low Capacity-Baseline-Recycling Medium","ASEAN",2054,355.433087380859
"Ambitious-Baseline-Low Capacity-Baseline-Recycling Medium","ASEAN",2055,379.5937708679
"Ambitious-Baseline-Low Capacity-Baseline-Recycling Medium","ASEAN",2056,403.675376204135
"Ambitious-Baseline-Low Capacity-Baseline-Recycling Medium","ASEAN",2057,426.609055805813
"Ambitious-Baseline-Low Capacity-Baseline-Recycling Medium","ASEAN",2058,448.191474961493
"Ambitious-Baseline-Low Capacity-Baseline-Recycling Medium","ASEAN",2059,468.324637704847
"Ambitious-Baseline-Low Capacity-Baseline-Recycling Medium","ASEAN",2060,486.942894200778
"Ambitious-Baseline-Low Capacity-Baseline-Recycling Medium","ASEAN",2061,504.057764997532
"Ambitious-Baseline-Low Capacity-Baseline-Recycling Medium","ASEAN",2062,519.717633499978
"Ambitious-Baseline-Low Capacity-Baseline-Recycling Medium","ASEAN",2063,533.951185972521
"Ambitious-Baseline-Low Capacity-Baseline-Recycling Medium","ASEAN",2064,546.830952798141
"Ambitious-Baseline-Low Capacity-Baseline-Recycling Medium","ASEAN",2065,558.439589406638
"Ambitious-Baseline-Low Capacity-Baseline-Recycling Medium","ASEAN",2066,568.863555687181
"Ambitious-Baseline-Low Capacity-Baseline-Recycling Medium","ASEAN",2067,578.259076011748
"Ambitious-Baseline-Low Capacity-Baseline-Recycling Medium","ASEAN",2068,586.776849184424
"Ambitious-Baseline-Low Capacity-Baseline-Recycling Medium","ASEAN",2069,594.569497178346
"Ambitious-Baseline-Low Capacity-Baseline-Recycling Medium","ASEAN",2070,601.803567888096
"Ambitious-Baseline-Low Capacity-Baseline-Recycling Medium","Africa",2023,0.0426589132767048
"Ambitious-Baseline-Low Capacity-Baseline-Recycling Medium","Africa",2024,0.0764061555892478
"Ambitious-Baseline-Low Capacity-Baseline-Recycling Medium","Africa",2025,0.162030895741496
"Ambitious-Baseline-Low Capacity-Baseline-Recycling Medium","Africa",2026,0.2601954606439
"Ambitious-Baseline-Low Capacity-Baseline-Recycling Medium","Africa",2027,0.439971598178337
"Ambitious-Baseline-Low Capacity-Baseline-Recycling Medium","Africa",2028,0.682944455273773
"Ambitious-Baseline-Low Capacity-Baseline-Recycling Medium","Africa",2029,1.11645292503467
"Ambitious-Baseline-Low Capacity-Baseline-Recycling Medium","Africa",2030,1.68863338269449
"Ambitious-Baseline-Low Capacity-Baseline-Recycling Medium","Africa",2031,2.59859436617761
"Ambitious-Baseline-Low Capacity-Baseline-Recycling Medium","Africa",2032,3.46672403117718
"Ambitious-Baseline-Low Capacity-Baseline-Recycling Medium","Africa",2033,4.59427725751071
"Ambitious-Baseline-Low Capacity-Baseline-Recycling Medium","Africa",2034,6.04178083670773
"Ambitious-Baseline-Low Capacity-Baseline-Recycling Medium","Africa",2035,7.74162780301518
"Ambitious-Baseline-Low Capacity-Baseline-Recycling Medium","Africa",2036,9.91283284093127
"Ambitious-Baseline-Low Capacity-Baseline-Recycling Medium","Africa",2037,12.9038902853081
"Ambitious-Baseline-Low Capacity-Baseline-Recycling Medium","Africa",2038,16.6206892411844
"Ambitious-Baseline-Low Capacity-Baseline-Recycling Medium","Africa",2039,21.1473696394788
"Ambitious-Baseline-Low Capacity-Baseline-Recycling Medium","Africa",2040,26.6180743827184
"Ambitious-Baseline-Low Capacity-Baseline-Recycling Medium","Africa",2041,32.9763847331028
"Ambitious-Baseline-Low Capacity-Baseline-Recycling Medium","Africa",2042,40.2580681662216
"Ambitious-Baseline-Low Capacity-Baseline-Recycling Medium","Africa",2043,48.5076743006221
"Ambitious-Baseline-Low Capacity-Baseline-Recycling Medium","Africa",2044,57.6685698416683
"Ambitious-Baseline-Low Capacity-Baseline-Recycling Medium","Africa",2045,67.5900396871168
"Ambitious-Baseline-Low Capacity-Baseline-Recycling Medium","Africa",2046,78.1170150471316
"Ambitious-Baseline-Low Capacity-Baseline-Recycling Medium","Africa",2047,88.7582742041918
"Ambitious-Baseline-Low Capacity-Baseline-Recycling Medium","Africa",2048,99.5906676105124
"Ambitious-Baseline-Low Capacity-Baseline-Recycling Medium","Africa",2049,110.524794548769
"Ambitious-Baseline-Low Capacity-Baseline-Recycling Medium","Africa",2050,121.473089960256
"Ambitious-Baseline-Low Capacity-Baseline-Recycling Medium","Africa",2051,132.385858196235
"Ambitious-Baseline-Low Capacity-Baseline-Recycling Medium","Africa",2052,143.147724261921
"Ambitious-Baseline-Low Capacity-Baseline-Recycling Medium","Africa",2053,153.840553073553
"Ambitious-Baseline-Low Capacity-Baseline-Recycling Medium","Africa",2054,164.593550351901
"Ambitious-Baseline-Low Capacity-Baseline-Recycling Medium","Africa",2055,175.28695299708
"Ambitious-Baseline-Low Capacity-Baseline-Recycling Medium","Africa",2056,185.989143548443
"Ambitious-Baseline-Low Capacity-Baseline-Recycling Medium","Africa",2057,196.470659666622
"Ambitious-Baseline-Low Capacity-Baseline-Recycling Medium","Africa",2058,206.609484210962
"Ambitious-Baseline-Low Capacity-Baseline-Recycling Medium","Africa",2059,216.329917633818
"Ambitious-Baseline-Low Capacity-Baseline-Recycling Medium","Africa",2060,225.537091369003
"Ambitious-Baseline-Low Capacity-Baseline-Recycling Medium","Africa",2061,234.166700558309
"Ambitious-Baseline-Low Capacity-Baseline-Recycling Medium","Africa",2062,242.170249448086
"Ambitious-Baseline-Low Capacity-Baseline-Recycling Medium","Africa",2063,249.489195839166
"Ambitious-Baseline-Low Capacity-Baseline-Recycling Medium","Africa",2064,256.119826471477
"Ambitious-Baseline-Low Capacity-Baseline-Recycling Medium","Africa",2065,262.059957546718
"Ambitious-Baseline-Low Capacity-Baseline-Recycling Medium","Africa",2066,267.3440239112
"Ambitious-Baseline-Low Capacity-Baseline-Recycling Medium","Africa",2067,272.036068056044
"Ambitious-Baseline-Low Capacity-Baseline-Recycling Medium","Africa",2068,276.228555660948
"Ambitious-Baseline-Low Capacity-Baseline-Recycling Medium","Africa",2069,280.006659828447
"Ambitious-Baseline-Low Capacity-Baseline-Recycling Medium","Africa",2070,283.457867134804
"Ambitious-Baseline-Low Capacity-Baseline-Recycling Medium","Australia/NZ",2023,0.0662409414232282
"Ambitious-Baseline-Low Capacity-Baseline-Recycling Medium","Australia/NZ",2024,0.110090480514608
"Ambitious-Baseline-Low Capacity-Baseline-Recycling Medium","Australia/NZ",2025,0.164769836449766
"Ambitious-Baseline-Low Capacity-Baseline-Recycling Medium","Australia/NZ",2026,0.286124060504669
"Ambitious-Baseline-Low Capacity-Baseline-Recycling Medium","Australia/NZ",2027,0.433790066897744
"Ambitious-Baseline-Low Capacity-Baseline-Recycling Medium","Australia/NZ",2028,0.536230211875775
"Ambitious-Baseline-Low Capacity-Baseline-Recycling Medium","Australia/NZ",2029,0.670794874349457
"Ambitious-Baseline-Low Capacity-Baseline-Recycling Medium","Australia/NZ",2030,0.853968166968201
"Ambitious-Baseline-Low Capacity-Baseline-Recycling Medium","Australia/NZ",2031,1.11815880148728
"Ambitious-Baseline-Low Capacity-Baseline-Recycling Medium","Australia/NZ",2032,1.4200526547077
"Ambitious-Baseline-Low Capacity-Baseline-Recycling Medium","Australia/NZ",2033,1.90676674956086
"Ambitious-Baseline-Low Capacity-Baseline-Recycling Medium","Australia/NZ",2034,2.528252176219
"Ambitious-Baseline-Low Capacity-Baseline-Recycling Medium","Australia/NZ",2035,3.3110491461781
"Ambitious-Baseline-Low Capacity-Baseline-Recycling Medium","Australia/NZ",2036,4.29111963827544
"Ambitious-Baseline-Low Capacity-Baseline-Recycling Medium","Australia/NZ",2037,5.54290102312024
"Ambitious-Baseline-Low Capacity-Baseline-Recycling Medium","Australia/NZ",2038,6.96582134831472
"Ambitious-Baseline-Low Capacity-Baseline-Recycling Medium","Australia/NZ",2039,8.6339328236647
"Ambitious-Baseline-Low Capacity-Baseline-Recycling Medium","Australia/NZ",2040,10.5085455636376
"Ambitious-Baseline-Low Capacity-Baseline-Recycling Medium","Australia/NZ",2041,12.5810496777778
"Ambitious-Baseline-Low Capacity-Baseline-Recycling Medium","Australia/NZ",2042,14.8063467943407
"Ambitious-Baseline-Low Capacity-Baseline-Recycling Medium","Australia/NZ",2043,17.1799718555268
"Ambitious-Baseline-Low Capacity-Baseline-Recycling Medium","Australia/NZ",2044,19.708058666854
"Ambitious-Baseline-Low Capacity-Baseline-Recycling Medium","Australia/NZ",2045,22.3920128776957
"Ambitious-Baseline-Low Capacity-Baseline-Recycling Medium","Australia/NZ",2046,25.2611956507973
"Ambitious-Baseline-Low Capacity-Baseline-Recycling Medium","Australia/NZ",2047,28.1808126948474
"Ambitious-Baseline-Low Capacity-Baseline-Recycling Medium","Australia/NZ",2048,31.1627801226136
"Ambitious-Baseline-Low Capacity-Baseline-Recycling Medium","Australia/NZ",2049,33.8524665385643
"Ambitious-Baseline-Low Capacity-Baseline-Recycling Medium","Australia/NZ",2050,36.6934734275323
"Ambitious-Baseline-Low Capacity-Baseline-Recycling Medium","Australia/NZ",2051,39.350081847455
"Ambitious-Baseline-Low Capacity-Baseline-Recycling Medium","Australia/NZ",2052,41.7841620282968
"Ambitious-Baseline-Low Capacity-Baseline-Recycling Medium","Australia/NZ",2053,43.9244007535702
"Ambitious-Baseline-Low Capacity-Baseline-Recycling Medium","Australia/NZ",2054,45.8370778803245
"Ambitious-Baseline-Low Capacity-Baseline-Recycling Medium","Australia/NZ",2055,47.6531524116862
"Ambitious-Baseline-Low Capacity-Baseline-Recycling Medium","Australia/NZ",2056,49.2124592467761
"Ambitious-Baseline-Low Capacity-Baseline-Recycling Medium","Australia/NZ",2057,50.5574930309069
"Ambitious-Baseline-Low Capacity-Baseline-Recycling Medium","Australia/NZ",2058,51.7172889673692
"Ambitious-Baseline-Low Capacity-Baseline-Recycling Medium","Australia/NZ",2059,52.7036932621455
"Ambitious-Baseline-Low Capacity-Baseline-Recycling Medium","Australia/NZ",2060,53.528127802079
"Ambitious-Baseline-Low Capacity-Baseline-Recycling Medium","Australia/NZ",2061,54.1878917359129
"Ambitious-Baseline-Low Capacity-Baseline-Recycling Medium","Australia/NZ",2062,54.6892733514502
"Ambitious-Baseline-Low Capacity-Baseline-Recycling Medium","Australia/NZ",2063,55.0437143438582
"Ambitious-Baseline-Low Capacity-Baseline-Recycling Medium","Australia/NZ",2064,55.2686419992934
"Ambitious-Baseline-Low Capacity-Baseline-Recycling Medium","Australia/NZ",2065,55.3886611531571
"Ambitious-Baseline-Low Capacity-Baseline-Recycling Medium","Australia/NZ",2066,55.4364871910416
"Ambitious-Baseline-Low Capacity-Baseline-Recycling Medium","Australia/NZ",2067,55.4382032446688
"Ambitious-Baseline-Low Capacity-Baseline-Recycling Medium","Australia/NZ",2068,55.4138737662066
"Ambitious-Baseline-Low Capacity-Baseline-Recycling Medium","Australia/NZ",2069,55.3842691400373
"Ambitious-Baseline-Low Capacity-Baseline-Recycling Medium","Australia/NZ",2070,55.3565817733638
"Ambitious-Baseline-Low Capacity-Baseline-Recycling Medium","Brazil",2023,0.0187412672822672
"Ambitious-Baseline-Low Capacity-Baseline-Recycling Medium","Brazil",2024,0.0534312139428167
"Ambitious-Baseline-Low Capacity-Baseline-Recycling Medium","Brazil",2025,0.0688031217526028
"Ambitious-Baseline-Low Capacity-Baseline-Recycling Medium","Brazil",2026,0.191348331922171
"Ambitious-Baseline-Low Capacity-Baseline-Recycling Medium","Brazil",2027,0.375554942421436
"Ambitious-Baseline-Low Capacity-Baseline-Recycling Medium","Brazil",2028,0.531268840664612
"Ambitious-Baseline-Low Capacity-Baseline-Recycling Medium","Brazil",2029,0.762097640133699
"Ambitious-Baseline-Low Capacity-Baseline-Recycling Medium","Brazil",2030,1.09139459426232
"Ambitious-Baseline-Low Capacity-Baseline-Recycling Medium","Brazil",2031,1.58552257274503
"Ambitious-Baseline-Low Capacity-Baseline-Recycling Medium","Brazil",2032,2.10712095422701
"Ambitious-Baseline-Low Capacity-Baseline-Recycling Medium","Brazil",2033,2.75969215222389
"Ambitious-Baseline-Low Capacity-Baseline-Recycling Medium","Brazil",2034,3.59546763259582
"Ambitious-Baseline-Low Capacity-Baseline-Recycling Medium","Brazil",2035,4.66041505349076
"Ambitious-Baseline-Low Capacity-Baseline-Recycling Medium","Brazil",2036,6.00054967346511
"Ambitious-Baseline-Low Capacity-Baseline-Recycling Medium","Brazil",2037,7.85673469569777
"Ambitious-Baseline-Low Capacity-Baseline-Recycling Medium","Brazil",2038,10.1950820513374
"Ambitious-Baseline-Low Capacity-Baseline-Recycling Medium","Brazil",2039,13.2466068136739
"Ambitious-Baseline-Low Capacity-Baseline-Recycling Medium","Brazil",2040,16.6946400554374
"Ambitious-Baseline-Low Capacity-Baseline-Recycling Medium","Brazil",2041,20.7308929535258
"Ambitious-Baseline-Low Capacity-Baseline-Recycling Medium","Brazil",2042,25.2187539098426
"Ambitious-Baseline-Low Capacity-Baseline-Recycling Medium","Brazil",2043,30.2783144880418
"Ambitious-Baseline-Low Capacity-Baseline-Recycling Medium","Brazil",2044,35.8706448237492
"Ambitious-Baseline-Low Capacity-Baseline-Recycling Medium","Brazil",2045,41.9577638881074
"Ambitious-Baseline-Low Capacity-Baseline-Recycling Medium","Brazil",2046,48.2967822365459
"Ambitious-Baseline-Low Capacity-Baseline-Recycling Medium","Brazil",2047,55.0582589037709
"Ambitious-Baseline-Low Capacity-Baseline-Recycling Medium","Brazil",2048,62.1150717395974
"Ambitious-Baseline-Low Capacity-Baseline-Recycling Medium","Brazil",2049,69.4233042936275
"Ambitious-Baseline-Low Capacity-Baseline-Recycling Medium","Brazil",2050,76.9200313882713
"Ambitious-Baseline-Low Capacity-Baseline-Recycling Medium","Brazil",2051,84.5365963728466
"Ambitious-Baseline-Low Capacity-Baseline-Recycling Medium","Brazil",2052,92.1417490442874
"Ambitious-Baseline-Low Capacity-Baseline-Recycling Medium","Brazil",2053,99.6562479992273
"Ambitious-Baseline-Low Capacity-Baseline-Recycling Medium","Brazil",2054,106.952620161039
"Ambitious-Baseline-Low Capacity-Baseline-Recycling Medium","Brazil",2055,114.45114511735
"Ambitious-Baseline-Low Capacity-Baseline-Recycling Medium","Brazil",2056,121.940546519251
"Ambitious-Baseline-Low Capacity-Baseline-Recycling Medium","Brazil",2057,128.907824531315
"Ambitious-Baseline-Low Capacity-Baseline-Recycling Medium","Brazil",2058,135.287071207322
"Ambitious-Baseline-Low Capacity-Baseline-Recycling Medium","Brazil",2059,141.075289023457
"Ambitious-Baseline-Low Capacity-Baseline-Recycling Medium","Brazil",2060,146.269544918025
"Ambitious-Baseline-Low Capacity-Baseline-Recycling Medium","Brazil",2061,150.890958151216
"Ambitious-Baseline-Low Capacity-Baseline-Recycling Medium","Brazil",2062,154.982951001941
"Ambitious-Baseline-Low Capacity-Baseline-Recycling Medium","Brazil",2063,158.575923374346
"Ambitious-Baseline-Low Capacity-Baseline-Recycling Medium","Brazil",2064,161.71966153301
"Ambitious-Baseline-Low Capacity-Baseline-Recycling Medium","Brazil",2065,164.460544489297
"Ambitious-Baseline-Low Capacity-Baseline-Recycling Medium","Brazil",2066,166.844171208579
"Ambitious-Baseline-Low Capacity-Baseline-Recycling Medium","Brazil",2067,168.929735772235
"Ambitious-Baseline-Low Capacity-Baseline-Recycling Medium","Brazil",2068,170.765376268939
"Ambitious-Baseline-Low Capacity-Baseline-Recycling Medium","Brazil",2069,172.405965026669
"Ambitious-Baseline-Low Capacity-Baseline-Recycling Medium","Brazil",2070,173.90227203096
"Ambitious-Baseline-Low Capacity-Baseline-Recycling Medium","Canada",2023,0.123293698707762
"Ambitious-Baseline-Low Capacity-Baseline-Recycling Medium","Canada",2024,0.151462438873853
"Ambitious-Baseline-Low Capacity-Baseline-Recycling Medium","Canada",2025,0.228310387258959
"Ambitious-Baseline-Low Capacity-Baseline-Recycling Medium","Canada",2026,0.343684704107013
"Ambitious-Baseline-Low Capacity-Baseline-Recycling Medium","Canada",2027,0.501688831678969
"Ambitious-Baseline-Low Capacity-Baseline-Recycling Medium","Canada",2028,0.729618817714419
"Ambitious-Baseline-Low Capacity-Baseline-Recycling Medium","Canada",2029,1.06505431582344
"Ambitious-Baseline-Low Capacity-Baseline-Recycling Medium","Canada",2030,1.58238809182989
"Ambitious-Baseline-Low Capacity-Baseline-Recycling Medium","Canada",2031,2.36938898439848
"Ambitious-Baseline-Low Capacity-Baseline-Recycling Medium","Canada",2032,2.92892074463156
"Ambitious-Baseline-Low Capacity-Baseline-Recycling Medium","Canada",2033,3.65476206684194
"Ambitious-Baseline-Low Capacity-Baseline-Recycling Medium","Canada",2034,4.59340126734452
"Ambitious-Baseline-Low Capacity-Baseline-Recycling Medium","Canada",2035,5.79362000888608
"Ambitious-Baseline-Low Capacity-Baseline-Recycling Medium","Canada",2036,7.09299506165629
"Ambitious-Baseline-Low Capacity-Baseline-Recycling Medium","Canada",2037,9.14181711438129
"Ambitious-Baseline-Low Capacity-Baseline-Recycling Medium","Canada",2038,11.404699150961
"Ambitious-Baseline-Low Capacity-Baseline-Recycling Medium","Canada",2039,14.09962545116
"Ambitious-Baseline-Low Capacity-Baseline-Recycling Medium","Canada",2040,17.2291753333578
"Ambitious-Baseline-Low Capacity-Baseline-Recycling Medium","Canada",2041,20.7940549153398
"Ambitious-Baseline-Low Capacity-Baseline-Recycling Medium","Canada",2042,24.7955601305529
"Ambitious-Baseline-Low Capacity-Baseline-Recycling Medium","Canada",2043,29.0518604928556
"Ambitious-Baseline-Low Capacity-Baseline-Recycling Medium","Canada",2044,33.4011269889113
"Ambitious-Baseline-Low Capacity-Baseline-Recycling Medium","Canada",2045,37.6550288996468
"Ambitious-Baseline-Low Capacity-Baseline-Recycling Medium","Canada",2046,41.6418236037559
"Ambitious-Baseline-Low Capacity-Baseline-Recycling Medium","Canada",2047,45.2259343038373
"Ambitious-Baseline-Low Capacity-Baseline-Recycling Medium","Canada",2048,48.37919835173
"Ambitious-Baseline-Low Capacity-Baseline-Recycling Medium","Canada",2049,51.1213616781616
"Ambitious-Baseline-Low Capacity-Baseline-Recycling Medium","Canada",2050,53.4908859872211
"Ambitious-Baseline-Low Capacity-Baseline-Recycling Medium","Canada",2051,55.543253514178
"Ambitious-Baseline-Low Capacity-Baseline-Recycling Medium","Canada",2052,57.3170360165811
"Ambitious-Baseline-Low Capacity-Baseline-Recycling Medium","Canada",2053,58.8730800389421
"Ambitious-Baseline-Low Capacity-Baseline-Recycling Medium","Canada",2054,60.2454706618105
"Ambitious-Baseline-Low Capacity-Baseline-Recycling Medium","Canada",2055,61.447604235238
"Ambitious-Baseline-Low Capacity-Baseline-Recycling Medium","Canada",2056,62.4872512713556
"Ambitious-Baseline-Low Capacity-Baseline-Recycling Medium","Canada",2057,63.3779349329261
"Ambitious-Baseline-Low Capacity-Baseline-Recycling Medium","Canada",2058,64.1246073977593
"Ambitious-Baseline-Low Capacity-Baseline-Recycling Medium","Canada",2059,64.734706361635
"Ambitious-Baseline-Low Capacity-Baseline-Recycling Medium","Canada",2060,65.2254216567688
"Ambitious-Baseline-Low Capacity-Baseline-Recycling Medium","Canada",2061,65.6111337338265
"Ambitious-Baseline-Low Capacity-Baseline-Recycling Medium","Canada",2062,65.9161115214733
"Ambitious-Baseline-Low Capacity-Baseline-Recycling Medium","Canada",2063,66.1644986713073
"Ambitious-Baseline-Low Capacity-Baseline-Recycling Medium","Canada",2064,66.3743519743628
"Ambitious-Baseline-Low Capacity-Baseline-Recycling Medium","Canada",2065,66.5592468012129
"Ambitious-Baseline-Low Capacity-Baseline-Recycling Medium","Canada",2066,66.730940444795
"Ambitious-Baseline-Low Capacity-Baseline-Recycling Medium","Canada",2067,66.8932040433995
"Ambitious-Baseline-Low Capacity-Baseline-Recycling Medium","Canada",2068,67.0498417067985
"Ambitious-Baseline-Low Capacity-Baseline-Recycling Medium","Canada",2069,67.2040141813877
"Ambitious-Baseline-Low Capacity-Baseline-Recycling Medium","Canada",2070,67.3512553389421
"Ambitious-Baseline-Low Capacity-Baseline-Recycling Medium","China",2023,10.7887693074786
"Ambitious-Baseline-Low Capacity-Baseline-Recycling Medium","China",2024,14.0267251038768
"Ambitious-Baseline-Low Capacity-Baseline-Recycling Medium","China",2025,21.763435311112
"Ambitious-Baseline-Low Capacity-Baseline-Recycling Medium","China",2026,32.5014846130274
"Ambitious-Baseline-Low Capacity-Baseline-Recycling Medium","China",2027,45.4300982218274
"Ambitious-Baseline-Low Capacity-Baseline-Recycling Medium","China",2028,62.4416383976753
"Ambitious-Baseline-Low Capacity-Baseline-Recycling Medium","China",2029,84.1567361569075
"Ambitious-Baseline-Low Capacity-Baseline-Recycling Medium","China",2030,109.851959370151
"Ambitious-Baseline-Low Capacity-Baseline-Recycling Medium","China",2031,141.954539163062
"Ambitious-Baseline-Low Capacity-Baseline-Recycling Medium","China",2032,178.256599364724
"Ambitious-Baseline-Low Capacity-Baseline-Recycling Medium","China",2033,220.291896106197
"Ambitious-Baseline-Low Capacity-Baseline-Recycling Medium","China",2034,268.301489417042
"Ambitious-Baseline-Low Capacity-Baseline-Recycling Medium","China",2035,321.730934313547
"Ambitious-Baseline-Low Capacity-Baseline-Recycling Medium","China",2036,371.871622799084
"Ambitious-Baseline-Low Capacity-Baseline-Recycling Medium","China",2037,441.808927281593
"Ambitious-Baseline-Low Capacity-Baseline-Recycling Medium","China",2038,517.915768392859
"Ambitious-Baseline-Low Capacity-Baseline-Recycling Medium","China",2039,599.359127413694
"Ambitious-Baseline-Low Capacity-Baseline-Recycling Medium","China",2040,685.318552847353
"Ambitious-Baseline-Low Capacity-Baseline-Recycling Medium","China",2041,774.288926773671
"Ambitious-Baseline-Low Capacity-Baseline-Recycling Medium","China",2042,865.61845596358
"Ambitious-Baseline-Low Capacity-Baseline-Recycling Medium","China",2043,957.254800735333
"Ambitious-Baseline-Low Capacity-Baseline-Recycling Medium","China",2044,1048.02281886948
"Ambitious-Baseline-Low Capacity-Baseline-Recycling Medium","China",2045,1136.57460607388
"Ambitious-Baseline-Low Capacity-Baseline-Recycling Medium","China",2046,1221.67123555775
"Ambitious-Baseline-Low Capacity-Baseline-Recycling Medium","China",2047,1302.34499503628
"Ambitious-Baseline-Low Capacity-Baseline-Recycling Medium","China",2048,1377.59138616387
"Ambitious-Baseline-Low Capacity-Baseline-Recycling Medium","China",2049,1446.87437520207
"Ambitious-Baseline-Low Capacity-Baseline-Recycling Medium","China",2050,1509.88786649763
"Ambitious-Baseline-Low Capacity-Baseline-Recycling Medium","China",2051,1566.67159936508
"Ambitious-Baseline-Low Capacity-Baseline-Recycling Medium","China",2052,1617.21234038559
"Ambitious-Baseline-Low Capacity-Baseline-Recycling Medium","China",2053,1662.49698482919
"Ambitious-Baseline-Low Capacity-Baseline-Recycling Medium","China",2054,1703.23329996756
"Ambitious-Baseline-Low Capacity-Baseline-Recycling Medium","China",2055,1740.11324597662
"Ambitious-Baseline-Low Capacity-Baseline-Recycling Medium","China",2056,1773.77004718761
"Ambitious-Baseline-Low Capacity-Baseline-Recycling Medium","China",2057,1804.75608816651
"Ambitious-Baseline-Low Capacity-Baseline-Recycling Medium","China",2058,1833.53112931916
"Ambitious-Baseline-Low Capacity-Baseline-Recycling Medium","China",2059,1860.48348551469
"Ambitious-Baseline-Low Capacity-Baseline-Recycling Medium","China",2060,1885.90827485864
"Ambitious-Baseline-Low Capacity-Baseline-Recycling Medium","China",2061,1911.26236704601
"Ambitious-Baseline-Low Capacity-Baseline-Recycling Medium","China",2062,1935.67294388774
"Ambitious-Baseline-Low Capacity-Baseline-Recycling Medium","China",2063,1959.07504707275
"Ambitious-Baseline-Low Capacity-Baseline-Recycling Medium","China",2064,1981.63665867958
"Ambitious-Baseline-Low Capacity-Baseline-Recycling Medium","China",2065,2003.49896732552
"Ambitious-Baseline-Low Capacity-Baseline-Recycling Medium","China",2066,2024.83455443964
"Ambitious-Baseline-Low Capacity-Baseline-Recycling Medium","China",2067,2045.76293878536
"Ambitious-Baseline-Low Capacity-Baseline-Recycling Medium","China",2068,2066.4936570151
"Ambitious-Baseline-Low Capacity-Baseline-Recycling Medium","China",2069,2087.15326097631
"Ambitious-Baseline-Low Capacity-Baseline-Recycling Medium","China",2070,2107.83499433927
"Ambitious-Baseline-Low Capacity-Baseline-Recycling Medium","EFTA",2023,0.281370108163262
"Ambitious-Baseline-Low Capacity-Baseline-Recycling Medium","EFTA",2024,0.364681288595941
"Ambitious-Baseline-Low Capacity-Baseline-Recycling Medium","EFTA",2025,0.447393865321897
"Ambitious-Baseline-Low Capacity-Baseline-Recycling Medium","EFTA",2026,0.63500309436198
"Ambitious-Baseline-Low Capacity-Baseline-Recycling Medium","EFTA",2027,0.745161476832743
"Ambitious-Baseline-Low Capacity-Baseline-Recycling Medium","EFTA",2028,0.928452430210304
"Ambitious-Baseline-Low Capacity-Baseline-Recycling Medium","EFTA",2029,1.18959011310626
"Ambitious-Baseline-Low Capacity-Baseline-Recycling Medium","EFTA",2030,1.53919477627804
"Ambitious-Baseline-Low Capacity-Baseline-Recycling Medium","EFTA",2031,1.99528462517287
"Ambitious-Baseline-Low Capacity-Baseline-Recycling Medium","EFTA",2032,2.50513214793292
"Ambitious-Baseline-Low Capacity-Baseline-Recycling Medium","EFTA",2033,3.17559187611247
"Ambitious-Baseline-Low Capacity-Baseline-Recycling Medium","EFTA",2034,3.93036241425584
"Ambitious-Baseline-Low Capacity-Baseline-Recycling Medium","EFTA",2035,4.78983879813196
"Ambitious-Baseline-Low Capacity-Baseline-Recycling Medium","EFTA",2036,5.72265585122389
"Ambitious-Baseline-Low Capacity-Baseline-Recycling Medium","EFTA",2037,6.74514374732938
"Ambitious-Baseline-Low Capacity-Baseline-Recycling Medium","EFTA",2038,7.78165674209413
"Ambitious-Baseline-Low Capacity-Baseline-Recycling Medium","EFTA",2039,8.82973476299668
"Ambitious-Baseline-Low Capacity-Baseline-Recycling Medium","EFTA",2040,9.85817622701372
"Ambitious-Baseline-Low Capacity-Baseline-Recycling Medium","EFTA",2041,10.8392900530152
"Ambitious-Baseline-Low Capacity-Baseline-Recycling Medium","EFTA",2042,11.7793391930285
"Ambitious-Baseline-Low Capacity-Baseline-Recycling Medium","EFTA",2043,12.680939762467
"Ambitious-Baseline-Low Capacity-Baseline-Recycling Medium","EFTA",2044,13.5569240366094
"Ambitious-Baseline-Low Capacity-Baseline-Recycling Medium","EFTA",2045,14.3918268169221
"Ambitious-Baseline-Low Capacity-Baseline-Recycling Medium","EFTA",2046,15.1841698397521
"Ambitious-Baseline-Low Capacity-Baseline-Recycling Medium","EFTA",2047,15.7895187985609
"Ambitious-Baseline-Low Capacity-Baseline-Recycling Medium","EFTA",2048,16.4990645563208
"Ambitious-Baseline-Low Capacity-Baseline-Recycling Medium","EFTA",2049,17.1573359254972
"Ambitious-Baseline-Low Capacity-Baseline-Recycling Medium","EFTA",2050,17.7643658992778
"Ambitious-Baseline-Low Capacity-Baseline-Recycling Medium","EFTA",2051,18.3213269175112
"Ambitious-Baseline-Low Capacity-Baseline-Recycling Medium","EFTA",2052,18.8737498452426
"Ambitious-Baseline-Low Capacity-Baseline-Recycling Medium","EFTA",2053,19.3771298489182
"Ambitious-Baseline-Low Capacity-Baseline-Recycling Medium","EFTA",2054,19.828280014381
"Ambitious-Baseline-Low Capacity-Baseline-Recycling Medium","EFTA",2055,20.2288664391405
"Ambitious-Baseline-Low Capacity-Baseline-Recycling Medium","EFTA",2056,20.574566237267
"Ambitious-Baseline-Low Capacity-Baseline-Recycling Medium","EFTA",2057,20.8697761325693
"Ambitious-Baseline-Low Capacity-Baseline-Recycling Medium","EFTA",2058,21.1185026158276
"Ambitious-Baseline-Low Capacity-Baseline-Recycling Medium","EFTA",2059,21.3295965598954
"Ambitious-Baseline-Low Capacity-Baseline-Recycling Medium","EFTA",2060,21.5070827698471
"Ambitious-Baseline-Low Capacity-Baseline-Recycling Medium","EFTA",2061,21.6553327517619
"Ambitious-Baseline-Low Capacity-Baseline-Recycling Medium","EFTA",2062,21.7796245655908
"Ambitious-Baseline-Low Capacity-Baseline-Recycling Medium","EFTA",2063,21.8898197008544
"Ambitious-Baseline-Low Capacity-Baseline-Recycling Medium","EFTA",2064,21.9890814256824
"Ambitious-Baseline-Low Capacity-Baseline-Recycling Medium","EFTA",2065,22.0823368477886
"Ambitious-Baseline-Low Capacity-Baseline-Recycling Medium","EFTA",2066,22.1706648262078
"Ambitious-Baseline-Low Capacity-Baseline-Recycling Medium","EFTA",2067,22.2570580797496
"Ambitious-Baseline-Low Capacity-Baseline-Recycling Medium","EFTA",2068,22.3409384000211
"Ambitious-Baseline-Low Capacity-Baseline-Recycling Medium","EFTA",2069,22.4245059879606
"Ambitious-Baseline-Low Capacity-Baseline-Recycling Medium","EFTA",2070,22.5076663561917
"Ambitious-Baseline-Low Capacity-Baseline-Recycling Medium","European Union",2023,1.51048538198472
"Ambitious-Baseline-Low Capacity-Baseline-Recycling Medium","European Union",2024,2.83766188316117
"Ambitious-Baseline-Low Capacity-Baseline-Recycling Medium","European Union",2025,4.2365202028734
"Ambitious-Baseline-Low Capacity-Baseline-Recycling Medium","European Union",2026,6.79455890298225
"Ambitious-Baseline-Low Capacity-Baseline-Recycling Medium","European Union",2027,9.86168654141945
"Ambitious-Baseline-Low Capacity-Baseline-Recycling Medium","European Union",2028,13.8789555453389
"Ambitious-Baseline-Low Capacity-Baseline-Recycling Medium","European Union",2029,19.0760807221802
"Ambitious-Baseline-Low Capacity-Baseline-Recycling Medium","European Union",2030,25.118416606533
"Ambitious-Baseline-Low Capacity-Baseline-Recycling Medium","European Union",2031,32.8328624719692
"Ambitious-Baseline-Low Capacity-Baseline-Recycling Medium","European Union",2032,41.5427188750099
"Ambitious-Baseline-Low Capacity-Baseline-Recycling Medium","European Union",2033,51.9727731082319
"Ambitious-Baseline-Low Capacity-Baseline-Recycling Medium","European Union",2034,65.3930766669778
"Ambitious-Baseline-Low Capacity-Baseline-Recycling Medium","European Union",2035,82.5214011453581
"Ambitious-Baseline-Low Capacity-Baseline-Recycling Medium","European Union",2036,103.872842557065
"Ambitious-Baseline-Low Capacity-Baseline-Recycling Medium","European Union",2037,131.265039005567
"Ambitious-Baseline-Low Capacity-Baseline-Recycling Medium","European Union",2038,163.817585902238
"Ambitious-Baseline-Low Capacity-Baseline-Recycling Medium","European Union",2039,201.252404402245
"Ambitious-Baseline-Low Capacity-Baseline-Recycling Medium","European Union",2040,243.557613651078
"Ambitious-Baseline-Low Capacity-Baseline-Recycling Medium","European Union",2041,289.034865309673
"Ambitious-Baseline-Low Capacity-Baseline-Recycling Medium","European Union",2042,336.012109389166
"Ambitious-Baseline-Low Capacity-Baseline-Recycling Medium","European Union",2043,383.683853787815
"Ambitious-Baseline-Low Capacity-Baseline-Recycling Medium","European Union",2044,429.528667976414
"Ambitious-Baseline-Low Capacity-Baseline-Recycling Medium","European Union",2045,473.342123354089
"Ambitious-Baseline-Low Capacity-Baseline-Recycling Medium","European Union",2046,512.692095581123
"Ambitious-Baseline-Low Capacity-Baseline-Recycling Medium","European Union",2047,547.883972838806
"Ambitious-Baseline-Low Capacity-Baseline-Recycling Medium","European Union",2048,579.070412789663
"Ambitious-Baseline-Low Capacity-Baseline-Recycling Medium","European Union",2049,606.824197754076
"Ambitious-Baseline-Low Capacity-Baseline-Recycling Medium","European Union",2050,631.92051114199
"Ambitious-Baseline-Low Capacity-Baseline-Recycling Medium","European Union",2051,654.484431771701
"Ambitious-Baseline-Low Capacity-Baseline-Recycling Medium","European Union",2052,678.060898569702
"Ambitious-Baseline-Low Capacity-Baseline-Recycling Medium","European Union",2053,700.564746245126
"Ambitious-Baseline-Low Capacity-Baseline-Recycling Medium","European Union",2054,721.97352403115
"Ambitious-Baseline-Low Capacity-Baseline-Recycling Medium","European Union",2055,742.11279430725
"Ambitious-Baseline-Low Capacity-Baseline-Recycling Medium","European Union",2056,760.862666609246
"Ambitious-Baseline-Low Capacity-Baseline-Recycling Medium","European Union",2057,778.165484238115
"Ambitious-Baseline-Low Capacity-Baseline-Recycling Medium","European Union",2058,793.977062263523
"Ambitious-Baseline-Low Capacity-Baseline-Recycling Medium","European Union",2059,808.452015738273
"Ambitious-Baseline-Low Capacity-Baseline-Recycling Medium","European Union",2060,821.791078070062
"Ambitious-Baseline-Low Capacity-Baseline-Recycling Medium","European Union",2061,834.258223590127
"Ambitious-Baseline-Low Capacity-Baseline-Recycling Medium","European Union",2062,846.04729502602
"Ambitious-Baseline-Low Capacity-Baseline-Recycling Medium","European Union",2063,857.308219284585
"Ambitious-Baseline-Low Capacity-Baseline-Recycling Medium","European Union",2064,868.095426639635
"Ambitious-Baseline-Low Capacity-Baseline-Recycling Medium","European Union",2065,878.377440321104
"Ambitious-Baseline-Low Capacity-Baseline-Recycling Medium","European Union",2066,888.119145077093
"Ambitious-Baseline-Low Capacity-Baseline-Recycling Medium","European Union",2067,897.300380428412
"Ambitious-Baseline-Low Capacity-Baseline-Recycling Medium","European Union",2068,905.927255996056
"Ambitious-Baseline-Low Capacity-Baseline-Recycling Medium","European Union",2069,914.064487331346
"Ambitious-Baseline-Low Capacity-Baseline-Recycling Medium","European Union",2070,921.800431714019
"Ambitious-Baseline-Low Capacity-Baseline-Recycling Medium","India",2023,0.1143367798357
"Ambitious-Baseline-Low Capacity-Baseline-Recycling Medium","India",2024,0.347795919228553
"Ambitious-Baseline-Low Capacity-Baseline-Recycling Medium","India",2025,0.62557577458995
"Ambitious-Baseline-Low Capacity-Baseline-Recycling Medium","India",2026,0.976579563161198
"Ambitious-Baseline-Low Capacity-Baseline-Recycling Medium","India",2027,1.57044555079244
"Ambitious-Baseline-Low Capacity-Baseline-Recycling Medium","India",2028,2.59946779185521
"Ambitious-Baseline-Low Capacity-Baseline-Recycling Medium","India",2029,3.97742568667526
"Ambitious-Baseline-Low Capacity-Baseline-Recycling Medium","India",2030,5.70572532994117
"Ambitious-Baseline-Low Capacity-Baseline-Recycling Medium","India",2031,7.95714556826182
"Ambitious-Baseline-Low Capacity-Baseline-Recycling Medium","India",2032,10.3987737498983
"Ambitious-Baseline-Low Capacity-Baseline-Recycling Medium","India",2033,13.3863091978492
"Ambitious-Baseline-Low Capacity-Baseline-Recycling Medium","India",2034,17.018618537943
"Ambitious-Baseline-Low Capacity-Baseline-Recycling Medium","India",2035,21.3538221159788
"Ambitious-Baseline-Low Capacity-Baseline-Recycling Medium","India",2036,26.4150312262458
"Ambitious-Baseline-Low Capacity-Baseline-Recycling Medium","India",2037,33.0832067864593
"Ambitious-Baseline-Low Capacity-Baseline-Recycling Medium","India",2038,40.9076448959094
"Ambitious-Baseline-Low Capacity-Baseline-Recycling Medium","India",2039,49.9664004111893
"Ambitious-Baseline-Low Capacity-Baseline-Recycling Medium","India",2040,60.2970697734714
"Ambitious-Baseline-Low Capacity-Baseline-Recycling Medium","India",2041,72.1941277921458
"Ambitious-Baseline-Low Capacity-Baseline-Recycling Medium","India",2042,84.8304776607143
"Ambitious-Baseline-Low Capacity-Baseline-Recycling Medium","India",2043,98.491269311338
"Ambitious-Baseline-Low Capacity-Baseline-Recycling Medium","India",2044,112.960134112912
"Ambitious-Baseline-Low Capacity-Baseline-Recycling Medium","India",2045,127.998902097328
"Ambitious-Baseline-Low Capacity-Baseline-Recycling Medium","India",2046,143.316313102107
"Ambitious-Baseline-Low Capacity-Baseline-Recycling Medium","India",2047,158.682339008127
"Ambitious-Baseline-Low Capacity-Baseline-Recycling Medium","India",2048,173.804168762943
"Ambitious-Baseline-Low Capacity-Baseline-Recycling Medium","India",2049,188.461350424834
"Ambitious-Baseline-Low Capacity-Baseline-Recycling Medium","India",2050,202.487486296178
"Ambitious-Baseline-Low Capacity-Baseline-Recycling Medium","India",2051,215.786125578353
"Ambitious-Baseline-Low Capacity-Baseline-Recycling Medium","India",2052,228.161285039513
"Ambitious-Baseline-Low Capacity-Baseline-Recycling Medium","India",2053,239.749446893541
"Ambitious-Baseline-Low Capacity-Baseline-Recycling Medium","India",2054,250.571233906095
"Ambitious-Baseline-Low Capacity-Baseline-Recycling Medium","India",2055,260.642839243356
"Ambitious-Baseline-Low Capacity-Baseline-Recycling Medium","India",2056,269.986232401301
"Ambitious-Baseline-Low Capacity-Baseline-Recycling Medium","India",2057,278.628632965389
"Ambitious-Baseline-Low Capacity-Baseline-Recycling Medium","India",2058,286.619198685229
"Ambitious-Baseline-Low Capacity-Baseline-Recycling Medium","India",2059,294.007917900028
"Ambitious-Baseline-Low Capacity-Baseline-Recycling Medium","India",2060,300.866498983655
"Ambitious-Baseline-Low Capacity-Baseline-Recycling Medium","India",2061,307.2500395745
"Ambitious-Baseline-Low Capacity-Baseline-Recycling Medium","India",2062,313.229453635819
"Ambitious-Baseline-Low Capacity-Baseline-Recycling Medium","India",2063,318.83197001772
"Ambitious-Baseline-Low Capacity-Baseline-Recycling Medium","India",2064,324.096174975305
"Ambitious-Baseline-Low Capacity-Baseline-Recycling Medium","India",2065,329.041547845255
"Ambitious-Baseline-Low Capacity-Baseline-Recycling Medium","India",2066,333.694879775997
"Ambitious-Baseline-Low Capacity-Baseline-Recycling Medium","India",2067,338.085978124246
"Ambitious-Baseline-Low Capacity-Baseline-Recycling Medium","India",2068,342.265940814853
"Ambitious-Baseline-Low Capacity-Baseline-Recycling Medium","India",2069,346.279294913018
"Ambitious-Baseline-Low Capacity-Baseline-Recycling Medium","India",2070,350.169157659171
"Ambitious-Baseline-Low Capacity-Baseline-Recycling Medium","Japan",2023,0.102513147023147
"Ambitious-Baseline-Low Capacity-Baseline-Recycling Medium","Japan",2024,0.446743390230435
"Ambitious-Baseline-Low Capacity-Baseline-Recycling Medium","Japan",2025,0.55236919192271
"Ambitious-Baseline-Low Capacity-Baseline-Recycling Medium","Japan",2026,0.668738875398234
"Ambitious-Baseline-Low Capacity-Baseline-Recycling Medium","Japan",2027,0.81177608535275
"Ambitious-Baseline-Low Capacity-Baseline-Recycling Medium","Japan",2028,1.14407382186729
"Ambitious-Baseline-Low Capacity-Baseline-Recycling Medium","Japan",2029,1.47726626889405
"Ambitious-Baseline-Low Capacity-Baseline-Recycling Medium","Japan",2030,2.53064384328969
"Ambitious-Baseline-Low Capacity-Baseline-Recycling Medium","Japan",2031,3.92414837990974
"Ambitious-Baseline-Low Capacity-Baseline-Recycling Medium","Japan",2032,4.88481408896067
"Ambitious-Baseline-Low Capacity-Baseline-Recycling Medium","Japan",2033,6.12817200740533
"Ambitious-Baseline-Low Capacity-Baseline-Recycling Medium","Japan",2034,7.75928125362138
"Ambitious-Baseline-Low Capacity-Baseline-Recycling Medium","Japan",2035,9.94910797895485
"Ambitious-Baseline-Low Capacity-Baseline-Recycling Medium","Japan",2036,12.7040538664558
"Ambitious-Baseline-Low Capacity-Baseline-Recycling Medium","Japan",2037,16.0933499710831
"Ambitious-Baseline-Low Capacity-Baseline-Recycling Medium","Japan",2038,20.4741484954288
"Ambitious-Baseline-Low Capacity-Baseline-Recycling Medium","Japan",2039,25.1461986553616
"Ambitious-Baseline-Low Capacity-Baseline-Recycling Medium","Japan",2040,30.4612465732066
"Ambitious-Baseline-Low Capacity-Baseline-Recycling Medium","Japan",2041,34.9496677990318
"Ambitious-Baseline-Low Capacity-Baseline-Recycling Medium","Japan",2042,41.8742821694458
"Ambitious-Baseline-Low Capacity-Baseline-Recycling Medium","Japan",2043,49.6885662391074
"Ambitious-Baseline-Low Capacity-Baseline-Recycling Medium","Japan",2044,58.2472709671801
"Ambitious-Baseline-Low Capacity-Baseline-Recycling Medium","Japan",2045,67.2484959359992
"Ambitious-Baseline-Low Capacity-Baseline-Recycling Medium","Japan",2046,76.2873527988353
"Ambitious-Baseline-Low Capacity-Baseline-Recycling Medium","Japan",2047,84.9949661503355
"Ambitious-Baseline-Low Capacity-Baseline-Recycling Medium","Japan",2048,93.0738143348112
"Ambitious-Baseline-Low Capacity-Baseline-Recycling Medium","Japan",2049,100.373493030391
"Ambitious-Baseline-Low Capacity-Baseline-Recycling Medium","Japan",2050,106.814783654441
"Ambitious-Baseline-Low Capacity-Baseline-Recycling Medium","Japan",2051,112.407505082468
"Ambitious-Baseline-Low Capacity-Baseline-Recycling Medium","Japan",2052,117.183113980955
"Ambitious-Baseline-Low Capacity-Baseline-Recycling Medium","Japan",2053,121.251265510023
"Ambitious-Baseline-Low Capacity-Baseline-Recycling Medium","Japan",2054,124.690403694405
"Ambitious-Baseline-Low Capacity-Baseline-Recycling Medium","Japan",2055,127.553650261685
"Ambitious-Baseline-Low Capacity-Baseline-Recycling Medium","Japan",2056,129.889978481098
"Ambitious-Baseline-Low Capacity-Baseline-Recycling Medium","Japan",2057,131.740048623768
"Ambitious-Baseline-Low Capacity-Baseline-Recycling Medium","Japan",2058,133.141181753856
"Ambitious-Baseline-Low Capacity-Baseline-Recycling Medium","Japan",2059,134.13203032993
"Ambitious-Baseline-Low Capacity-Baseline-Recycling Medium","Japan",2060,134.750488361202
"Ambitious-Baseline-Low Capacity-Baseline-Recycling Medium","Japan",2061,135.075837976927
"Ambitious-Baseline-Low Capacity-Baseline-Recycling Medium","Japan",2062,135.162323644627
"Ambitious-Baseline-Low Capacity-Baseline-Recycling Medium","Japan",2063,135.097489144052
"Ambitious-Baseline-Low Capacity-Baseline-Recycling Medium","Japan",2064,134.941787248015
"Ambitious-Baseline-Low Capacity-Baseline-Recycling Medium","Japan",2065,134.734709694869
"Ambitious-Baseline-Low Capacity-Baseline-Recycling Medium","Japan",2066,134.509906153531
"Ambitious-Baseline-Low Capacity-Baseline-Recycling Medium","Japan",2067,134.281556622406
"Ambitious-Baseline-Low Capacity-Baseline-Recycling Medium","Japan",2068,134.061361494434
"Ambitious-Baseline-Low Capacity-Baseline-Recycling Medium","Japan",2069,133.849893812922
"Ambitious-Baseline-Low Capacity-Baseline-Recycling Medium","Japan",2070,133.647190955124
"Ambitious-Baseline-Low Capacity-Baseline-Recycling Medium","Mexico",2023,0.0314146921856993
"Ambitious-Baseline-Low Capacity-Baseline-Recycling Medium","Mexico",2024,0.103173775866531
"Ambitious-Baseline-Low Capacity-Baseline-Recycling Medium","Mexico",2025,0.109437147688647
"Ambitious-Baseline-Low Capacity-Baseline-Recycling Medium","Mexico",2026,0.152583581898914
"Ambitious-Baseline-Low Capacity-Baseline-Recycling Medium","Mexico",2027,0.200688044076509
"Ambitious-Baseline-Low Capacity-Baseline-Recycling Medium","Mexico",2028,0.316959254514371
"Ambitious-Baseline-Low Capacity-Baseline-Recycling Medium","Mexico",2029,0.563107863923573
"Ambitious-Baseline-Low Capacity-Baseline-Recycling Medium","Mexico",2030,1.07230463629282
"Ambitious-Baseline-Low Capacity-Baseline-Recycling Medium","Mexico",2031,1.78340978862859
"Ambitious-Baseline-Low Capacity-Baseline-Recycling Medium","Mexico",2032,2.1623407050608
"Ambitious-Baseline-Low Capacity-Baseline-Recycling Medium","Mexico",2033,2.6418131084634
"Ambitious-Baseline-Low Capacity-Baseline-Recycling Medium","Mexico",2034,3.26038092993849
"Ambitious-Baseline-Low Capacity-Baseline-Recycling Medium","Mexico",2035,4.05797444375296
"Ambitious-Baseline-Low Capacity-Baseline-Recycling Medium","Mexico",2036,5.07744895668275
"Ambitious-Baseline-Low Capacity-Baseline-Recycling Medium","Mexico",2037,6.41767064059077
"Ambitious-Baseline-Low Capacity-Baseline-Recycling Medium","Mexico",2038,8.1265302623987
"Ambitious-Baseline-Low Capacity-Baseline-Recycling Medium","Mexico",2039,10.2808829699473
"Ambitious-Baseline-Low Capacity-Baseline-Recycling Medium","Mexico",2040,12.9865303787308
"Ambitious-Baseline-Low Capacity-Baseline-Recycling Medium","Mexico",2041,16.46320032628
"Ambitious-Baseline-Low Capacity-Baseline-Recycling Medium","Mexico",2042,20.5703961225211
"Ambitious-Baseline-Low Capacity-Baseline-Recycling Medium","Mexico",2043,25.3807203309687
"Ambitious-Baseline-Low Capacity-Baseline-Recycling Medium","Mexico",2044,30.7727158645619
"Ambitious-Baseline-Low Capacity-Baseline-Recycling Medium","Mexico",2045,36.529861922757
"Ambitious-Baseline-Low Capacity-Baseline-Recycling Medium","Mexico",2046,42.2317139353564
"Ambitious-Baseline-Low Capacity-Baseline-Recycling Medium","Mexico",2047,47.9525883222939
"Ambitious-Baseline-Low Capacity-Baseline-Recycling Medium","Mexico",2048,53.3863173876257
"Ambitious-Baseline-Low Capacity-Baseline-Recycling Medium","Mexico",2049,58.4589970161145
"Ambitious-Baseline-Low Capacity-Baseline-Recycling Medium","Mexico",2050,63.1740423298213
"Ambitious-Baseline-Low Capacity-Baseline-Recycling Medium","Mexico",2051,67.8525334922896
"Ambitious-Baseline-Low Capacity-Baseline-Recycling Medium","Mexico",2052,72.4385549414171
"Ambitious-Baseline-Low Capacity-Baseline-Recycling Medium","Mexico",2053,76.6619073559386
"Ambitious-Baseline-Low Capacity-Baseline-Recycling Medium","Mexico",2054,80.5428809457536
"Ambitious-Baseline-Low Capacity-Baseline-Recycling Medium","Mexico",2055,84.1021092399467
"Ambitious-Baseline-Low Capacity-Baseline-Recycling Medium","Mexico",2056,87.3435594145355
"Ambitious-Baseline-Low Capacity-Baseline-Recycling Medium","Mexico",2057,90.2795855799056
"Ambitious-Baseline-Low Capacity-Baseline-Recycling Medium","Mexico",2058,92.9076824430741
"Ambitious-Baseline-Low Capacity-Baseline-Recycling Medium","Mexico",2059,95.2331635295704
"Ambitious-Baseline-Low Capacity-Baseline-Recycling Medium","Mexico",2060,97.2699483877022
"Ambitious-Baseline-Low Capacity-Baseline-Recycling Medium","Mexico",2061,99.0604702161956
"Ambitious-Baseline-Low Capacity-Baseline-Recycling Medium","Mexico",2062,100.624990141446
"Ambitious-Baseline-Low Capacity-Baseline-Recycling Medium","Mexico",2063,102.016466531447
"Ambitious-Baseline-Low Capacity-Baseline-Recycling Medium","Mexico",2064,103.26279093825
"Ambitious-Baseline-Low Capacity-Baseline-Recycling Medium","Mexico",2065,104.393833426307
"Ambitious-Baseline-Low Capacity-Baseline-Recycling Medium","Mexico",2066,105.42465215876
"Ambitious-Baseline-Low Capacity-Baseline-Recycling Medium","Mexico",2067,106.372730607275
"Ambitious-Baseline-Low Capacity-Baseline-Recycling Medium","Mexico",2068,107.254997827752
"Ambitious-Baseline-Low Capacity-Baseline-Recycling Medium","Mexico",2069,108.086751504192
"Ambitious-Baseline-Low Capacity-Baseline-Recycling Medium","Mexico",2070,108.878652066141
"Ambitious-Baseline-Low Capacity-Baseline-Recycling Medium","Middle East",2023,0.131230094661612
"Ambitious-Baseline-Low Capacity-Baseline-Recycling Medium","Middle East",2024,0.218402658009345
"Ambitious-Baseline-Low Capacity-Baseline-Recycling Medium","Middle East",2025,0.309732855667356
"Ambitious-Baseline-Low Capacity-Baseline-Recycling Medium","Middle East",2026,0.459268967679519
"Ambitious-Baseline-Low Capacity-Baseline-Recycling Medium","Middle East",2027,0.692702192463372
"Ambitious-Baseline-Low Capacity-Baseline-Recycling Medium","Middle East",2028,1.07641523244679
"Ambitious-Baseline-Low Capacity-Baseline-Recycling Medium","Middle East",2029,1.65899959485354
"Ambitious-Baseline-Low Capacity-Baseline-Recycling Medium","Middle East",2030,2.60713687864811
"Ambitious-Baseline-Low Capacity-Baseline-Recycling Medium","Middle East",2031,4.21810616175993
"Ambitious-Baseline-Low Capacity-Baseline-Recycling Medium","Middle East",2032,5.67289138047012
"Ambitious-Baseline-Low Capacity-Baseline-Recycling Medium","Middle East",2033,7.54397398725687
"Ambitious-Baseline-Low Capacity-Baseline-Recycling Medium","Middle East",2034,9.94048420446088
"Ambitious-Baseline-Low Capacity-Baseline-Recycling Medium","Middle East",2035,13.089946716139
"Ambitious-Baseline-Low Capacity-Baseline-Recycling Medium","Middle East",2036,16.6732707089653
"Ambitious-Baseline-Low Capacity-Baseline-Recycling Medium","Middle East",2037,21.5789604270955
"Ambitious-Baseline-Low Capacity-Baseline-Recycling Medium","Middle East",2038,27.5351053517508
"Ambitious-Baseline-Low Capacity-Baseline-Recycling Medium","Middle East",2039,34.5896318033862
"Ambitious-Baseline-Low Capacity-Baseline-Recycling Medium","Middle East",2040,42.8431330602849
"Ambitious-Baseline-Low Capacity-Baseline-Recycling Medium","Middle East",2041,52.5393571904614
"Ambitious-Baseline-Low Capacity-Baseline-Recycling Medium","Middle East",2042,63.3588645480301
"Ambitious-Baseline-Low Capacity-Baseline-Recycling Medium","Middle East",2043,75.6073722093102
"Ambitious-Baseline-Low Capacity-Baseline-Recycling Medium","Middle East",2044,89.2102289040877
"Ambitious-Baseline-Low Capacity-Baseline-Recycling Medium","Middle East",2045,103.936070544865
"Ambitious-Baseline-Low Capacity-Baseline-Recycling Medium","Middle East",2046,119.416007226387
"Ambitious-Baseline-Low Capacity-Baseline-Recycling Medium","Middle East",2047,135.28372121443
"Ambitious-Baseline-Low Capacity-Baseline-Recycling Medium","Middle East",2048,151.386161454479
"Ambitious-Baseline-Low Capacity-Baseline-Recycling Medium","Middle East",2049,167.537327808768
"Ambitious-Baseline-Low Capacity-Baseline-Recycling Medium","Middle East",2050,183.632400730718
"Ambitious-Baseline-Low Capacity-Baseline-Recycling Medium","Middle East",2051,199.585013335082
"Ambitious-Baseline-Low Capacity-Baseline-Recycling Medium","Middle East",2052,215.4159727675
"Ambitious-Baseline-Low Capacity-Baseline-Recycling Medium","Middle East",2053,231.015728655834
"Ambitious-Baseline-Low Capacity-Baseline-Recycling Medium","Middle East",2054,246.061673843082
"Ambitious-Baseline-Low Capacity-Baseline-Recycling Medium","Middle East",2055,260.377579071968
"Ambitious-Baseline-Low Capacity-Baseline-Recycling Medium","Middle East",2056,273.824634181438
"Ambitious-Baseline-Low Capacity-Baseline-Recycling Medium","Middle East",2057,286.323265317233
"Ambitious-Baseline-Low Capacity-Baseline-Recycling Medium","Middle East",2058,297.793217072007
"Ambitious-Baseline-Low Capacity-Baseline-Recycling Medium","Middle East",2059,308.395627755286
"Ambitious-Baseline-Low Capacity-Baseline-Recycling Medium","Middle East",2060,318.172641551385
"Ambitious-Baseline-Low Capacity-Baseline-Recycling Medium","Middle East",2061,326.988813163782
"Ambitious-Baseline-Low Capacity-Baseline-Recycling Medium","Middle East",2062,334.950131108373
"Ambitious-Baseline-Low Capacity-Baseline-Recycling Medium","Middle East",2063,342.169640801806
"Ambitious-Baseline-Low Capacity-Baseline-Recycling Medium","Middle East",2064,348.655093614578
"Ambitious-Baseline-Low Capacity-Baseline-Recycling Medium","Middle East",2065,354.502910129615
"Ambitious-Baseline-Low Capacity-Baseline-Recycling Medium","Middle East",2066,359.795602213151
"Ambitious-Baseline-Low Capacity-Baseline-Recycling Medium","Middle East",2067,364.619592983559
"Ambitious-Baseline-Low Capacity-Baseline-Recycling Medium","Middle East",2068,369.063687144601
"Ambitious-Baseline-Low Capacity-Baseline-Recycling Medium","Middle East",2069,373.200818372238
"Ambitious-Baseline-Low Capacity-Baseline-Recycling Medium","Middle East",2070,377.10140847675
"Ambitious-Baseline-Low Capacity-Baseline-Recycling Medium","Other Asia Pacific",2023,0.0312011359672669
"Ambitious-Baseline-Low Capacity-Baseline-Recycling Medium","Other Asia Pacific",2024,0.0437205465517807
"Ambitious-Baseline-Low Capacity-Baseline-Recycling Medium","Other Asia Pacific",2025,0.104594961164975
"Ambitious-Baseline-Low Capacity-Baseline-Recycling Medium","Other Asia Pacific",2026,0.122204516707161
"Ambitious-Baseline-Low Capacity-Baseline-Recycling Medium","Other Asia Pacific",2027,0.190180761172995
"Ambitious-Baseline-Low Capacity-Baseline-Recycling Medium","Other Asia Pacific",2028,0.328286556759141
"Ambitious-Baseline-Low Capacity-Baseline-Recycling Medium","Other Asia Pacific",2029,0.575582112289356
"Ambitious-Baseline-Low Capacity-Baseline-Recycling Medium","Other Asia Pacific",2030,1.02025872105469
"Ambitious-Baseline-Low Capacity-Baseline-Recycling Medium","Other Asia Pacific",2031,1.84769248051313
"Ambitious-Baseline-Low Capacity-Baseline-Recycling Medium","Other Asia Pacific",2032,2.58950660463087
"Ambitious-Baseline-Low Capacity-Baseline-Recycling Medium","Other Asia Pacific",2033,3.57538793315285
"Ambitious-Baseline-Low Capacity-Baseline-Recycling Medium","Other Asia Pacific",2034,4.86744818776979
"Ambitious-Baseline-Low Capacity-Baseline-Recycling Medium","Other Asia Pacific",2035,6.45846955057997
"Ambitious-Baseline-Low Capacity-Baseline-Recycling Medium","Other Asia Pacific",2036,8.40515871493066
"Ambitious-Baseline-Low Capacity-Baseline-Recycling Medium","Other Asia Pacific",2037,11.0990780236517
"Ambitious-Baseline-Low Capacity-Baseline-Recycling Medium","Other Asia Pacific",2038,14.3498511955269
"Ambitious-Baseline-Low Capacity-Baseline-Recycling Medium","Other Asia Pacific",2039,18.1810744323165
"Ambitious-Baseline-Low Capacity-Baseline-Recycling Medium","Other Asia Pacific",2040,22.60454711248
"Ambitious-Baseline-Low Capacity-Baseline-Recycling Medium","Other Asia Pacific",2041,27.7683405998629
"Ambitious-Baseline-Low Capacity-Baseline-Recycling Medium","Other Asia Pacific",2042,33.3869973166442
"Ambitious-Baseline-Low Capacity-Baseline-Recycling Medium","Other Asia Pacific",2043,39.7614293715655
"Ambitious-Baseline-Low Capacity-Baseline-Recycling Medium","Other Asia Pacific",2044,46.8950264150163
"Ambitious-Baseline-Low Capacity-Baseline-Recycling Medium","Other Asia Pacific",2045,54.6566812275
"Ambitious-Baseline-Low Capacity-Baseline-Recycling Medium","Other Asia Pacific",2046,63.0778612704128
"Ambitious-Baseline-Low Capacity-Baseline-Recycling Medium","Other Asia Pacific",2047,71.783723749751
"Ambitious-Baseline-Low Capacity-Baseline-Recycling Medium","Other Asia Pacific",2048,80.8296570785462
"Ambitious-Baseline-Low Capacity-Baseline-Recycling Medium","Other Asia Pacific",2049,90.1417312238946
"Ambitious-Baseline-Low Capacity-Baseline-Recycling Medium","Other Asia Pacific",2050,99.6480100147714
"Ambitious-Baseline-Low Capacity-Baseline-Recycling Medium","Other Asia Pacific",2051,109.380631474352
"Ambitious-Baseline-Low Capacity-Baseline-Recycling Medium","Other Asia Pacific",2052,119.501952988585
"Ambitious-Baseline-Low Capacity-Baseline-Recycling Medium","Other Asia Pacific",2053,129.632603194242
"Ambitious-Baseline-Low Capacity-Baseline-Recycling Medium","Other Asia Pacific",2054,139.660811417843
"Ambitious-Baseline-Low Capacity-Baseline-Recycling Medium","Other Asia Pacific",2055,149.472868658292
"Ambitious-Baseline-Low Capacity-Baseline-Recycling Medium","Other Asia Pacific",2056,158.967828990591
"Ambitious-Baseline-Low Capacity-Baseline-Recycling Medium","Other Asia Pacific",2057,168.136313962526
"Ambitious-Baseline-Low Capacity-Baseline-Recycling Medium","Other Asia Pacific",2058,176.834863337756
"Ambitious-Baseline-Low Capacity-Baseline-Recycling Medium","Other Asia Pacific",2059,185.026051409666
"Ambitious-Baseline-Low Capacity-Baseline-Recycling Medium","Other Asia Pacific",2060,192.684224488724
"Ambitious-Baseline-Low Capacity-Baseline-Recycling Medium","Other Asia Pacific",2061,199.810844475565
"Ambitious-Baseline-Low Capacity-Baseline-Recycling Medium","Other Asia Pacific",2062,206.419017986874
"Ambitious-Baseline-Low Capacity-Baseline-Recycling Medium","Other Asia Pacific",2063,212.501380939917
"Ambitious-Baseline-Low Capacity-Baseline-Recycling Medium","Other Asia Pacific",2064,218.067759443191
"Ambitious-Baseline-Low Capacity-Baseline-Recycling Medium","Other Asia Pacific",2065,223.129445873626
"Ambitious-Baseline-Low Capacity-Baseline-Recycling Medium","Other Asia Pacific",2066,227.72912437675
"Ambitious-Baseline-Low Capacity-Baseline-Recycling Medium","Other Asia Pacific",2067,231.89639247607
"Ambitious-Baseline-Low Capacity-Baseline-Recycling Medium","Other Asia Pacific",2068,235.65733305287
"Ambitious-Baseline-Low Capacity-Baseline-Recycling Medium","Other Asia Pacific",2069,239.081346504903
"Ambitious-Baseline-Low Capacity-Baseline-Recycling Medium","Other Asia Pacific",2070,242.231374216866
"Ambitious-Baseline-Low Capacity-Baseline-Recycling Medium","Other Europe",2023,0.08735436418321
"Ambitious-Baseline-Low Capacity-Baseline-Recycling Medium","Other Europe",2024,0.171011359594023
"Ambitious-Baseline-Low Capacity-Baseline-Recycling Medium","Other Europe",2025,0.221942849478353
"Ambitious-Baseline-Low Capacity-Baseline-Recycling Medium","Other Europe",2026,0.295082439605062
"Ambitious-Baseline-Low Capacity-Baseline-Recycling Medium","Other Europe",2027,0.410661132140871
"Ambitious-Baseline-Low Capacity-Baseline-Recycling Medium","Other Europe",2028,0.664463663907531
"Ambitious-Baseline-Low Capacity-Baseline-Recycling Medium","Other Europe",2029,1.09705906529008
"Ambitious-Baseline-Low Capacity-Baseline-Recycling Medium","Other Europe",2030,1.84066915243039
"Ambitious-Baseline-Low Capacity-Baseline-Recycling Medium","Other Europe",2031,3.18242946767352
"Ambitious-Baseline-Low Capacity-Baseline-Recycling Medium","Other Europe",2032,4.30816720871947
"Ambitious-Baseline-Low Capacity-Baseline-Recycling Medium","Other Europe",2033,5.75851486926303
"Ambitious-Baseline-Low Capacity-Baseline-Recycling Medium","Other Europe",2034,7.61085379843055
"Ambitious-Baseline-Low Capacity-Baseline-Recycling Medium","Other Europe",2035,10.1786075851159
"Ambitious-Baseline-Low Capacity-Baseline-Recycling Medium","Other Europe",2036,12.9894951605387
"Ambitious-Baseline-Low Capacity-Baseline-Recycling Medium","Other Europe",2037,16.7872161188829
"Ambitious-Baseline-Low Capacity-Baseline-Recycling Medium","Other Europe",2038,21.1304846949477
"Ambitious-Baseline-Low Capacity-Baseline-Recycling Medium","Other Europe",2039,26.074505445239
"Ambitious-Baseline-Low Capacity-Baseline-Recycling Medium","Other Europe",2040,31.6045912562531
"Ambitious-Baseline-Low Capacity-Baseline-Recycling Medium","Other Europe",2041,37.8193061546984
"Ambitious-Baseline-Low Capacity-Baseline-Recycling Medium","Other Europe",2042,44.561925004613
"Ambitious-Baseline-Low Capacity-Baseline-Recycling Medium","Other Europe",2043,51.9970893067084
"Ambitious-Baseline-Low Capacity-Baseline-Recycling Medium","Other Europe",2044,60.1019784743105
"Ambitious-Baseline-Low Capacity-Baseline-Recycling Medium","Other Europe",2045,68.7657571848989
"Ambitious-Baseline-Low Capacity-Baseline-Recycling Medium","Other Europe",2046,77.7889737231573
"Ambitious-Baseline-Low Capacity-Baseline-Recycling Medium","Other Europe",2047,86.9693206223748
"Ambitious-Baseline-Low Capacity-Baseline-Recycling Medium","Other Europe",2048,96.1900042332458
"Ambitious-Baseline-Low Capacity-Baseline-Recycling Medium","Other Europe",2049,105.327313198043
"Ambitious-Baseline-Low Capacity-Baseline-Recycling Medium","Other Europe",2050,114.290702990035
"Ambitious-Baseline-Low Capacity-Baseline-Recycling Medium","Other Europe",2051,123.03906282195
"Ambitious-Baseline-Low Capacity-Baseline-Recycling Medium","Other Europe",2052,131.513040446038
"Ambitious-Baseline-Low Capacity-Baseline-Recycling Medium","Other Europe",2053,139.697043221805
"Ambitious-Baseline-Low Capacity-Baseline-Recycling Medium","Other Europe",2054,147.570941539344
"Ambitious-Baseline-Low Capacity-Baseline-Recycling Medium","Other Europe",2055,155.023745916872
"Ambitious-Baseline-Low Capacity-Baseline-Recycling Medium","Other Europe",2056,161.907855720142
"Ambitious-Baseline-Low Capacity-Baseline-Recycling Medium","Other Europe",2057,168.184319928842
"Ambitious-Baseline-Low Capacity-Baseline-Recycling Medium","Other Europe",2058,173.80255748615
"Ambitious-Baseline-Low Capacity-Baseline-Recycling Medium","Other Europe",2059,178.793461187603
"Ambitious-Baseline-Low Capacity-Baseline-Recycling Medium","Other Europe",2060,183.171184319553
"Ambitious-Baseline-Low Capacity-Baseline-Recycling Medium","Other Europe",2061,186.987403722295
"Ambitious-Baseline-Low Capacity-Baseline-Recycling Medium","Other Europe",2062,190.299752013154
"Ambitious-Baseline-Low Capacity-Baseline-Recycling Medium","Other Europe",2063,193.153979300199
"Ambitious-Baseline-Low Capacity-Baseline-Recycling Medium","Other Europe",2064,195.608340018334
"Ambitious-Baseline-Low Capacity-Baseline-Recycling Medium","Other Europe",2065,197.703686783292
"Ambitious-Baseline-Low Capacity-Baseline-Recycling Medium","Other Europe",2066,199.489163890232
"Ambitious-Baseline-Low Capacity-Baseline-Recycling Medium","Other Europe",2067,201.012189714492
"Ambitious-Baseline-Low Capacity-Baseline-Recycling Medium","Other Europe",2068,202.327625582504
"Ambitious-Baseline-Low Capacity-Baseline-Recycling Medium","Other Europe",2069,203.480554707956
"Ambitious-Baseline-Low Capacity-Baseline-Recycling Medium","Other Europe",2070,204.509169708816
"Ambitious-Baseline-Low Capacity-Baseline-Recycling Medium","Other Latin America and Caribbean",2023,0.22983502051882
"Ambitious-Baseline-Low Capacity-Baseline-Recycling Medium","Other Latin America and Caribbean",2024,0.425852505137078
"Ambitious-Baseline-Low Capacity-Baseline-Recycling Medium","Other Latin America and Caribbean",2025,0.741270211008587
"Ambitious-Baseline-Low Capacity-Baseline-Recycling Medium","Other Latin America and Caribbean",2026,1.10970470853255
"Ambitious-Baseline-Low Capacity-Baseline-Recycling Medium","Other Latin America and Caribbean",2027,1.64811589643536
"Ambitious-Baseline-Low Capacity-Baseline-Recycling Medium","Other Latin America and Caribbean",2028,2.45036087733571
"Ambitious-Baseline-Low Capacity-Baseline-Recycling Medium","Other Latin America and Caribbean",2029,3.67233646606104
"Ambitious-Baseline-Low Capacity-Baseline-Recycling Medium","Other Latin America and Caribbean",2030,5.35869828918231
"Ambitious-Baseline-Low Capacity-Baseline-Recycling Medium","Other Latin America and Caribbean",2031,7.9784604745075
"Ambitious-Baseline-Low Capacity-Baseline-Recycling Medium","Other Latin America and Caribbean",2032,10.3745164540869
"Ambitious-Baseline-Low Capacity-Baseline-Recycling Medium","Other Latin America and Caribbean",2033,13.3140116370279
"Ambitious-Baseline-Low Capacity-Baseline-Recycling Medium","Other Latin America and Caribbean",2034,17.026213360233
"Ambitious-Baseline-Low Capacity-Baseline-Recycling Medium","Other Latin America and Caribbean",2035,21.3278624640919
"Ambitious-Baseline-Low Capacity-Baseline-Recycling Medium","Other Latin America and Caribbean",2036,26.6080627000799
"Ambitious-Baseline-Low Capacity-Baseline-Recycling Medium","Other Latin America and Caribbean",2037,33.5355313792969
"Ambitious-Baseline-Low Capacity-Baseline-Recycling Medium","Other Latin America and Caribbean",2038,41.8179371310111
"Ambitious-Baseline-Low Capacity-Baseline-Recycling Medium","Other Latin America and Caribbean",2039,51.5417966171269
"Ambitious-Baseline-Low Capacity-Baseline-Recycling Medium","Other Latin America and Caribbean",2040,62.8087498055383
"Ambitious-Baseline-Low Capacity-Baseline-Recycling Medium","Other Latin America and Caribbean",2041,75.8506317102925
"Ambitious-Baseline-Low Capacity-Baseline-Recycling Medium","Other Latin America and Caribbean",2042,90.7408358151377
"Ambitious-Baseline-Low Capacity-Baseline-Recycling Medium","Other Latin America and Caribbean",2043,107.538467902426
"Ambitious-Baseline-Low Capacity-Baseline-Recycling Medium","Other Latin America and Caribbean",2044,126.195534554687
"Ambitious-Baseline-Low Capacity-Baseline-Recycling Medium","Other Latin America and Caribbean",2045,146.492453303918
"Ambitious-Baseline-Low Capacity-Baseline-Recycling Medium","Other Latin America and Caribbean",2046,168.09068806025
"Ambitious-Baseline-Low Capacity-Baseline-Recycling Medium","Other Latin America and Caribbean",2047,190.591883003984
"Ambitious-Baseline-Low Capacity-Baseline-Recycling Medium","Other Latin America and Caribbean",2048,213.601027537256
"Ambitious-Baseline-Low Capacity-Baseline-Recycling Medium","Other Latin America and Caribbean",2049,236.749601634092
"Ambitious-Baseline-Low Capacity-Baseline-Recycling Medium","Other Latin America and Caribbean",2050,259.713836664655
"Ambitious-Baseline-Low Capacity-Baseline-Recycling Medium","Other Latin America and Caribbean",2051,282.293397268798
"Ambitious-Baseline-Low Capacity-Baseline-Recycling Medium","Other Latin America and Caribbean",2052,304.554129782158
"Ambitious-Baseline-Low Capacity-Baseline-Recycling Medium","Other Latin America and Caribbean",2053,326.078417896637
"Ambitious-Baseline-Low Capacity-Baseline-Recycling Medium","Other Latin America and Caribbean",2054,346.59334991421
"Ambitious-Baseline-Low Capacity-Baseline-Recycling Medium","Other Latin America and Caribbean",2055,365.835828037513
"Ambitious-Baseline-Low Capacity-Baseline-Recycling Medium","Other Latin America and Caribbean",2056,383.680518801374
"Ambitious-Baseline-Low Capacity-Baseline-Recycling Medium","Other Latin America and Caribbean",2057,400.07336912346
"Ambitious-Baseline-Low Capacity-Baseline-Recycling Medium","Other Latin America and Caribbean",2058,414.953252462375
"Ambitious-Baseline-Low Capacity-Baseline-Recycling Medium","Other Latin America and Caribbean",2059,428.325694447365
"Ambitious-Baseline-Low Capacity-Baseline-Recycling Medium","Other Latin America and Caribbean",2060,440.223897864812
"Ambitious-Baseline-Low Capacity-Baseline-Recycling Medium","Other Latin America and Caribbean",2061,450.723434556191
"Ambitious-Baseline-Low Capacity-Baseline-Recycling Medium","Other Latin America and Caribbean",2062,459.936338176853
"Ambitious-Baseline-Low Capacity-Baseline-Recycling Medium","Other Latin America and Caribbean",2063,467.96658671837
"Ambitious-Baseline-Low Capacity-Baseline-Recycling Medium","Other Latin America and Caribbean",2064,474.937276325185
"Ambitious-Baseline-Low Capacity-Baseline-Recycling Medium","Other Latin America and Caribbean",2065,480.963032104007
"Ambitious-Baseline-Low Capacity-Baseline-Recycling Medium","Other Latin America and Caribbean",2066,486.178881204691
"Ambitious-Baseline-Low Capacity-Baseline-Recycling Medium","Other Latin America and Caribbean",2067,490.709718817849
"Ambitious-Baseline-Low Capacity-Baseline-Recycling Medium","Other Latin America and Caribbean",2068,494.689738595697
"Ambitious-Baseline-Low Capacity-Baseline-Recycling Medium","Other Latin America and Caribbean",2069,498.235427157236
"Ambitious-Baseline-Low Capacity-Baseline-Recycling Medium","Other Latin America and Caribbean",2070,501.445095644505
"Ambitious-Baseline-Low Capacity-Baseline-Recycling Medium","South Korea",2023,0.153863300105727
"Ambitious-Baseline-Low Capacity-Baseline-Recycling Medium","South Korea",2024,0.209853065226397
"Ambitious-Baseline-Low Capacity-Baseline-Recycling Medium","South Korea",2025,0.403757399081759
"Ambitious-Baseline-Low Capacity-Baseline-Recycling Medium","South Korea",2026,0.813041542244548
"Ambitious-Baseline-Low Capacity-Baseline-Recycling Medium","South Korea",2027,1.02768378351261
"Ambitious-Baseline-Low Capacity-Baseline-Recycling Medium","South Korea",2028,1.29772406306893
"Ambitious-Baseline-Low Capacity-Baseline-Recycling Medium","South Korea",2029,1.68093940259304
"Ambitious-Baseline-Low Capacity-Baseline-Recycling Medium","South Korea",2030,2.29806408008911
"Ambitious-Baseline-Low Capacity-Baseline-Recycling Medium","South Korea",2031,3.26361887761292
"Ambitious-Baseline-Low Capacity-Baseline-Recycling Medium","South Korea",2032,4.08275334558721
"Ambitious-Baseline-Low Capacity-Baseline-Recycling Medium","South Korea",2033,5.17318610234769
"Ambitious-Baseline-Low Capacity-Baseline-Recycling Medium","South Korea",2034,6.59332540629185
"Ambitious-Baseline-Low Capacity-Baseline-Recycling Medium","South Korea",2035,8.48766066708057
"Ambitious-Baseline-Low Capacity-Baseline-Recycling Medium","South Korea",2036,10.6374479812047
"Ambitious-Baseline-Low Capacity-Baseline-Recycling Medium","South Korea",2037,13.4883753902399
"Ambitious-Baseline-Low Capacity-Baseline-Recycling Medium","South Korea",2038,16.5925140143747
"Ambitious-Baseline-Low Capacity-Baseline-Recycling Medium","South Korea",2039,20.2517685905857
"Ambitious-Baseline-Low Capacity-Baseline-Recycling Medium","South Korea",2040,24.1321194593963
"Ambitious-Baseline-Low Capacity-Baseline-Recycling Medium","South Korea",2041,27.3913339804208
"Ambitious-Baseline-Low Capacity-Baseline-Recycling Medium","South Korea",2042,31.2356509750677
"Ambitious-Baseline-Low Capacity-Baseline-Recycling Medium","South Korea",2043,34.9621066453301
"Ambitious-Baseline-Low Capacity-Baseline-Recycling Medium","South Korea",2044,38.5454628882707
"Ambitious-Baseline-Low Capacity-Baseline-Recycling Medium","South Korea",2045,41.9557821805294
"Ambitious-Baseline-Low Capacity-Baseline-Recycling Medium","South Korea",2046,45.396906956054
"Ambitious-Baseline-Low Capacity-Baseline-Recycling Medium","South Korea",2047,48.3359704281192
"Ambitious-Baseline-Low Capacity-Baseline-Recycling Medium","South Korea",2048,51.0152879415368
"Ambitious-Baseline-Low Capacity-Baseline-Recycling Medium","South Korea",2049,53.4313924360728
"Ambitious-Baseline-Low Capacity-Baseline-Recycling Medium","South Korea",2050,55.5833708804402
"Ambitious-Baseline-Low Capacity-Baseline-Recycling Medium","South Korea",2051,57.4835418586167
"Ambitious-Baseline-Low Capacity-Baseline-Recycling Medium","South Korea",2052,59.1319346189579
"Ambitious-Baseline-Low Capacity-Baseline-Recycling Medium","South Korea",2053,60.5503632582228
"Ambitious-Baseline-Low Capacity-Baseline-Recycling Medium","South Korea",2054,61.7421821478963
"Ambitious-Baseline-Low Capacity-Baseline-Recycling Medium","South Korea",2055,62.7124012004807
"Ambitious-Baseline-Low Capacity-Baseline-Recycling Medium","South Korea",2056,63.4690394308598
"Ambitious-Baseline-Low Capacity-Baseline-Recycling Medium","South Korea",2057,64.0270111348706
"Ambitious-Baseline-Low Capacity-Baseline-Recycling Medium","South Korea",2058,64.4149040073439
"Ambitious-Baseline-Low Capacity-Baseline-Recycling Medium","South Korea",2059,64.6618200964366
"Ambitious-Baseline-Low Capacity-Baseline-Recycling Medium","South Korea",2060,64.7907219586066
"Ambitious-Baseline-Low Capacity-Baseline-Recycling Medium","South Korea",2061,64.8373196123045
"Ambitious-Baseline-Low Capacity-Baseline-Recycling Medium","South Korea",2062,64.8240089838124
"Ambitious-Baseline-Low Capacity-Baseline-Recycling Medium","South Korea",2063,64.7805753408152
"Ambitious-Baseline-Low Capacity-Baseline-Recycling Medium","South Korea",2064,64.7285697867773
"Ambitious-Baseline-Low Capacity-Baseline-Recycling Medium","South Korea",2065,64.6794379521191
"Ambitious-Baseline-Low Capacity-Baseline-Recycling Medium","South Korea",2066,64.6442924176625
"Ambitious-Baseline-Low Capacity-Baseline-Recycling Medium","South Korea",2067,64.6250946762161
"Ambitious-Baseline-Low Capacity-Baseline-Recycling Medium","South Korea",2068,64.6252832714479
"Ambitious-Baseline-Low Capacity-Baseline-Recycling Medium","South Korea",2069,64.6449411511509
"Ambitious-Baseline-Low Capacity-Baseline-Recycling Medium","South Korea",2070,64.6802105821771
"Ambitious-Baseline-Low Capacity-Baseline-Recycling Medium","United Kingdom",2023,0.375401197050767
"Ambitious-Baseline-Low Capacity-Baseline-Recycling Medium","United Kingdom",2024,0.557481768387338
"Ambitious-Baseline-Low Capacity-Baseline-Recycling Medium","United Kingdom",2025,0.708238533252005
"Ambitious-Baseline-Low Capacity-Baseline-Recycling Medium","United Kingdom",2026,1.00898797448693
"Ambitious-Baseline-Low Capacity-Baseline-Recycling Medium","United Kingdom",2027,1.35756305044032
"Ambitious-Baseline-Low Capacity-Baseline-Recycling Medium","United Kingdom",2028,1.85400652001562
"Ambitious-Baseline-Low Capacity-Baseline-Recycling Medium","United Kingdom",2029,2.50096522026794
"Ambitious-Baseline-Low Capacity-Baseline-Recycling Medium","United Kingdom",2030,3.49068143988323
"Ambitious-Baseline-Low Capacity-Baseline-Recycling Medium","United Kingdom",2031,4.76850288948091
"Ambitious-Baseline-Low Capacity-Baseline-Recycling Medium","United Kingdom",2032,5.6392257955389
"Ambitious-Baseline-Low Capacity-Baseline-Recycling Medium","United Kingdom",2033,6.91449544249001
"Ambitious-Baseline-Low Capacity-Baseline-Recycling Medium","United Kingdom",2034,8.62220131173244
"Ambitious-Baseline-Low Capacity-Baseline-Recycling Medium","United Kingdom",2035,10.8134651780509
"Ambitious-Baseline-Low Capacity-Baseline-Recycling Medium","United Kingdom",2036,13.497433213061
"Ambitious-Baseline-Low Capacity-Baseline-Recycling Medium","United Kingdom",2037,16.879999919925
"Ambitious-Baseline-Low Capacity-Baseline-Recycling Medium","United Kingdom",2038,20.8343112280325
"Ambitious-Baseline-Low Capacity-Baseline-Recycling Medium","United Kingdom",2039,25.356984020007
"Ambitious-Baseline-Low Capacity-Baseline-Recycling Medium","United Kingdom",2040,30.4647327910738
"Ambitious-Baseline-Low Capacity-Baseline-Recycling Medium","United Kingdom",2041,36.1450793906591
"Ambitious-Baseline-Low Capacity-Baseline-Recycling Medium","United Kingdom",2042,42.6622323081541
"Ambitious-Baseline-Low Capacity-Baseline-Recycling Medium","United Kingdom",2043,49.5783056723318
"Ambitious-Baseline-Low Capacity-Baseline-Recycling Medium","United Kingdom",2044,56.0748410214232
"Ambitious-Baseline-Low Capacity-Baseline-Recycling Medium","United Kingdom",2045,62.5839599356239
"Ambitious-Baseline-Low Capacity-Baseline-Recycling Medium","United Kingdom",2046,68.4170471198375
"Ambitious-Baseline-Low Capacity-Baseline-Recycling Medium","United Kingdom",2047,73.4218343676116
"Ambitious-Baseline-Low Capacity-Baseline-Recycling Medium","United Kingdom",2048,77.6116138339194
"Ambitious-Baseline-Low Capacity-Baseline-Recycling Medium","United Kingdom",2049,81.0814768951954
"Ambitious-Baseline-Low Capacity-Baseline-Recycling Medium","United Kingdom",2050,83.9704018391584
"Ambitious-Baseline-Low Capacity-Baseline-Recycling Medium","United Kingdom",2051,86.4168577530629
"Ambitious-Baseline-Low Capacity-Baseline-Recycling Medium","United Kingdom",2052,88.8397852615572
"Ambitious-Baseline-Low Capacity-Baseline-Recycling Medium","United Kingdom",2053,91.0673342575396
"Ambitious-Baseline-Low Capacity-Baseline-Recycling Medium","United Kingdom",2054,93.1421807376439
"Ambitious-Baseline-Low Capacity-Baseline-Recycling Medium","United Kingdom",2055,95.070183422189
"Ambitious-Baseline-Low Capacity-Baseline-Recycling Medium","United Kingdom",2056,96.8507127841673
"Ambitious-Baseline-Low Capacity-Baseline-Recycling Medium","United Kingdom",2057,98.4631262189494
"Ambitious-Baseline-Low Capacity-Baseline-Recycling Medium","United Kingdom",2058,99.9042781472729
"Ambitious-Baseline-Low Capacity-Baseline-Recycling Medium","United Kingdom",2059,101.178177529266
"Ambitious-Baseline-Low Capacity-Baseline-Recycling Medium","United Kingdom",2060,102.306012881774
"Ambitious-Baseline-Low Capacity-Baseline-Recycling Medium","United Kingdom",2061,103.342289029654
"Ambitious-Baseline-Low Capacity-Baseline-Recycling Medium","United Kingdom",2062,104.296406943297
"Ambitious-Baseline-Low Capacity-Baseline-Recycling Medium","United Kingdom",2063,105.221865954263
"Ambitious-Baseline-Low Capacity-Baseline-Recycling Medium","United Kingdom",2064,106.139073890661
"Ambitious-Baseline-Low Capacity-Baseline-Recycling Medium","United Kingdom",2065,107.052298813565
"Ambitious-Baseline-Low Capacity-Baseline-Recycling Medium","United Kingdom",2066,107.957603135914
"Ambitious-Baseline-Low Capacity-Baseline-Recycling Medium","United Kingdom",2067,108.843537824262
"Ambitious-Baseline-Low Capacity-Baseline-Recycling Medium","United Kingdom",2068,109.707395897461
"Ambitious-Baseline-Low Capacity-Baseline-Recycling Medium","United Kingdom",2069,110.54596039506
"Ambitious-Baseline-Low Capacity-Baseline-Recycling Medium","United Kingdom",2070,111.358063299581
"Ambitious-Baseline-Low Capacity-Baseline-Recycling Medium","United States",2023,1.15531077344955
"Ambitious-Baseline-Low Capacity-Baseline-Recycling Medium","United States",2024,1.49706850446488
"Ambitious-Baseline-Low Capacity-Baseline-Recycling Medium","United States",2025,2.78990845180642
"Ambitious-Baseline-Low Capacity-Baseline-Recycling Medium","United States",2026,4.58563999556924
"Ambitious-Baseline-Low Capacity-Baseline-Recycling Medium","United States",2027,6.91881132341972
"Ambitious-Baseline-Low Capacity-Baseline-Recycling Medium","United States",2028,9.61605152739696
"Ambitious-Baseline-Low Capacity-Baseline-Recycling Medium","United States",2029,13.8900722571788
"Ambitious-Baseline-Low Capacity-Baseline-Recycling Medium","United States",2030,17.3684382902078
"Ambitious-Baseline-Low Capacity-Baseline-Recycling Medium","United States",2031,23.7041080688971
"Ambitious-Baseline-Low Capacity-Baseline-Recycling Medium","United States",2032,29.5720696362507
"Ambitious-Baseline-Low Capacity-Baseline-Recycling Medium","United States",2033,37.0423629547175
"Ambitious-Baseline-Low Capacity-Baseline-Recycling Medium","United States",2034,46.5000718423823
"Ambitious-Baseline-Low Capacity-Baseline-Recycling Medium","United States",2035,57.7672271779073
"Ambitious-Baseline-Low Capacity-Baseline-Recycling Medium","United States",2036,70.0082481588206
"Ambitious-Baseline-Low Capacity-Baseline-Recycling Medium","United States",2037,86.2125047775223
"Ambitious-Baseline-Low Capacity-Baseline-Recycling Medium","United States",2038,106.028013154139
"Ambitious-Baseline-Low Capacity-Baseline-Recycling Medium","United States",2039,128.966401794338
"Ambitious-Baseline-Low Capacity-Baseline-Recycling Medium","United States",2040,154.669167216592
"Ambitious-Baseline-Low Capacity-Baseline-Recycling Medium","United States",2041,182.628661443093
"Ambitious-Baseline-Low Capacity-Baseline-Recycling Medium","United States",2042,211.567865170917
"Ambitious-Baseline-Low Capacity-Baseline-Recycling Medium","United States",2043,241.107059978577
"Ambitious-Baseline-Low Capacity-Baseline-Recycling Medium","United States",2044,270.174111401867
"Ambitious-Baseline-Low Capacity-Baseline-Recycling Medium","United States",2045,298.272776345157
"Ambitious-Baseline-Low Capacity-Baseline-Recycling Medium","United States",2046,324.943318535376
"Ambitious-Baseline-Low Capacity-Baseline-Recycling Medium","United States",2047,349.675791904314
"Ambitious-Baseline-Low Capacity-Baseline-Recycling Medium","United States",2048,372.792988069018
"Ambitious-Baseline-Low Capacity-Baseline-Recycling Medium","United States",2049,394.01794345253
"Ambitious-Baseline-Low Capacity-Baseline-Recycling Medium","United States",2050,413.402967606532
"Ambitious-Baseline-Low Capacity-Baseline-Recycling Medium","United States",2051,430.928782457838
"Ambitious-Baseline-Low Capacity-Baseline-Recycling Medium","United States",2052,446.508659505766
"Ambitious-Baseline-Low Capacity-Baseline-Recycling Medium","United States",2053,460.34569686225
"Ambitious-Baseline-Low Capacity-Baseline-Recycling Medium","United States",2054,472.58112044432
"Ambitious-Baseline-Low Capacity-Baseline-Recycling Medium","United States",2055,483.276238421014
"Ambitious-Baseline-Low Capacity-Baseline-Recycling Medium","United States",2056,492.567062058394
"Ambitious-Baseline-Low Capacity-Baseline-Recycling Medium","United States",2057,500.617683130827
"Ambitious-Baseline-Low Capacity-Baseline-Recycling Medium","United States",2058,507.481550944832
"Ambitious-Baseline-Low Capacity-Baseline-Recycling Medium","United States",2059,513.34139465011
"Ambitious-Baseline-Low Capacity-Baseline-Recycling Medium","United States",2060,518.278337970289
"Ambitious-Baseline-Low Capacity-Baseline-Recycling Medium","United States",2061,522.4247010721
"Ambitious-Baseline-Low Capacity-Baseline-Recycling Medium","United States",2062,525.943835907658
"Ambitious-Baseline-Low Capacity-Baseline-Recycling Medium","United States",2063,528.969093888791
"Ambitious-Baseline-Low Capacity-Baseline-Recycling Medium","United States",2064,531.576435578085
"Ambitious-Baseline-Low Capacity-Baseline-Recycling Medium","United States",2065,533.859468113438
"Ambitious-Baseline-Low Capacity-Baseline-Recycling Medium","United States",2066,535.890313750891
"Ambitious-Baseline-Low Capacity-Baseline-Recycling Medium","United States",2067,537.719336048586
"Ambitious-Baseline-Low Capacity-Baseline-Recycling Medium","United States",2068,539.428992923978
"Ambitious-Baseline-Low Capacity-Baseline-Recycling Medium","United States",2069,541.05726145447
"Ambitious-Baseline-Low Capacity-Baseline-Recycling Medium","United States",2070,542.6214496378
"Ambitious-Double LFP-Baseline-Baseline-Baseline","ASEAN",2023,0.0723766159023914
"Ambitious-Double LFP-Baseline-Baseline-Baseline","ASEAN",2024,0.128500588261342
"Ambitious-Double LFP-Baseline-Baseline-Baseline","ASEAN",2025,0.201682790590126
"Ambitious-Double LFP-Baseline-Baseline-Baseline","ASEAN",2026,0.318792915006837
"Ambitious-Double LFP-Baseline-Baseline-Baseline","ASEAN",2027,0.529328945623061
"Ambitious-Double LFP-Baseline-Baseline-Baseline","ASEAN",2028,0.901037921719969
"Ambitious-Double LFP-Baseline-Baseline-Baseline","ASEAN",2029,1.5713752682792
"Ambitious-Double LFP-Baseline-Baseline-Baseline","ASEAN",2030,2.76440543684563
"Ambitious-Double LFP-Baseline-Baseline-Baseline","ASEAN",2031,4.9738471330511
"Ambitious-Double LFP-Baseline-Baseline-Baseline","ASEAN",2032,6.84838397070813
"Ambitious-Double LFP-Baseline-Baseline-Baseline","ASEAN",2033,9.32770154185774
"Ambitious-Double LFP-Baseline-Baseline-Baseline","ASEAN",2034,12.6102585644973
"Ambitious-Double LFP-Baseline-Baseline-Baseline","ASEAN",2035,16.9915908153146
"Ambitious-Double LFP-Baseline-Baseline-Baseline","ASEAN",2036,22.5305554636535
"Ambitious-Double LFP-Baseline-Baseline-Baseline","ASEAN",2037,29.1865055197278
"Ambitious-Double LFP-Baseline-Baseline-Baseline","ASEAN",2038,37.432197396686
"Ambitious-Double LFP-Baseline-Baseline-Baseline","ASEAN",2039,47.3698005789191
"Ambitious-Double LFP-Baseline-Baseline-Baseline","ASEAN",2040,59.2049910883147
"Ambitious-Double LFP-Baseline-Baseline-Baseline","ASEAN",2041,73.5322562214274
"Ambitious-Double LFP-Baseline-Baseline-Baseline","ASEAN",2042,89.5045094106263
"Ambitious-Double LFP-Baseline-Baseline-Baseline","ASEAN",2043,107.814764284917
"Ambitious-Double LFP-Baseline-Baseline-Baseline","ASEAN",2044,128.369105066296
"Ambitious-Double LFP-Baseline-Baseline-Baseline","ASEAN",2045,151.20845285473
"Ambitious-Double LFP-Baseline-Baseline-Baseline","ASEAN",2046,176.291768032367
"Ambitious-Double LFP-Baseline-Baseline-Baseline","ASEAN",2047,203.069226539141
"Ambitious-Double LFP-Baseline-Baseline-Baseline","ASEAN",2048,231.007388266189
"Ambitious-Double LFP-Baseline-Baseline-Baseline","ASEAN",2049,259.749620126648
"Ambitious-Double LFP-Baseline-Baseline-Baseline","ASEAN",2050,289.231224429865
"Ambitious-Double LFP-Baseline-Baseline-Baseline","ASEAN",2051,318.716526297469
"Ambitious-Double LFP-Baseline-Baseline-Baseline","ASEAN",2052,348.784769419917
"Ambitious-Double LFP-Baseline-Baseline-Baseline","ASEAN",2053,378.608363366885
"Ambitious-Double LFP-Baseline-Baseline-Baseline","ASEAN",2054,408.352145099688
"Ambitious-Double LFP-Baseline-Baseline-Baseline","ASEAN",2055,437.243566188319
"Ambitious-Double LFP-Baseline-Baseline-Baseline","ASEAN",2056,465.061422001304
"Ambitious-Double LFP-Baseline-Baseline-Baseline","ASEAN",2057,491.60766182473
"Ambitious-Double LFP-Baseline-Baseline-Baseline","ASEAN",2058,516.65268929933
"Ambitious-Double LFP-Baseline-Baseline-Baseline","ASEAN",2059,540.079947743947
"Ambitious-Double LFP-Baseline-Baseline-Baseline","ASEAN",2060,561.804151027887
"Ambitious-Double LFP-Baseline-Baseline-Baseline","ASEAN",2061,581.822939455695
"Ambitious-Double LFP-Baseline-Baseline-Baseline","ASEAN",2062,600.179140566409
"Ambitious-Double LFP-Baseline-Baseline-Baseline","ASEAN",2063,616.880480136742
"Ambitious-Double LFP-Baseline-Baseline-Baseline","ASEAN",2064,631.996293089696
"Ambitious-Double LFP-Baseline-Baseline-Baseline","ASEAN",2065,645.607789236605
"Ambitious-Double LFP-Baseline-Baseline-Baseline","ASEAN",2066,657.804446637315
"Ambitious-Double LFP-Baseline-Baseline-Baseline","ASEAN",2067,668.768290076783
"Ambitious-Double LFP-Baseline-Baseline-Baseline","ASEAN",2068,678.67926700444
"Ambitious-Double LFP-Baseline-Baseline-Baseline","ASEAN",2069,687.723198474504
"Ambitious-Double LFP-Baseline-Baseline-Baseline","ASEAN",2070,696.10266339454
"Ambitious-Double LFP-Baseline-Baseline-Baseline","Africa",2023,0.042417910568897
"Ambitious-Double LFP-Baseline-Baseline-Baseline","Africa",2024,0.07215942944506
"Ambitious-Double LFP-Baseline-Baseline-Baseline","Africa",2025,0.146856196039836
"Ambitious-Double LFP-Baseline-Baseline-Baseline","Africa",2026,0.233971634270586
"Ambitious-Double LFP-Baseline-Baseline-Baseline","Africa",2027,0.402651288004328
"Ambitious-Double LFP-Baseline-Baseline-Baseline","Africa",2028,0.638894237432838
"Ambitious-Double LFP-Baseline-Baseline-Baseline","Africa",2029,1.06876372936542
"Ambitious-Double LFP-Baseline-Baseline-Baseline","Africa",2030,1.66641862237882
"Ambitious-Double LFP-Baseline-Baseline-Baseline","Africa",2031,2.64931059714704
"Ambitious-Double LFP-Baseline-Baseline-Baseline","Africa",2032,3.63657552197608
"Ambitious-Double LFP-Baseline-Baseline-Baseline","Africa",2033,4.95867805624697
"Ambitious-Double LFP-Baseline-Baseline-Baseline","Africa",2034,6.71032815155327
"Ambitious-Double LFP-Baseline-Baseline-Baseline","Africa",2035,8.86191184564379
"Ambitious-Double LFP-Baseline-Baseline-Baseline","Africa",2036,11.6812756447141
"Ambitious-Double LFP-Baseline-Baseline-Baseline","Africa",2037,15.1704497576241
"Ambitious-Double LFP-Baseline-Baseline-Baseline","Africa",2038,19.4603018769675
"Ambitious-Double LFP-Baseline-Baseline-Baseline","Africa",2039,24.6294928662565
"Ambitious-Double LFP-Baseline-Baseline-Baseline","Africa",2040,30.9328581530779
"Ambitious-Double LFP-Baseline-Baseline-Baseline","Africa",2041,38.1606435957456
"Ambitious-Double LFP-Baseline-Baseline-Baseline","Africa",2042,46.3463012826212
"Ambitious-Double LFP-Baseline-Baseline-Baseline","Africa",2043,55.6155908289274
"Ambitious-Double LFP-Baseline-Baseline-Baseline","Africa",2044,65.9368225868871
"Ambitious-Double LFP-Baseline-Baseline-Baseline","Africa",2045,77.1673387925601
"Ambitious-Double LFP-Baseline-Baseline-Baseline","Africa",2046,89.4503791607506
"Ambitious-Double LFP-Baseline-Baseline-Baseline","Africa",2047,102.111752163975
"Ambitious-Double LFP-Baseline-Baseline-Baseline","Africa",2048,115.08180830252
"Ambitious-Double LFP-Baseline-Baseline-Baseline","Africa",2049,128.203439481673
"Ambitious-Double LFP-Baseline-Baseline-Baseline","Africa",2050,141.313238814104
"Ambitious-Double LFP-Baseline-Baseline-Baseline","Africa",2051,154.29817612322
"Ambitious-Double LFP-Baseline-Baseline-Baseline","Africa",2052,167.263363821238
"Ambitious-Double LFP-Baseline-Baseline-Baseline","Africa",2053,180.095923756489
"Ambitious-Double LFP-Baseline-Baseline-Baseline","Africa",2054,192.775110646314
"Ambitious-Double LFP-Baseline-Baseline-Baseline","Africa",2055,205.277221858184
"Ambitious-Double LFP-Baseline-Baseline-Baseline","Africa",2056,217.557619371825
"Ambitious-Double LFP-Baseline-Baseline-Baseline","Africa",2057,229.588682856775
"Ambitious-Double LFP-Baseline-Baseline-Baseline","Africa",2058,241.238591260687
"Ambitious-Double LFP-Baseline-Baseline-Baseline","Africa",2059,252.420914921398
"Ambitious-Double LFP-Baseline-Baseline-Baseline","Africa",2060,263.02912501838
"Ambitious-Double LFP-Baseline-Baseline-Baseline","Africa",2061,272.988771941368
"Ambitious-Double LFP-Baseline-Baseline-Baseline","Africa",2062,282.243861434084
"Ambitious-Double LFP-Baseline-Baseline-Baseline","Africa",2063,290.720699208234
"Ambitious-Double LFP-Baseline-Baseline-Baseline","Africa",2064,298.41230942236
"Ambitious-Double LFP-Baseline-Baseline-Baseline","Africa",2065,305.311637879755
"Ambitious-Double LFP-Baseline-Baseline-Baseline","Africa",2066,311.455181029619
"Ambitious-Double LFP-Baseline-Baseline-Baseline","Africa",2067,316.915013394314
"Ambitious-Double LFP-Baseline-Baseline-Baseline","Africa",2068,321.79800490308
"Ambitious-Double LFP-Baseline-Baseline-Baseline","Africa",2069,326.205273118338
"Ambitious-Double LFP-Baseline-Baseline-Baseline","Africa",2070,330.241135222437
"Ambitious-Double LFP-Baseline-Baseline-Baseline","Australia/NZ",2023,0.0657982903018657
"Ambitious-Double LFP-Baseline-Baseline-Baseline","Australia/NZ",2024,0.105019214775317
"Ambitious-Double LFP-Baseline-Baseline-Baseline","Australia/NZ",2025,0.151429820965337
"Ambitious-Double LFP-Baseline-Baseline-Baseline","Australia/NZ",2026,0.258697884044734
"Ambitious-Double LFP-Baseline-Baseline-Baseline","Australia/NZ",2027,0.402133239987235
"Ambitious-Double LFP-Baseline-Baseline-Baseline","Australia/NZ",2028,0.506075002348956
"Ambitious-Double LFP-Baseline-Baseline-Baseline","Australia/NZ",2029,0.643487574293731
"Ambitious-Double LFP-Baseline-Baseline-Baseline","Australia/NZ",2030,0.832160983796662
"Ambitious-Double LFP-Baseline-Baseline-Baseline","Australia/NZ",2031,1.1069807820095
"Ambitious-Double LFP-Baseline-Baseline-Baseline","Australia/NZ",2032,1.42605824000473
"Ambitious-Double LFP-Baseline-Baseline-Baseline","Australia/NZ",2033,1.94545235397499
"Ambitious-Double LFP-Baseline-Baseline-Baseline","Australia/NZ",2034,2.61382445906906
"Ambitious-Double LFP-Baseline-Baseline-Baseline","Australia/NZ",2035,3.46449236628808
"Ambitious-Double LFP-Baseline-Baseline-Baseline","Australia/NZ",2036,4.54797521814645
"Ambitious-Double LFP-Baseline-Baseline-Baseline","Australia/NZ",2037,5.85378732444328
"Ambitious-Double LFP-Baseline-Baseline-Baseline","Australia/NZ",2038,7.32850464424164
"Ambitious-Double LFP-Baseline-Baseline-Baseline","Australia/NZ",2039,9.07671355693286
"Ambitious-Double LFP-Baseline-Baseline-Baseline","Australia/NZ",2040,11.0612950858619
"Ambitious-Double LFP-Baseline-Baseline-Baseline","Australia/NZ",2041,13.2753672929676
"Ambitious-Double LFP-Baseline-Baseline-Baseline","Australia/NZ",2042,15.7468669438716
"Ambitious-Double LFP-Baseline-Baseline-Baseline","Australia/NZ",2043,18.4379427804564
"Ambitious-Double LFP-Baseline-Baseline-Baseline","Australia/NZ",2044,21.3492951157627
"Ambitious-Double LFP-Baseline-Baseline-Baseline","Australia/NZ",2045,24.4777904337031
"Ambitious-Double LFP-Baseline-Baseline-Baseline","Australia/NZ",2046,28.5819346315072
"Ambitious-Double LFP-Baseline-Baseline-Baseline","Australia/NZ",2047,32.527309211344
"Ambitious-Double LFP-Baseline-Baseline-Baseline","Australia/NZ",2048,36.6030890116722
"Ambitious-Double LFP-Baseline-Baseline-Baseline","Australia/NZ",2049,40.3958346056051
"Ambitious-Double LFP-Baseline-Baseline-Baseline","Australia/NZ",2050,44.3167101968816
"Ambitious-Double LFP-Baseline-Baseline-Baseline","Australia/NZ",2051,47.9533302718028
"Ambitious-Double LFP-Baseline-Baseline-Baseline","Australia/NZ",2052,51.4290984658775
"Ambitious-Double LFP-Baseline-Baseline-Baseline","Australia/NZ",2053,54.4940551342998
"Ambitious-Double LFP-Baseline-Baseline-Baseline","Australia/NZ",2054,57.1660571515997
"Ambitious-Double LFP-Baseline-Baseline-Baseline","Australia/NZ",2055,59.4802424331913
"Ambitious-Double LFP-Baseline-Baseline-Baseline","Australia/NZ",2056,61.4835514439512
"Ambitious-Double LFP-Baseline-Baseline-Baseline","Australia/NZ",2057,63.2308027177416
"Ambitious-Double LFP-Baseline-Baseline-Baseline","Australia/NZ",2058,64.7571093095947
"Ambitious-Double LFP-Baseline-Baseline-Baseline","Australia/NZ",2059,66.0762467541092
"Ambitious-Double LFP-Baseline-Baseline-Baseline","Australia/NZ",2060,67.1990904045947
"Ambitious-Double LFP-Baseline-Baseline-Baseline","Australia/NZ",2061,68.1203106381976
"Ambitious-Double LFP-Baseline-Baseline-Baseline","Australia/NZ",2062,68.8442539455213
"Ambitious-Double LFP-Baseline-Baseline-Baseline","Australia/NZ",2063,69.3817129012106
"Ambitious-Double LFP-Baseline-Baseline-Baseline","Australia/NZ",2064,69.7516462727498
"Ambitious-Double LFP-Baseline-Baseline-Baseline","Australia/NZ",2065,69.9827584486229
"Ambitious-Double LFP-Baseline-Baseline-Baseline","Australia/NZ",2066,70.1145909463455
"Ambitious-Double LFP-Baseline-Baseline-Baseline","Australia/NZ",2067,70.1799208789457
"Ambitious-Double LFP-Baseline-Baseline-Baseline","Australia/NZ",2068,70.2048005018999
"Ambitious-Double LFP-Baseline-Baseline-Baseline","Australia/NZ",2069,70.2161422801846
"Ambitious-Double LFP-Baseline-Baseline-Baseline","Australia/NZ",2070,70.2242298846821
"Ambitious-Double LFP-Baseline-Baseline-Baseline","Brazil",2023,0.0185753461890392
"Ambitious-Double LFP-Baseline-Baseline-Baseline","Brazil",2024,0.050517908348666
"Ambitious-Double LFP-Baseline-Baseline-Baseline","Brazil",2025,0.0627722800625363
"Ambitious-Double LFP-Baseline-Baseline-Baseline","Brazil",2026,0.17403433459736
"Ambitious-Double LFP-Baseline-Baseline-Baseline","Brazil",2027,0.349438635267018
"Ambitious-Double LFP-Baseline-Baseline-Baseline","Brazil",2028,0.505523004615104
"Ambitious-Double LFP-Baseline-Baseline-Baseline","Brazil",2029,0.741695345550114
"Ambitious-Double LFP-Baseline-Baseline-Baseline","Brazil",2030,1.08769841505711
"Ambitious-Double LFP-Baseline-Baseline-Baseline","Brazil",2031,1.61971160069719
"Ambitious-Double LFP-Baseline-Baseline-Baseline","Brazil",2032,2.20235309469451
"Ambitious-Double LFP-Baseline-Baseline-Baseline","Brazil",2033,2.95036496056189
"Ambitious-Double LFP-Baseline-Baseline-Baseline","Brazil",2034,3.92567633586809
"Ambitious-Double LFP-Baseline-Baseline-Baseline","Brazil",2035,5.19137337932491
"Ambitious-Double LFP-Baseline-Baseline-Baseline","Brazil",2036,6.81363917908893
"Ambitious-Double LFP-Baseline-Baseline-Baseline","Brazil",2037,8.87223645329327
"Ambitious-Double LFP-Baseline-Baseline-Baseline","Brazil",2038,11.4402188487257
"Ambitious-Double LFP-Baseline-Baseline-Baseline","Brazil",2039,14.711983493086
"Ambitious-Double LFP-Baseline-Baseline-Baseline","Brazil",2040,18.4487406387672
"Ambitious-Double LFP-Baseline-Baseline-Baseline","Brazil",2041,22.8150270413599
"Ambitious-Double LFP-Baseline-Baseline-Baseline","Brazil",2042,27.6536347325026
"Ambitious-Double LFP-Baseline-Baseline-Baseline","Brazil",2043,33.1244813890784
"Ambitious-Double LFP-Baseline-Baseline-Baseline","Brazil",2044,39.2009083600988
"Ambitious-Double LFP-Baseline-Baseline-Baseline","Brazil",2045,45.8527954530354
"Ambitious-Double LFP-Baseline-Baseline-Baseline","Brazil",2046,52.8764057213038
"Ambitious-Double LFP-Baseline-Baseline-Baseline","Brazil",2047,60.6156864321089
"Ambitious-Double LFP-Baseline-Baseline-Baseline","Brazil",2048,69.6610719060506
"Ambitious-Double LFP-Baseline-Baseline-Baseline","Brazil",2049,79.1031866163715
"Ambitious-Double LFP-Baseline-Baseline-Baseline","Brazil",2050,88.831706728724
"Ambitious-Double LFP-Baseline-Baseline-Baseline","Brazil",2051,98.7337672453319
"Ambitious-Double LFP-Baseline-Baseline-Baseline","Brazil",2052,109.15831590943
"Ambitious-Double LFP-Baseline-Baseline-Baseline","Brazil",2053,119.506894468155
"Ambitious-Double LFP-Baseline-Baseline-Baseline","Brazil",2054,129.621391207606
"Ambitious-Double LFP-Baseline-Baseline-Baseline","Brazil",2055,139.354363573414
"Ambitious-Double LFP-Baseline-Baseline-Baseline","Brazil",2056,148.577205535043
"Ambitious-Double LFP-Baseline-Baseline-Baseline","Brazil",2057,157.209503176136
"Ambitious-Double LFP-Baseline-Baseline-Baseline","Brazil",2058,165.170867271689
"Ambitious-Double LFP-Baseline-Baseline-Baseline","Brazil",2059,172.451258878679
"Ambitious-Double LFP-Baseline-Baseline-Baseline","Brazil",2060,179.042320869277
"Ambitious-Double LFP-Baseline-Baseline-Baseline","Brazil",2061,184.959599352349
"Ambitious-Double LFP-Baseline-Baseline-Baseline","Brazil",2062,190.245891633005
"Ambitious-Double LFP-Baseline-Baseline-Baseline","Brazil",2063,194.920927649854
"Ambitious-Double LFP-Baseline-Baseline-Baseline","Brazil",2064,199.034664071661
"Ambitious-Double LFP-Baseline-Baseline-Baseline","Brazil",2065,202.634290261063
"Ambitious-Double LFP-Baseline-Baseline-Baseline","Brazil",2066,205.771024415101
"Ambitious-Double LFP-Baseline-Baseline-Baseline","Brazil",2067,208.516004881542
"Ambitious-Double LFP-Baseline-Baseline-Baseline","Brazil",2068,210.93288311856
"Ambitious-Double LFP-Baseline-Baseline-Baseline","Brazil",2069,213.09409191398
"Ambitious-Double LFP-Baseline-Baseline-Baseline","Brazil",2070,215.068165516401
"Ambitious-Double LFP-Baseline-Baseline-Baseline","Canada",2023,0.121702221075323
"Ambitious-Double LFP-Baseline-Baseline-Baseline","Canada",2024,0.142970434296649
"Ambitious-Double LFP-Baseline-Baseline-Baseline","Canada",2025,0.208344076123819
"Ambitious-Double LFP-Baseline-Baseline-Baseline","Canada",2026,0.313255228831962
"Ambitious-Double LFP-Baseline-Baseline-Baseline","Canada",2027,0.467858718263021
"Ambitious-Double LFP-Baseline-Baseline-Baseline","Canada",2028,0.696494239578198
"Ambitious-Double LFP-Baseline-Baseline-Baseline","Canada",2029,1.04122639545361
"Ambitious-Double LFP-Baseline-Baseline-Baseline","Canada",2030,1.58370873500753
"Ambitious-Double LFP-Baseline-Baseline-Baseline","Canada",2031,2.42683012841424
"Ambitious-Double LFP-Baseline-Baseline-Baseline","Canada",2032,3.03662186652199
"Ambitious-Double LFP-Baseline-Baseline-Baseline","Canada",2033,3.82970851193064
"Ambitious-Double LFP-Baseline-Baseline-Baseline","Canada",2034,4.86482597441753
"Ambitious-Double LFP-Baseline-Baseline-Baseline","Canada",2035,6.20649269288959
"Ambitious-Double LFP-Baseline-Baseline-Baseline","Canada",2036,7.74676623843801
"Ambitious-Double LFP-Baseline-Baseline-Baseline","Canada",2037,9.8678053808688
"Ambitious-Double LFP-Baseline-Baseline-Baseline","Canada",2038,12.2857972164491
"Ambitious-Double LFP-Baseline-Baseline-Baseline","Canada",2039,15.1966154419076
"Ambitious-Double LFP-Baseline-Baseline-Baseline","Canada",2040,18.6191117137741
"Ambitious-Double LFP-Baseline-Baseline-Baseline","Canada",2041,22.5708104887088
"Ambitious-Double LFP-Baseline-Baseline-Baseline","Canada",2042,27.0611885219544
"Ambitious-Double LFP-Baseline-Baseline-Baseline","Canada",2043,31.9385216998057
"Ambitious-Double LFP-Baseline-Baseline-Baseline","Canada",2044,37.0380252776676
"Ambitious-Double LFP-Baseline-Baseline-Baseline","Canada",2045,42.1585585355303
"Ambitious-Double LFP-Baseline-Baseline-Baseline","Canada",2046,47.3187661976608
"Ambitious-Double LFP-Baseline-Baseline-Baseline","Canada",2047,52.7717790472564
"Ambitious-Double LFP-Baseline-Baseline-Baseline","Canada",2048,57.7000666551079
"Ambitious-Double LFP-Baseline-Baseline-Baseline","Canada",2049,62.0116477172216
"Ambitious-Double LFP-Baseline-Baseline-Baseline","Canada",2050,65.6567888016175
"Ambitious-Double LFP-Baseline-Baseline-Baseline","Canada",2051,68.6446390946132
"Ambitious-Double LFP-Baseline-Baseline-Baseline","Canada",2052,71.5369183264599
"Ambitious-Double LFP-Baseline-Baseline-Baseline","Canada",2053,73.9632719839892
"Ambitious-Double LFP-Baseline-Baseline-Baseline","Canada",2054,76.0114725683514
"Ambitious-Double LFP-Baseline-Baseline-Baseline","Canada",2055,77.7373451845571
"Ambitious-Double LFP-Baseline-Baseline-Baseline","Canada",2056,79.1820137703819
"Ambitious-Double LFP-Baseline-Baseline-Baseline","Canada",2057,80.3865838852711
"Ambitious-Double LFP-Baseline-Baseline-Baseline","Canada",2058,81.3700783377276
"Ambitious-Double LFP-Baseline-Baseline-Baseline","Canada",2059,82.1492640826668
"Ambitious-Double LFP-Baseline-Baseline-Baseline","Canada",2060,82.7524816059997
"Ambitious-Double LFP-Baseline-Baseline-Baseline","Canada",2061,83.2022127998275
"Ambitious-Double LFP-Baseline-Baseline-Baseline","Canada",2062,83.5304038787518
"Ambitious-Double LFP-Baseline-Baseline-Baseline","Canada",2063,83.7714801191017
"Ambitious-Double LFP-Baseline-Baseline-Baseline","Canada",2064,83.9505927449962
"Ambitious-Double LFP-Baseline-Baseline-Baseline","Canada",2065,84.0861090284674
"Ambitious-Double LFP-Baseline-Baseline-Baseline","Canada",2066,84.1940882773303
"Ambitious-Double LFP-Baseline-Baseline-Baseline","Canada",2067,84.2802970972928
"Ambitious-Double LFP-Baseline-Baseline-Baseline","Canada",2068,84.3528461610637
"Ambitious-Double LFP-Baseline-Baseline-Baseline","Canada",2069,84.4186164064505
"Ambitious-Double LFP-Baseline-Baseline-Baseline","Canada",2070,84.4709254625759
"Ambitious-Double LFP-Baseline-Baseline-Baseline","China",2023,10.7373479200508
"Ambitious-Double LFP-Baseline-Baseline-Baseline","China",2024,14.3504418677708
"Ambitious-Double LFP-Baseline-Baseline-Baseline","China",2025,22.7009954168972
"Ambitious-Double LFP-Baseline-Baseline-Baseline","China",2026,34.6751989944524
"Ambitious-Double LFP-Baseline-Baseline-Baseline","China",2027,49.5588506142173
"Ambitious-Double LFP-Baseline-Baseline-Baseline","China",2028,69.6320812249731
"Ambitious-Double LFP-Baseline-Baseline-Baseline","China",2029,95.9364746786081
"Ambitious-Double LFP-Baseline-Baseline-Baseline","China",2030,128.264818555236
"Ambitious-Double LFP-Baseline-Baseline-Baseline","China",2031,169.337348490157
"Ambitious-Double LFP-Baseline-Baseline-Baseline","China",2032,217.028902445049
"Ambitious-Double LFP-Baseline-Baseline-Baseline","China",2033,273.274293457097
"Ambitious-Double LFP-Baseline-Baseline-Baseline","China",2034,338.522232093015
"Ambitious-Double LFP-Baseline-Baseline-Baseline","China",2035,412.585375274033
"Ambitious-Double LFP-Baseline-Baseline-Baseline","China",2036,487.482079914266
"Ambitious-Double LFP-Baseline-Baseline-Baseline","China",2037,575.031208991415
"Ambitious-Double LFP-Baseline-Baseline-Baseline","China",2038,670.04068262238
"Ambitious-Double LFP-Baseline-Baseline-Baseline","China",2039,771.669381903517
"Ambitious-Double LFP-Baseline-Baseline-Baseline","China",2040,879.00076596436
"Ambitious-Double LFP-Baseline-Baseline-Baseline","China",2041,990.839761723165
"Ambitious-Double LFP-Baseline-Baseline-Baseline","China",2042,1121.05741025001
"Ambitious-Double LFP-Baseline-Baseline-Baseline","China",2043,1253.119097211
"Ambitious-Double LFP-Baseline-Baseline-Baseline","China",2044,1385.54351357261
"Ambitious-Double LFP-Baseline-Baseline-Baseline","China",2045,1516.32201875154
"Ambitious-Double LFP-Baseline-Baseline-Baseline","China",2046,1643.37619307005
"Ambitious-Double LFP-Baseline-Baseline-Baseline","China",2047,1764.96335942096
"Ambitious-Double LFP-Baseline-Baseline-Baseline","China",2048,1878.84728573915
"Ambitious-Double LFP-Baseline-Baseline-Baseline","China",2049,1983.69243377859
"Ambitious-Double LFP-Baseline-Baseline-Baseline","China",2050,2078.51770608659
"Ambitious-Double LFP-Baseline-Baseline-Baseline","China",2051,2162.94396897323
"Ambitious-Double LFP-Baseline-Baseline-Baseline","China",2052,2247.09570238617
"Ambitious-Double LFP-Baseline-Baseline-Baseline","China",2053,2322.63530793184
"Ambitious-Double LFP-Baseline-Baseline-Baseline","China",2054,2390.64447139369
"Ambitious-Double LFP-Baseline-Baseline-Baseline","China",2055,2452.263925051
"Ambitious-Double LFP-Baseline-Baseline-Baseline","China",2056,2508.54895889343
"Ambitious-Double LFP-Baseline-Baseline-Baseline","China",2057,2560.46023554943
"Ambitious-Double LFP-Baseline-Baseline-Baseline","China",2058,2608.75119085984
"Ambitious-Double LFP-Baseline-Baseline-Baseline","China",2059,2654.03022262921
"Ambitious-Double LFP-Baseline-Baseline-Baseline","China",2060,2696.72367071755
"Ambitious-Double LFP-Baseline-Baseline-Baseline","China",2061,2737.29316611863
"Ambitious-Double LFP-Baseline-Baseline-Baseline","China",2062,2776.00492457698
"Ambitious-Double LFP-Baseline-Baseline-Baseline","China",2063,2812.96480146762
"Ambitious-Double LFP-Baseline-Baseline-Baseline","China",2064,2848.34172639976
"Ambitious-Double LFP-Baseline-Baseline-Baseline","China",2065,2882.28026630862
"Ambitious-Double LFP-Baseline-Baseline-Baseline","China",2066,2914.9993589906
"Ambitious-Double LFP-Baseline-Baseline-Baseline","China",2067,2946.69134329479
"Ambitious-Double LFP-Baseline-Baseline-Baseline","China",2068,2977.71125317093
"Ambitious-Double LFP-Baseline-Baseline-Baseline","China",2069,3008.32305142127
"Ambitious-Double LFP-Baseline-Baseline-Baseline","China",2070,3038.74149006461
"Ambitious-Double LFP-Baseline-Baseline-Baseline","EFTA",2023,0.2768408640546
"Ambitious-Double LFP-Baseline-Baseline-Baseline","EFTA",2024,0.341489760744862
"Ambitious-Double LFP-Baseline-Baseline-Baseline","EFTA",2025,0.401947425259194
"Ambitious-Double LFP-Baseline-Baseline-Baseline","EFTA",2026,0.56336642167206
"Ambitious-Double LFP-Baseline-Baseline-Baseline","EFTA",2027,0.665229308615273
"Ambitious-Double LFP-Baseline-Baseline-Baseline","EFTA",2028,0.829852366394194
"Ambitious-Double LFP-Baseline-Baseline-Baseline","EFTA",2029,1.06430219753653
"Ambitious-Double LFP-Baseline-Baseline-Baseline","EFTA",2030,1.38183910311933
"Ambitious-Double LFP-Baseline-Baseline-Baseline","EFTA",2031,1.79928537544752
"Ambitious-Double LFP-Baseline-Baseline-Baseline","EFTA",2032,2.26472529853004
"Ambitious-Double LFP-Baseline-Baseline-Baseline","EFTA",2033,2.87386676086716
"Ambitious-Double LFP-Baseline-Baseline-Baseline","EFTA",2034,3.57738958610717
"Ambitious-Double LFP-Baseline-Baseline-Baseline","EFTA",2035,4.42828854735313
"Ambitious-Double LFP-Baseline-Baseline-Baseline","EFTA",2036,5.4535858300784
"Ambitious-Double LFP-Baseline-Baseline-Baseline","EFTA",2037,6.56489971119915
"Ambitious-Double LFP-Baseline-Baseline-Baseline","EFTA",2038,7.74297886880708
"Ambitious-Double LFP-Baseline-Baseline-Baseline","EFTA",2039,8.94792987344126
"Ambitious-Double LFP-Baseline-Baseline-Baseline","EFTA",2040,10.1634987643685
"Ambitious-Double LFP-Baseline-Baseline-Baseline","EFTA",2041,11.3771120091884
"Ambitious-Double LFP-Baseline-Baseline-Baseline","EFTA",2042,12.5783508492753
"Ambitious-Double LFP-Baseline-Baseline-Baseline","EFTA",2043,13.7737399638034
"Ambitious-Double LFP-Baseline-Baseline-Baseline","EFTA",2044,14.9740021088049
"Ambitious-Double LFP-Baseline-Baseline-Baseline","EFTA",2045,16.1569354658355
"Ambitious-Double LFP-Baseline-Baseline-Baseline","EFTA",2046,17.3164017189505
"Ambitious-Double LFP-Baseline-Baseline-Baseline","EFTA",2047,18.3170544868229
"Ambitious-Double LFP-Baseline-Baseline-Baseline","EFTA",2048,19.3862453534392
"Ambitious-Double LFP-Baseline-Baseline-Baseline","EFTA",2049,20.3776724068868
"Ambitious-Double LFP-Baseline-Baseline-Baseline","EFTA",2050,21.2793942021324
"Ambitious-Double LFP-Baseline-Baseline-Baseline","EFTA",2051,22.0864143198806
"Ambitious-Double LFP-Baseline-Baseline-Baseline","EFTA",2052,22.8359140360883
"Ambitious-Double LFP-Baseline-Baseline-Baseline","EFTA",2053,23.4974888507526
"Ambitious-Double LFP-Baseline-Baseline-Baseline","EFTA",2054,24.0775027808359
"Ambitious-Double LFP-Baseline-Baseline-Baseline","EFTA",2055,24.585130070289
"Ambitious-Double LFP-Baseline-Baseline-Baseline","EFTA",2056,25.0223956267911
"Ambitious-Double LFP-Baseline-Baseline-Baseline","EFTA",2057,25.3972688232675
"Ambitious-Double LFP-Baseline-Baseline-Baseline","EFTA",2058,25.7166025231122
"Ambitious-Double LFP-Baseline-Baseline-Baseline","EFTA",2059,25.9910397456112
"Ambitious-Double LFP-Baseline-Baseline-Baseline","EFTA",2060,26.2259565251593
"Ambitious-Double LFP-Baseline-Baseline-Baseline","EFTA",2061,26.4270337405886
"Ambitious-Double LFP-Baseline-Baseline-Baseline","EFTA",2062,26.6002851648636
"Ambitious-Double LFP-Baseline-Baseline-Baseline","EFTA",2063,26.7569746616319
"Ambitious-Double LFP-Baseline-Baseline-Baseline","EFTA",2064,26.9007257513971
"Ambitious-Double LFP-Baseline-Baseline-Baseline","EFTA",2065,27.0373589444958
"Ambitious-Double LFP-Baseline-Baseline-Baseline","EFTA",2066,27.1681011027996
"Ambitious-Double LFP-Baseline-Baseline-Baseline","EFTA",2067,27.296578431615
"Ambitious-Double LFP-Baseline-Baseline-Baseline","EFTA",2068,27.4224345499434
"Ambitious-Double LFP-Baseline-Baseline-Baseline","EFTA",2069,27.5480318022933
"Ambitious-Double LFP-Baseline-Baseline-Baseline","EFTA",2070,27.6734483804601
"Ambitious-Double LFP-Baseline-Baseline-Baseline","European Union",2023,1.50374940730139
"Ambitious-Double LFP-Baseline-Baseline-Baseline","European Union",2024,2.87099056416616
"Ambitious-Double LFP-Baseline-Baseline-Baseline","European Union",2025,4.34652978354131
"Ambitious-Double LFP-Baseline-Baseline-Baseline","European Union",2026,7.09123659558823
"Ambitious-Double LFP-Baseline-Baseline-Baseline","European Union",2027,10.4572518196365
"Ambitious-Double LFP-Baseline-Baseline-Baseline","European Union",2028,14.9142595753143
"Ambitious-Double LFP-Baseline-Baseline-Baseline","European Union",2029,20.7652217833123
"Ambitious-Double LFP-Baseline-Baseline-Baseline","European Union",2030,27.6989401320842
"Ambitious-Double LFP-Baseline-Baseline-Baseline","European Union",2031,36.5988112275357
"Ambitious-Double LFP-Baseline-Baseline-Baseline","European Union",2032,46.4995017677058
"Ambitious-Double LFP-Baseline-Baseline-Baseline","European Union",2033,58.5259983847942
"Ambitious-Double LFP-Baseline-Baseline-Baseline","European Union",2034,74.0410600211993
"Ambitious-Double LFP-Baseline-Baseline-Baseline","European Union",2035,93.9014269637438
"Ambitious-Double LFP-Baseline-Baseline-Baseline","European Union",2036,118.9168529902
"Ambitious-Double LFP-Baseline-Baseline-Baseline","European Union",2037,149.8727200256
"Ambitious-Double LFP-Baseline-Baseline-Baseline","European Union",2038,187.369002044498
"Ambitious-Double LFP-Baseline-Baseline-Baseline","European Union",2039,231.150989931262
"Ambitious-Double LFP-Baseline-Baseline-Baseline","European Union",2040,282.168412922674
"Ambitious-Double LFP-Baseline-Baseline-Baseline","European Union",2041,340.248327494877
"Ambitious-Double LFP-Baseline-Baseline-Baseline","European Union",2042,403.231347808476
"Ambitious-Double LFP-Baseline-Baseline-Baseline","European Union",2043,467.572224052199
"Ambitious-Double LFP-Baseline-Baseline-Baseline","European Union",2044,530.660107041598
"Ambitious-Double LFP-Baseline-Baseline-Baseline","European Union",2045,590.673270410842
"Ambitious-Double LFP-Baseline-Baseline-Baseline","European Union",2046,645.750439899028
"Ambitious-Double LFP-Baseline-Baseline-Baseline","European Union",2047,695.900565830984
"Ambitious-Double LFP-Baseline-Baseline-Baseline","European Union",2048,740.853500299449
"Ambitious-Double LFP-Baseline-Baseline-Baseline","European Union",2049,780.947065796131
"Ambitious-Double LFP-Baseline-Baseline-Baseline","European Union",2050,816.872847537288
"Ambitious-Double LFP-Baseline-Baseline-Baseline","European Union",2051,848.804250010432
"Ambitious-Double LFP-Baseline-Baseline-Baseline","European Union",2052,881.466581567005
"Ambitious-Double LFP-Baseline-Baseline-Baseline","European Union",2053,912.063907860419
"Ambitious-Double LFP-Baseline-Baseline-Baseline","European Union",2054,940.779045685372
"Ambitious-Double LFP-Baseline-Baseline-Baseline","European Union",2055,967.541723413334
"Ambitious-Double LFP-Baseline-Baseline-Baseline","European Union",2056,992.323332271956
"Ambitious-Double LFP-Baseline-Baseline-Baseline","European Union",2057,1015.07607074112
"Ambitious-Double LFP-Baseline-Baseline-Baseline","European Union",2058,1035.8167255112
"Ambitious-Double LFP-Baseline-Baseline-Baseline","European Union",2059,1054.78346022001
"Ambitious-Double LFP-Baseline-Baseline-Baseline","European Union",2060,1072.24491337993
"Ambitious-Double LFP-Baseline-Baseline-Baseline","European Union",2061,1088.54779841446
"Ambitious-Double LFP-Baseline-Baseline-Baseline","European Union",2062,1103.94394195875
"Ambitious-Double LFP-Baseline-Baseline-Baseline","European Union",2063,1118.62353583301
"Ambitious-Double LFP-Baseline-Baseline-Baseline","European Union",2064,1132.65512357028
"Ambitious-Double LFP-Baseline-Baseline-Baseline","European Union",2065,1145.9945097337
"Ambitious-Double LFP-Baseline-Baseline-Baseline","European Union",2066,1158.59454916555
"Ambitious-Double LFP-Baseline-Baseline-Baseline","European Union",2067,1170.43043074823
"Ambitious-Double LFP-Baseline-Baseline-Baseline","European Union",2068,1181.5117338346
"Ambitious-Double LFP-Baseline-Baseline-Baseline","European Union",2069,1191.92820898474
"Ambitious-Double LFP-Baseline-Baseline-Baseline","European Union",2070,1201.80146035945
"Ambitious-Double LFP-Baseline-Baseline-Baseline","India",2023,0.112419107312472
"Ambitious-Double LFP-Baseline-Baseline-Baseline","India",2024,0.324519609307984
"Ambitious-Double LFP-Baseline-Baseline-Baseline","India",2025,0.559905609514648
"Ambitious-Double LFP-Baseline-Baseline-Baseline","India",2026,0.863523737891615
"Ambitious-Double LFP-Baseline-Baseline-Baseline","India",2027,1.4241795902356
"Ambitious-Double LFP-Baseline-Baseline-Baseline","India",2028,2.40958221173817
"Ambitious-Double LFP-Baseline-Baseline-Baseline","India",2029,3.77847635442013
"Ambitious-Double LFP-Baseline-Baseline-Baseline","India",2030,5.58914425799192
"Ambitious-Double LFP-Baseline-Baseline-Baseline","India",2031,8.06227746558898
"Ambitious-Double LFP-Baseline-Baseline-Baseline","India",2032,10.8742553452955
"Ambitious-Double LFP-Baseline-Baseline-Baseline","India",2033,14.449726205624
"Ambitious-Double LFP-Baseline-Baseline-Baseline","India",2034,18.9530412027491
"Ambitious-Double LFP-Baseline-Baseline-Baseline","India",2035,24.4960874565541
"Ambitious-Double LFP-Baseline-Baseline-Baseline","India",2036,31.142166869815
"Ambitious-Double LFP-Baseline-Baseline-Baseline","India",2037,38.7639697284465
"Ambitious-Double LFP-Baseline-Baseline-Baseline","India",2038,47.4478860407352
"Ambitious-Double LFP-Baseline-Baseline-Baseline","India",2039,57.1713581405162
"Ambitious-Double LFP-Baseline-Baseline-Baseline","India",2040,67.8867641446357
"Ambitious-Double LFP-Baseline-Baseline-Baseline","India",2041,79.6935590117301
"Ambitious-Double LFP-Baseline-Baseline-Baseline","India",2042,91.9945415650751
"Ambitious-Double LFP-Baseline-Baseline-Baseline","India",2043,104.950877288692
"Ambitious-Double LFP-Baseline-Baseline-Baseline","India",2044,118.380376954894
"Ambitious-Double LFP-Baseline-Baseline-Baseline","India",2045,132.087503924518
"Ambitious-Double LFP-Baseline-Baseline-Baseline","India",2046,145.840592636475
"Ambitious-Double LFP-Baseline-Baseline-Baseline","India",2047,159.447245239274
"Ambitious-Double LFP-Baseline-Baseline-Baseline","India",2048,172.729780290006
"Ambitious-Double LFP-Baseline-Baseline-Baseline","India",2049,185.547232971693
"Ambitious-Double LFP-Baseline-Baseline-Baseline","India",2050,197.805390963502
"Ambitious-Double LFP-Baseline-Baseline-Baseline","India",2051,209.462223286543
"Ambitious-Double LFP-Baseline-Baseline-Baseline","India",2052,220.359570080133
"Ambitious-Double LFP-Baseline-Baseline-Baseline","India",2053,230.627363513046
"Ambitious-Double LFP-Baseline-Baseline-Baseline","India",2054,240.273809582899
"Ambitious-Double LFP-Baseline-Baseline-Baseline","India",2055,249.301673911373
"Ambitious-Double LFP-Baseline-Baseline-Baseline","India",2056,258.798521324297
"Ambitious-Double LFP-Baseline-Baseline-Baseline","India",2057,267.953610316754
"Ambitious-Double LFP-Baseline-Baseline-Baseline","India",2058,276.401251345225
"Ambitious-Double LFP-Baseline-Baseline-Baseline","India",2059,284.180134607455
"Ambitious-Double LFP-Baseline-Baseline-Baseline","India",2060,291.358885655
"Ambitious-Double LFP-Baseline-Baseline-Baseline","India",2061,297.99392914654
"Ambitious-Double LFP-Baseline-Baseline-Baseline","India",2062,304.169834721393
"Ambitious-Double LFP-Baseline-Baseline-Baseline","India",2063,309.922822042758
"Ambitious-Double LFP-Baseline-Baseline-Baseline","India",2064,315.303602715461
"Ambitious-Double LFP-Baseline-Baseline-Baseline","India",2065,320.338544709268
"Ambitious-Double LFP-Baseline-Baseline-Baseline","India",2066,325.058686202985
"Ambitious-Double LFP-Baseline-Baseline-Baseline","India",2067,329.493510544601
"Ambitious-Double LFP-Baseline-Baseline-Baseline","India",2068,333.694607786896
"Ambitious-Double LFP-Baseline-Baseline-Baseline","India",2069,337.704836416975
"Ambitious-Double LFP-Baseline-Baseline-Baseline","India",2070,341.566632994193
"Ambitious-Double LFP-Baseline-Baseline-Baseline","Japan",2023,0.100955465344981
"Ambitious-Double LFP-Baseline-Baseline-Baseline","Japan",2024,0.418698931095826
"Ambitious-Double LFP-Baseline-Baseline-Baseline","Japan",2025,0.490877376167989
"Ambitious-Double LFP-Baseline-Baseline-Baseline","Japan",2026,0.582059410206104
"Ambitious-Double LFP-Baseline-Baseline-Baseline","Japan",2027,0.711420905916793
"Ambitious-Double LFP-Baseline-Baseline-Baseline","Japan",2028,1.008256027997
"Ambitious-Double LFP-Baseline-Baseline-Baseline","Japan",2029,1.32378617694652
"Ambitious-Double LFP-Baseline-Baseline-Baseline","Japan",2030,2.29603932308415
"Ambitious-Double LFP-Baseline-Baseline-Baseline","Japan",2031,3.63876555509127
"Ambitious-Double LFP-Baseline-Baseline-Baseline","Japan",2032,4.58630002910158
"Ambitious-Double LFP-Baseline-Baseline-Baseline","Japan",2033,5.82704770038552
"Ambitious-Double LFP-Baseline-Baseline-Baseline","Japan",2034,7.46876647248058
"Ambitious-Double LFP-Baseline-Baseline-Baseline","Japan",2035,9.66272435780755
"Ambitious-Double LFP-Baseline-Baseline-Baseline","Japan",2036,12.4526264328659
"Ambitious-Double LFP-Baseline-Baseline-Baseline","Japan",2037,15.728322310847
"Ambitious-Double LFP-Baseline-Baseline-Baseline","Japan",2038,19.8954013911981
"Ambitious-Double LFP-Baseline-Baseline-Baseline","Japan",2039,24.3984941805729
"Ambitious-Double LFP-Baseline-Baseline-Baseline","Japan",2040,29.5212329004244
"Ambitious-Double LFP-Baseline-Baseline-Baseline","Japan",2041,34.1276198204756
"Ambitious-Double LFP-Baseline-Baseline-Baseline","Japan",2042,40.7380661371138
"Ambitious-Double LFP-Baseline-Baseline-Baseline","Japan",2043,48.1660647628365
"Ambitious-Double LFP-Baseline-Baseline-Baseline","Japan",2044,56.272465604648
"Ambitious-Double LFP-Baseline-Baseline-Baseline","Japan",2045,64.7541679588016
"Ambitious-Double LFP-Baseline-Baseline-Baseline","Japan",2046,73.2225418714658
"Ambitious-Double LFP-Baseline-Baseline-Baseline","Japan",2047,81.3274462935702
"Ambitious-Double LFP-Baseline-Baseline-Baseline","Japan",2048,88.7997879754064
"Ambitious-Double LFP-Baseline-Baseline-Baseline","Japan",2049,95.5136631773076
"Ambitious-Double LFP-Baseline-Baseline-Baseline","Japan",2050,101.543528206175
"Ambitious-Double LFP-Baseline-Baseline-Baseline","Japan",2051,107.258471056686
"Ambitious-Double LFP-Baseline-Baseline-Baseline","Japan",2052,112.937248442876
"Ambitious-Double LFP-Baseline-Baseline-Baseline","Japan",2053,117.742334149239
"Ambitious-Double LFP-Baseline-Baseline-Baseline","Japan",2054,121.770274348581
"Ambitious-Double LFP-Baseline-Baseline-Baseline","Japan",2055,125.090468387744
"Ambitious-Double LFP-Baseline-Baseline-Baseline","Japan",2056,127.767936180991
"Ambitious-Double LFP-Baseline-Baseline-Baseline","Japan",2057,129.856881991636
"Ambitious-Double LFP-Baseline-Baseline-Baseline","Japan",2058,131.403071473024
"Ambitious-Double LFP-Baseline-Baseline-Baseline","Japan",2059,132.449999162697
"Ambitious-Double LFP-Baseline-Baseline-Baseline","Japan",2060,133.040954326886
"Ambitious-Double LFP-Baseline-Baseline-Baseline","Japan",2061,133.27283863052
"Ambitious-Double LFP-Baseline-Baseline-Baseline","Japan",2062,133.209172415331
"Ambitious-Double LFP-Baseline-Baseline-Baseline","Japan",2063,132.959211548714
"Ambitious-Double LFP-Baseline-Baseline-Baseline","Japan",2064,132.596655586987
"Ambitious-Double LFP-Baseline-Baseline-Baseline","Japan",2065,132.166957003556
"Ambitious-Double LFP-Baseline-Baseline-Baseline","Japan",2066,131.710468837407
"Ambitious-Double LFP-Baseline-Baseline-Baseline","Japan",2067,131.24258731958
"Ambitious-Double LFP-Baseline-Baseline-Baseline","Japan",2068,130.77908387721
"Ambitious-Double LFP-Baseline-Baseline-Baseline","Japan",2069,130.320991611847
"Ambitious-Double LFP-Baseline-Baseline-Baseline","Japan",2070,129.870381522392
"Ambitious-Double LFP-Baseline-Baseline-Baseline","Mexico",2023,0.0312948282293928
"Ambitious-Double LFP-Baseline-Baseline-Baseline","Mexico",2024,0.0973970356983787
"Ambitious-Double LFP-Baseline-Baseline-Baseline","Mexico",2025,0.099351635076383
"Ambitious-Double LFP-Baseline-Baseline-Baseline","Mexico",2026,0.137187188508754
"Ambitious-Double LFP-Baseline-Baseline-Baseline","Mexico",2027,0.183959232867723
"Ambitious-Double LFP-Baseline-Baseline-Baseline","Mexico",2028,0.297134957512614
"Ambitious-Double LFP-Baseline-Baseline-Baseline","Mexico",2029,0.539232443549332
"Ambitious-Double LFP-Baseline-Baseline-Baseline","Mexico",2030,1.04174177862068
"Ambitious-Double LFP-Baseline-Baseline-Baseline","Mexico",2031,1.78790671010454
"Ambitious-Double LFP-Baseline-Baseline-Baseline","Mexico",2032,2.21658844581333
"Ambitious-Double LFP-Baseline-Baseline-Baseline","Mexico",2033,2.76782921310626
"Ambitious-Double LFP-Baseline-Baseline-Baseline","Mexico",2034,3.48857621303285
"Ambitious-Double LFP-Baseline-Baseline-Baseline","Mexico",2035,4.42844158429315
"Ambitious-Double LFP-Baseline-Baseline-Baseline","Mexico",2036,5.64548007919169
"Ambitious-Double LFP-Baseline-Baseline-Baseline","Mexico",2037,7.10069413743045
"Ambitious-Double LFP-Baseline-Baseline-Baseline","Mexico",2038,8.9458455624292
"Ambitious-Double LFP-Baseline-Baseline-Baseline","Mexico",2039,11.2577488044568
"Ambitious-Double LFP-Baseline-Baseline-Baseline","Mexico",2040,14.1428209027267
"Ambitious-Double LFP-Baseline-Baseline-Baseline","Mexico",2041,17.7810748273214
"Ambitious-Double LFP-Baseline-Baseline-Baseline","Mexico",2042,22.0807070870071
"Ambitious-Double LFP-Baseline-Baseline-Baseline","Mexico",2043,27.114570977145
"Ambitious-Double LFP-Baseline-Baseline-Baseline","Mexico",2044,32.7642188672385
"Ambitious-Double LFP-Baseline-Baseline-Baseline","Mexico",2045,39.4939730071016
"Ambitious-Double LFP-Baseline-Baseline-Baseline","Mexico",2046,46.6506995892911
"Ambitious-Double LFP-Baseline-Baseline-Baseline","Mexico",2047,53.9894715972853
"Ambitious-Double LFP-Baseline-Baseline-Baseline","Mexico",2048,61.1152667984606
"Ambitious-Double LFP-Baseline-Baseline-Baseline","Mexico",2049,67.8727008558376
"Ambitious-Double LFP-Baseline-Baseline-Baseline","Mexico",2050,74.1656390544132
"Ambitious-Double LFP-Baseline-Baseline-Baseline","Mexico",2051,79.9537841166882
"Ambitious-Double LFP-Baseline-Baseline-Baseline","Mexico",2052,85.5281549061291
"Ambitious-Double LFP-Baseline-Baseline-Baseline","Mexico",2053,90.6776249669901
"Ambitious-Double LFP-Baseline-Baseline-Baseline","Mexico",2054,95.4309339319889
"Ambitious-Double LFP-Baseline-Baseline-Baseline","Mexico",2055,99.8180694796901
"Ambitious-Double LFP-Baseline-Baseline-Baseline","Mexico",2056,103.848070787886
"Ambitious-Double LFP-Baseline-Baseline-Baseline","Mexico",2057,107.536354061081
"Ambitious-Double LFP-Baseline-Baseline-Baseline","Mexico",2058,110.880647994265
"Ambitious-Double LFP-Baseline-Baseline-Baseline","Mexico",2059,113.884658132297
"Ambitious-Double LFP-Baseline-Baseline-Baseline","Mexico",2060,116.56162804735
"Ambitious-Double LFP-Baseline-Baseline-Baseline","Mexico",2061,118.955595827958
"Ambitious-Double LFP-Baseline-Baseline-Baseline","Mexico",2062,121.08470012415
"Ambitious-Double LFP-Baseline-Baseline-Baseline","Mexico",2063,122.99867723473
"Ambitious-Double LFP-Baseline-Baseline-Baseline","Mexico",2064,124.723078748257
"Ambitious-Double LFP-Baseline-Baseline-Baseline","Mexico",2065,126.287919841204
"Ambitious-Double LFP-Baseline-Baseline-Baseline","Mexico",2066,127.708384686264
"Ambitious-Double LFP-Baseline-Baseline-Baseline","Mexico",2067,129.005425961678
"Ambitious-Double LFP-Baseline-Baseline-Baseline","Mexico",2068,130.202689891923
"Ambitious-Double LFP-Baseline-Baseline-Baseline","Mexico",2069,131.323095035017
"Ambitious-Double LFP-Baseline-Baseline-Baseline","Mexico",2070,132.384223422255
"Ambitious-Double LFP-Baseline-Baseline-Baseline","Middle East",2023,0.130580773119928
"Ambitious-Double LFP-Baseline-Baseline-Baseline","Middle East",2024,0.207266327758639
"Ambitious-Double LFP-Baseline-Baseline-Baseline","Middle East",2025,0.284296406401436
"Ambitious-Double LFP-Baseline-Baseline-Baseline","Middle East",2026,0.419787453152954
"Ambitious-Double LFP-Baseline-Baseline-Baseline","Middle East",2027,0.649437386586059
"Ambitious-Double LFP-Baseline-Baseline-Baseline","Middle East",2028,1.03810000706939
"Ambitious-Double LFP-Baseline-Baseline-Baseline","Middle East",2029,1.64678648118375
"Ambitious-Double LFP-Baseline-Baseline-Baseline","Middle East",2030,2.67594713790908
"Ambitious-Double LFP-Baseline-Baseline-Baseline","Middle East",2031,4.46655446613786
"Ambitious-Double LFP-Baseline-Baseline-Baseline","Middle East",2032,6.16530971703445
"Ambitious-Double LFP-Baseline-Baseline-Baseline","Middle East",2033,8.4059884543578
"Ambitious-Double LFP-Baseline-Baseline-Baseline","Middle East",2034,11.3259028503423
"Ambitious-Double LFP-Baseline-Baseline-Baseline","Middle East",2035,15.1709389557944
"Ambitious-Double LFP-Baseline-Baseline-Baseline","Middle East",2036,19.7739406815421
"Ambitious-Double LFP-Baseline-Baseline-Baseline","Middle East",2037,25.4787625757203
"Ambitious-Double LFP-Baseline-Baseline-Baseline","Middle East",2038,32.4053358762707
"Ambitious-Double LFP-Baseline-Baseline-Baseline","Middle East",2039,40.6302555356232
"Ambitious-Double LFP-Baseline-Baseline-Baseline","Middle East",2040,50.2793224153075
"Ambitious-Double LFP-Baseline-Baseline-Baseline","Middle East",2041,61.6529311741363
"Ambitious-Double LFP-Baseline-Baseline-Baseline","Middle East",2042,74.3351511316444
"Ambitious-Double LFP-Baseline-Baseline-Baseline","Middle East",2043,88.7915664620832
"Ambitious-Double LFP-Baseline-Baseline-Baseline","Middle East",2044,104.973946441688
"Ambitious-Double LFP-Baseline-Baseline-Baseline","Middle East",2045,122.959491060471
"Ambitious-Double LFP-Baseline-Baseline-Baseline","Middle East",2046,142.281929702404
"Ambitious-Double LFP-Baseline-Baseline-Baseline","Middle East",2047,162.443562239598
"Ambitious-Double LFP-Baseline-Baseline-Baseline","Middle East",2048,184.229120297226
"Ambitious-Double LFP-Baseline-Baseline-Baseline","Middle East",2049,206.785655703178
"Ambitious-Double LFP-Baseline-Baseline-Baseline","Middle East",2050,229.308640740568
"Ambitious-Double LFP-Baseline-Baseline-Baseline","Middle East",2051,251.480677840227
"Ambitious-Double LFP-Baseline-Baseline-Baseline","Middle East",2052,274.249631085896
"Ambitious-Double LFP-Baseline-Baseline-Baseline","Middle East",2053,296.614237478896
"Ambitious-Double LFP-Baseline-Baseline-Baseline","Middle East",2054,318.121018258204
"Ambitious-Double LFP-Baseline-Baseline-Baseline","Middle East",2055,338.571064547663
"Ambitious-Double LFP-Baseline-Baseline-Baseline","Middle East",2056,357.79826582802
"Ambitious-Double LFP-Baseline-Baseline-Baseline","Middle East",2057,375.663630879206
"Ambitious-Double LFP-Baseline-Baseline-Baseline","Middle East",2058,392.070681657599
"Ambitious-Double LFP-Baseline-Baseline-Baseline","Middle East",2059,406.992666317416
"Ambitious-Double LFP-Baseline-Baseline-Baseline","Middle East",2060,420.455760492978
"Ambitious-Double LFP-Baseline-Baseline-Baseline","Middle East",2061,432.552358916267
"Ambitious-Double LFP-Baseline-Baseline-Baseline","Middle East",2062,443.412254060057
"Ambitious-Double LFP-Baseline-Baseline-Baseline","Middle East",2063,453.167934198888
"Ambitious-Double LFP-Baseline-Baseline-Baseline","Middle East",2064,461.948062017704
"Ambitious-Double LFP-Baseline-Baseline-Baseline","Middle East",2065,469.871278862417
"Ambitious-Double LFP-Baseline-Baseline-Baseline","Middle East",2066,477.042457707552
"Ambitious-Double LFP-Baseline-Baseline-Baseline","Middle East",2067,483.571803236741
"Ambitious-Double LFP-Baseline-Baseline-Baseline","Middle East",2068,489.582136625237
"Ambitious-Double LFP-Baseline-Baseline-Baseline","Middle East",2069,495.171984492572
"Ambitious-Double LFP-Baseline-Baseline-Baseline","Middle East",2070,500.438877759618
"Ambitious-Double LFP-Baseline-Baseline-Baseline","Other Asia Pacific",2023,0.0309477204260943
"Ambitious-Double LFP-Baseline-Baseline-Baseline","Other Asia Pacific",2024,0.0412004173221768
"Ambitious-Double LFP-Baseline-Baseline-Baseline","Other Asia Pacific",2025,0.0947126543205454
"Ambitious-Double LFP-Baseline-Baseline-Baseline","Other Asia Pacific",2026,0.111624533403348
"Ambitious-Double LFP-Baseline-Baseline-Baseline","Other Asia Pacific",2027,0.178970823176418
"Ambitious-Double LFP-Baseline-Baseline-Baseline","Other Asia Pacific",2028,0.319247678063294
"Ambitious-Double LFP-Baseline-Baseline-Baseline","Other Asia Pacific",2029,0.579805812944529
"Ambitious-Double LFP-Baseline-Baseline-Baseline","Other Asia Pacific",2030,1.0682825094999
"Ambitious-Double LFP-Baseline-Baseline-Baseline","Other Asia Pacific",2031,2.0107945758046
"Ambitious-Double LFP-Baseline-Baseline-Baseline","Other Asia Pacific",2032,2.92367574003501
"Ambitious-Double LFP-Baseline-Baseline-Baseline","Other Asia Pacific",2033,4.1915598018914
"Ambitious-Double LFP-Baseline-Baseline-Baseline","Other Asia Pacific",2034,5.92699042554112
"Ambitious-Double LFP-Baseline-Baseline-Baseline","Other Asia Pacific",2035,8.18148089826669
"Ambitious-Double LFP-Baseline-Baseline-Baseline","Other Asia Pacific",2036,11.0893555266077
"Ambitious-Double LFP-Baseline-Baseline-Baseline","Other Asia Pacific",2037,14.6177676567964
"Ambitious-Double LFP-Baseline-Baseline-Baseline","Other Asia Pacific",2038,18.8582027151632
"Ambitious-Double LFP-Baseline-Baseline-Baseline","Other Asia Pacific",2039,23.8270027678096
"Ambitious-Double LFP-Baseline-Baseline-Baseline","Other Asia Pacific",2040,29.5217705844909
"Ambitious-Double LFP-Baseline-Baseline-Baseline","Other Asia Pacific",2041,36.0786490018356
"Ambitious-Double LFP-Baseline-Baseline-Baseline","Other Asia Pacific",2042,43.1972413081215
"Ambitious-Double LFP-Baseline-Baseline-Baseline","Other Asia Pacific",2043,51.1844476331567
"Ambitious-Double LFP-Baseline-Baseline-Baseline","Other Asia Pacific",2044,60.0373560263154
"Ambitious-Double LFP-Baseline-Baseline-Baseline","Other Asia Pacific",2045,69.6536649766705
"Ambitious-Double LFP-Baseline-Baseline-Baseline","Other Asia Pacific",2046,81.274041735326
"Ambitious-Double LFP-Baseline-Baseline-Baseline","Other Asia Pacific",2047,92.8414184504404
"Ambitious-Double LFP-Baseline-Baseline-Baseline","Other Asia Pacific",2048,104.898805949938
"Ambitious-Double LFP-Baseline-Baseline-Baseline","Other Asia Pacific",2049,117.391936896932
"Ambitious-Double LFP-Baseline-Baseline-Baseline","Other Asia Pacific",2050,130.21315631559
"Ambitious-Double LFP-Baseline-Baseline-Baseline","Other Asia Pacific",2051,143.305071118633
"Ambitious-Double LFP-Baseline-Baseline-Baseline","Other Asia Pacific",2052,156.62732007803
"Ambitious-Double LFP-Baseline-Baseline-Baseline","Other Asia Pacific",2053,169.890262926203
"Ambitious-Double LFP-Baseline-Baseline-Baseline","Other Asia Pacific",2054,182.975565039539
"Ambitious-Double LFP-Baseline-Baseline-Baseline","Other Asia Pacific",2055,195.753994758201
"Ambitious-Double LFP-Baseline-Baseline-Baseline","Other Asia Pacific",2056,208.10791252701
"Ambitious-Double LFP-Baseline-Baseline-Baseline","Other Asia Pacific",2057,219.952935409261
"Ambitious-Double LFP-Baseline-Baseline-Baseline","Other Asia Pacific",2058,231.185447729338
"Ambitious-Double LFP-Baseline-Baseline-Baseline","Other Asia Pacific",2059,241.765242176808
"Ambitious-Double LFP-Baseline-Baseline-Baseline","Other Asia Pacific",2060,251.661093985567
"Ambitious-Double LFP-Baseline-Baseline-Baseline","Other Asia Pacific",2061,260.946876203219
"Ambitious-Double LFP-Baseline-Baseline-Baseline","Other Asia Pacific",2062,269.575067818724
"Ambitious-Double LFP-Baseline-Baseline-Baseline","Other Asia Pacific",2063,277.522140306286
"Ambitious-Double LFP-Baseline-Baseline-Baseline","Other Asia Pacific",2064,284.800549494188
"Ambitious-Double LFP-Baseline-Baseline-Baseline","Other Asia Pacific",2065,291.421793729813
"Ambitious-Double LFP-Baseline-Baseline-Baseline","Other Asia Pacific",2066,297.401738461577
"Ambitious-Double LFP-Baseline-Baseline-Baseline","Other Asia Pacific",2067,302.793363994954
"Ambitious-Double LFP-Baseline-Baseline-Baseline","Other Asia Pacific",2068,307.664539334331
"Ambitious-Double LFP-Baseline-Baseline-Baseline","Other Asia Pacific",2069,312.104716814339
"Ambitious-Double LFP-Baseline-Baseline-Baseline","Other Asia Pacific",2070,316.195729641032
"Ambitious-Double LFP-Baseline-Baseline-Baseline","Other Europe",2023,0.0867575243301104
"Ambitious-Double LFP-Baseline-Baseline-Baseline","Other Europe",2024,0.161373047749538
"Ambitious-Double LFP-Baseline-Baseline-Baseline","Other Europe",2025,0.203236366773235
"Ambitious-Double LFP-Baseline-Baseline-Baseline","Other Europe",2026,0.27058051867092
"Ambitious-Double LFP-Baseline-Baseline-Baseline","Other Europe",2027,0.388293216789591
"Ambitious-Double LFP-Baseline-Baseline-Baseline","Other Europe",2028,0.647097089648142
"Ambitious-Double LFP-Baseline-Baseline-Baseline","Other Europe",2029,1.10110301060698
"Ambitious-Double LFP-Baseline-Baseline-Baseline","Other Europe",2030,1.91143040585198
"Ambitious-Double LFP-Baseline-Baseline-Baseline","Other Europe",2031,3.41331336297427
"Ambitious-Double LFP-Baseline-Baseline-Baseline","Other Europe",2032,4.76391406188129
"Ambitious-Double LFP-Baseline-Baseline-Baseline","Other Europe",2033,6.56904105755758
"Ambitious-Double LFP-Baseline-Baseline-Baseline","Other Europe",2034,8.95720871912133
"Ambitious-Double LFP-Baseline-Baseline-Baseline","Other Europe",2035,12.2532307099366
"Ambitious-Double LFP-Baseline-Baseline-Baseline","Other Europe",2036,16.1741010700638
"Ambitious-Double LFP-Baseline-Baseline-Baseline","Other Europe",2037,20.804200755414
"Ambitious-Double LFP-Baseline-Baseline-Baseline","Other Europe",2038,26.1035834329138
"Ambitious-Double LFP-Baseline-Baseline-Baseline","Other Europe",2039,32.0876536392113
"Ambitious-Double LFP-Baseline-Baseline-Baseline","Other Europe",2040,38.7214228363336
"Ambitious-Double LFP-Baseline-Baseline-Baseline","Other Europe",2041,46.1047197674011
"Ambitious-Double LFP-Baseline-Baseline-Baseline","Other Europe",2042,54.0104478509901
"Ambitious-Double LFP-Baseline-Baseline-Baseline","Other Europe",2043,62.6714602846891
"Ambitious-Double LFP-Baseline-Baseline-Baseline","Other Europe",2044,72.1208693850876
"Ambitious-Double LFP-Baseline-Baseline-Baseline","Other Europe",2045,82.2737363010088
"Ambitious-Double LFP-Baseline-Baseline-Baseline","Other Europe",2046,92.9906644335954
"Ambitious-Double LFP-Baseline-Baseline-Baseline","Other Europe",2047,104.188571762399
"Ambitious-Double LFP-Baseline-Baseline-Baseline","Other Europe",2048,115.643223439536
"Ambitious-Double LFP-Baseline-Baseline-Baseline","Other Europe",2049,127.05422486872
"Ambitious-Double LFP-Baseline-Baseline-Baseline","Other Europe",2050,138.2402808967
"Ambitious-Double LFP-Baseline-Baseline-Baseline","Other Europe",2051,149.082311473309
"Ambitious-Double LFP-Baseline-Baseline-Baseline","Other Europe",2052,159.617030281693
"Ambitious-Double LFP-Baseline-Baseline-Baseline","Other Europe",2053,169.643570871176
"Ambitious-Double LFP-Baseline-Baseline-Baseline","Other Europe",2054,179.07293455003
"Ambitious-Double LFP-Baseline-Baseline-Baseline","Other Europe",2055,187.830852401765
"Ambitious-Double LFP-Baseline-Baseline-Baseline","Other Europe",2056,195.853883650639
"Ambitious-Double LFP-Baseline-Baseline-Baseline","Other Europe",2057,203.117894977636
"Ambitious-Double LFP-Baseline-Baseline-Baseline","Other Europe",2058,209.778980706947
"Ambitious-Double LFP-Baseline-Baseline-Baseline","Other Europe",2059,216.026944227759
"Ambitious-Double LFP-Baseline-Baseline-Baseline","Other Europe",2060,221.464969628112
"Ambitious-Double LFP-Baseline-Baseline-Baseline","Other Europe",2061,226.159912464611
"Ambitious-Double LFP-Baseline-Baseline-Baseline","Other Europe",2062,230.193547386785
"Ambitious-Double LFP-Baseline-Baseline-Baseline","Other Europe",2063,233.625715274914
"Ambitious-Double LFP-Baseline-Baseline-Baseline","Other Europe",2064,236.531876399975
"Ambitious-Double LFP-Baseline-Baseline-Baseline","Other Europe",2065,238.96351435279
"Ambitious-Double LFP-Baseline-Baseline-Baseline","Other Europe",2066,240.983864914915
"Ambitious-Double LFP-Baseline-Baseline-Baseline","Other Europe",2067,242.651914398429
"Ambitious-Double LFP-Baseline-Baseline-Baseline","Other Europe",2068,244.040583853375
"Ambitious-Double LFP-Baseline-Baseline-Baseline","Other Europe",2069,245.207537231282
"Ambitious-Double LFP-Baseline-Baseline-Baseline","Other Europe",2070,246.204810509618
"Ambitious-Double LFP-Baseline-Baseline-Baseline","Other Latin America and Caribbean",2023,0.226998786143547
"Ambitious-Double LFP-Baseline-Baseline-Baseline","Other Latin America and Caribbean",2024,0.403850810751039
"Ambitious-Double LFP-Baseline-Baseline-Baseline","Other Latin America and Caribbean",2025,0.686018887162496
"Ambitious-Double LFP-Baseline-Baseline-Baseline","Other Latin America and Caribbean",2026,1.03688698913141
"Ambitious-Double LFP-Baseline-Baseline-Baseline","Other Latin America and Caribbean",2027,1.59119195162279
"Ambitious-Double LFP-Baseline-Baseline-Baseline","Other Latin America and Caribbean",2028,2.43684791850417
"Ambitious-Double LFP-Baseline-Baseline-Baseline","Other Latin America and Caribbean",2029,3.76280668730043
"Ambitious-Double LFP-Baseline-Baseline-Baseline","Other Latin America and Caribbean",2030,5.6742562955694
"Ambitious-Double LFP-Baseline-Baseline-Baseline","Other Latin America and Caribbean",2031,8.70077848602694
"Ambitious-Double LFP-Baseline-Baseline-Baseline","Other Latin America and Caribbean",2032,11.6514039828091
"Ambitious-Double LFP-Baseline-Baseline-Baseline","Other Latin America and Caribbean",2033,15.3969231120567
"Ambitious-Double LFP-Baseline-Baseline-Baseline","Other Latin America and Caribbean",2034,20.2125379464644
"Ambitious-Double LFP-Baseline-Baseline-Baseline","Other Latin America and Caribbean",2035,26.0437273752161
"Ambitious-Double LFP-Baseline-Baseline-Baseline","Other Latin America and Caribbean",2036,33.3964639876229
"Ambitious-Double LFP-Baseline-Baseline-Baseline","Other Latin America and Caribbean",2037,41.8203435789097
"Ambitious-Double LFP-Baseline-Baseline-Baseline","Other Latin America and Caribbean",2038,51.8679232809151
"Ambitious-Double LFP-Baseline-Baseline-Baseline","Other Latin America and Caribbean",2039,63.8196202469445
"Ambitious-Double LFP-Baseline-Baseline-Baseline","Other Latin America and Caribbean",2040,77.6689586169206
"Ambitious-Double LFP-Baseline-Baseline-Baseline","Other Latin America and Caribbean",2041,93.6845190706133
"Ambitious-Double LFP-Baseline-Baseline-Baseline","Other Latin America and Caribbean",2042,111.701781739579
"Ambitious-Double LFP-Baseline-Baseline-Baseline","Other Latin America and Caribbean",2043,132.08811733023
"Ambitious-Double LFP-Baseline-Baseline-Baseline","Other Latin America and Caribbean",2044,154.750576379783
"Ambitious-Double LFP-Baseline-Baseline-Baseline","Other Latin America and Caribbean",2045,179.679551493112
"Ambitious-Double LFP-Baseline-Baseline-Baseline","Other Latin America and Caribbean",2046,206.353805511716
"Ambitious-Double LFP-Baseline-Baseline-Baseline","Other Latin America and Caribbean",2047,234.422312250285
"Ambitious-Double LFP-Baseline-Baseline-Baseline","Other Latin America and Caribbean",2048,263.273688441663
"Ambitious-Double LFP-Baseline-Baseline-Baseline","Other Latin America and Caribbean",2049,292.305839557186
"Ambitious-Double LFP-Baseline-Baseline-Baseline","Other Latin America and Caribbean",2050,321.038970791403
"Ambitious-Double LFP-Baseline-Baseline-Baseline","Other Latin America and Caribbean",2051,349.098542006849
"Ambitious-Double LFP-Baseline-Baseline-Baseline","Other Latin America and Caribbean",2052,376.481110065328
"Ambitious-Double LFP-Baseline-Baseline-Baseline","Other Latin America and Caribbean",2053,402.60726545736
"Ambitious-Double LFP-Baseline-Baseline-Baseline","Other Latin America and Caribbean",2054,427.282658665817
"Ambitious-Double LFP-Baseline-Baseline-Baseline","Other Latin America and Caribbean",2055,450.3546679233
"Ambitious-Double LFP-Baseline-Baseline-Baseline","Other Latin America and Caribbean",2056,471.706700004
"Ambitious-Double LFP-Baseline-Baseline-Baseline","Other Latin America and Caribbean",2057,491.300338324718
"Ambitious-Double LFP-Baseline-Baseline-Baseline","Other Latin America and Caribbean",2058,509.075240188899
"Ambitious-Double LFP-Baseline-Baseline-Baseline","Other Latin America and Caribbean",2059,525.048140847348
"Ambitious-Double LFP-Baseline-Baseline-Baseline","Other Latin America and Caribbean",2060,539.264606292539
"Ambitious-Double LFP-Baseline-Baseline-Baseline","Other Latin America and Caribbean",2061,551.81793152329
"Ambitious-Double LFP-Baseline-Baseline-Baseline","Other Latin America and Caribbean",2062,562.840764241722
"Ambitious-Double LFP-Baseline-Baseline-Baseline","Other Latin America and Caribbean",2063,572.453875733608
"Ambitious-Double LFP-Baseline-Baseline-Baseline","Other Latin America and Caribbean",2064,580.801184129549
"Ambitious-Double LFP-Baseline-Baseline-Baseline","Other Latin America and Caribbean",2065,588.015197904598
"Ambitious-Double LFP-Baseline-Baseline-Baseline","Other Latin America and Caribbean",2066,594.252762777163
"Ambitious-Double LFP-Baseline-Baseline-Baseline","Other Latin America and Caribbean",2067,599.661557448389
"Ambitious-Double LFP-Baseline-Baseline-Baseline","Other Latin America and Caribbean",2068,604.403356000723
"Ambitious-Double LFP-Baseline-Baseline-Baseline","Other Latin America and Caribbean",2069,608.621009761459
"Ambitious-Double LFP-Baseline-Baseline-Baseline","Other Latin America and Caribbean",2070,612.436903801174
"Ambitious-Double LFP-Baseline-Baseline-Baseline","South Korea",2023,0.151630079356103
"Ambitious-Double LFP-Baseline-Baseline-Baseline","South Korea",2024,0.197515501685197
"Ambitious-Double LFP-Baseline-Baseline-Baseline","South Korea",2025,0.369846197566324
"Ambitious-Double LFP-Baseline-Baseline-Baseline","South Korea",2026,0.747200495447954
"Ambitious-Double LFP-Baseline-Baseline-Baseline","South Korea",2027,0.968256279892977
"Ambitious-Double LFP-Baseline-Baseline-Baseline","South Korea",2028,1.25099339454208
"Ambitious-Double LFP-Baseline-Baseline-Baseline","South Korea",2029,1.65396633727098
"Ambitious-Double LFP-Baseline-Baseline-Baseline","South Korea",2030,2.31196269355979
"Ambitious-Double LFP-Baseline-Baseline-Baseline","South Korea",2031,3.36049843223729
"Ambitious-Double LFP-Baseline-Baseline-Baseline","South Korea",2032,4.28544978669528
"Ambitious-Double LFP-Baseline-Baseline-Baseline","South Korea",2033,5.5337295701599
"Ambitious-Double LFP-Baseline-Baseline-Baseline","South Korea",2034,7.1924512260648
"Ambitious-Double LFP-Baseline-Baseline-Baseline","South Korea",2035,9.38703476433195
"Ambitious-Double LFP-Baseline-Baseline-Baseline","South Korea",2036,11.9901459462198
"Ambitious-Double LFP-Baseline-Baseline-Baseline","South Korea",2037,15.1142906186067
"Ambitious-Double LFP-Baseline-Baseline-Baseline","South Korea",2038,18.5930442982598
"Ambitious-Double LFP-Baseline-Baseline-Baseline","South Korea",2039,22.6261220437795
"Ambitious-Double LFP-Baseline-Baseline-Baseline","South Korea",2040,26.9334047041153
"Ambitious-Double LFP-Baseline-Baseline-Baseline","South Korea",2041,30.8348440267173
"Ambitious-Double LFP-Baseline-Baseline-Baseline","South Korea",2042,35.2480720005889
"Ambitious-Double LFP-Baseline-Baseline-Baseline","South Korea",2043,39.6111486261905
"Ambitious-Double LFP-Baseline-Baseline-Baseline","South Korea",2044,43.8843109252398
"Ambitious-Double LFP-Baseline-Baseline-Baseline","South Korea",2045,48.0128913286147
"Ambitious-Double LFP-Baseline-Baseline-Baseline","South Korea",2046,51.9486041931735
"Ambitious-Double LFP-Baseline-Baseline-Baseline","South Korea",2047,55.551409081228
"Ambitious-Double LFP-Baseline-Baseline-Baseline","South Korea",2048,58.8274106543401
"Ambitious-Double LFP-Baseline-Baseline-Baseline","South Korea",2049,61.7491454759753
"Ambitious-Double LFP-Baseline-Baseline-Baseline","South Korea",2050,64.3501545672359
"Ambitious-Double LFP-Baseline-Baseline-Baseline","South Korea",2051,66.487831695755
"Ambitious-Double LFP-Baseline-Baseline-Baseline","South Korea",2052,68.7555301498709
"Ambitious-Double LFP-Baseline-Baseline-Baseline","South Korea",2053,70.6324562235598
"Ambitious-Double LFP-Baseline-Baseline-Baseline","South Korea",2054,72.1339193189959
"Ambitious-Double LFP-Baseline-Baseline-Baseline","South Korea",2055,73.2879472392273
"Ambitious-Double LFP-Baseline-Baseline-Baseline","South Korea",2056,74.1207838690158
"Ambitious-Double LFP-Baseline-Baseline-Baseline","South Korea",2057,74.6648309040825
"Ambitious-Double LFP-Baseline-Baseline-Baseline","South Korea",2058,74.9665996769397
"Ambitious-Double LFP-Baseline-Baseline-Baseline","South Korea",2059,75.0721156248888
"Ambitious-Double LFP-Baseline-Baseline-Baseline","South Korea",2060,75.015916400349
"Ambitious-Double LFP-Baseline-Baseline-Baseline","South Korea",2061,74.8474004792298
"Ambitious-Double LFP-Baseline-Baseline-Baseline","South Korea",2062,74.5983299210938
"Ambitious-Double LFP-Baseline-Baseline-Baseline","South Korea",2063,74.3112908501871
"Ambitious-Double LFP-Baseline-Baseline-Baseline","South Korea",2064,74.014189021865
"Ambitious-Double LFP-Baseline-Baseline-Baseline","South Korea",2065,73.7210797694206
"Ambitious-Double LFP-Baseline-Baseline-Baseline","South Korea",2066,73.4472498184171
"Ambitious-Double LFP-Baseline-Baseline-Baseline","South Korea",2067,73.2379052629709
"Ambitious-Double LFP-Baseline-Baseline-Baseline","South Korea",2068,73.2040404274389
"Ambitious-Double LFP-Baseline-Baseline-Baseline","South Korea",2069,73.1918596927131
"Ambitious-Double LFP-Baseline-Baseline-Baseline","South Korea",2070,73.1970952878495
"Ambitious-Double LFP-Baseline-Baseline-Baseline","United Kingdom",2023,0.371857670499221
"Ambitious-Double LFP-Baseline-Baseline-Baseline","United Kingdom",2024,0.52702375996051
"Ambitious-Double LFP-Baseline-Baseline-Baseline","United Kingdom",2025,0.642928742154065
"Ambitious-Double LFP-Baseline-Baseline-Baseline","United Kingdom",2026,0.907630860644978
"Ambitious-Double LFP-Baseline-Baseline-Baseline","United Kingdom",2027,1.24607241556843
"Ambitious-Double LFP-Baseline-Baseline-Baseline","United Kingdom",2028,1.72012600968879
"Ambitious-Double LFP-Baseline-Baseline-Baseline","United Kingdom",2029,2.36296308980727
"Ambitious-Double LFP-Baseline-Baseline-Baseline","United Kingdom",2030,3.339967256824
"Ambitious-Double LFP-Baseline-Baseline-Baseline","United Kingdom",2031,4.6187152773882
"Ambitious-Double LFP-Baseline-Baseline-Baseline","United Kingdom",2032,5.50249523047557
"Ambitious-Double LFP-Baseline-Baseline-Baseline","United Kingdom",2033,6.76778939421004
"Ambitious-Double LFP-Baseline-Baseline-Baseline","United Kingdom",2034,8.45943561819104
"Ambitious-Double LFP-Baseline-Baseline-Baseline","United Kingdom",2035,10.6466389773006
"Ambitious-Double LFP-Baseline-Baseline-Baseline","United Kingdom",2036,13.3753395248773
"Ambitious-Double LFP-Baseline-Baseline-Baseline","United Kingdom",2037,16.694541659378
"Ambitious-Double LFP-Baseline-Baseline-Baseline","United Kingdom",2038,20.6329396398414
"Ambitious-Double LFP-Baseline-Baseline-Baseline","United Kingdom",2039,25.2108319142743
"Ambitious-Double LFP-Baseline-Baseline-Baseline","United Kingdom",2040,30.4528623753501
"Ambitious-Double LFP-Baseline-Baseline-Baseline","United Kingdom",2041,38.8265563997657
"Ambitious-Double LFP-Baseline-Baseline-Baseline","United Kingdom",2042,46.5045521604548
"Ambitious-Double LFP-Baseline-Baseline-Baseline","United Kingdom",2043,54.6118551217784
"Ambitious-Double LFP-Baseline-Baseline-Baseline","United Kingdom",2044,62.5301757063057
"Ambitious-Double LFP-Baseline-Baseline-Baseline","United Kingdom",2045,70.5363854861879
"Ambitious-Double LFP-Baseline-Baseline-Baseline","United Kingdom",2046,77.9419519911791
"Ambitious-Double LFP-Baseline-Baseline-Baseline","United Kingdom",2047,84.5263181068285
"Ambitious-Double LFP-Baseline-Baseline-Baseline","United Kingdom",2048,90.2081793437534
"Ambitious-Double LFP-Baseline-Baseline-Baseline","United Kingdom",2049,95.0234304171455
"Ambitious-Double LFP-Baseline-Baseline-Baseline","United Kingdom",2050,99.0739963924022
"Ambitious-Double LFP-Baseline-Baseline-Baseline","United Kingdom",2051,102.48771997631
"Ambitious-Double LFP-Baseline-Baseline-Baseline","United Kingdom",2052,105.656075660679
"Ambitious-Double LFP-Baseline-Baseline-Baseline","United Kingdom",2053,108.486678449773
"Ambitious-Double LFP-Baseline-Baseline-Baseline","United Kingdom",2054,111.063021576997
"Ambitious-Double LFP-Baseline-Baseline-Baseline","United Kingdom",2055,113.421763923617
"Ambitious-Double LFP-Baseline-Baseline-Baseline","United Kingdom",2056,115.585125499183
"Ambitious-Double LFP-Baseline-Baseline-Baseline","United Kingdom",2057,117.541955995071
"Ambitious-Double LFP-Baseline-Baseline-Baseline","United Kingdom",2058,119.295659193457
"Ambitious-Double LFP-Baseline-Baseline-Baseline","United Kingdom",2059,120.857095399821
"Ambitious-Double LFP-Baseline-Baseline-Baseline","United Kingdom",2060,122.25182711865
"Ambitious-Double LFP-Baseline-Baseline-Baseline","United Kingdom",2061,123.543359763118
"Ambitious-Double LFP-Baseline-Baseline-Baseline","United Kingdom",2062,124.743430364776
"Ambitious-Double LFP-Baseline-Baseline-Baseline","United Kingdom",2063,125.911074203719
"Ambitious-Double LFP-Baseline-Baseline-Baseline","United Kingdom",2064,127.068866124761
"Ambitious-Double LFP-Baseline-Baseline-Baseline","United Kingdom",2065,128.220769919365
"Ambitious-Double LFP-Baseline-Baseline-Baseline","United Kingdom",2066,129.361829758353
"Ambitious-Double LFP-Baseline-Baseline-Baseline","United Kingdom",2067,130.479515819043
"Ambitious-Double LFP-Baseline-Baseline-Baseline","United Kingdom",2068,131.570915407877
"Ambitious-Double LFP-Baseline-Baseline-Baseline","United Kingdom",2069,132.633104788448
"Ambitious-Double LFP-Baseline-Baseline-Baseline","United Kingdom",2070,133.665131059182
"Ambitious-Double LFP-Baseline-Baseline-Baseline","United States",2023,1.13901222490528
"Ambitious-Double LFP-Baseline-Baseline-Baseline","United States",2024,1.41294634784979
"Ambitious-Double LFP-Baseline-Baseline-Baseline","United States",2025,2.56146214519094
"Ambitious-Double LFP-Baseline-Baseline-Baseline","United States",2026,4.20692179560793
"Ambitious-Double LFP-Baseline-Baseline-Baseline","United States",2027,6.51532673411803
"Ambitious-Double LFP-Baseline-Baseline-Baseline","United States",2028,9.27082751700129
"Ambitious-Double LFP-Baseline-Baseline-Baseline","United States",2029,13.5622511563415
"Ambitious-Double LFP-Baseline-Baseline-Baseline","United States",2030,17.4643517575073
"Ambitious-Double LFP-Baseline-Baseline-Baseline","United States",2031,24.11984212964
"Ambitious-Double LFP-Baseline-Baseline-Baseline","United States",2032,30.5583144889637
"Ambitious-Double LFP-Baseline-Baseline-Baseline","United States",2033,38.8810075151881
"Ambitious-Double LFP-Baseline-Baseline-Baseline","United States",2034,49.653417455424
"Ambitious-Double LFP-Baseline-Baseline-Baseline","United States",2035,62.7028841441279
"Ambitious-Double LFP-Baseline-Baseline-Baseline","United States",2036,77.5623955611921
"Ambitious-Double LFP-Baseline-Baseline-Baseline","United States",2037,94.7992480915716
"Ambitious-Double LFP-Baseline-Baseline-Baseline","United States",2038,116.274908514715
"Ambitious-Double LFP-Baseline-Baseline-Baseline","United States",2039,141.488332679538
"Ambitious-Double LFP-Baseline-Baseline-Baseline","United States",2040,170.307280774259
"Ambitious-Double LFP-Baseline-Baseline-Baseline","United States",2041,202.477208810323
"Ambitious-Double LFP-Baseline-Baseline-Baseline","United States",2042,236.63315050244
"Ambitious-Double LFP-Baseline-Baseline-Baseline","United States",2043,272.912399966467
"Ambitious-Double LFP-Baseline-Baseline-Baseline","United States",2044,312.3381985771
"Ambitious-Double LFP-Baseline-Baseline-Baseline","United States",2045,356.176446925022
"Ambitious-Double LFP-Baseline-Baseline-Baseline","United States",2046,399.768796557154
"Ambitious-Double LFP-Baseline-Baseline-Baseline","United States",2047,441.823926733768
"Ambitious-Double LFP-Baseline-Baseline-Baseline","United States",2048,481.768036657384
"Ambitious-Double LFP-Baseline-Baseline-Baseline","United States",2049,518.474306302422
"Ambitious-Double LFP-Baseline-Baseline-Baseline","United States",2050,551.350224037131
"Ambitious-Double LFP-Baseline-Baseline-Baseline","United States",2051,579.89095348157
"Ambitious-Double LFP-Baseline-Baseline-Baseline","United States",2052,607.304060673034
"Ambitious-Double LFP-Baseline-Baseline-Baseline","United States",2053,630.694776207376
"Ambitious-Double LFP-Baseline-Baseline-Baseline","United States",2054,650.574714160221
"Ambitious-Double LFP-Baseline-Baseline-Baseline","United States",2055,667.339884162044
"Ambitious-Double LFP-Baseline-Baseline-Baseline","United States",2056,681.454649402958
"Ambitious-Double LFP-Baseline-Baseline-Baseline","United States",2057,693.411498805102
"Ambitious-Double LFP-Baseline-Baseline-Baseline","United States",2058,703.359208605039
"Ambitious-Double LFP-Baseline-Baseline-Baseline","United States",2059,711.702738078425
"Ambitious-Double LFP-Baseline-Baseline-Baseline","United States",2060,718.582971737926
"Ambitious-Double LFP-Baseline-Baseline-Baseline","United States",2061,724.220912849369
"Ambitious-Double LFP-Baseline-Baseline-Baseline","United States",2062,728.86580782768
"Ambitious-Double LFP-Baseline-Baseline-Baseline","United States",2063,732.689652852916
"Ambitious-Double LFP-Baseline-Baseline-Baseline","United States",2064,735.774404687684
"Ambitious-Double LFP-Baseline-Baseline-Baseline","United States",2065,738.279193316051
"Ambitious-Double LFP-Baseline-Baseline-Baseline","United States",2066,740.317567962644
"Ambitious-Double LFP-Baseline-Baseline-Baseline","United States",2067,741.974415114162
"Ambitious-Double LFP-Baseline-Baseline-Baseline","United States",2068,743.400943446856
"Ambitious-Double LFP-Baseline-Baseline-Baseline","United States",2069,744.66141499716
"Ambitious-Double LFP-Baseline-Baseline-Baseline","United States",2070,745.777075457707
"Ambitious-Double NMC 811-Baseline-Baseline-Baseline","ASEAN",2023,0.0723766159023914
"Ambitious-Double NMC 811-Baseline-Baseline-Baseline","ASEAN",2024,0.12738727835737
"Ambitious-Double NMC 811-Baseline-Baseline-Baseline","ASEAN",2025,0.198930366632366
"Ambitious-Double NMC 811-Baseline-Baseline-Baseline","ASEAN",2026,0.313169441618873
"Ambitious-Double NMC 811-Baseline-Baseline-Baseline","ASEAN",2027,0.517509840727315
"Ambitious-Double NMC 811-Baseline-Baseline-Baseline","ASEAN",2028,0.877524051381454
"Ambitious-Double NMC 811-Baseline-Baseline-Baseline","ASEAN",2029,1.52554095846038
"Ambitious-Double NMC 811-Baseline-Baseline-Baseline","ASEAN",2030,2.6725955041334
"Ambitious-Double NMC 811-Baseline-Baseline-Baseline","ASEAN",2031,4.7891848673004
"Ambitious-Double NMC 811-Baseline-Baseline-Baseline","ASEAN",2032,6.60723539183905
"Ambitious-Double NMC 811-Baseline-Baseline-Baseline","ASEAN",2033,9.01682701185908
"Ambitious-Double NMC 811-Baseline-Baseline-Baseline","ASEAN",2034,12.2135466149542
"Ambitious-Double NMC 811-Baseline-Baseline-Baseline","ASEAN",2035,16.4702595271867
"Ambitious-Double NMC 811-Baseline-Baseline-Baseline","ASEAN",2036,21.8587250146974
"Ambitious-Double NMC 811-Baseline-Baseline-Baseline","ASEAN",2037,28.3484260201401
"Ambitious-Double NMC 811-Baseline-Baseline-Baseline","ASEAN",2038,36.3593240770119
"Ambitious-Double NMC 811-Baseline-Baseline-Baseline","ASEAN",2039,45.9842062383722
"Ambitious-Double NMC 811-Baseline-Baseline-Baseline","ASEAN",2040,57.4041397115839
"Ambitious-Double NMC 811-Baseline-Baseline-Baseline","ASEAN",2041,71.1799308854826
"Ambitious-Double NMC 811-Baseline-Baseline-Baseline","ASEAN",2042,86.4596730615879
"Ambitious-Double NMC 811-Baseline-Baseline-Baseline","ASEAN",2043,103.897156729621
"Ambitious-Double NMC 811-Baseline-Baseline-Baseline","ASEAN",2044,123.388807770947
"Ambitious-Double NMC 811-Baseline-Baseline-Baseline","ASEAN",2045,144.957429590972
"Ambitious-Double NMC 811-Baseline-Baseline-Baseline","ASEAN",2046,168.529796945338
"Ambitious-Double NMC 811-Baseline-Baseline-Baseline","ASEAN",2047,193.57474847659
"Ambitious-Double NMC 811-Baseline-Baseline-Baseline","ASEAN",2048,219.602703767176
"Ambitious-Double NMC 811-Baseline-Baseline-Baseline","ASEAN",2049,246.269763869097
"Ambitious-Double NMC 811-Baseline-Baseline-Baseline","ASEAN",2050,273.509451268517
"Ambitious-Double NMC 811-Baseline-Baseline-Baseline","ASEAN",2051,300.648683176734
"Ambitious-Double NMC 811-Baseline-Baseline-Baseline","ASEAN",2052,328.232409121957
"Ambitious-Double NMC 811-Baseline-Baseline-Baseline","ASEAN",2053,355.483705557657
"Ambitious-Double NMC 811-Baseline-Baseline-Baseline","ASEAN",2054,382.577417576693
"Ambitious-Double NMC 811-Baseline-Baseline-Baseline","ASEAN",2055,408.788234764011
"Ambitious-Double NMC 811-Baseline-Baseline-Baseline","ASEAN",2056,433.919687987936
"Ambitious-Double NMC 811-Baseline-Baseline-Baseline","ASEAN",2057,457.796291000012
"Ambitious-Double NMC 811-Baseline-Baseline-Baseline","ASEAN",2058,480.219778122497
"Ambitious-Double NMC 811-Baseline-Baseline-Baseline","ASEAN",2059,501.099038501372
"Ambitious-Double NMC 811-Baseline-Baseline-Baseline","ASEAN",2060,520.373072800185
"Ambitious-Double NMC 811-Baseline-Baseline-Baseline","ASEAN",2061,538.062353910954
"Ambitious-Double NMC 811-Baseline-Baseline-Baseline","ASEAN",2062,554.229638506942
"Ambitious-Double NMC 811-Baseline-Baseline-Baseline","ASEAN",2063,568.92774052386
"Ambitious-Double NMC 811-Baseline-Baseline-Baseline","ASEAN",2064,582.244621723638
"Ambitious-Double NMC 811-Baseline-Baseline-Baseline","ASEAN",2065,594.273809144913
"Ambitious-Double NMC 811-Baseline-Baseline-Baseline","ASEAN",2066,605.106438172425
"Ambitious-Double NMC 811-Baseline-Baseline-Baseline","ASEAN",2067,614.902876687634
"Ambitious-Double NMC 811-Baseline-Baseline-Baseline","ASEAN",2068,623.812025685266
"Ambitious-Double NMC 811-Baseline-Baseline-Baseline","ASEAN",2069,631.982210268474
"Ambitious-Double NMC 811-Baseline-Baseline-Baseline","ASEAN",2070,639.577951079806
"Ambitious-Double NMC 811-Baseline-Baseline-Baseline","Africa",2023,0.042417910568897
"Ambitious-Double NMC 811-Baseline-Baseline-Baseline","Africa",2024,0.0720687792234031
"Ambitious-Double NMC 811-Baseline-Baseline-Baseline","Africa",2025,0.146327999996479
"Ambitious-Double NMC 811-Baseline-Baseline-Baseline","Africa",2026,0.232577050849799
"Ambitious-Double NMC 811-Baseline-Baseline-Baseline","Africa",2027,0.399271808459081
"Ambitious-Double NMC 811-Baseline-Baseline-Baseline","Africa",2028,0.632921075599636
"Ambitious-Double NMC 811-Baseline-Baseline-Baseline","Africa",2029,1.05771191173634
"Ambitious-Double NMC 811-Baseline-Baseline-Baseline","Africa",2030,1.64868760386451
"Ambitious-Double NMC 811-Baseline-Baseline-Baseline","Africa",2031,2.6215331513152
"Ambitious-Double NMC 811-Baseline-Baseline-Baseline","Africa",2032,3.5975256404844
"Ambitious-Double NMC 811-Baseline-Baseline-Baseline","Africa",2033,4.90522981200191
"Ambitious-Double NMC 811-Baseline-Baseline-Baseline","Africa",2034,6.63815927390113
"Ambitious-Double NMC 811-Baseline-Baseline-Baseline","Africa",2035,8.7694361807564
"Ambitious-Double NMC 811-Baseline-Baseline-Baseline","Africa",2036,11.5621874617912
"Ambitious-Double NMC 811-Baseline-Baseline-Baseline","Africa",2037,15.016305224721
"Ambitious-Double NMC 811-Baseline-Baseline-Baseline","Africa",2038,19.2599309386982
"Ambitious-Double NMC 811-Baseline-Baseline-Baseline","Africa",2039,24.3667826809255
"Ambitious-Double NMC 811-Baseline-Baseline-Baseline","Africa",2040,30.5858185414828
"Ambitious-Double NMC 811-Baseline-Baseline-Baseline","Africa",2041,37.7036345221244
"Ambitious-Double NMC 811-Baseline-Baseline-Baseline","Africa",2042,45.7534815374113
"Ambitious-Double NMC 811-Baseline-Baseline-Baseline","Africa",2043,54.8510856128993
"Ambitious-Double NMC 811-Baseline-Baseline-Baseline","Africa",2044,64.9597006451539
"Ambitious-Double NMC 811-Baseline-Baseline-Baseline","Africa",2045,75.9348757694897
"Ambitious-Double NMC 811-Baseline-Baseline-Baseline","Africa",2046,87.9118920990385
"Ambitious-Double NMC 811-Baseline-Baseline-Baseline","Africa",2047,100.235639679056
"Ambitious-Double NMC 811-Baseline-Baseline-Baseline","Africa",2048,112.828687496742
"Ambitious-Double NMC 811-Baseline-Baseline-Baseline","Africa",2049,125.535057829251
"Ambitious-Double NMC 811-Baseline-Baseline-Baseline","Africa",2050,138.195155103899
"Ambitious-Double NMC 811-Baseline-Baseline-Baseline","Africa",2051,150.700879744807
"Ambitious-Double NMC 811-Baseline-Baseline-Baseline","Africa",2052,163.163996994829
"Ambitious-Double NMC 811-Baseline-Baseline-Baseline","Africa",2053,175.467864849848
"Ambitious-Double NMC 811-Baseline-Baseline-Baseline","Africa",2054,187.59509935018
"Ambitious-Double NMC 811-Baseline-Baseline-Baseline","Africa",2055,199.525612121299
"Ambitious-Double NMC 811-Baseline-Baseline-Baseline","Africa",2056,211.219779975126
"Ambitious-Double NMC 811-Baseline-Baseline-Baseline","Africa",2057,222.654742636163
"Ambitious-Double NMC 811-Baseline-Baseline-Baseline","Africa",2058,233.708439889364
"Ambitious-Double NMC 811-Baseline-Baseline-Baseline","Africa",2059,244.302462929209
"Ambitious-Double NMC 811-Baseline-Baseline-Baseline","Africa",2060,254.338763651913
"Ambitious-Double NMC 811-Baseline-Baseline-Baseline","Africa",2061,263.751787614896
"Ambitious-Double NMC 811-Baseline-Baseline-Baseline","Africa",2062,272.492600118759
"Ambitious-Double NMC 811-Baseline-Baseline-Baseline","Africa",2063,280.498322754047
"Ambitious-Double NMC 811-Baseline-Baseline-Baseline","Africa",2064,287.766614894283
"Ambitious-Double NMC 811-Baseline-Baseline-Baseline","Africa",2065,294.293457618304
"Ambitious-Double NMC 811-Baseline-Baseline-Baseline","Africa",2066,300.114870363026
"Ambitious-Double NMC 811-Baseline-Baseline-Baseline","Africa",2067,305.298386045888
"Ambitious-Double NMC 811-Baseline-Baseline-Baseline","Africa",2068,309.943500333857
"Ambitious-Double NMC 811-Baseline-Baseline-Baseline","Africa",2069,314.142801194863
"Ambitious-Double NMC 811-Baseline-Baseline-Baseline","Africa",2070,317.993035819029
"Ambitious-Double NMC 811-Baseline-Baseline-Baseline","Australia/NZ",2023,0.0657982903018657
"Ambitious-Double NMC 811-Baseline-Baseline-Baseline","Australia/NZ",2024,0.104602781776663
"Ambitious-Double NMC 811-Baseline-Baseline-Baseline","Australia/NZ",2025,0.150372794871637
"Ambitious-Double NMC 811-Baseline-Baseline-Baseline","Australia/NZ",2026,0.256760103131265
"Ambitious-Double NMC 811-Baseline-Baseline-Baseline","Australia/NZ",2027,0.398135181484905
"Ambitious-Double NMC 811-Baseline-Baseline-Baseline","Australia/NZ",2028,0.500291043902354
"Ambitious-Double NMC 811-Baseline-Baseline-Baseline","Australia/NZ",2029,0.635489053321
"Ambitious-Double NMC 811-Baseline-Baseline-Baseline","Australia/NZ",2030,0.821355461095383
"Ambitious-Double NMC 811-Baseline-Baseline-Baseline","Australia/NZ",2031,1.09255459122536
"Ambitious-Double NMC 811-Baseline-Baseline-Baseline","Australia/NZ",2032,1.4068870216328
"Ambitious-Double NMC 811-Baseline-Baseline-Baseline","Australia/NZ",2033,1.91804628272907
"Ambitious-Double NMC 811-Baseline-Baseline-Baseline","Australia/NZ",2034,2.57583862998809
"Ambitious-Double NMC 811-Baseline-Baseline-Baseline","Australia/NZ",2035,3.41333444021528
"Ambitious-Double NMC 811-Baseline-Baseline-Baseline","Australia/NZ",2036,4.47967274539052
"Ambitious-Double NMC 811-Baseline-Baseline-Baseline","Australia/NZ",2037,5.76444495620617
"Ambitious-Double NMC 811-Baseline-Baseline-Baseline","Australia/NZ",2038,7.21566914155236
"Ambitious-Double NMC 811-Baseline-Baseline-Baseline","Australia/NZ",2039,8.93289655248157
"Ambitious-Double NMC 811-Baseline-Baseline-Baseline","Australia/NZ",2040,10.8789956657702
"Ambitious-Double NMC 811-Baseline-Baseline-Baseline","Australia/NZ",2041,13.0457106290574
"Ambitious-Double NMC 811-Baseline-Baseline-Baseline","Australia/NZ",2042,15.4582627039859
"Ambitious-Double NMC 811-Baseline-Baseline-Baseline","Australia/NZ",2043,18.0781621494145
"Ambitious-Double NMC 811-Baseline-Baseline-Baseline","Australia/NZ",2044,20.9050764541432
"Ambitious-Double NMC 811-Baseline-Baseline-Baseline","Australia/NZ",2045,23.9352507474886
"Ambitious-Double NMC 811-Baseline-Baseline-Baseline","Australia/NZ",2046,27.9031255166636
"Ambitious-Double NMC 811-Baseline-Baseline-Baseline","Australia/NZ",2047,31.7064205154126
"Ambitious-Double NMC 811-Baseline-Baseline-Baseline","Australia/NZ",2048,35.6246946564589
"Ambitious-Double NMC 811-Baseline-Baseline-Baseline","Australia/NZ",2049,39.261976305033
"Ambitious-Double NMC 811-Baseline-Baseline-Baseline","Australia/NZ",2050,43.0070961472698
"Ambitious-Double NMC 811-Baseline-Baseline-Baseline","Australia/NZ",2051,46.4664720039689
"Ambitious-Double NMC 811-Baseline-Baseline-Baseline","Australia/NZ",2052,49.762663037976
"Ambitious-Double NMC 811-Baseline-Baseline-Baseline","Australia/NZ",2053,52.6547227924903
"Ambitious-Double NMC 811-Baseline-Baseline-Baseline","Australia/NZ",2054,55.1625359602362
"Ambitious-Double NMC 811-Baseline-Baseline-Baseline","Australia/NZ",2055,57.321674867454
"Ambitious-Double NMC 811-Baseline-Baseline-Baseline","Australia/NZ",2056,59.1788333486992
"Ambitious-Double NMC 811-Baseline-Baseline-Baseline","Australia/NZ",2057,60.7879962346666
"Ambitious-Double NMC 811-Baseline-Baseline-Baseline","Australia/NZ",2058,62.1842260167659
"Ambitious-Double NMC 811-Baseline-Baseline-Baseline","Australia/NZ",2059,63.3816599124627
"Ambitious-Double NMC 811-Baseline-Baseline-Baseline","Australia/NZ",2060,64.3921814610247
"Ambitious-Double NMC 811-Baseline-Baseline-Baseline","Australia/NZ",2061,65.2121702531883
"Ambitious-Double NMC 811-Baseline-Baseline-Baseline","Australia/NZ",2062,65.8477120080683
"Ambitious-Double NMC 811-Baseline-Baseline-Baseline","Australia/NZ",2063,66.3118808892129
"Ambitious-Double NMC 811-Baseline-Baseline-Baseline","Australia/NZ",2064,66.6241091592192
"Ambitious-Double NMC 811-Baseline-Baseline-Baseline","Australia/NZ",2065,66.8124551341137
"Ambitious-Double NMC 811-Baseline-Baseline-Baseline","Australia/NZ",2066,66.9145388288814
"Ambitious-Double NMC 811-Baseline-Baseline-Baseline","Australia/NZ",2067,66.9606231531698
"Ambitious-Double NMC 811-Baseline-Baseline-Baseline","Australia/NZ",2068,66.9740200880247
"Ambitious-Double NMC 811-Baseline-Baseline-Baseline","Australia/NZ",2069,66.9787930364823
"Ambitious-Double NMC 811-Baseline-Baseline-Baseline","Australia/NZ",2070,66.9833369799663
"Ambitious-Double NMC 811-Baseline-Baseline-Baseline","Brazil",2023,0.0185753461890392
"Ambitious-Double NMC 811-Baseline-Baseline-Baseline","Brazil",2024,0.0502935881026232
"Ambitious-Double NMC 811-Baseline-Baseline-Baseline","Brazil",2025,0.0620620854138586
"Ambitious-Double NMC 811-Baseline-Baseline-Baseline","Brazil",2026,0.170116508953511
"Ambitious-Double NMC 811-Baseline-Baseline-Baseline","Brazil",2027,0.337823884046534
"Ambitious-Double NMC 811-Baseline-Baseline-Baseline","Brazil",2028,0.485447093044131
"Ambitious-Double NMC 811-Baseline-Baseline-Baseline","Brazil",2029,0.7083418467481
"Ambitious-Double NMC 811-Baseline-Baseline-Baseline","Brazil",2030,1.03508501690811
"Ambitious-Double NMC 811-Baseline-Baseline-Baseline","Brazil",2031,1.53874897009038
"Ambitious-Double NMC 811-Baseline-Baseline-Baseline","Brazil",2032,2.08754730542515
"Ambitious-Double NMC 811-Baseline-Baseline-Baseline","Brazil",2033,2.7938439541997
"Ambitious-Double NMC 811-Baseline-Baseline-Baseline","Brazil",2034,3.71634391140395
"Ambitious-Double NMC 811-Baseline-Baseline-Baseline","Brazil",2035,4.91557790098714
"Ambitious-Double NMC 811-Baseline-Baseline-Baseline","Brazil",2036,6.45337659945003
"Ambitious-Double NMC 811-Baseline-Baseline-Baseline","Brazil",2037,8.40290435779599
"Ambitious-Double NMC 811-Baseline-Baseline-Baseline","Brazil",2038,10.8276612576153
"Ambitious-Double NMC 811-Baseline-Baseline-Baseline","Brazil",2039,13.9114030161465
"Ambitious-Double NMC 811-Baseline-Baseline-Baseline","Brazil",2040,17.4025004500779
"Ambitious-Double NMC 811-Baseline-Baseline-Baseline","Brazil",2041,21.4531405634813
"Ambitious-Double NMC 811-Baseline-Baseline-Baseline","Brazil",2042,25.9209666533332
"Ambitious-Double NMC 811-Baseline-Baseline-Baseline","Brazil",2043,30.930385235421
"Ambitious-Double NMC 811-Baseline-Baseline-Baseline","Brazil",2044,36.446003745809
"Ambitious-Double NMC 811-Baseline-Baseline-Baseline","Brazil",2045,42.4316730831844
"Ambitious-Double NMC 811-Baseline-Baseline-Baseline","Brazil",2046,48.6915995861956
"Ambitious-Double NMC 811-Baseline-Baseline-Baseline","Brazil",2047,55.5398002697399
"Ambitious-Double NMC 811-Baseline-Baseline-Baseline","Brazil",2048,63.4793271185972
"Ambitious-Double NMC 811-Baseline-Baseline-Baseline","Brazil",2049,71.6896770374725
"Ambitious-Double NMC 811-Baseline-Baseline-Baseline","Brazil",2050,80.069613670616
"Ambitious-Double NMC 811-Baseline-Baseline-Baseline","Brazil",2051,88.5190987491702
"Ambitious-Double NMC 811-Baseline-Baseline-Baseline","Brazil",2052,97.3564738080014
"Ambitious-Double NMC 811-Baseline-Baseline-Baseline","Brazil",2053,106.053143371902
"Ambitious-Double NMC 811-Baseline-Baseline-Baseline","Brazil",2054,114.480381346903
"Ambitious-Double NMC 811-Baseline-Baseline-Baseline","Brazil",2055,122.521695219238
"Ambitious-Double NMC 811-Baseline-Baseline-Baseline","Brazil",2056,130.077409210457
"Ambitious-Double NMC 811-Baseline-Baseline-Baseline","Brazil",2057,137.090477199698
"Ambitious-Double NMC 811-Baseline-Baseline-Baseline","Brazil",2058,143.503391138839
"Ambitious-Double NMC 811-Baseline-Baseline-Baseline","Brazil",2059,149.318695206172
"Ambitious-Double NMC 811-Baseline-Baseline-Baseline","Brazil",2060,154.537779700062
"Ambitious-Double NMC 811-Baseline-Baseline-Baseline","Brazil",2061,159.183644416535
"Ambitious-Double NMC 811-Baseline-Baseline-Baseline","Brazil",2062,163.303395951272
"Ambitious-Double NMC 811-Baseline-Baseline-Baseline","Brazil",2063,166.927761603384
"Ambitious-Double NMC 811-Baseline-Baseline-Baseline","Brazil",2064,170.107846276338
"Ambitious-Double NMC 811-Baseline-Baseline-Baseline","Brazil",2065,172.889792599564
"Ambitious-Double NMC 811-Baseline-Baseline-Baseline","Brazil",2066,175.319041397851
"Ambitious-Double NMC 811-Baseline-Baseline-Baseline","Brazil",2067,177.453999731393
"Ambitious-Double NMC 811-Baseline-Baseline-Baseline","Brazil",2068,179.34125194139
"Ambitious-Double NMC 811-Baseline-Baseline-Baseline","Brazil",2069,181.035405383091
"Ambitious-Double NMC 811-Baseline-Baseline-Baseline","Brazil",2070,182.586353051331
"Ambitious-Double NMC 811-Baseline-Baseline-Baseline","Canada",2023,0.121702221075323
"Ambitious-Double NMC 811-Baseline-Baseline-Baseline","Canada",2024,0.142589295645375
"Ambitious-Double NMC 811-Baseline-Baseline-Baseline","Canada",2025,0.207083234912273
"Ambitious-Double NMC 811-Baseline-Baseline-Baseline","Canada",2026,0.310234539402139
"Ambitious-Double NMC 811-Baseline-Baseline-Baseline","Canada",2027,0.46182398393526
"Ambitious-Double NMC 811-Baseline-Baseline-Baseline","Canada",2028,0.68560263327101
"Ambitious-Double NMC 811-Baseline-Baseline-Baseline","Canada",2029,1.02190824042178
"Ambitious-Double NMC 811-Baseline-Baseline-Baseline","Canada",2030,1.55116859805119
"Ambitious-Double NMC 811-Baseline-Baseline-Baseline","Canada",2031,2.37283021154887
"Ambitious-Double NMC 811-Baseline-Baseline-Baseline","Canada",2032,2.96847897385149
"Ambitious-Double NMC 811-Baseline-Baseline-Baseline","Canada",2033,3.74627353436103
"Ambitious-Double NMC 811-Baseline-Baseline-Baseline","Canada",2034,4.75944723827409
"Ambitious-Double NMC 811-Baseline-Baseline-Baseline","Canada",2035,6.07432253854708
"Ambitious-Double NMC 811-Baseline-Baseline-Baseline","Canada",2036,7.58153965348623
"Ambitious-Double NMC 811-Baseline-Baseline-Baseline","Canada",2037,9.66285470067245
"Ambitious-Double NMC 811-Baseline-Baseline-Baseline","Canada",2038,12.0249798038162
"Ambitious-Double NMC 811-Baseline-Baseline-Baseline","Canada",2039,14.8588071639744
"Ambitious-Double NMC 811-Baseline-Baseline-Baseline","Canada",2040,18.1771645690249
"Ambitious-Double NMC 811-Baseline-Baseline-Baseline","Canada",2041,21.9929299570451
"Ambitious-Double NMC 811-Baseline-Baseline-Baseline","Canada",2042,26.312652403324
"Ambitious-Double NMC 811-Baseline-Baseline-Baseline","Canada",2043,30.9833758116532
"Ambitious-Double NMC 811-Baseline-Baseline-Baseline","Canada",2044,35.8440756388369
"Ambitious-Double NMC 811-Baseline-Baseline-Baseline","Canada",2045,40.6984622273135
"Ambitious-Double NMC 811-Baseline-Baseline-Baseline","Canada",2046,45.5619310927486
"Ambitious-Double NMC 811-Baseline-Baseline-Baseline","Canada",2047,50.6712887090469
"Ambitious-Double NMC 811-Baseline-Baseline-Baseline","Canada",2048,55.2546421583638
"Ambitious-Double NMC 811-Baseline-Baseline-Baseline","Canada",2049,59.2317631489346
"Ambitious-Double NMC 811-Baseline-Baseline-Baseline","Canada",2050,62.5623579258993
"Ambitious-Double NMC 811-Baseline-Baseline-Baseline","Canada",2051,65.2603782696075
"Ambitious-Double NMC 811-Baseline-Baseline-Baseline","Canada",2052,67.8570163038635
"Ambitious-Double NMC 811-Baseline-Baseline-Baseline","Canada",2053,70.0077754797889
"Ambitious-Double NMC 811-Baseline-Baseline-Baseline","Canada",2054,71.7989903181054
"Ambitious-Double NMC 811-Baseline-Baseline-Baseline","Canada",2055,73.2867222873533
"Ambitious-Double NMC 811-Baseline-Baseline-Baseline","Canada",2056,74.5127244776179
"Ambitious-Double NMC 811-Baseline-Baseline-Baseline","Canada",2057,75.5182254569878
"Ambitious-Double NMC 811-Baseline-Baseline-Baseline","Canada",2058,76.3229301715497
"Ambitious-Double NMC 811-Baseline-Baseline-Baseline","Canada",2059,76.9439275515446
"Ambitious-Double NMC 811-Baseline-Baseline-Baseline","Canada",2060,77.4089048382364
"Ambitious-Double NMC 811-Baseline-Baseline-Baseline","Canada",2061,77.7400466853432
"Ambitious-Double NMC 811-Baseline-Baseline-Baseline","Canada",2062,77.9691455465688
"Ambitious-Double NMC 811-Baseline-Baseline-Baseline","Canada",2063,78.1314522685124
"Ambitious-Double NMC 811-Baseline-Baseline-Baseline","Canada",2064,78.2507484778152
"Ambitious-Double NMC 811-Baseline-Baseline-Baseline","Canada",2065,78.3439521690874
"Ambitious-Double NMC 811-Baseline-Baseline-Baseline","Canada",2066,78.4249476051727
"Ambitious-Double NMC 811-Baseline-Baseline-Baseline","Canada",2067,78.4967583300764
"Ambitious-Double NMC 811-Baseline-Baseline-Baseline","Canada",2068,78.5638638930767
"Ambitious-Double NMC 811-Baseline-Baseline-Baseline","Canada",2069,78.6297399599927
"Ambitious-Double NMC 811-Baseline-Baseline-Baseline","Canada",2070,78.6860113391147
"Ambitious-Double NMC 811-Baseline-Baseline-Baseline","China",2023,10.7373479200508
"Ambitious-Double NMC 811-Baseline-Baseline-Baseline","China",2024,14.1785855009455
"Ambitious-Double NMC 811-Baseline-Baseline-Baseline","China",2025,22.3514445051343
"Ambitious-Double NMC 811-Baseline-Baseline-Baseline","China",2026,34.025715483251
"Ambitious-Double NMC 811-Baseline-Baseline-Baseline","China",2027,48.5225441489959
"Ambitious-Double NMC 811-Baseline-Baseline-Baseline","China",2028,68.1357397878814
"Ambitious-Double NMC 811-Baseline-Baseline-Baseline","China",2029,93.8756561792342
"Ambitious-Double NMC 811-Baseline-Baseline-Baseline","China",2030,125.506243167336
"Ambitious-Double NMC 811-Baseline-Baseline-Baseline","China",2031,165.707752293559
"Ambitious-Double NMC 811-Baseline-Baseline-Baseline","China",2032,212.433731684875
"Ambitious-Double NMC 811-Baseline-Baseline-Baseline","China",2033,267.417303074077
"Ambitious-Double NMC 811-Baseline-Baseline-Baseline","China",2034,331.026867875989
"Ambitious-Double NMC 811-Baseline-Baseline-Baseline","China",2035,402.829413138709
"Ambitious-Double NMC 811-Baseline-Baseline-Baseline","China",2036,474.9899696743
"Ambitious-Double NMC 811-Baseline-Baseline-Baseline","China",2037,558.87244751141
"Ambitious-Double NMC 811-Baseline-Baseline-Baseline","China",2038,649.065507060928
"Ambitious-Double NMC 811-Baseline-Baseline-Baseline","China",2039,744.597528326807
"Ambitious-Double NMC 811-Baseline-Baseline-Baseline","China",2040,844.490120581048
"Ambitious-Double NMC 811-Baseline-Baseline-Baseline","China",2041,947.516574131511
"Ambitious-Double NMC 811-Baseline-Baseline-Baseline","China",2042,1066.46618552868
"Ambitious-Double NMC 811-Baseline-Baseline-Baseline","China",2043,1185.89173234142
"Ambitious-Double NMC 811-Baseline-Baseline-Baseline","China",2044,1304.45881685245
"Ambitious-Double NMC 811-Baseline-Baseline-Baseline","China",2045,1420.37800567245
"Ambitious-Double NMC 811-Baseline-Baseline-Baseline","China",2046,1531.83902576867
"Ambitious-Double NMC 811-Baseline-Baseline-Baseline","China",2047,1637.3700838508
"Ambitious-Double NMC 811-Baseline-Baseline-Baseline","China",2048,1735.13165931839
"Ambitious-Double NMC 811-Baseline-Baseline-Baseline","China",2049,1824.10264244791
"Ambitious-Double NMC 811-Baseline-Baseline-Baseline","China",2050,1903.59261620245
"Ambitious-Double NMC 811-Baseline-Baseline-Baseline","China",2051,1973.44512393121
"Ambitious-Double NMC 811-Baseline-Baseline-Baseline","China",2052,2042.83411272333
"Ambitious-Double NMC 811-Baseline-Baseline-Baseline","China",2053,2104.40378166592
"Ambitious-Double NMC 811-Baseline-Baseline-Baseline","China",2054,2159.19166982861
"Ambitious-Double NMC 811-Baseline-Baseline-Baseline","China",2055,2208.25671185516
"Ambitious-Double NMC 811-Baseline-Baseline-Baseline","China",2056,2252.56177163401
"Ambitious-Double NMC 811-Baseline-Baseline-Baseline","China",2057,2292.97101062482
"Ambitious-Double NMC 811-Baseline-Baseline-Baseline","China",2058,2330.18765403014
"Ambitious-Double NMC 811-Baseline-Baseline-Baseline","China",2059,2364.80005272742
"Ambitious-Double NMC 811-Baseline-Baseline-Baseline","China",2060,2397.2575289374
"Ambitious-Double NMC 811-Baseline-Baseline-Baseline","China",2061,2428.04989215081
"Ambitious-Double NMC 811-Baseline-Baseline-Baseline","China",2062,2457.52378487658
"Ambitious-Double NMC 811-Baseline-Baseline-Baseline","China",2063,2485.97490326938
"Ambitious-Double NMC 811-Baseline-Baseline-Baseline","China",2064,2513.62806856257
"Ambitious-Double NMC 811-Baseline-Baseline-Baseline","China",2065,2540.66146031003
"Ambitious-Double NMC 811-Baseline-Baseline-Baseline","China",2066,2567.26228609371
"Ambitious-Double NMC 811-Baseline-Baseline-Baseline","China",2067,2593.53621129802
"Ambitious-Double NMC 811-Baseline-Baseline-Baseline","China",2068,2619.67641187404
"Ambitious-Double NMC 811-Baseline-Baseline-Baseline","China",2069,2645.78702810269
"Ambitious-Double NMC 811-Baseline-Baseline-Baseline","China",2070,2671.94764229417
"Ambitious-Double NMC 811-Baseline-Baseline-Baseline","EFTA",2023,0.2768408640546
"Ambitious-Double NMC 811-Baseline-Baseline-Baseline","EFTA",2024,0.341213273510702
"Ambitious-Double NMC 811-Baseline-Baseline-Baseline","EFTA",2025,0.401317649257398
"Ambitious-Double NMC 811-Baseline-Baseline-Baseline","EFTA",2026,0.562335121793858
"Ambitious-Double NMC 811-Baseline-Baseline-Baseline","EFTA",2027,0.663791697811913
"Ambitious-Double NMC 811-Baseline-Baseline-Baseline","EFTA",2028,0.827970344499925
"Ambitious-Double NMC 811-Baseline-Baseline-Baseline","EFTA",2029,1.06180856874228
"Ambitious-Double NMC 811-Baseline-Baseline-Baseline","EFTA",2030,1.37851615436428
"Ambitious-Double NMC 811-Baseline-Baseline-Baseline","EFTA",2031,1.79483247492008
"Ambitious-Double NMC 811-Baseline-Baseline-Baseline","EFTA",2032,2.25904470134764
"Ambitious-Double NMC 811-Baseline-Baseline-Baseline","EFTA",2033,2.86657234856711
"Ambitious-Double NMC 811-Baseline-Baseline-Baseline","EFTA",2034,3.56783858124665
"Ambitious-Double NMC 811-Baseline-Baseline-Baseline","EFTA",2035,4.41557747180033
"Ambitious-Double NMC 811-Baseline-Baseline-Baseline","EFTA",2036,5.43639082284087
"Ambitious-Double NMC 811-Baseline-Baseline-Baseline","EFTA",2037,6.54186971357671
"Ambitious-Double NMC 811-Baseline-Baseline-Baseline","EFTA",2038,7.71242957136623
"Ambitious-Double NMC 811-Baseline-Baseline-Baseline","EFTA",2039,8.90816808903443
"Ambitious-Double NMC 811-Baseline-Baseline-Baseline","EFTA",2040,10.1128959409316
"Ambitious-Double NMC 811-Baseline-Baseline-Baseline","EFTA",2041,11.3142952520211
"Ambitious-Double NMC 811-Baseline-Baseline-Baseline","EFTA",2042,12.5023479844438
"Ambitious-Double NMC 811-Baseline-Baseline-Baseline","EFTA",2043,13.6835910261085
"Ambitious-Double NMC 811-Baseline-Baseline-Baseline","EFTA",2044,14.8688313750308
"Ambitious-Double NMC 811-Baseline-Baseline-Baseline","EFTA",2045,16.0359391359721
"Ambitious-Double NMC 811-Baseline-Baseline-Baseline","EFTA",2046,17.1789213427401
"Ambitious-Double NMC 811-Baseline-Baseline-Baseline","EFTA",2047,18.1645341553981
"Ambitious-Double NMC 811-Baseline-Baseline-Baseline","EFTA",2048,19.2162690188363
"Ambitious-Double NMC 811-Baseline-Baseline-Baseline","EFTA",2049,20.1903569410254
"Ambitious-Double NMC 811-Baseline-Baseline-Baseline","EFTA",2050,21.0751399246052
"Ambitious-Double NMC 811-Baseline-Baseline-Baseline","EFTA",2051,21.8658379256576
"Ambitious-Double NMC 811-Baseline-Baseline-Baseline","EFTA",2052,22.5993713323152
"Ambitious-Double NMC 811-Baseline-Baseline-Baseline","EFTA",2053,23.2458331818884
"Ambitious-Double NMC 811-Baseline-Baseline-Baseline","EFTA",2054,23.8116623241944
"Ambitious-Double NMC 811-Baseline-Baseline-Baseline","EFTA",2055,24.3060895956548
"Ambitious-Double NMC 811-Baseline-Baseline-Baseline","EFTA",2056,24.7311922078789
"Ambitious-Double NMC 811-Baseline-Baseline-Baseline","EFTA",2057,25.0949495131724
"Ambitious-Double NMC 811-Baseline-Baseline-Baseline","EFTA",2058,25.4041888972314
"Ambitious-Double NMC 811-Baseline-Baseline-Baseline","EFTA",2059,25.6694984431615
"Ambitious-Double NMC 811-Baseline-Baseline-Baseline","EFTA",2060,25.8962089860989
"Ambitious-Double NMC 811-Baseline-Baseline-Baseline","EFTA",2061,26.0899375790338
"Ambitious-Double NMC 811-Baseline-Baseline-Baseline","EFTA",2062,26.2566464784936
"Ambitious-Double NMC 811-Baseline-Baseline-Baseline","EFTA",2063,26.4075815919324
"Ambitious-Double NMC 811-Baseline-Baseline-Baseline","EFTA",2064,26.5462889632354
"Ambitious-Double NMC 811-Baseline-Baseline-Baseline","EFTA",2065,26.6785129891776
"Ambitious-Double NMC 811-Baseline-Baseline-Baseline","EFTA",2066,26.8053805469575
"Ambitious-Double NMC 811-Baseline-Baseline-Baseline","EFTA",2067,26.9304035607492
"Ambitious-Double NMC 811-Baseline-Baseline-Baseline","EFTA",2068,27.0531005033638
"Ambitious-Double NMC 811-Baseline-Baseline-Baseline","EFTA",2069,27.1757114845303
"Ambitious-Double NMC 811-Baseline-Baseline-Baseline","EFTA",2070,27.2982271001631
"Ambitious-Double NMC 811-Baseline-Baseline-Baseline","European Union",2023,1.50374940730139
"Ambitious-Double NMC 811-Baseline-Baseline-Baseline","European Union",2024,2.86831519794664
"Ambitious-Double NMC 811-Baseline-Baseline-Baseline","European Union",2025,4.33895460661305
"Ambitious-Double NMC 811-Baseline-Baseline-Baseline","European Union",2026,7.07373336392311
"Ambitious-Double NMC 811-Baseline-Baseline-Baseline","European Union",2027,10.4285928993994
"Ambitious-Double NMC 811-Baseline-Baseline-Baseline","European Union",2028,14.8675857274017
"Ambitious-Double NMC 811-Baseline-Baseline-Baseline","European Union",2029,20.6936819625554
"Ambitious-Double NMC 811-Baseline-Baseline-Baseline","European Union",2030,27.5979838509092
"Ambitious-Double NMC 811-Baseline-Baseline-Baseline","European Union",2031,36.462896359423
"Ambitious-Double NMC 811-Baseline-Baseline-Baseline","European Union",2032,46.3303193740307
"Ambitious-Double NMC 811-Baseline-Baseline-Baseline","European Union",2033,58.316168367645
"Ambitious-Double NMC 811-Baseline-Baseline-Baseline","European Union",2034,73.7773605800174
"Ambitious-Double NMC 811-Baseline-Baseline-Baseline","European Union",2035,93.5670337958
"Ambitious-Double NMC 811-Baseline-Baseline-Baseline","European Union",2036,118.486120278013
"Ambitious-Double NMC 811-Baseline-Baseline-Baseline","European Union",2037,149.308105875198
"Ambitious-Double NMC 811-Baseline-Baseline-Baseline","European Union",2038,186.621779634046
"Ambitious-Double NMC 811-Baseline-Baseline-Baseline","European Union",2039,230.163382212761
"Ambitious-Double NMC 811-Baseline-Baseline-Baseline","European Union",2040,280.868676321653
"Ambitious-Double NMC 811-Baseline-Baseline-Baseline","European Union",2041,338.55615662771
"Ambitious-Double NMC 811-Baseline-Baseline-Baseline","European Union",2042,401.07002788472
"Ambitious-Double NMC 811-Baseline-Baseline-Baseline","European Union",2043,464.876150750823
"Ambitious-Double NMC 811-Baseline-Baseline-Baseline","European Union",2044,527.386153832066
"Ambitious-Double NMC 811-Baseline-Baseline-Baseline","European Union",2045,586.79335229536
"Ambitious-Double NMC 811-Baseline-Baseline-Baseline","European Union",2046,641.25921047438
"Ambitious-Double NMC 811-Baseline-Baseline-Baseline","European Union",2047,690.797232384402
"Ambitious-Double NMC 811-Baseline-Baseline-Baseline","European Union",2048,735.150198570658
"Ambitious-Double NMC 811-Baseline-Baseline-Baseline","European Union",2049,774.66356068973
"Ambitious-Double NMC 811-Baseline-Baseline-Baseline","European Union",2050,810.030280252951
"Ambitious-Double NMC 811-Baseline-Baseline-Baseline","European Union",2051,841.431361320214
"Ambitious-Double NMC 811-Baseline-Baseline-Baseline","European Union",2052,873.544901983558
"Ambitious-Double NMC 811-Baseline-Baseline-Baseline","European Union",2053,903.607298481193
"Ambitious-Double NMC 811-Baseline-Baseline-Baseline","European Union",2054,931.803055731877
"Ambitious-Double NMC 811-Baseline-Baseline-Baseline","European Union",2055,958.066657994939
"Ambitious-Double NMC 811-Baseline-Baseline-Baseline","European Union",2056,982.373418317925
"Ambitious-Double NMC 811-Baseline-Baseline-Baseline","European Union",2057,1004.6787417121
"Ambitious-Double NMC 811-Baseline-Baseline-Baseline","European Union",2058,1025.00138414966
"Ambitious-Double NMC 811-Baseline-Baseline-Baseline","European Union",2059,1043.5780575076
"Ambitious-Double NMC 811-Baseline-Baseline-Baseline","European Union",2060,1060.67593048658
"Ambitious-Double NMC 811-Baseline-Baseline-Baseline","European Union",2061,1076.63987007111
"Ambitious-Double NMC 811-Baseline-Baseline-Baseline","European Union",2062,1091.7213466442
"Ambitious-Double NMC 811-Baseline-Baseline-Baseline","European Union",2063,1106.11359654916
"Ambitious-Double NMC 811-Baseline-Baseline-Baseline","European Union",2064,1119.88565578763
"Ambitious-Double NMC 811-Baseline-Baseline-Baseline","European Union",2065,1132.99434594733
"Ambitious-Double NMC 811-Baseline-Baseline-Baseline","European Union",2066,1145.39204499156
"Ambitious-Double NMC 811-Baseline-Baseline-Baseline","European Union",2067,1157.05133232515
"Ambitious-Double NMC 811-Baseline-Baseline-Baseline","European Union",2068,1167.97782359644
"Ambitious-Double NMC 811-Baseline-Baseline-Baseline","European Union",2069,1178.25585783945
"Ambitious-Double NMC 811-Baseline-Baseline-Baseline","European Union",2070,1188.00221236936
"Ambitious-Double NMC 811-Baseline-Baseline-Baseline","India",2023,0.112419107312472
"Ambitious-Double NMC 811-Baseline-Baseline-Baseline","India",2024,0.324344993799884
"Ambitious-Double NMC 811-Baseline-Baseline-Baseline","India",2025,0.55934397564739
"Ambitious-Double NMC 811-Baseline-Baseline-Baseline","India",2026,0.861389927844101
"Ambitious-Double NMC 811-Baseline-Baseline-Baseline","India",2027,1.42092672566443
"Ambitious-Double NMC 811-Baseline-Baseline-Baseline","India",2028,2.40414954470102
"Ambitious-Double NMC 811-Baseline-Baseline-Baseline","India",2029,3.7702993057376
"Ambitious-Double NMC 811-Baseline-Baseline-Baseline","India",2030,5.57783939337508
"Ambitious-Double NMC 811-Baseline-Baseline-Baseline","India",2031,8.04749720595232
"Ambitious-Double NMC 811-Baseline-Baseline-Baseline","India",2032,10.8563108872496
"Ambitious-Double NMC 811-Baseline-Baseline-Baseline","India",2033,14.4278922164165
"Ambitious-Double NMC 811-Baseline-Baseline-Baseline","India",2034,18.92611388971
"Ambitious-Double NMC 811-Baseline-Baseline-Baseline","India",2035,24.4624539640247
"Ambitious-Double NMC 811-Baseline-Baseline-Baseline","India",2036,31.0994886289635
"Ambitious-Double NMC 811-Baseline-Baseline-Baseline","India",2037,38.7096545162124
"Ambitious-Double NMC 811-Baseline-Baseline-Baseline","India",2038,47.3776043964814
"Ambitious-Double NMC 811-Baseline-Baseline-Baseline","India",2039,57.0798512254277
"Ambitious-Double NMC 811-Baseline-Baseline-Baseline","India",2040,67.7683145875706
"Ambitious-Double NMC 811-Baseline-Baseline-Baseline","India",2041,79.5478531184236
"Ambitious-Double NMC 811-Baseline-Baseline-Baseline","India",2042,91.8122848843498
"Ambitious-Double NMC 811-Baseline-Baseline-Baseline","India",2043,104.72839764601
"Ambitious-Double NMC 811-Baseline-Baseline-Baseline","India",2044,118.115740867334
"Ambitious-Double NMC 811-Baseline-Baseline-Baseline","India",2045,131.78060007711
"Ambitious-Double NMC 811-Baseline-Baseline-Baseline","India",2046,145.492932586842
"Ambitious-Double NMC 811-Baseline-Baseline-Baseline","India",2047,159.061558280722
"Ambitious-Double NMC 811-Baseline-Baseline-Baseline","India",2048,172.309945588788
"Ambitious-Double NMC 811-Baseline-Baseline-Baseline","India",2049,185.097764907992
"Ambitious-Double NMC 811-Baseline-Baseline-Baseline","India",2050,197.331183263918
"Ambitious-Double NMC 811-Baseline-Baseline-Baseline","India",2051,208.968233896084
"Ambitious-Double NMC 811-Baseline-Baseline-Baseline","India",2052,219.850123366827
"Ambitious-Double NMC 811-Baseline-Baseline-Baseline","India",2053,230.106610398335
"Ambitious-Double NMC 811-Baseline-Baseline-Baseline","India",2054,239.745284784061
"Ambitious-Double NMC 811-Baseline-Baseline-Baseline","India",2055,248.768295039594
"Ambitious-Double NMC 811-Baseline-Baseline-Baseline","India",2056,258.259061285785
"Ambitious-Double NMC 811-Baseline-Baseline-Baseline","India",2057,267.409159393767
"Ambitious-Double NMC 811-Baseline-Baseline-Baseline","India",2058,275.853550615375
"Ambitious-Double NMC 811-Baseline-Baseline-Baseline","India",2059,283.630369789004
"Ambitious-Double NMC 811-Baseline-Baseline-Baseline","India",2060,290.807719082234
"Ambitious-Double NMC 811-Baseline-Baseline-Baseline","India",2061,297.441579323763
"Ambitious-Double NMC 811-Baseline-Baseline-Baseline","India",2062,303.616084686875
"Ambitious-Double NMC 811-Baseline-Baseline-Baseline","India",2063,309.366980593312
"Ambitious-Double NMC 811-Baseline-Baseline-Baseline","India",2064,314.744795918767
"Ambitious-Double NMC 811-Baseline-Baseline-Baseline","India",2065,319.775825204819
"Ambitious-Double NMC 811-Baseline-Baseline-Baseline","India",2066,324.49114199249
"Ambitious-Double NMC 811-Baseline-Baseline-Baseline","India",2067,328.920400385294
"Ambitious-Double NMC 811-Baseline-Baseline-Baseline","India",2068,333.115406036627
"Ambitious-Double NMC 811-Baseline-Baseline-Baseline","India",2069,337.119260085516
"Ambitious-Double NMC 811-Baseline-Baseline-Baseline","India",2070,340.97458477516
"Ambitious-Double NMC 811-Baseline-Baseline-Baseline","Japan",2023,0.100955465344981
"Ambitious-Double NMC 811-Baseline-Baseline-Baseline","Japan",2024,0.417532650256103
"Ambitious-Double NMC 811-Baseline-Baseline-Baseline","Japan",2025,0.488254146795971
"Ambitious-Double NMC 811-Baseline-Baseline-Baseline","Japan",2026,0.577866504176877
"Ambitious-Double NMC 811-Baseline-Baseline-Baseline","Japan",2027,0.705676198214653
"Ambitious-Double NMC 811-Baseline-Baseline-Baseline","Japan",2028,1.00094606706289
"Ambitious-Double NMC 811-Baseline-Baseline-Baseline","Japan",2029,1.31447294997454
"Ambitious-Double NMC 811-Baseline-Baseline-Baseline","Japan",2030,2.28067878151225
"Ambitious-Double NMC 811-Baseline-Baseline-Baseline","Japan",2031,3.61327825021417
"Ambitious-Double NMC 811-Baseline-Baseline-Baseline","Japan",2032,4.55511453674772
"Ambitious-Double NMC 811-Baseline-Baseline-Baseline","Japan",2033,5.78895388748011
"Ambitious-Double NMC 811-Baseline-Baseline-Baseline","Japan",2034,7.42148558668617
"Ambitious-Double NMC 811-Baseline-Baseline-Baseline","Japan",2035,9.60335290076446
"Ambitious-Double NMC 811-Baseline-Baseline-Baseline","Japan",2036,12.3772437568532
"Ambitious-Double NMC 811-Baseline-Baseline-Baseline","Japan",2037,15.6331756857077
"Ambitious-Double NMC 811-Baseline-Baseline-Baseline","Japan",2038,19.7740357594176
"Ambitious-Double NMC 811-Baseline-Baseline-Baseline","Japan",2039,24.2435954451631
"Ambitious-Double NMC 811-Baseline-Baseline-Baseline","Japan",2040,29.3248167799273
"Ambitious-Double NMC 811-Baseline-Baseline-Baseline","Japan",2041,33.9056964911197
"Ambitious-Double NMC 811-Baseline-Baseline-Baseline","Japan",2042,40.4598466316397
"Ambitious-Double NMC 811-Baseline-Baseline-Baseline","Japan",2043,47.8226207595144
"Ambitious-Double NMC 811-Baseline-Baseline-Baseline","Japan",2044,55.8567493430207
"Ambitious-Double NMC 811-Baseline-Baseline-Baseline","Japan",2045,64.2617018448618
"Ambitious-Double NMC 811-Baseline-Baseline-Baseline","Japan",2046,72.652518957436
"Ambitious-Double NMC 811-Baseline-Baseline-Baseline","Japan",2047,80.6825671356685
"Ambitious-Double NMC 811-Baseline-Baseline-Baseline","Japan",2048,88.0855936137279
"Ambitious-Double NMC 811-Baseline-Baseline-Baseline","Japan",2049,94.737363113263
"Ambitious-Double NMC 811-Baseline-Baseline-Baseline","Japan",2050,100.711745111261
"Ambitious-Double NMC 811-Baseline-Baseline-Baseline","Japan",2051,106.374205400501
"Ambitious-Double NMC 811-Baseline-Baseline-Baseline","Japan",2052,112.000125666646
"Ambitious-Double NMC 811-Baseline-Baseline-Baseline","Japan",2053,116.761551435839
"Ambitious-Double NMC 811-Baseline-Baseline-Baseline","Japan",2054,120.753960498702
"Ambitious-Double NMC 811-Baseline-Baseline-Baseline","Japan",2055,124.045998174929
"Ambitious-Double NMC 811-Baseline-Baseline-Baseline","Japan",2056,126.701805570517
"Ambitious-Double NMC 811-Baseline-Baseline-Baseline","Japan",2057,128.774835249851
"Ambitious-Double NMC 811-Baseline-Baseline-Baseline","Japan",2058,130.310200293023
"Ambitious-Double NMC 811-Baseline-Baseline-Baseline","Japan",2059,131.350765466973
"Ambitious-Double NMC 811-Baseline-Baseline-Baseline","Japan",2060,131.939171696297
"Ambitious-Double NMC 811-Baseline-Baseline-Baseline","Japan",2061,132.171425145156
"Ambitious-Double NMC 811-Baseline-Baseline-Baseline","Japan",2062,132.110351459668
"Ambitious-Double NMC 811-Baseline-Baseline-Baseline","Japan",2063,131.864080596588
"Ambitious-Double NMC 811-Baseline-Baseline-Baseline","Japan",2064,131.505668023992
"Ambitious-Double NMC 811-Baseline-Baseline-Baseline","Japan",2065,131.080151257578
"Ambitious-Double NMC 811-Baseline-Baseline-Baseline","Japan",2066,130.627605063819
"Ambitious-Double NMC 811-Baseline-Baseline-Baseline","Japan",2067,130.163384312418
"Ambitious-Double NMC 811-Baseline-Baseline-Baseline","Japan",2068,129.703233913045
"Ambitious-Double NMC 811-Baseline-Baseline-Baseline","Japan",2069,129.248275608155
"Ambitious-Double NMC 811-Baseline-Baseline-Baseline","Japan",2070,128.800630868706
"Ambitious-Double NMC 811-Baseline-Baseline-Baseline","Mexico",2023,0.0312948282293928
"Ambitious-Double NMC 811-Baseline-Baseline-Baseline","Mexico",2024,0.0973401245652745
"Ambitious-Double NMC 811-Baseline-Baseline-Baseline","Mexico",2025,0.0991548912795052
"Ambitious-Double NMC 811-Baseline-Baseline-Baseline","Mexico",2026,0.136739294219698
"Ambitious-Double NMC 811-Baseline-Baseline-Baseline","Mexico",2027,0.183140126613951
"Ambitious-Double NMC 811-Baseline-Baseline-Baseline","Mexico",2028,0.295216137585344
"Ambitious-Double NMC 811-Baseline-Baseline-Baseline","Mexico",2029,0.534851211519157
"Ambitious-Double NMC 811-Baseline-Baseline-Baseline","Mexico",2030,1.03217825960946
"Ambitious-Double NMC 811-Baseline-Baseline-Baseline","Mexico",2031,1.76744284167824
"Ambitious-Double NMC 811-Baseline-Baseline-Baseline","Mexico",2032,2.18876337824867
"Ambitious-Double NMC 811-Baseline-Baseline-Baseline","Mexico",2033,2.73165699033777
"Ambitious-Double NMC 811-Baseline-Baseline-Baseline","Mexico",2034,3.44060668539841
"Ambitious-Double NMC 811-Baseline-Baseline-Baseline","Mexico",2035,4.36661715410696
"Ambitious-Double NMC 811-Baseline-Baseline-Baseline","Mexico",2036,5.56653631190229
"Ambitious-Double NMC 811-Baseline-Baseline-Baseline","Mexico",2037,7.00217924996996
"Ambitious-Double NMC 811-Baseline-Baseline-Baseline","Mexico",2038,8.82082971536112
"Ambitious-Double NMC 811-Baseline-Baseline-Baseline","Mexico",2039,11.0965632621477
"Ambitious-Double NMC 811-Baseline-Baseline-Baseline","Mexico",2040,13.9319461706227
"Ambitious-Double NMC 811-Baseline-Baseline-Baseline","Mexico",2041,17.5034907820621
"Ambitious-Double NMC 811-Baseline-Baseline-Baseline","Mexico",2042,21.7189440592055
"Ambitious-Double NMC 811-Baseline-Baseline-Baseline","Mexico",2043,26.6450437265753
"Ambitious-Double NMC 811-Baseline-Baseline-Baseline","Mexico",2044,32.1613730623368
"Ambitious-Double NMC 811-Baseline-Baseline-Baseline","Mexico",2045,38.7157252908087
"Ambitious-Double NMC 811-Baseline-Baseline-Baseline","Mexico",2046,45.6601413380394
"Ambitious-Double NMC 811-Baseline-Baseline-Baseline","Mexico",2047,52.7547702484785
"Ambitious-Double NMC 811-Baseline-Baseline-Baseline","Mexico",2048,59.610874639975
"Ambitious-Double NMC 811-Baseline-Baseline-Baseline","Mexico",2049,66.0781312284058
"Ambitious-Double NMC 811-Baseline-Baseline-Baseline","Mexico",2050,72.0647755737573
"Ambitious-Double NMC 811-Baseline-Baseline-Baseline","Mexico",2051,77.5338603586867
"Ambitious-Double NMC 811-Baseline-Baseline-Baseline","Mexico",2052,82.7752870827837
"Ambitious-Double NMC 811-Baseline-Baseline-Baseline","Mexico",2053,87.5823802544745
"Ambitious-Double NMC 811-Baseline-Baseline-Baseline","Mexico",2054,91.9863464132503
"Ambitious-Double NMC 811-Baseline-Baseline-Baseline","Mexico",2055,96.020559921895
"Ambitious-Double NMC 811-Baseline-Baseline-Baseline","Mexico",2056,99.6978540111767
"Ambitious-Double NMC 811-Baseline-Baseline-Baseline","Mexico",2057,103.036890559287
"Ambitious-Double NMC 811-Baseline-Baseline-Baseline","Mexico",2058,106.038842480331
"Ambitious-Double NMC 811-Baseline-Baseline-Baseline","Mexico",2059,108.710286487931
"Ambitious-Double NMC 811-Baseline-Baseline-Baseline","Mexico",2060,111.067348816611
"Ambitious-Double NMC 811-Baseline-Baseline-Baseline","Mexico",2061,113.1562442068
"Ambitious-Double NMC 811-Baseline-Baseline-Baseline","Mexico",2062,114.998400754048
"Ambitious-Double NMC 811-Baseline-Baseline-Baseline","Mexico",2063,116.650078217105
"Ambitious-Double NMC 811-Baseline-Baseline-Baseline","Mexico",2064,118.139668093666
"Ambitious-Double NMC 811-Baseline-Baseline-Baseline","Mexico",2065,119.498887639879
"Ambitious-Double NMC 811-Baseline-Baseline-Baseline","Mexico",2066,120.743026742016
"Ambitious-Double NMC 811-Baseline-Baseline-Baseline","Mexico",2067,121.89049972209
"Ambitious-Double NMC 811-Baseline-Baseline-Baseline","Mexico",2068,122.960071698009
"Ambitious-Double NMC 811-Baseline-Baseline-Baseline","Mexico",2069,123.969136848656
"Ambitious-Double NMC 811-Baseline-Baseline-Baseline","Mexico",2070,124.930281145873
"Ambitious-Double NMC 811-Baseline-Baseline-Baseline","Middle East",2023,0.130580773119928
"Ambitious-Double NMC 811-Baseline-Baseline-Baseline","Middle East",2024,0.206792240360167
"Ambitious-Double NMC 811-Baseline-Baseline-Baseline","Middle East",2025,0.282830210980558
"Ambitious-Double NMC 811-Baseline-Baseline-Baseline","Middle East",2026,0.416861520642401
"Ambitious-Double NMC 811-Baseline-Baseline-Baseline","Middle East",2027,0.644070158256094
"Ambitious-Double NMC 811-Baseline-Baseline-Baseline","Middle East",2028,1.02825790825748
"Ambitious-Double NMC 811-Baseline-Baseline-Baseline","Middle East",2029,1.62986408418111
"Ambitious-Double NMC 811-Baseline-Baseline-Baseline","Middle East",2030,2.64602329684953
"Ambitious-Double NMC 811-Baseline-Baseline-Baseline","Middle East",2031,4.4140753621831
"Ambitious-Double NMC 811-Baseline-Baseline-Baseline","Middle East",2032,6.09229468778473
"Ambitious-Double NMC 811-Baseline-Baseline-Baseline","Middle East",2033,8.30717215994627
"Ambitious-Double NMC 811-Baseline-Baseline-Baseline","Middle East",2034,11.1949547889151
"Ambitious-Double NMC 811-Baseline-Baseline-Baseline","Middle East",2035,15.0021454271512
"Ambitious-Double NMC 811-Baseline-Baseline-Baseline","Middle East",2036,19.5570393305892
"Ambitious-Double NMC 811-Baseline-Baseline-Baseline","Middle East",2037,25.1987987960073
"Ambitious-Double NMC 811-Baseline-Baseline-Baseline","Middle East",2038,32.0421407088871
"Ambitious-Double NMC 811-Baseline-Baseline-Baseline","Middle East",2039,40.1570475233136
"Ambitious-Double NMC 811-Baseline-Baseline-Baseline","Middle East",2040,49.6615065369478
"Ambitious-Double NMC 811-Baseline-Baseline-Baseline","Middle East",2041,60.8478546642659
"Ambitious-Double NMC 811-Baseline-Baseline-Baseline","Middle East",2042,73.3054326428055
"Ambitious-Double NMC 811-Baseline-Baseline-Baseline","Middle East",2043,87.4809712628711
"Ambitious-Double NMC 811-Baseline-Baseline-Baseline","Middle East",2044,103.32131450314
"Ambitious-Double NMC 811-Baseline-Baseline-Baseline","Middle East",2045,120.896182407517
"Ambitious-Double NMC 811-Baseline-Baseline-Baseline","Middle East",2046,139.741294929195
"Ambitious-Double NMC 811-Baseline-Baseline-Baseline","Middle East",2047,159.367919051262
"Ambitious-Double NMC 811-Baseline-Baseline-Baseline","Middle East",2048,180.527947306737
"Ambitious-Double NMC 811-Baseline-Baseline-Baseline","Middle East",2049,202.386871652056
"Ambitious-Double NMC 811-Baseline-Baseline-Baseline","Middle East",2050,224.161387193048
"Ambitious-Double NMC 811-Baseline-Baseline-Baseline","Middle East",2051,245.544093241831
"Ambitious-Double NMC 811-Baseline-Baseline-Baseline","Middle East",2052,267.462995767074
"Ambitious-Double NMC 811-Baseline-Baseline-Baseline","Middle East",2053,288.943853059429
"Ambitious-Double NMC 811-Baseline-Baseline-Baseline","Middle East",2054,309.556667312965
"Ambitious-Double NMC 811-Baseline-Baseline-Baseline","Middle East",2055,329.11692974354
"Ambitious-Double NMC 811-Baseline-Baseline-Baseline","Middle East",2056,347.472554029294
"Ambitious-Double NMC 811-Baseline-Baseline-Baseline","Middle East",2057,364.49638761525
"Ambitious-Double NMC 811-Baseline-Baseline-Baseline","Middle East",2058,380.103229610741
"Ambitious-Double NMC 811-Baseline-Baseline-Baseline","Middle East",2059,394.273459241536
"Ambitious-Double NMC 811-Baseline-Baseline-Baseline","Middle East",2060,407.038033131068
"Ambitious-Double NMC 811-Baseline-Baseline-Baseline","Middle East",2061,418.492372653508
"Ambitious-Double NMC 811-Baseline-Baseline-Baseline","Middle East",2062,428.767334061973
"Ambitious-Double NMC 811-Baseline-Baseline-Baseline","Middle East",2063,438.001189917286
"Ambitious-Double NMC 811-Baseline-Baseline-Baseline","Middle East",2064,446.321791538481
"Ambitious-Double NMC 811-Baseline-Baseline-Baseline","Middle East",2065,453.846497412269
"Ambitious-Double NMC 811-Baseline-Baseline-Baseline","Middle East",2066,460.675934205169
"Ambitious-Double NMC 811-Baseline-Baseline-Baseline","Middle East",2067,466.913407402831
"Ambitious-Double NMC 811-Baseline-Baseline-Baseline","Middle East",2068,472.670996899062
"Ambitious-Double NMC 811-Baseline-Baseline-Baseline","Middle East",2069,478.03755734421
"Ambitious-Double NMC 811-Baseline-Baseline-Baseline","Middle East",2070,483.101465192848
"Ambitious-Double NMC 811-Baseline-Baseline-Baseline","Other Asia Pacific",2023,0.0309477204260943
"Ambitious-Double NMC 811-Baseline-Baseline-Baseline","Other Asia Pacific",2024,0.0411327307773943
"Ambitious-Double NMC 811-Baseline-Baseline-Baseline","Other Asia Pacific",2025,0.0945109912124821
"Ambitious-Double NMC 811-Baseline-Baseline-Baseline","Other Asia Pacific",2026,0.111212414174865
"Ambitious-Double NMC 811-Baseline-Baseline-Baseline","Other Asia Pacific",2027,0.178189953219829
"Ambitious-Double NMC 811-Baseline-Baseline-Baseline","Other Asia Pacific",2028,0.317840662047617
"Ambitious-Double NMC 811-Baseline-Baseline-Baseline","Other Asia Pacific",2029,0.577279999860469
"Ambitious-Double NMC 811-Baseline-Baseline-Baseline","Other Asia Pacific",2030,1.06369833732448
"Ambitious-Double NMC 811-Baseline-Baseline-Baseline","Other Asia Pacific",2031,2.0023831104122
"Ambitious-Double NMC 811-Baseline-Baseline-Baseline","Other Asia Pacific",2032,2.91216693024444
"Ambitious-Double NMC 811-Baseline-Baseline-Baseline","Other Asia Pacific",2033,4.17609287102349
"Ambitious-Double NMC 811-Baseline-Baseline-Baseline","Other Asia Pacific",2034,5.9062473078893
"Ambitious-Double NMC 811-Baseline-Baseline-Baseline","Other Asia Pacific",2035,8.15480934593924
"Ambitious-Double NMC 811-Baseline-Baseline-Baseline","Other Asia Pacific",2036,11.055313624999
"Ambitious-Double NMC 811-Baseline-Baseline-Baseline","Other Asia Pacific",2037,14.5741633594629
"Ambitious-Double NMC 811-Baseline-Baseline-Baseline","Other Asia Pacific",2038,18.8021173523526
"Ambitious-Double NMC 811-Baseline-Baseline-Baseline","Other Asia Pacific",2039,23.7545234747794
"Ambitious-Double NMC 811-Baseline-Baseline-Baseline","Other Asia Pacific",2040,29.4279503697804
"Ambitious-Double NMC 811-Baseline-Baseline-Baseline","Other Asia Pacific",2041,35.9569376453038
"Ambitious-Double NMC 811-Baseline-Baseline-Baseline","Other Asia Pacific",2042,43.0421919778073
"Ambitious-Double NMC 811-Baseline-Baseline-Baseline","Other Asia Pacific",2043,50.9876803776067
"Ambitious-Double NMC 811-Baseline-Baseline-Baseline","Other Asia Pacific",2044,59.7898790130872
"Ambitious-Double NMC 811-Baseline-Baseline-Baseline","Other Asia Pacific",2045,69.346434270309
"Ambitious-Double NMC 811-Baseline-Baseline-Baseline","Other Asia Pacific",2046,80.8880210192726
"Ambitious-Double NMC 811-Baseline-Baseline-Baseline","Other Asia Pacific",2047,92.3734022935143
"Ambitious-Double NMC 811-Baseline-Baseline-Baseline","Other Asia Pacific",2048,104.341086094627
"Ambitious-Double NMC 811-Baseline-Baseline-Baseline","Other Asia Pacific",2049,116.737133017434
"Ambitious-Double NMC 811-Baseline-Baseline-Baseline","Other Asia Pacific",2050,129.454399135904
"Ambitious-Double NMC 811-Baseline-Baseline-Baseline","Other Asia Pacific",2051,142.43603622085
"Ambitious-Double NMC 811-Baseline-Baseline-Baseline","Other Asia Pacific",2052,155.64148533281
"Ambitious-Double NMC 811-Baseline-Baseline-Baseline","Other Asia Pacific",2053,168.785569895701
"Ambitious-Double NMC 811-Baseline-Baseline-Baseline","Other Asia Pacific",2054,181.751796991382
"Ambitious-Double NMC 811-Baseline-Baseline-Baseline","Other Asia Pacific",2055,194.412831486658
"Ambitious-Double NMC 811-Baseline-Baseline-Baseline","Other Asia Pacific",2056,206.652759332467
"Ambitious-Double NMC 811-Baseline-Baseline-Baseline","Other Asia Pacific",2057,218.388379253666
"Ambitious-Double NMC 811-Baseline-Baseline-Baseline","Other Asia Pacific",2058,229.517207731919
"Ambitious-Double NMC 811-Baseline-Baseline-Baseline","Other Asia Pacific",2059,239.999505852846
"Ambitious-Double NMC 811-Baseline-Baseline-Baseline","Other Asia Pacific",2060,249.80436119853
"Ambitious-Double NMC 811-Baseline-Baseline-Baseline","Other Asia Pacific",2061,259.005185385055
"Ambitious-Double NMC 811-Baseline-Baseline-Baseline","Other Asia Pacific",2062,267.554854937712
"Ambitious-Double NMC 811-Baseline-Baseline-Baseline","Other Asia Pacific",2063,275.430125251408
"Ambitious-Double NMC 811-Baseline-Baseline-Baseline","Other Asia Pacific",2064,282.643300158544
"Ambitious-Double NMC 811-Baseline-Baseline-Baseline","Other Asia Pacific",2065,289.205861287097
"Ambitious-Double NMC 811-Baseline-Baseline-Baseline","Other Asia Pacific",2066,295.13343612968
"Ambitious-Double NMC 811-Baseline-Baseline-Baseline","Other Asia Pacific",2067,300.478480554506
"Ambitious-Double NMC 811-Baseline-Baseline-Baseline","Other Asia Pacific",2068,305.308135632043
"Ambitious-Double NMC 811-Baseline-Baseline-Baseline","Other Asia Pacific",2069,309.71098103595
"Ambitious-Double NMC 811-Baseline-Baseline-Baseline","Other Asia Pacific",2070,313.768048336975
"Ambitious-Double NMC 811-Baseline-Baseline-Baseline","Other Europe",2023,0.0867575243301104
"Ambitious-Double NMC 811-Baseline-Baseline-Baseline","Other Europe",2024,0.161108817468523
"Ambitious-Double NMC 811-Baseline-Baseline-Baseline","Other Europe",2025,0.202390373449299
"Ambitious-Double NMC 811-Baseline-Baseline-Baseline","Other Europe",2026,0.26905508739583
"Ambitious-Double NMC 811-Baseline-Baseline-Baseline","Other Europe",2027,0.385618653354377
"Ambitious-Double NMC 811-Baseline-Baseline-Baseline","Other Europe",2028,0.642512001481876
"Ambitious-Double NMC 811-Baseline-Baseline-Baseline","Other Europe",2029,1.09327807559196
"Ambitious-Double NMC 811-Baseline-Baseline-Baseline","Other Europe",2030,1.89751228246708
"Ambitious-Double NMC 811-Baseline-Baseline-Baseline","Other Europe",2031,3.38828922569748
"Ambitious-Double NMC 811-Baseline-Baseline-Baseline","Other Europe",2032,4.73067389052127
"Ambitious-Double NMC 811-Baseline-Baseline-Baseline","Other Europe",2033,6.52594695540205
"Ambitious-Double NMC 811-Baseline-Baseline-Baseline","Other Europe",2034,8.90150571371834
"Ambitious-Double NMC 811-Baseline-Baseline-Baseline","Other Europe",2035,12.1826150182951
"Ambitious-Double NMC 811-Baseline-Baseline-Baseline","Other Europe",2036,16.081782461275
"Ambitious-Double NMC 811-Baseline-Baseline-Baseline","Other Europe",2037,20.6873575761394
"Ambitious-Double NMC 811-Baseline-Baseline-Baseline","Other Europe",2038,25.9543542713718
"Ambitious-Double NMC 811-Baseline-Baseline-Baseline","Other Europe",2039,31.8955499129146
"Ambitious-Double NMC 811-Baseline-Baseline-Baseline","Other Europe",2040,38.472834925475
"Ambitious-Double NMC 811-Baseline-Baseline-Baseline","Other Europe",2041,45.781502799591
"Ambitious-Double NMC 811-Baseline-Baseline-Baseline","Other Europe",2042,53.5995510169858
"Ambitious-Double NMC 811-Baseline-Baseline-Baseline","Other Europe",2043,62.151896177674
"Ambitious-Double NMC 811-Baseline-Baseline-Baseline","Other Europe",2044,71.4702985192949
"Ambitious-Double NMC 811-Baseline-Baseline-Baseline","Other Europe",2045,81.4702495839811
"Ambitious-Double NMC 811-Baseline-Baseline-Baseline","Other Europe",2046,92.0135586128206
"Ambitious-Double NMC 811-Baseline-Baseline-Baseline","Other Europe",2047,103.017308039869
"Ambitious-Double NMC 811-Baseline-Baseline-Baseline","Other Europe",2048,114.260475890816
"Ambitious-Double NMC 811-Baseline-Baseline-Baseline","Other Europe",2049,125.448080616133
"Ambitious-Double NMC 811-Baseline-Baseline-Baseline","Other Europe",2050,136.402410290171
"Ambitious-Double NMC 811-Baseline-Baseline-Baseline","Other Europe",2051,147.007399987525
"Ambitious-Double NMC 811-Baseline-Baseline-Baseline","Other Europe",2052,157.299385502112
"Ambitious-Double NMC 811-Baseline-Baseline-Baseline","Other Europe",2053,167.085064891961
"Ambitious-Double NMC 811-Baseline-Baseline-Baseline","Other Europe",2054,176.279737879262
"Ambitious-Double NMC 811-Baseline-Baseline-Baseline","Other Europe",2055,184.813699442832
"Ambitious-Double NMC 811-Baseline-Baseline-Baseline","Other Europe",2056,192.627510078087
"Ambitious-Double NMC 811-Baseline-Baseline-Baseline","Other Europe",2057,199.699448294301
"Ambitious-Double NMC 811-Baseline-Baseline-Baseline","Other Europe",2058,206.183108363721
"Ambitious-Double NMC 811-Baseline-Baseline-Baseline","Other Europe",2059,212.26447457125
"Ambitious-Double NMC 811-Baseline-Baseline-Baseline","Other Europe",2060,217.556232933096
"Ambitious-Double NMC 811-Baseline-Baseline-Baseline","Other Europe",2061,222.124220074493
"Ambitious-Double NMC 811-Baseline-Baseline-Baseline","Other Europe",2062,226.048327684936
"Ambitious-Double NMC 811-Baseline-Baseline-Baseline","Other Europe",2063,229.387071470937
"Ambitious-Double NMC 811-Baseline-Baseline-Baseline","Other Europe",2064,232.214251960294
"Ambitious-Double NMC 811-Baseline-Baseline-Baseline","Other Europe",2065,234.580107948109
"Ambitious-Double NMC 811-Baseline-Baseline-Baseline","Other Europe",2066,236.546409647876
"Ambitious-Double NMC 811-Baseline-Baseline-Baseline","Other Europe",2067,238.17076147318
"Ambitious-Double NMC 811-Baseline-Baseline-Baseline","Other Europe",2068,239.52407168099
"Ambitious-Double NMC 811-Baseline-Baseline-Baseline","Other Europe",2069,240.662425428815
"Ambitious-Double NMC 811-Baseline-Baseline-Baseline","Other Europe",2070,241.636236093095
"Ambitious-Double NMC 811-Baseline-Baseline-Baseline","Other Latin America and Caribbean",2023,0.226998786143547
"Ambitious-Double NMC 811-Baseline-Baseline-Baseline","Other Latin America and Caribbean",2024,0.401794974113941
"Ambitious-Double NMC 811-Baseline-Baseline-Baseline","Other Latin America and Caribbean",2025,0.679954113997752
"Ambitious-Double NMC 811-Baseline-Baseline-Baseline","Other Latin America and Caribbean",2026,1.02539829383417
"Ambitious-Double NMC 811-Baseline-Baseline-Baseline","Other Latin America and Caribbean",2027,1.56759156685838
"Ambitious-Double NMC 811-Baseline-Baseline-Baseline","Other Latin America and Caribbean",2028,2.39584089137268
"Ambitious-Double NMC 811-Baseline-Baseline-Baseline","Other Latin America and Caribbean",2029,3.68942372775505
"Ambitious-Double NMC 811-Baseline-Baseline-Baseline","Other Latin America and Caribbean",2030,5.55181853686887
"Ambitious-Double NMC 811-Baseline-Baseline-Baseline","Other Latin America and Caribbean",2031,8.49593201782801
"Ambitious-Double NMC 811-Baseline-Baseline-Baseline","Other Latin America and Caribbean",2032,11.3783254135384
"Ambitious-Double NMC 811-Baseline-Baseline-Baseline","Other Latin America and Caribbean",2033,15.0380641673984
"Ambitious-Double NMC 811-Baseline-Baseline-Baseline","Other Latin America and Caribbean",2034,19.7457055324072
"Ambitious-Double NMC 811-Baseline-Baseline-Baseline","Other Latin America and Caribbean",2035,25.4431154564766
"Ambitious-Double NMC 811-Baseline-Baseline-Baseline","Other Latin America and Caribbean",2036,32.6110990238905
"Ambitious-Double NMC 811-Baseline-Baseline-Baseline","Other Latin America and Caribbean",2037,40.8252559647125
"Ambitious-Double NMC 811-Baseline-Baseline-Baseline","Other Latin America and Caribbean",2038,50.5938420922281
"Ambitious-Double NMC 811-Baseline-Baseline-Baseline","Other Latin America and Caribbean",2039,62.1651490849314
"Ambitious-Double NMC 811-Baseline-Baseline-Baseline","Other Latin America and Caribbean",2040,75.5103900123862
"Ambitious-Double NMC 811-Baseline-Baseline-Baseline","Other Latin America and Caribbean",2041,90.858668212916
"Ambitious-Double NMC 811-Baseline-Baseline-Baseline","Other Latin America and Caribbean",2042,108.047610807815
"Ambitious-Double NMC 811-Baseline-Baseline-Baseline","Other Latin America and Caribbean",2043,127.39392348557
"Ambitious-Double NMC 811-Baseline-Baseline-Baseline","Other Latin America and Caribbean",2044,148.79486983771
"Ambitious-Double NMC 811-Baseline-Baseline-Baseline","Other Latin America and Caribbean",2045,172.22555467171
"Ambitious-Double NMC 811-Baseline-Baseline-Baseline","Other Latin America and Caribbean",2046,197.17830066784
"Ambitious-Double NMC 811-Baseline-Baseline-Baseline","Other Latin America and Caribbean",2047,223.32838062774
"Ambitious-Double NMC 811-Baseline-Baseline-Baseline","Other Latin America and Caribbean",2048,250.085504110076
"Ambitious-Double NMC 811-Baseline-Baseline-Baseline","Other Latin America and Caribbean",2049,276.885767915323
"Ambitious-Double NMC 811-Baseline-Baseline-Baseline","Other Latin America and Caribbean",2050,303.284509906142
"Ambitious-Double NMC 811-Baseline-Baseline-Baseline","Other Latin America and Caribbean",2051,328.940622442859
"Ambitious-Double NMC 811-Baseline-Baseline-Baseline","Other Latin America and Caribbean",2052,353.880753693024
"Ambitious-Double NMC 811-Baseline-Baseline-Baseline","Other Latin America and Caribbean",2053,377.569477286719
"Ambitious-Double NMC 811-Baseline-Baseline-Baseline","Other Latin America and Caribbean",2054,399.845094846752
"Ambitious-Double NMC 811-Baseline-Baseline-Baseline","Other Latin America and Caribbean",2055,420.586308788433
"Ambitious-Double NMC 811-Baseline-Baseline-Baseline","Other Latin America and Caribbean",2056,439.704646616499
"Ambitious-Double NMC 811-Baseline-Baseline-Baseline","Other Latin America and Caribbean",2057,457.180769243886
"Ambitious-Double NMC 811-Baseline-Baseline-Baseline","Other Latin America and Caribbean",2058,472.977739823492
"Ambitious-Double NMC 811-Baseline-Baseline-Baseline","Other Latin America and Caribbean",2059,487.125422115045
"Ambitious-Double NMC 811-Baseline-Baseline-Baseline","Other Latin America and Caribbean",2060,499.679355650738
"Ambitious-Double NMC 811-Baseline-Baseline-Baseline","Other Latin America and Caribbean",2061,510.73920429159
"Ambitious-Double NMC 811-Baseline-Baseline-Baseline","Other Latin America and Caribbean",2062,520.43959084848
"Ambitious-Double NMC 811-Baseline-Baseline-Baseline","Other Latin America and Caribbean",2063,528.917935999932
"Ambitious-Double NMC 811-Baseline-Baseline-Baseline","Other Latin America and Caribbean",2064,536.313974049753
"Ambitious-Double NMC 811-Baseline-Baseline-Baseline","Other Latin America and Caribbean",2065,542.755301770881
"Ambitious-Double NMC 811-Baseline-Baseline-Baseline","Other Latin America and Caribbean",2066,548.382506991473
"Ambitious-Double NMC 811-Baseline-Baseline-Baseline","Other Latin America and Caribbean",2067,553.322266633462
"Ambitious-Double NMC 811-Baseline-Baseline-Baseline","Other Latin America and Caribbean",2068,557.706435608561
"Ambitious-Double NMC 811-Baseline-Baseline-Baseline","Other Latin America and Caribbean",2069,561.649001194768
"Ambitious-Double NMC 811-Baseline-Baseline-Baseline","Other Latin America and Caribbean",2070,565.246631573641
"Ambitious-Double NMC 811-Baseline-Baseline-Baseline","South Korea",2023,0.151630079356103
"Ambitious-Double NMC 811-Baseline-Baseline-Baseline","South Korea",2024,0.197139414835453
"Ambitious-Double NMC 811-Baseline-Baseline-Baseline","South Korea",2025,0.368195044373294
"Ambitious-Double NMC 811-Baseline-Baseline-Baseline","South Korea",2026,0.741856049377658
"Ambitious-Double NMC 811-Baseline-Baseline-Baseline","South Korea",2027,0.960451063167189
"Ambitious-Double NMC 811-Baseline-Baseline-Baseline","South Korea",2028,1.24075208709356
"Ambitious-Double NMC 811-Baseline-Baseline-Baseline","South Korea",2029,1.64110951095167
"Ambitious-Double NMC 811-Baseline-Baseline-Baseline","South Korea",2030,2.29616127635394
"Ambitious-Double NMC 811-Baseline-Baseline-Baseline","South Korea",2031,3.3412805827581
"Ambitious-Double NMC 811-Baseline-Baseline-Baseline","South Korea",2032,4.26306226226216
"Ambitious-Double NMC 811-Baseline-Baseline-Baseline","South Korea",2033,5.50656903547649
"Ambitious-Double NMC 811-Baseline-Baseline-Baseline","South Korea",2034,7.15758653478269
"Ambitious-Double NMC 811-Baseline-Baseline-Baseline","South Korea",2035,9.3424020966829
"Ambitious-Double NMC 811-Baseline-Baseline-Baseline","South Korea",2036,11.9314656622127
"Ambitious-Double NMC 811-Baseline-Baseline-Baseline","South Korea",2037,15.0362483893416
"Ambitious-Double NMC 811-Baseline-Baseline-Baseline","South Korea",2038,18.4893282269584
"Ambitious-Double NMC 811-Baseline-Baseline-Baseline","South Korea",2039,22.4903850368382
"Ambitious-Double NMC 811-Baseline-Baseline-Baseline","South Korea",2040,26.7601426422833
"Ambitious-Double NMC 811-Baseline-Baseline-Baseline","South Korea",2041,30.6315709450164
"Ambitious-Double NMC 811-Baseline-Baseline-Baseline","South Korea",2042,35.0039984263997
"Ambitious-Double NMC 811-Baseline-Baseline-Baseline","South Korea",2043,39.3265826615888
"Ambitious-Double NMC 811-Baseline-Baseline-Baseline","South Korea",2044,43.5610360113005
"Ambitious-Double NMC 811-Baseline-Baseline-Baseline","South Korea",2045,47.6536297801302
"Ambitious-Double NMC 811-Baseline-Baseline-Baseline","South Korea",2046,51.5567384492982
"Ambitious-Double NMC 811-Baseline-Baseline-Baseline","South Korea",2047,55.1302376652052
"Ambitious-Double NMC 811-Baseline-Baseline-Baseline","South Korea",2048,58.3800496996871
"Ambitious-Double NMC 811-Baseline-Baseline-Baseline","South Korea",2049,61.2784957348444
"Ambitious-Double NMC 811-Baseline-Baseline-Baseline","South Korea",2050,63.8584571742812
"Ambitious-Double NMC 811-Baseline-Baseline-Baseline","South Korea",2051,65.9789379443771
"Ambitious-Double NMC 811-Baseline-Baseline-Baseline","South Korea",2052,68.2267164466207
"Ambitious-Double NMC 811-Baseline-Baseline-Baseline","South Korea",2053,70.0873915189323
"Ambitious-Double NMC 811-Baseline-Baseline-Baseline","South Korea",2054,71.576361145265
"Ambitious-Double NMC 811-Baseline-Baseline-Baseline","South Korea",2055,72.7215589318298
"Ambitious-Double NMC 811-Baseline-Baseline-Baseline","South Korea",2056,73.5490312407168
"Ambitious-Double NMC 811-Baseline-Baseline-Baseline","South Korea",2057,74.090734796716
"Ambitious-Double NMC 811-Baseline-Baseline-Baseline","South Korea",2058,74.3925578884632
"Ambitious-Double NMC 811-Baseline-Baseline-Baseline","South Korea",2059,74.4999065056694
"Ambitious-Double NMC 811-Baseline-Baseline-Baseline","South Korea",2060,74.4468025329484
"Ambitious-Double NMC 811-Baseline-Baseline-Baseline","South Korea",2061,74.2821545995989
"Ambitious-Double NMC 811-Baseline-Baseline-Baseline","South Korea",2062,74.0373883630654
"Ambitious-Double NMC 811-Baseline-Baseline-Baseline","South Korea",2063,73.754639633754
"Ambitious-Double NMC 811-Baseline-Baseline-Baseline","South Korea",2064,73.461637036133
"Ambitious-Double NMC 811-Baseline-Baseline-Baseline","South Korea",2065,73.172335724689
"Ambitious-Double NMC 811-Baseline-Baseline-Baseline","South Korea",2066,72.901933727439
"Ambitious-Double NMC 811-Baseline-Baseline-Baseline","South Korea",2067,72.6952170493965
"Ambitious-Double NMC 811-Baseline-Baseline-Baseline","South Korea",2068,72.6621063326358
"Ambitious-Double NMC 811-Baseline-Baseline-Baseline","South Korea",2069,72.6504914499577
"Ambitious-Double NMC 811-Baseline-Baseline-Baseline","South Korea",2070,72.6561664809125
"Ambitious-Double NMC 811-Baseline-Baseline-Baseline","United Kingdom",2023,0.371857670499221
"Ambitious-Double NMC 811-Baseline-Baseline-Baseline","United Kingdom",2024,0.526547742140985
"Ambitious-Double NMC 811-Baseline-Baseline-Baseline","United Kingdom",2025,0.641754218669605
"Ambitious-Double NMC 811-Baseline-Baseline-Baseline","United Kingdom",2026,0.905378445811359
"Ambitious-Double NMC 811-Baseline-Baseline-Baseline","United Kingdom",2027,1.24236925076271
"Ambitious-Double NMC 811-Baseline-Baseline-Baseline","United Kingdom",2028,1.71469655515951
"Ambitious-Double NMC 811-Baseline-Baseline-Baseline","United Kingdom",2029,2.35440062550675
"Ambitious-Double NMC 811-Baseline-Baseline-Baseline","United Kingdom",2030,3.32748364889291
"Ambitious-Double NMC 811-Baseline-Baseline-Baseline","United Kingdom",2031,4.60147011405925
"Ambitious-Double NMC 811-Baseline-Baseline-Baseline","United Kingdom",2032,5.48163353460692
"Ambitious-Double NMC 811-Baseline-Baseline-Baseline","United Kingdom",2033,6.74248516467816
"Ambitious-Double NMC 811-Baseline-Baseline-Baseline","United Kingdom",2034,8.42801502316483
"Ambitious-Double NMC 811-Baseline-Baseline-Baseline","United Kingdom",2035,10.6070136963855
"Ambitious-Double NMC 811-Baseline-Baseline-Baseline","United Kingdom",2036,13.3245831096927
"Ambitious-Double NMC 811-Baseline-Baseline-Baseline","United Kingdom",2037,16.6283978922213
"Ambitious-Double NMC 811-Baseline-Baseline-Baseline","United Kingdom",2038,20.5461508236243
"Ambitious-Double NMC 811-Baseline-Baseline-Baseline","United Kingdom",2039,25.0972164508349
"Ambitious-Double NMC 811-Baseline-Baseline-Baseline","United Kingdom",2040,30.3054432298722
"Ambitious-Double NMC 811-Baseline-Baseline-Baseline","United Kingdom",2041,38.621405524491
"Ambitious-Double NMC 811-Baseline-Baseline-Baseline","United Kingdom",2042,46.2415338074977
"Ambitious-Double NMC 811-Baseline-Baseline-Baseline","United Kingdom",2043,54.2831540833965
"Ambitious-Double NMC 811-Baseline-Baseline-Baseline","United Kingdom",2044,62.1332520957057
"Ambitious-Double NMC 811-Baseline-Baseline-Baseline","United Kingdom",2045,70.0637530274058
"Ambitious-Double NMC 811-Baseline-Baseline-Baseline","United Kingdom",2046,77.3923504024418
"Ambitious-Double NMC 811-Baseline-Baseline-Baseline","United Kingdom",2047,83.9009496965178
"Ambitious-Double NMC 811-Baseline-Baseline-Baseline","United Kingdom",2048,89.5099694238528
"Ambitious-Double NMC 811-Baseline-Baseline-Baseline","United Kingdom",2049,94.2564840825583
"Ambitious-Double NMC 811-Baseline-Baseline-Baseline","United Kingdom",2050,98.2427660019206
"Ambitious-Double NMC 811-Baseline-Baseline-Baseline","United Kingdom",2051,101.596402040444
"Ambitious-Double NMC 811-Baseline-Baseline-Baseline","United Kingdom",2052,104.706242323647
"Ambitious-Double NMC 811-Baseline-Baseline-Baseline","United Kingdom",2053,107.481085070908
"Ambitious-Double NMC 811-Baseline-Baseline-Baseline","United Kingdom",2054,110.004120096495
"Ambitious-Double NMC 811-Baseline-Baseline-Baseline","United Kingdom",2055,112.312129165721
"Ambitious-Double NMC 811-Baseline-Baseline-Baseline","United Kingdom",2056,114.427526685724
"Ambitious-Double NMC 811-Baseline-Baseline-Baseline","United Kingdom",2057,116.33944842276
"Ambitious-Double NMC 811-Baseline-Baseline-Baseline","United Kingdom",2058,118.051501749557
"Ambitious-Double NMC 811-Baseline-Baseline-Baseline","United Kingdom",2059,119.574344360875
"Ambitious-Double NMC 811-Baseline-Baseline-Baseline","United Kingdom",2060,120.933436148494
"Ambitious-Double NMC 811-Baseline-Baseline-Baseline","United Kingdom",2061,122.191775882323
"Ambitious-Double NMC 811-Baseline-Baseline-Baseline","United Kingdom",2062,123.361040140611
"Ambitious-Double NMC 811-Baseline-Baseline-Baseline","United Kingdom",2063,124.500249392083
"Ambitious-Double NMC 811-Baseline-Baseline-Baseline","United Kingdom",2064,125.631855091328
"Ambitious-Double NMC 811-Baseline-Baseline-Baseline","United Kingdom",2065,126.759779230211
"Ambitious-Double NMC 811-Baseline-Baseline-Baseline","United Kingdom",2066,127.878949057978
"Ambitious-Double NMC 811-Baseline-Baseline-Baseline","United Kingdom",2067,128.97659662623
"Ambitious-Double NMC 811-Baseline-Baseline-Baseline","United Kingdom",2068,130.049436970986
"Ambitious-Double NMC 811-Baseline-Baseline-Baseline","United Kingdom",2069,131.094129837564
"Ambitious-Double NMC 811-Baseline-Baseline-Baseline","United Kingdom",2070,132.109367297205
"Ambitious-Double NMC 811-Baseline-Baseline-Baseline","United States",2023,1.13901222490528
"Ambitious-Double NMC 811-Baseline-Baseline-Baseline","United States",2024,1.40947365900672
"Ambitious-Double NMC 811-Baseline-Baseline-Baseline","United States",2025,2.5471301769599
"Ambitious-Double NMC 811-Baseline-Baseline-Baseline","United States",2026,4.17306882825883
"Ambitious-Double NMC 811-Baseline-Baseline-Baseline","United States",2027,6.44359885395402
"Ambitious-Double NMC 811-Baseline-Baseline-Baseline","United States",2028,9.14923218076648
"Ambitious-Double NMC 811-Baseline-Baseline-Baseline","United States",2029,13.3705904777877
"Ambitious-Double NMC 811-Baseline-Baseline-Baseline","United States",2030,17.1827661671014
"Ambitious-Double NMC 811-Baseline-Baseline-Baseline","United States",2031,23.7212227480042
"Ambitious-Double NMC 811-Baseline-Baseline-Baseline","United States",2032,30.0461642042174
"Ambitious-Double NMC 811-Baseline-Baseline-Baseline","United States",2033,38.2304069871154
"Ambitious-Double NMC 811-Baseline-Baseline-Baseline","United States",2034,48.7840504225837
"Ambitious-Double NMC 811-Baseline-Baseline-Baseline","United States",2035,61.5745796367451
"Ambitious-Double NMC 811-Baseline-Baseline-Baseline","United States",2036,76.1144643972025
"Ambitious-Double NMC 811-Baseline-Baseline-Baseline","United States",2037,93.0203793413076
"Ambitious-Double NMC 811-Baseline-Baseline-Baseline","United States",2038,113.989258866357
"Ambitious-Double NMC 811-Baseline-Baseline-Baseline","United States",2039,138.52039678027
"Ambitious-Double NMC 811-Baseline-Baseline-Baseline","United States",2040,166.437899320859
"Ambitious-Double NMC 811-Baseline-Baseline-Baseline","United States",2041,197.460874247771
"Ambitious-Double NMC 811-Baseline-Baseline-Baseline","United States",2042,230.266529538204
"Ambitious-Double NMC 811-Baseline-Baseline-Baseline","United States",2043,264.900957199583
"Ambitious-Double NMC 811-Baseline-Baseline-Baseline","United States",2044,302.341196077766
"Ambitious-Double NMC 811-Baseline-Baseline-Baseline","United States",2045,343.749919246954
"Ambitious-Double NMC 811-Baseline-Baseline-Baseline","United States",2046,384.675141624532
"Ambitious-Double NMC 811-Baseline-Baseline-Baseline","United States",2047,423.929876273027
"Ambitious-Double NMC 811-Baseline-Baseline-Baseline","United States",2048,460.966030369174
"Ambitious-Double NMC 811-Baseline-Baseline-Baseline","United States",2049,494.768407622834
"Ambitious-Double NMC 811-Baseline-Baseline-Baseline","United States",2050,524.799375735694
"Ambitious-Double NMC 811-Baseline-Baseline-Baseline","United States",2051,550.61357341441
"Ambitious-Double NMC 811-Baseline-Baseline-Baseline","United States",2052,575.262721499884
"Ambitious-Double NMC 811-Baseline-Baseline-Baseline","United States",2053,596.059117190071
"Ambitious-Double NMC 811-Baseline-Baseline-Baseline","United States",2054,613.522663832269
"Ambitious-Double NMC 811-Baseline-Baseline-Baseline","United States",2055,628.062782206875
"Ambitious-Double NMC 811-Baseline-Baseline-Baseline","United States",2056,640.14611248756
"Ambitious-Double NMC 811-Baseline-Baseline-Baseline","United States",2057,650.249494926431
"Ambitious-Double NMC 811-Baseline-Baseline-Baseline","United States",2058,658.531372811554
"Ambitious-Double NMC 811-Baseline-Baseline-Baseline","United States",2059,665.374187579164
"Ambitious-Double NMC 811-Baseline-Baseline-Baseline","United States",2060,670.920379622527
"Ambitious-Double NMC 811-Baseline-Baseline-Baseline","United States",2061,675.385386633472
"Ambitious-Double NMC 811-Baseline-Baseline-Baseline","United States",2062,679.015518008257
"Ambitious-Double NMC 811-Baseline-Baseline-Baseline","United States",2063,682.004363200201
"Ambitious-Double NMC 811-Baseline-Baseline-Baseline","United States",2064,684.436958734689
"Ambitious-Double NMC 811-Baseline-Baseline-Baseline","United States",2065,686.459645068706
"Ambitious-Double NMC 811-Baseline-Baseline-Baseline","United States",2066,688.170134182245
"Ambitious-Double NMC 811-Baseline-Baseline-Baseline","United States",2067,689.629035516952
"Ambitious-Double NMC 811-Baseline-Baseline-Baseline","United States",2068,690.950112779447
"Ambitious-Double NMC 811-Baseline-Baseline-Baseline","United States",2069,692.167115343754
"Ambitious-Double NMC 811-Baseline-Baseline-Baseline","United States",2070,693.280149288048
"Ambitious-Sodium Battery adoption-Baseline-Baseline-Baseline","ASEAN",2023,0.0723766159023914
"Ambitious-Sodium Battery adoption-Baseline-Baseline-Baseline","ASEAN",2024,0.127511030046309
"Ambitious-Sodium Battery adoption-Baseline-Baseline-Baseline","ASEAN",2025,0.199296583246019
"Ambitious-Sodium Battery adoption-Baseline-Baseline-Baseline","ASEAN",2026,0.314025489404761
"Ambitious-Sodium Battery adoption-Baseline-Baseline-Baseline","ASEAN",2027,0.519403612115609
"Ambitious-Sodium Battery adoption-Baseline-Baseline-Baseline","ASEAN",2028,0.881424863069736
"Ambitious-Sodium Battery adoption-Baseline-Baseline-Baseline","ASEAN",2029,1.53359869109313
"Ambitious-Sodium Battery adoption-Baseline-Baseline-Baseline","ASEAN",2030,2.68974576347877
"Ambitious-Sodium Battery adoption-Baseline-Baseline-Baseline","ASEAN",2031,4.82482920398823
"Ambitious-Sodium Battery adoption-Baseline-Baseline-Baseline","ASEAN",2032,6.65559765230743
"Ambitious-Sodium Battery adoption-Baseline-Baseline-Baseline","ASEAN",2033,9.08084380396496
"Ambitious-Sodium Battery adoption-Baseline-Baseline-Baseline","ASEAN",2034,12.2979456978223
"Ambitious-Sodium Battery adoption-Baseline-Baseline-Baseline","ASEAN",2035,16.5837917004779
"Ambitious-Sodium Battery adoption-Baseline-Baseline-Baseline","ASEAN",2036,22.0074384511964
"Ambitious-Sodium Battery adoption-Baseline-Baseline-Baseline","ASEAN",2037,28.5355643397831
"Ambitious-Sodium Battery adoption-Baseline-Baseline-Baseline","ASEAN",2038,36.6006344359059
"Ambitious-Sodium Battery adoption-Baseline-Baseline-Baseline","ASEAN",2039,46.2976328350729
"Ambitious-Sodium Battery adoption-Baseline-Baseline-Baseline","ASEAN",2040,57.8134459094524
"Ambitious-Sodium Battery adoption-Baseline-Baseline-Baseline","ASEAN",2041,71.7122405262915
"Ambitious-Sodium Battery adoption-Baseline-Baseline-Baseline","ASEAN",2042,87.1551104218285
"Ambitious-Sodium Battery adoption-Baseline-Baseline-Baseline","ASEAN",2043,104.800488514727
"Ambitious-Sodium Battery adoption-Baseline-Baseline-Baseline","ASEAN",2044,124.550089881248
"Ambitious-Sodium Battery adoption-Baseline-Baseline-Baseline","ASEAN",2045,146.434614680915
"Ambitious-Sodium Battery adoption-Baseline-Baseline-Baseline","ASEAN",2046,170.392887048135
"Ambitious-Sodium Battery adoption-Baseline-Baseline-Baseline","ASEAN",2047,195.893675199632
"Ambitious-Sodium Battery adoption-Baseline-Baseline-Baseline","ASEAN",2048,222.441704216562
"Ambitious-Sodium Battery adoption-Baseline-Baseline-Baseline","ASEAN",2049,249.692218893371
"Ambitious-Sodium Battery adoption-Baseline-Baseline-Baseline","ASEAN",2050,277.581295657472
"Ambitious-Sodium Battery adoption-Baseline-Baseline-Baseline","ASEAN",2051,305.421716206636
"Ambitious-Sodium Battery adoption-Baseline-Baseline-Baseline","ASEAN",2052,333.761943690093
"Ambitious-Sodium Battery adoption-Baseline-Baseline-Baseline","ASEAN",2053,361.821177874117
"Ambitious-Sodium Battery adoption-Baseline-Baseline-Baseline","ASEAN",2054,389.771934781549
"Ambitious-Sodium Battery adoption-Baseline-Baseline-Baseline","ASEAN",2055,416.87513833464
"Ambitious-Sodium Battery adoption-Baseline-Baseline-Baseline","ASEAN",2056,442.924848363086
"Ambitious-Sodium Battery adoption-Baseline-Baseline-Baseline","ASEAN",2057,467.734790519259
"Ambitious-Sodium Battery adoption-Baseline-Baseline-Baseline","ASEAN",2058,491.091777996938
"Ambitious-Sodium Battery adoption-Baseline-Baseline-Baseline","ASEAN",2059,512.890807812117
"Ambitious-Sodium Battery adoption-Baseline-Baseline-Baseline","ASEAN",2060,533.057476351303
"Ambitious-Sodium Battery adoption-Baseline-Baseline-Baseline","ASEAN",2061,551.59968104995
"Ambitious-Sodium Battery adoption-Baseline-Baseline-Baseline","ASEAN",2062,568.56901878997
"Ambitious-Sodium Battery adoption-Baseline-Baseline-Baseline","ASEAN",2063,583.997320426905
"Ambitious-Sodium Battery adoption-Baseline-Baseline-Baseline","ASEAN",2064,597.963818258108
"Ambitious-Sodium Battery adoption-Baseline-Baseline-Baseline","ASEAN",2065,610.55658902043
"Ambitious-Sodium Battery adoption-Baseline-Baseline-Baseline","ASEAN",2066,621.866498513017
"Ambitious-Sodium Battery adoption-Baseline-Baseline-Baseline","ASEAN",2067,632.062942942049
"Ambitious-Sodium Battery adoption-Baseline-Baseline-Baseline","ASEAN",2068,641.308140784723
"Ambitious-Sodium Battery adoption-Baseline-Baseline-Baseline","ASEAN",2069,649.766053392812
"Ambitious-Sodium Battery adoption-Baseline-Baseline-Baseline","ASEAN",2070,657.616404445477
"Ambitious-Sodium Battery adoption-Baseline-Baseline-Baseline","Africa",2023,0.042417910568897
"Ambitious-Sodium Battery adoption-Baseline-Baseline-Baseline","Africa",2024,0.0721408327918785
"Ambitious-Sodium Battery adoption-Baseline-Baseline-Baseline","Africa",2025,0.146741333786936
"Ambitious-Sodium Battery adoption-Baseline-Baseline-Baseline","Africa",2026,0.23369060376432
"Ambitious-Sodium Battery adoption-Baseline-Baseline-Baseline","Africa",2027,0.401979557090879
"Ambitious-Sodium Battery adoption-Baseline-Baseline-Baseline","Africa",2028,0.637660576294888
"Ambitious-Sodium Battery adoption-Baseline-Baseline-Baseline","Africa",2029,1.0663604522856
"Ambitious-Sodium Battery adoption-Baseline-Baseline-Baseline","Africa",2030,1.66236415716659
"Ambitious-Sodium Battery adoption-Baseline-Baseline-Baseline","Africa",2031,2.64264839791225
"Ambitious-Sodium Battery adoption-Baseline-Baseline-Baseline","Africa",2032,3.62671668451832
"Ambitious-Sodium Battery adoption-Baseline-Baseline-Baseline","Africa",2033,4.94458330938644
"Ambitious-Sodium Battery adoption-Baseline-Baseline-Baseline","Africa",2034,6.69044194596089
"Ambitious-Sodium Battery adoption-Baseline-Baseline-Baseline","Africa",2035,8.83551883978927
"Ambitious-Sodium Battery adoption-Baseline-Baseline-Baseline","Africa",2036,11.6463558713728
"Ambitious-Sodium Battery adoption-Baseline-Baseline-Baseline","Africa",2037,15.124318916521
"Ambitious-Sodium Battery adoption-Baseline-Baseline-Baseline","Africa",2038,19.3993861649928
"Ambitious-Sodium Battery adoption-Baseline-Baseline-Baseline","Africa",2039,24.5484726851442
"Ambitious-Sodium Battery adoption-Baseline-Baseline-Baseline","Africa",2040,30.823750386735
"Ambitious-Sodium Battery adoption-Baseline-Baseline-Baseline","Africa",2041,38.0153477358902
"Ambitious-Sodium Battery adoption-Baseline-Baseline-Baseline","Africa",2042,46.1566281552834
"Ambitious-Sodium Battery adoption-Baseline-Baseline-Baseline","Africa",2043,55.3686649930957
"Ambitious-Sodium Battery adoption-Baseline-Baseline-Baseline","Africa",2044,65.6163925109127
"Ambitious-Sodium Battery adoption-Baseline-Baseline-Baseline","Africa",2045,76.7550236480802
"Ambitious-Sodium Battery adoption-Baseline-Baseline-Baseline","Africa",2046,88.9227454467013
"Ambitious-Sodium Battery adoption-Baseline-Baseline-Baseline","Africa",2047,101.451705311684
"Ambitious-Sodium Battery adoption-Baseline-Baseline-Baseline","Africa",2048,114.266716349408
"Ambitious-Sodium Battery adoption-Baseline-Baseline-Baseline","Africa",2049,127.209416162163
"Ambitious-Sodium Battery adoption-Baseline-Baseline-Baseline","Africa",2050,140.116589709173
"Ambitious-Sodium Battery adoption-Baseline-Baseline-Baseline","Africa",2051,152.873819749808
"Ambitious-Sodium Battery adoption-Baseline-Baseline-Baseline","Africa",2052,165.597595232649
"Ambitious-Sodium Battery adoption-Baseline-Baseline-Baseline","Africa",2053,178.166490878725
"Ambitious-Sodium Battery adoption-Baseline-Baseline-Baseline","Africa",2054,190.561110375318
"Ambitious-Sodium Battery adoption-Baseline-Baseline-Baseline","Africa",2055,202.759449681596
"Ambitious-Sodium Battery adoption-Baseline-Baseline-Baseline","Africa",2056,214.719498903001
"Ambitious-Sodium Battery adoption-Baseline-Baseline-Baseline","Africa",2057,226.416401551464
"Ambitious-Sodium Battery adoption-Baseline-Baseline-Baseline","Africa",2058,237.723705578386
"Ambitious-Sodium Battery adoption-Baseline-Baseline-Baseline","Africa",2059,248.559955022005
"Ambitious-Sodium Battery adoption-Baseline-Baseline-Baseline","Africa",2060,258.824176646673
"Ambitious-Sodium Battery adoption-Baseline-Baseline-Baseline","Africa",2061,268.448376553997
"Ambitious-Sodium Battery adoption-Baseline-Baseline-Baseline","Africa",2062,277.38262198931
"Ambitious-Sodium Battery adoption-Baseline-Baseline-Baseline","Africa",2063,285.563765812173
"Ambitious-Sodium Battery adoption-Baseline-Baseline-Baseline","Africa",2064,292.99011389086
"Ambitious-Sodium Battery adoption-Baseline-Baseline-Baseline","Africa",2065,299.658578365302
"Ambitious-Sodium Battery adoption-Baseline-Baseline-Baseline","Africa",2066,305.606630876986
"Ambitious-Sodium Battery adoption-Baseline-Baseline-Baseline","Africa",2067,310.903665895731
"Ambitious-Sodium Battery adoption-Baseline-Baseline-Baseline","Africa",2068,315.651123108179
"Ambitious-Sodium Battery adoption-Baseline-Baseline-Baseline","Africa",2069,319.943529106289
"Ambitious-Sodium Battery adoption-Baseline-Baseline-Baseline","Africa",2070,323.879275418493
"Ambitious-Sodium Battery adoption-Baseline-Baseline-Baseline","Australia/NZ",2023,0.0657982903018657
"Ambitious-Sodium Battery adoption-Baseline-Baseline-Baseline","Australia/NZ",2024,0.104646601117147
"Ambitious-Sodium Battery adoption-Baseline-Baseline-Baseline","Australia/NZ",2025,0.150502794150307
"Ambitious-Sodium Battery adoption-Baseline-Baseline-Baseline","Australia/NZ",2026,0.257075530791655
"Ambitious-Sodium Battery adoption-Baseline-Baseline-Baseline","Australia/NZ",2027,0.398714913342712
"Ambitious-Sodium Battery adoption-Baseline-Baseline-Baseline","Australia/NZ",2028,0.501132640691037
"Ambitious-Sodium Battery adoption-Baseline-Baseline-Baseline","Australia/NZ",2029,0.636650588303532
"Ambitious-Sodium Battery adoption-Baseline-Baseline-Baseline","Australia/NZ",2030,0.822935325070297
"Ambitious-Sodium Battery adoption-Baseline-Baseline-Baseline","Australia/NZ",2031,1.09449618087247
"Ambitious-Sodium Battery adoption-Baseline-Baseline-Baseline","Australia/NZ",2032,1.40928579014674
"Ambitious-Sodium Battery adoption-Baseline-Baseline-Baseline","Australia/NZ",2033,1.92108686826672
"Ambitious-Sodium Battery adoption-Baseline-Baseline-Baseline","Australia/NZ",2034,2.57971860712945
"Ambitious-Sodium Battery adoption-Baseline-Baseline-Baseline","Australia/NZ",2035,3.41831504120707
"Ambitious-Sodium Battery adoption-Baseline-Baseline-Baseline","Australia/NZ",2036,4.48614239835142
"Ambitious-Sodium Battery adoption-Baseline-Baseline-Baseline","Australia/NZ",2037,5.77291618320543
"Ambitious-Sodium Battery adoption-Baseline-Baseline-Baseline","Australia/NZ",2038,7.22657848943253
"Ambitious-Sodium Battery adoption-Baseline-Baseline-Baseline","Australia/NZ",2039,8.94699088586854
"Ambitious-Sodium Battery adoption-Baseline-Baseline-Baseline","Australia/NZ",2040,10.8969515894921
"Ambitious-Sodium Battery adoption-Baseline-Baseline-Baseline","Australia/NZ",2041,13.0681140930105
"Ambitious-Sodium Battery adoption-Baseline-Baseline-Baseline","Australia/NZ",2042,15.4866529570115
"Ambitious-Sodium Battery adoption-Baseline-Baseline-Baseline","Australia/NZ",2043,18.1131950245941
"Ambitious-Sodium Battery adoption-Baseline-Baseline-Baseline","Australia/NZ",2044,20.9472309358271
"Ambitious-Sodium Battery adoption-Baseline-Baseline-Baseline","Australia/NZ",2045,23.9848053050447
"Ambitious-Sodium Battery adoption-Baseline-Baseline-Baseline","Australia/NZ",2046,27.9619144360525
"Ambitious-Sodium Battery adoption-Baseline-Baseline-Baseline","Australia/NZ",2047,31.7739812486212
"Ambitious-Sodium Battery adoption-Baseline-Baseline-Baseline","Australia/NZ",2048,35.7013058634271
"Ambitious-Sodium Battery adoption-Baseline-Baseline-Baseline","Australia/NZ",2049,39.3358850472533
"Ambitious-Sodium Battery adoption-Baseline-Baseline-Baseline","Australia/NZ",2050,43.0910609640672
"Ambitious-Sodium Battery adoption-Baseline-Baseline-Baseline","Australia/NZ",2051,46.5607316093236
"Ambitious-Sodium Battery adoption-Baseline-Baseline-Baseline","Australia/NZ",2052,49.8675124802293
"Ambitious-Sodium Battery adoption-Baseline-Baseline-Baseline","Australia/NZ",2053,52.770451321843
"Ambitious-Sodium Battery adoption-Baseline-Baseline-Baseline","Australia/NZ",2054,55.2895187511461
"Ambitious-Sodium Battery adoption-Baseline-Baseline-Baseline","Australia/NZ",2055,57.4604063340915
"Ambitious-Sodium Battery adoption-Baseline-Baseline-Baseline","Australia/NZ",2056,59.3298469784827
"Ambitious-Sodium Battery adoption-Baseline-Baseline-Baseline","Australia/NZ",2057,60.9517526136968
"Ambitious-Sodium Battery adoption-Baseline-Baseline-Baseline","Australia/NZ",2058,62.360937747108
"Ambitious-Sodium Battery adoption-Baseline-Baseline-Baseline","Australia/NZ",2059,63.5712053182113
"Ambitious-Sodium Battery adoption-Baseline-Baseline-Baseline","Australia/NZ",2060,64.5940761374735
"Ambitious-Sodium Battery adoption-Baseline-Baseline-Baseline","Australia/NZ",2061,65.4255627351797
"Ambitious-Sodium Battery adoption-Baseline-Baseline-Baseline","Australia/NZ",2062,66.0714250094267
"Ambitious-Sodium Battery adoption-Baseline-Baseline-Baseline","Australia/NZ",2063,66.544311650395
"Ambitious-Sodium Battery adoption-Baseline-Baseline-Baseline","Australia/NZ",2064,66.8635287802531
"Ambitious-Sodium Battery adoption-Baseline-Baseline-Baseline","Australia/NZ",2065,67.0571386882115
"Ambitious-Sodium Battery adoption-Baseline-Baseline-Baseline","Australia/NZ",2066,67.1629218305412
"Ambitious-Sodium Battery adoption-Baseline-Baseline-Baseline","Australia/NZ",2067,67.2114083088889
"Ambitious-Sodium Battery adoption-Baseline-Baseline-Baseline","Australia/NZ",2068,67.2262361700956
"Ambitious-Sodium Battery adoption-Baseline-Baseline-Baseline","Australia/NZ",2069,67.2318119291549
"Ambitious-Sodium Battery adoption-Baseline-Baseline-Baseline","Australia/NZ",2070,67.2367786825311
"Ambitious-Sodium Battery adoption-Baseline-Baseline-Baseline","Brazil",2023,0.0185753461890392
"Ambitious-Sodium Battery adoption-Baseline-Baseline-Baseline","Brazil",2024,0.0503753530454067
"Ambitious-Sodium Battery adoption-Baseline-Baseline-Baseline","Brazil",2025,0.0623487880431675
"Ambitious-Sodium Battery adoption-Baseline-Baseline-Baseline","Brazil",2026,0.171860177569487
"Ambitious-Sodium Battery adoption-Baseline-Baseline-Baseline","Brazil",2027,0.343336751397837
"Ambitious-Sodium Battery adoption-Baseline-Baseline-Baseline","Brazil",2028,0.495146367194026
"Ambitious-Sodium Battery adoption-Baseline-Baseline-Baseline","Brazil",2029,0.724697999175721
"Ambitious-Sodium Battery adoption-Baseline-Baseline-Baseline","Brazil",2030,1.06107553130738
"Ambitious-Sodium Battery adoption-Baseline-Baseline-Baseline","Brazil",2031,1.57857841114898
"Ambitious-Sodium Battery adoption-Baseline-Baseline-Baseline","Brazil",2032,2.14384945079481
"Ambitious-Sodium Battery adoption-Baseline-Baseline-Baseline","Brazil",2033,2.87017659137936
"Ambitious-Sodium Battery adoption-Baseline-Baseline-Baseline","Brazil",2034,3.81806235437028
"Ambitious-Sodium Battery adoption-Baseline-Baseline-Baseline","Brazil",2035,5.0490628750761
"Ambitious-Sodium Battery adoption-Baseline-Baseline-Baseline","Brazil",2036,6.62696279782577
"Ambitious-Sodium Battery adoption-Baseline-Baseline-Baseline","Brazil",2037,8.62804597540222
"Ambitious-Sodium Battery adoption-Baseline-Baseline-Baseline","Brazil",2038,11.1206268990489
"Ambitious-Sodium Battery adoption-Baseline-Baseline-Baseline","Brazil",2039,14.2921127392063
"Ambitious-Sodium Battery adoption-Baseline-Baseline-Baseline","Brazil",2040,17.9004053739396
"Ambitious-Sodium Battery adoption-Baseline-Baseline-Baseline","Brazil",2041,22.1017574743785
"Ambitious-Sodium Battery adoption-Baseline-Baseline-Baseline","Brazil",2042,26.7478095506268
"Ambitious-Sodium Battery adoption-Baseline-Baseline-Baseline","Brazil",2043,31.9782717619889
"Ambitious-Sodium Battery adoption-Baseline-Baseline-Baseline","Brazil",2044,37.7611938121033
"Ambitious-Sodium Battery adoption-Baseline-Baseline-Baseline","Brazil",2045,44.0624613871666
"Ambitious-Sodium Battery adoption-Baseline-Baseline-Baseline","Brazil",2046,50.6802908831135
"Ambitious-Sodium Battery adoption-Baseline-Baseline-Baseline","Brazil",2047,57.9446267521388
"Ambitious-Sodium Battery adoption-Baseline-Baseline-Baseline","Brazil",2048,66.3968918238606
"Ambitious-Sodium Battery adoption-Baseline-Baseline-Baseline","Brazil",2049,75.1735165756945
"Ambitious-Sodium Battery adoption-Baseline-Baseline-Baseline","Brazil",2050,84.168081187305
"Ambitious-Sodium Battery adoption-Baseline-Baseline-Baseline","Brazil",2051,93.2739160531258
"Ambitious-Sodium Battery adoption-Baseline-Baseline-Baseline","Brazil",2052,102.828384476461
"Ambitious-Sodium Battery adoption-Baseline-Baseline-Baseline","Brazil",2053,112.266103035793
"Ambitious-Sodium Battery adoption-Baseline-Baseline-Baseline","Brazil",2054,121.444629775907
"Ambitious-Sodium Battery adoption-Baseline-Baseline-Baseline","Brazil",2055,130.232881806911
"Ambitious-Sodium Battery adoption-Baseline-Baseline-Baseline","Brazil",2056,138.517380596677
"Ambitious-Sodium Battery adoption-Baseline-Baseline-Baseline","Brazil",2057,146.229852574265
"Ambitious-Sodium Battery adoption-Baseline-Baseline-Baseline","Brazil",2058,153.302069442682
"Ambitious-Sodium Battery adoption-Baseline-Baseline-Baseline","Brazil",2059,159.731075030921
"Ambitious-Sodium Battery adoption-Baseline-Baseline-Baseline","Brazil",2060,165.514646243123
"Ambitious-Sodium Battery adoption-Baseline-Baseline-Baseline","Brazil",2061,170.674090259784
"Ambitious-Sodium Battery adoption-Baseline-Baseline-Baseline","Brazil",2062,175.257049685458
"Ambitious-Sodium Battery adoption-Baseline-Baseline-Baseline","Brazil",2063,179.294837608909
"Ambitious-Sodium Battery adoption-Baseline-Baseline-Baseline","Brazil",2064,182.84123843334
"Ambitious-Sodium Battery adoption-Baseline-Baseline-Baseline","Brazil",2065,185.945602972508
"Ambitious-Sodium Battery adoption-Baseline-Baseline-Baseline","Brazil",2066,188.657486624038
"Ambitious-Sodium Battery adoption-Baseline-Baseline-Baseline","Brazil",2067,191.040849149029
"Ambitious-Sodium Battery adoption-Baseline-Baseline-Baseline","Brazil",2068,193.148338894352
"Ambitious-Sodium Battery adoption-Baseline-Baseline-Baseline","Brazil",2069,195.040315109003
"Ambitious-Sodium Battery adoption-Baseline-Baseline-Baseline","Brazil",2070,196.772891025671
"Ambitious-Sodium Battery adoption-Baseline-Baseline-Baseline","Canada",2023,0.121702221075323
"Ambitious-Sodium Battery adoption-Baseline-Baseline-Baseline","Canada",2024,0.142770827788082
"Ambitious-Sodium Battery adoption-Baseline-Baseline-Baseline","Canada",2025,0.20771618186558
"Ambitious-Sodium Battery adoption-Baseline-Baseline-Baseline","Canada",2026,0.311844967793909
"Ambitious-Sodium Battery adoption-Baseline-Baseline-Baseline","Canada",2027,0.465138524770803
"Ambitious-Sodium Battery adoption-Baseline-Baseline-Baseline","Canada",2028,0.691583751516784
"Ambitious-Sodium Battery adoption-Baseline-Baseline-Baseline","Canada",2029,1.03256256589418
"Ambitious-Sodium Battery adoption-Baseline-Baseline-Baseline","Canada",2030,1.56911232955413
"Ambitious-Sodium Battery adoption-Baseline-Baseline-Baseline","Canada",2031,2.40235515910552
"Ambitious-Sodium Battery adoption-Baseline-Baseline-Baseline","Canada",2032,3.00530779207905
"Ambitious-Sodium Battery adoption-Baseline-Baseline-Baseline","Canada",2033,3.79072186210838
"Ambitious-Sodium Battery adoption-Baseline-Baseline-Baseline","Canada",2034,4.81515966323949
"Ambitious-Sodium Battery adoption-Baseline-Baseline-Baseline","Canada",2035,6.14356005814766
"Ambitious-Sodium Battery adoption-Baseline-Baseline-Baseline","Canada",2036,7.66704701575475
"Ambitious-Sodium Battery adoption-Baseline-Baseline-Baseline","Canada",2037,9.76714439130188
"Ambitious-Sodium Battery adoption-Baseline-Baseline-Baseline","Canada",2038,12.1577621868689
"Ambitious-Sodium Battery adoption-Baseline-Baseline-Baseline","Canada",2039,15.0312027793495
"Ambitious-Sodium Battery adoption-Baseline-Baseline-Baseline","Canada",2040,18.4035341226129
"Ambitious-Sodium Battery adoption-Baseline-Baseline-Baseline","Canada",2041,22.2899030179363
"Ambitious-Sodium Battery adoption-Baseline-Baseline-Baseline","Canada",2042,26.6983625618362
"Ambitious-Sodium Battery adoption-Baseline-Baseline-Baseline","Canada",2043,31.4754738524274
"Ambitious-Sodium Battery adoption-Baseline-Baseline-Baseline","Canada",2044,36.4574741455649
"Ambitious-Sodium Battery adoption-Baseline-Baseline-Baseline","Canada",2045,41.4447082338174
"Ambitious-Sodium Battery adoption-Baseline-Baseline-Baseline","Canada",2046,46.4531444297952
"Ambitious-Sodium Battery adoption-Baseline-Baseline-Baseline","Canada",2047,51.7266182500347
"Ambitious-Sodium Battery adoption-Baseline-Baseline-Baseline","Canada",2048,56.4703649698691
"Ambitious-Sodium Battery adoption-Baseline-Baseline-Baseline","Canada",2049,60.5986692526771
"Ambitious-Sodium Battery adoption-Baseline-Baseline-Baseline","Canada",2050,64.0672334119096
"Ambitious-Sodium Battery adoption-Baseline-Baseline-Baseline","Canada",2051,66.888472258003
"Ambitious-Sodium Battery adoption-Baseline-Baseline-Baseline","Canada",2052,69.6100196936271
"Ambitious-Sodium Battery adoption-Baseline-Baseline-Baseline","Canada",2053,71.8748597218124
"Ambitious-Sodium Battery adoption-Baseline-Baseline-Baseline","Canada",2054,73.7705420209852
"Ambitious-Sodium Battery adoption-Baseline-Baseline-Baseline","Canada",2055,75.353325216312
"Ambitious-Sodium Battery adoption-Baseline-Baseline-Baseline","Canada",2056,76.6647756612794
"Ambitious-Sodium Battery adoption-Baseline-Baseline-Baseline","Canada",2057,77.7460501498416
"Ambitious-Sodium Battery adoption-Baseline-Baseline-Baseline","Canada",2058,78.616542825363
"Ambitious-Sodium Battery adoption-Baseline-Baseline-Baseline","Canada",2059,79.2933216217519
"Ambitious-Sodium Battery adoption-Baseline-Baseline-Baseline","Canada",2060,79.8046291294371
"Ambitious-Sodium Battery adoption-Baseline-Baseline-Baseline","Canada",2061,80.1732176135736
"Ambitious-Sodium Battery adoption-Baseline-Baseline-Baseline","Canada",2062,80.4315082984072
"Ambitious-Sodium Battery adoption-Baseline-Baseline-Baseline","Canada",2063,80.6155070160893
"Ambitious-Sodium Battery adoption-Baseline-Baseline-Baseline","Canada",2064,80.7500639294709
"Ambitious-Sodium Battery adoption-Baseline-Baseline-Baseline","Canada",2065,80.8530878637269
"Ambitious-Sodium Battery adoption-Baseline-Baseline-Baseline","Canada",2066,80.9395296949615
"Ambitious-Sodium Battery adoption-Baseline-Baseline-Baseline","Canada",2067,81.0134181112737
"Ambitious-Sodium Battery adoption-Baseline-Baseline-Baseline","Canada",2068,81.0803739814015
"Ambitious-Sodium Battery adoption-Baseline-Baseline-Baseline","Canada",2069,81.144828732413
"Ambitious-Sodium Battery adoption-Baseline-Baseline-Baseline","Canada",2070,81.1986818565169
"Ambitious-Sodium Battery adoption-Baseline-Baseline-Baseline","China",2023,10.7373479200508
"Ambitious-Sodium Battery adoption-Baseline-Baseline-Baseline","China",2024,14.2058628062138
"Ambitious-Sodium Battery adoption-Baseline-Baseline-Baseline","China",2025,22.4199827347462
"Ambitious-Sodium Battery adoption-Baseline-Baseline-Baseline","China",2026,34.1790847212444
"Ambitious-Sodium Battery adoption-Baseline-Baseline-Baseline","China",2027,48.8005050003078
"Ambitious-Sodium Battery adoption-Baseline-Baseline-Baseline","China",2028,68.5672880839908
"Ambitious-Sodium Battery adoption-Baseline-Baseline-Baseline","China",2029,94.5059736732222
"Ambitious-Sodium Battery adoption-Baseline-Baseline-Baseline","China",2030,126.384952192895
"Ambitious-Sodium Battery adoption-Baseline-Baseline-Baseline","China",2031,166.874443450801
"Ambitious-Sodium Battery adoption-Baseline-Baseline-Baseline","China",2032,213.922653284726
"Ambitious-Sodium Battery adoption-Baseline-Baseline-Baseline","China",2033,269.317757776619
"Ambitious-Sodium Battery adoption-Baseline-Baseline-Baseline","China",2034,333.457670424783
"Ambitious-Sodium Battery adoption-Baseline-Baseline-Baseline","China",2035,405.981136569814
"Ambitious-Sodium Battery adoption-Baseline-Baseline-Baseline","China",2036,478.983394708409
"Ambitious-Sodium Battery adoption-Baseline-Baseline-Baseline","China",2037,564.016973097336
"Ambitious-Sodium Battery adoption-Baseline-Baseline-Baseline","China",2038,655.756116839576
"Ambitious-Sodium Battery adoption-Baseline-Baseline-Baseline","China",2039,753.302450134734
"Ambitious-Sodium Battery adoption-Baseline-Baseline-Baseline","China",2040,855.733352815834
"Ambitious-Sodium Battery adoption-Baseline-Baseline-Baseline","China",2041,961.851988467443
"Ambitious-Sodium Battery adoption-Baseline-Baseline-Baseline","China",2042,1084.84436877913
"Ambitious-Sodium Battery adoption-Baseline-Baseline-Baseline","China",2043,1208.90172691168
"Ambitious-Sodium Battery adoption-Baseline-Baseline-Baseline","China",2044,1332.63646754302
"Ambitious-Sodium Battery adoption-Baseline-Baseline-Baseline","China",2045,1454.17670630599
"Ambitious-Sodium Battery adoption-Baseline-Baseline-Baseline","China",2046,1571.60649734003
"Ambitious-Sodium Battery adoption-Baseline-Baseline-Baseline","China",2047,1683.34481717457
"Ambitious-Sodium Battery adoption-Baseline-Baseline-Baseline","China",2048,1787.3968102199
"Ambitious-Sodium Battery adoption-Baseline-Baseline-Baseline","China",2049,1882.61446851516
"Ambitious-Sodium Battery adoption-Baseline-Baseline-Baseline","China",2050,1968.18953826662
"Ambitious-Sodium Battery adoption-Baseline-Baseline-Baseline","China",2051,2043.87592525854
"Ambitious-Sodium Battery adoption-Baseline-Baseline-Baseline","China",2052,2119.20905435124
"Ambitious-Sodium Battery adoption-Baseline-Baseline-Baseline","China",2053,2186.47154357836
"Ambitious-Sodium Battery adoption-Baseline-Baseline-Baseline","China",2054,2246.71121064378
"Ambitious-Sodium Battery adoption-Baseline-Baseline-Baseline","China",2055,2301.00787461561
"Ambitious-Sodium Battery adoption-Baseline-Baseline-Baseline","China",2056,2350.3439313971
"Ambitious-Sodium Battery adoption-Baseline-Baseline-Baseline","China",2057,2395.59973701733
"Ambitious-Sodium Battery adoption-Baseline-Baseline-Baseline","China",2058,2437.47446223219
"Ambitious-Sodium Battery adoption-Baseline-Baseline-Baseline","China",2059,2476.54316746463
"Ambitious-Sodium Battery adoption-Baseline-Baseline-Baseline","China",2060,2513.23142380133
"Ambitious-Sodium Battery adoption-Baseline-Baseline-Baseline","China",2061,2548.01173671688
"Ambitious-Sodium Battery adoption-Baseline-Baseline-Baseline","China",2062,2581.20075526428
"Ambitious-Sodium Battery adoption-Baseline-Baseline-Baseline","China",2063,2613.03322853583
"Ambitious-Sodium Battery adoption-Baseline-Baseline-Baseline","China",2064,2643.72422197477
"Ambitious-Sodium Battery adoption-Baseline-Baseline-Baseline","China",2065,2673.45210794688
"Ambitious-Sodium Battery adoption-Baseline-Baseline-Baseline","China",2066,2702.42849427004
"Ambitious-Sodium Battery adoption-Baseline-Baseline-Baseline","China",2067,2730.80150549157
"Ambitious-Sodium Battery adoption-Baseline-Baseline-Baseline","China",2068,2758.83197877219
"Ambitious-Sodium Battery adoption-Baseline-Baseline-Baseline","China",2069,2786.68771640741
"Ambitious-Sodium Battery adoption-Baseline-Baseline-Baseline","China",2070,2814.50064529616
"Ambitious-Sodium Battery adoption-Baseline-Baseline-Baseline","EFTA",2023,0.2768408640546
"Ambitious-Sodium Battery adoption-Baseline-Baseline-Baseline","EFTA",2024,0.341357814026724
"Ambitious-Sodium Battery adoption-Baseline-Baseline-Baseline","EFTA",2025,0.401631659271091
"Ambitious-Sodium Battery adoption-Baseline-Baseline-Baseline","EFTA",2026,0.562841254967547
"Ambitious-Sodium Battery adoption-Baseline-Baseline-Baseline","EFTA",2027,0.664492664922878
"Ambitious-Sodium Battery adoption-Baseline-Baseline-Baseline","EFTA",2028,0.828875183904005
"Ambitious-Sodium Battery adoption-Baseline-Baseline-Baseline","EFTA",2029,1.06298254780785
"Ambitious-Sodium Battery adoption-Baseline-Baseline-Baseline","EFTA",2030,1.38006124778709
"Ambitious-Sodium Battery adoption-Baseline-Baseline-Baseline","EFTA",2031,1.79685184099647
"Ambitious-Sodium Battery adoption-Baseline-Baseline-Baseline","EFTA",2032,2.26155774910524
"Ambitious-Sodium Battery adoption-Baseline-Baseline-Baseline","EFTA",2033,2.86963255294717
"Ambitious-Sodium Battery adoption-Baseline-Baseline-Baseline","EFTA",2034,3.57182259637818
"Ambitious-Sodium Battery adoption-Baseline-Baseline-Baseline","EFTA",2035,4.42089639703851
"Ambitious-Sodium Battery adoption-Baseline-Baseline-Baseline","EFTA",2036,5.44362841606938
"Ambitious-Sodium Battery adoption-Baseline-Baseline-Baseline","EFTA",2037,6.55161520840161
"Ambitious-Sodium Battery adoption-Baseline-Baseline-Baseline","EFTA",2038,7.72536709466255
"Ambitious-Sodium Battery adoption-Baseline-Baseline-Baseline","EFTA",2039,8.92492719918893
"Ambitious-Sodium Battery adoption-Baseline-Baseline-Baseline","EFTA",2040,10.1340232129238
"Ambitious-Sodium Battery adoption-Baseline-Baseline-Baseline","EFTA",2041,11.3401757641026
"Ambitious-Sodium Battery adoption-Baseline-Baseline-Baseline","EFTA",2042,12.533261764461
"Ambitious-Sodium Battery adoption-Baseline-Baseline-Baseline","EFTA",2043,13.7196511332765
"Ambitious-Sodium Battery adoption-Baseline-Baseline-Baseline","EFTA",2044,14.9100780100253
"Ambitious-Sodium Battery adoption-Baseline-Baseline-Baseline","EFTA",2045,16.0823536184106
"Ambitious-Sodium Battery adoption-Baseline-Baseline-Baseline","EFTA",2046,17.2304137176552
"Ambitious-Sodium Battery adoption-Baseline-Baseline-Baseline","EFTA",2047,18.2191285512931
"Ambitious-Sodium Battery adoption-Baseline-Baseline-Baseline","EFTA",2048,19.2758855315211
"Ambitious-Sodium Battery adoption-Baseline-Baseline-Baseline","EFTA",2049,20.2546894434525
"Ambitious-Sodium Battery adoption-Baseline-Baseline-Baseline","EFTA",2050,21.1438119424035
"Ambitious-Sodium Battery adoption-Baseline-Baseline-Baseline","EFTA",2051,21.9384331726681
"Ambitious-Sodium Battery adoption-Baseline-Baseline-Baseline","EFTA",2052,22.675734299276
"Ambitious-Sodium Battery adoption-Baseline-Baseline-Baseline","EFTA",2053,23.3256026442433
"Ambitious-Sodium Battery adoption-Baseline-Baseline-Baseline","EFTA",2054,23.8945025830455
"Ambitious-Sodium Battery adoption-Baseline-Baseline-Baseline","EFTA",2055,24.3916922897377
"Ambitious-Sodium Battery adoption-Baseline-Baseline-Baseline","EFTA",2056,24.8192649226906
"Ambitious-Sodium Battery adoption-Baseline-Baseline-Baseline","EFTA",2057,25.1852124577218
"Ambitious-Sodium Battery adoption-Baseline-Baseline-Baseline","EFTA",2058,25.4963728914895
"Ambitious-Sodium Battery adoption-Baseline-Baseline-Baseline","EFTA",2059,25.7633487249744
"Ambitious-Sodium Battery adoption-Baseline-Baseline-Baseline","EFTA",2060,25.9914847164043
"Ambitious-Sodium Battery adoption-Baseline-Baseline-Baseline","EFTA",2061,26.1864267848349
"Ambitious-Sodium Battery adoption-Baseline-Baseline-Baseline","EFTA",2062,26.3541704156334
"Ambitious-Sodium Battery adoption-Baseline-Baseline-Baseline","EFTA",2063,26.5060139376026
"Ambitious-Sodium Battery adoption-Baseline-Baseline-Baseline","EFTA",2064,26.6455417805147
"Ambitious-Sodium Battery adoption-Baseline-Baseline-Baseline","EFTA",2065,26.7785313623997
"Ambitious-Sodium Battery adoption-Baseline-Baseline-Baseline","EFTA",2066,26.9061380327088
"Ambitious-Sodium Battery adoption-Baseline-Baseline-Baseline","EFTA",2067,27.0318920627438
"Ambitious-Sodium Battery adoption-Baseline-Baseline-Baseline","EFTA",2068,27.1553226681926
"Ambitious-Sodium Battery adoption-Baseline-Baseline-Baseline","EFTA",2069,27.2786766131898
"Ambitious-Sodium Battery adoption-Baseline-Baseline-Baseline","EFTA",2070,27.4019454858299
"Ambitious-Sodium Battery adoption-Baseline-Baseline-Baseline","European Union",2023,1.50374940730139
"Ambitious-Sodium Battery adoption-Baseline-Baseline-Baseline","European Union",2024,2.86988587050855
"Ambitious-Sodium Battery adoption-Baseline-Baseline-Baseline","European Union",2025,4.34318730998752
"Ambitious-Sodium Battery adoption-Baseline-Baseline-Baseline","European Union",2026,7.08311238146202
"Ambitious-Sodium Battery adoption-Baseline-Baseline-Baseline","European Union",2027,10.4419176011318
"Ambitious-Sodium Battery adoption-Baseline-Baseline-Baseline","European Union",2028,14.8890071031379
"Ambitious-Sodium Battery adoption-Baseline-Baseline-Baseline","European Union",2029,20.7260439784901
"Ambitious-Sodium Battery adoption-Baseline-Baseline-Baseline","European Union",2030,27.6430877676646
"Ambitious-Sodium Battery adoption-Baseline-Baseline-Baseline","European Union",2031,36.5220169838653
"Ambitious-Sodium Battery adoption-Baseline-Baseline-Baseline","European Union",2032,46.4009369780499
"Ambitious-Sodium Battery adoption-Baseline-Baseline-Baseline","European Union",2033,58.4023005221654
"Ambitious-Sodium Battery adoption-Baseline-Baseline-Baseline","European Union",2034,73.8846502626474
"Ambitious-Sodium Battery adoption-Baseline-Baseline-Baseline","European Union",2035,93.7033868490729
"Ambitious-Sodium Battery adoption-Baseline-Baseline-Baseline","European Union",2036,118.663351500058
"Ambitious-Sodium Battery adoption-Baseline-Baseline-Baseline","European Union",2037,149.542815855001
"Ambitious-Sodium Battery adoption-Baseline-Baseline-Baseline","European Union",2038,186.935001025318
"Ambitious-Sodium Battery adoption-Baseline-Baseline-Baseline","European Union",2039,230.578371508474
"Ambitious-Sodium Battery adoption-Baseline-Baseline-Baseline","European Union",2040,281.411292130021
"Ambitious-Sodium Battery adoption-Baseline-Baseline-Baseline","European Union",2041,339.252874649312
"Ambitious-Sodium Battery adoption-Baseline-Baseline-Baseline","European Union",2042,401.945343771984
"Ambitious-Sodium Battery adoption-Baseline-Baseline-Baseline","European Union",2043,465.949653064711
"Ambitious-Sodium Battery adoption-Baseline-Baseline-Baseline","European Union",2044,528.663056701067
"Ambitious-Sodium Battery adoption-Baseline-Baseline-Baseline","European Union",2045,588.272441977444
"Ambitious-Sodium Battery adoption-Baseline-Baseline-Baseline","European Union",2046,642.928073804101
"Ambitious-Sodium Battery adoption-Baseline-Baseline-Baseline","European Union",2047,692.648785214533
"Ambitious-Sodium Battery adoption-Baseline-Baseline-Baseline","European Union",2048,737.172114933748
"Ambitious-Sodium Battery adoption-Baseline-Baseline-Baseline","European Union",2049,776.841122663255
"Ambitious-Sodium Battery adoption-Baseline-Baseline-Baseline","European Union",2050,812.349371858894
"Ambitious-Sodium Battery adoption-Baseline-Baseline-Baseline","European Union",2051,843.87038710755
"Ambitious-Sodium Battery adoption-Baseline-Baseline-Baseline","European Union",2052,876.114953472667
"Ambitious-Sodium Battery adoption-Baseline-Baseline-Baseline","European Union",2053,906.301171622085
"Ambitious-Sodium Battery adoption-Baseline-Baseline-Baseline","European Union",2054,934.614245617202
"Ambitious-Sodium Battery adoption-Baseline-Baseline-Baseline","European Union",2055,960.988351228495
"Ambitious-Sodium Battery adoption-Baseline-Baseline-Baseline","European Union",2056,985.398508763533
"Ambitious-Sodium Battery adoption-Baseline-Baseline-Baseline","European Union",2057,1007.79963099301
"Ambitious-Sodium Battery adoption-Baseline-Baseline-Baseline","European Union",2058,1028.21000422957
"Ambitious-Sodium Battery adoption-Baseline-Baseline-Baseline","European Union",2059,1046.86675821777
"Ambitious-Sodium Battery adoption-Baseline-Baseline-Baseline","European Union",2060,1064.03756752062
"Ambitious-Sodium Battery adoption-Baseline-Baseline-Baseline","European Union",2061,1080.06823015518
"Ambitious-Sodium Battery adoption-Baseline-Baseline-Baseline","European Union",2062,1095.21097558591
"Ambitious-Sodium Battery adoption-Baseline-Baseline-Baseline","European Union",2063,1109.6598838068
"Ambitious-Sodium Battery adoption-Baseline-Baseline-Baseline","European Union",2064,1123.48450123433
"Ambitious-Sodium Battery adoption-Baseline-Baseline-Baseline","European Union",2065,1136.64184971478
"Ambitious-Sodium Battery adoption-Baseline-Baseline-Baseline","European Union",2066,1149.0845371924
"Ambitious-Sodium Battery adoption-Baseline-Baseline-Baseline","European Union",2067,1160.7854616582
"Ambitious-Sodium Battery adoption-Baseline-Baseline-Baseline","European Union",2068,1171.75051669614
"Ambitious-Sodium Battery adoption-Baseline-Baseline-Baseline","European Union",2069,1182.06460065165
"Ambitious-Sodium Battery adoption-Baseline-Baseline-Baseline","European Union",2070,1191.84500853275
"Ambitious-Sodium Battery adoption-Baseline-Baseline-Baseline","India",2023,0.112419107312472
"Ambitious-Sodium Battery adoption-Baseline-Baseline-Baseline","India",2024,0.32451522934814
"Ambitious-Sodium Battery adoption-Baseline-Baseline-Baseline","India",2025,0.5598901023267
"Ambitious-Sodium Battery adoption-Baseline-Baseline-Baseline","India",2026,0.863454554090429
"Ambitious-Sodium Battery adoption-Baseline-Baseline-Baseline","India",2027,1.42405920462366
"Ambitious-Sodium Battery adoption-Baseline-Baseline-Baseline","India",2028,2.40934724733621
"Ambitious-Sodium Battery adoption-Baseline-Baseline-Baseline","India",2029,3.77806223731454
"Ambitious-Sodium Battery adoption-Baseline-Baseline-Baseline","India",2030,5.58849751466487
"Ambitious-Sodium Battery adoption-Baseline-Baseline-Baseline","India",2031,8.06131965956695
"Ambitious-Sodium Battery adoption-Baseline-Baseline-Baseline","India",2032,10.8729547155966
"Ambitious-Sodium Battery adoption-Baseline-Baseline-Baseline","India",2033,14.4480067528277
"Ambitious-Sodium Battery adoption-Baseline-Baseline-Baseline","India",2034,18.9507652820928
"Ambitious-Sodium Battery adoption-Baseline-Baseline-Baseline","India",2035,24.4931020442134
"Ambitious-Sodium Battery adoption-Baseline-Baseline-Baseline","India",2036,31.1382772218641
"Ambitious-Sodium Battery adoption-Baseline-Baseline-Baseline","India",2037,38.7590438400068
"Ambitious-Sodium Battery adoption-Baseline-Baseline-Baseline","India",2038,47.441564761428
"Ambitious-Sodium Battery adoption-Baseline-Baseline-Baseline","India",2039,57.1631507258081
"Ambitious-Sodium Battery adoption-Baseline-Baseline-Baseline","India",2040,67.8760274555979
"Ambitious-Sodium Battery adoption-Baseline-Baseline-Baseline","India",2041,79.6717428975515
"Ambitious-Sodium Battery adoption-Baseline-Baseline-Baseline","India",2042,91.9690468793323
"Ambitious-Sodium Battery adoption-Baseline-Baseline-Baseline","India",2043,104.920843051315
"Ambitious-Sodium Battery adoption-Baseline-Baseline-Baseline","India",2044,118.344883005578
"Ambitious-Sodium Battery adoption-Baseline-Baseline-Baseline","India",2045,132.045610216212
"Ambitious-Sodium Battery adoption-Baseline-Baseline-Baseline","India",2046,145.791391483982
"Ambitious-Sodium Battery adoption-Baseline-Baseline-Baseline","India",2047,159.389875649449
"Ambitious-Sodium Battery adoption-Baseline-Baseline-Baseline","India",2048,172.663486091726
"Ambitious-Sodium Battery adoption-Baseline-Baseline-Baseline","India",2049,185.471373805426
"Ambitious-Sodium Battery adoption-Baseline-Baseline-Baseline","India",2050,197.719445857219
"Ambitious-Sodium Battery adoption-Baseline-Baseline-Baseline","India",2051,209.365783560329
"Ambitious-Sodium Battery adoption-Baseline-Baseline-Baseline","India",2052,220.253613026882
"Ambitious-Sodium Battery adoption-Baseline-Baseline-Baseline","India",2053,230.511839368275
"Ambitious-Sodium Battery adoption-Baseline-Baseline-Baseline","India",2054,240.14879535071
"Ambitious-Sodium Battery adoption-Baseline-Baseline-Baseline","India",2055,249.167374659431
"Ambitious-Sodium Battery adoption-Baseline-Baseline-Baseline","India",2056,258.653668955391
"Ambitious-Sodium Battery adoption-Baseline-Baseline-Baseline","India",2057,267.798155209351
"Ambitious-Sodium Battery adoption-Baseline-Baseline-Baseline","India",2058,276.235740863755
"Ambitious-Sodium Battery adoption-Baseline-Baseline-Baseline","India",2059,284.005130436128
"Ambitious-Sodium Battery adoption-Baseline-Baseline-Baseline","India",2060,291.174941810659
"Ambitious-Sodium Battery adoption-Baseline-Baseline-Baseline","India",2061,297.801618391534
"Ambitious-Sodium Battery adoption-Baseline-Baseline-Baseline","India",2062,303.969747801423
"Ambitious-Sodium Battery adoption-Baseline-Baseline-Baseline","India",2063,309.715679710465
"Ambitious-Sodium Battery adoption-Baseline-Baseline-Baseline","India",2064,315.090167471941
"Ambitious-Sodium Battery adoption-Baseline-Baseline-Baseline","India",2065,320.1196058601
"Ambitious-Sodium Battery adoption-Baseline-Baseline-Baseline","India",2066,324.835006562318
"Ambitious-Sodium Battery adoption-Baseline-Baseline-Baseline","India",2067,329.265768813343
"Ambitious-Sodium Battery adoption-Baseline-Baseline-Baseline","India",2068,333.463336933465
"Ambitious-Sodium Battery adoption-Baseline-Baseline-Baseline","India",2069,337.470419732066
"Ambitious-Sodium Battery adoption-Baseline-Baseline-Baseline","India",2070,341.329323342507
"Ambitious-Sodium Battery adoption-Baseline-Baseline-Baseline","Japan",2023,0.100955465344981
"Ambitious-Sodium Battery adoption-Baseline-Baseline-Baseline","Japan",2024,0.418610177849522
"Ambitious-Sodium Battery adoption-Baseline-Baseline-Baseline","Japan",2025,0.490659108531476
"Ambitious-Sodium Battery adoption-Baseline-Baseline-Baseline","Japan",2026,0.581698887980971
"Ambitious-Sodium Battery adoption-Baseline-Baseline-Baseline","Japan",2027,0.710877285378084
"Ambitious-Sodium Battery adoption-Baseline-Baseline-Baseline","Japan",2028,1.00748879782808
"Ambitious-Sodium Battery adoption-Baseline-Baseline-Baseline","Japan",2029,1.32269509154306
"Ambitious-Sodium Battery adoption-Baseline-Baseline-Baseline","Japan",2030,2.2939868223804
"Ambitious-Sodium Battery adoption-Baseline-Baseline-Baseline","Japan",2031,3.63490563966305
"Ambitious-Sodium Battery adoption-Baseline-Baseline-Baseline","Japan",2032,4.58122286057537
"Ambitious-Sodium Battery adoption-Baseline-Baseline-Baseline","Japan",2033,5.82053004163692
"Ambitious-Sodium Battery adoption-Baseline-Baseline-Baseline","Japan",2034,7.46034195857633
"Ambitious-Sodium Battery adoption-Baseline-Baseline-Baseline","Japan",2035,9.65190658147457
"Ambitious-Sodium Battery adoption-Baseline-Baseline-Baseline","Japan",2036,12.4387816241952
"Ambitious-Sodium Battery adoption-Baseline-Baseline-Baseline","Japan",2037,15.7109101089985
"Ambitious-Sodium Battery adoption-Baseline-Baseline-Baseline","Japan",2038,19.8704679244473
"Ambitious-Sodium Battery adoption-Baseline-Baseline-Baseline","Japan",2039,24.3667303576797
"Ambitious-Sodium Battery adoption-Baseline-Baseline-Baseline","Japan",2040,29.4806160558047
"Ambitious-Sodium Battery adoption-Baseline-Baseline-Baseline","Japan",2041,34.0756172048857
"Ambitious-Sodium Battery adoption-Baseline-Baseline-Baseline","Japan",2042,40.673023090906
"Ambitious-Sodium Battery adoption-Baseline-Baseline-Baseline","Japan",2043,48.0850375610961
"Ambitious-Sodium Battery adoption-Baseline-Baseline-Baseline","Japan",2044,56.1725222702799
"Ambitious-Sodium Battery adoption-Baseline-Baseline-Baseline","Japan",2045,64.6324200552514
"Ambitious-Sodium Battery adoption-Baseline-Baseline-Baseline","Japan",2046,73.0764398791662
"Ambitious-Sodium Battery adoption-Baseline-Baseline-Baseline","Japan",2047,81.1549591441219
"Ambitious-Sodium Battery adoption-Baseline-Baseline-Baseline","Japan",2048,88.5995488974093
"Ambitious-Sodium Battery adoption-Baseline-Baseline-Baseline","Japan",2049,95.2849484419483
"Ambitious-Sodium Battery adoption-Baseline-Baseline-Baseline","Japan",2050,101.285686647674
"Ambitious-Sodium Battery adoption-Baseline-Baseline-Baseline","Japan",2051,106.969799545025
"Ambitious-Sodium Battery adoption-Baseline-Baseline-Baseline","Japan",2052,112.615985879614
"Ambitious-Sodium Battery adoption-Baseline-Baseline-Baseline","Japan",2053,117.390251660663
"Ambitious-Sodium Battery adoption-Baseline-Baseline-Baseline","Japan",2054,121.389414224272
"Ambitious-Sodium Battery adoption-Baseline-Baseline-Baseline","Japan",2055,124.683182699973
"Ambitious-Sodium Battery adoption-Baseline-Baseline-Baseline","Japan",2056,127.336736176476
"Ambitious-Sodium Battery adoption-Baseline-Baseline-Baseline","Japan",2057,129.404358931525
"Ambitious-Sodium Battery adoption-Baseline-Baseline-Baseline","Japan",2058,130.931845543187
"Ambitious-Sodium Battery adoption-Baseline-Baseline-Baseline","Japan",2059,131.962666665069
"Ambitious-Sodium Battery adoption-Baseline-Baseline-Baseline","Japan",2060,132.540041116169
"Ambitious-Sodium Battery adoption-Baseline-Baseline-Baseline","Japan",2061,132.760688103659
"Ambitious-Sodium Battery adoption-Baseline-Baseline-Baseline","Japan",2062,132.688024136802
"Ambitious-Sodium Battery adoption-Baseline-Baseline-Baseline","Japan",2063,132.431181773259
"Ambitious-Sodium Battery adoption-Baseline-Baseline-Baseline","Japan",2064,132.063637044571
"Ambitious-Sodium Battery adoption-Baseline-Baseline-Baseline","Japan",2065,131.630654760522
"Ambitious-Sodium Battery adoption-Baseline-Baseline-Baseline","Japan",2066,131.172346497083
"Ambitious-Sodium Battery adoption-Baseline-Baseline-Baseline","Japan",2067,130.703846702539
"Ambitious-Sodium Battery adoption-Baseline-Baseline-Baseline","Japan",2068,130.240579666688
"Ambitious-Sodium Battery adoption-Baseline-Baseline-Baseline","Japan",2069,129.783281130786
"Ambitious-Sodium Battery adoption-Baseline-Baseline-Baseline","Japan",2070,129.333768722595
"Ambitious-Sodium Battery adoption-Baseline-Baseline-Baseline","Mexico",2023,0.0312948282293928
"Ambitious-Sodium Battery adoption-Baseline-Baseline-Baseline","Mexico",2024,0.0973684043489086
"Ambitious-Sodium Battery adoption-Baseline-Baseline-Baseline","Mexico",2025,0.0992558715645099
"Ambitious-Sodium Battery adoption-Baseline-Baseline-Baseline","Mexico",2026,0.136981965200932
"Ambitious-Sodium Battery adoption-Baseline-Baseline-Baseline","Mexico",2027,0.183594650952222
"Ambitious-Sodium Battery adoption-Baseline-Baseline-Baseline","Mexico",2028,0.296270840199935
"Ambitious-Sodium Battery adoption-Baseline-Baseline-Baseline","Mexico",2029,0.537263152104797
"Ambitious-Sodium Battery adoption-Baseline-Baseline-Baseline","Mexico",2030,1.03744037409297
"Ambitious-Sodium Battery adoption-Baseline-Baseline-Baseline","Mexico",2031,1.77861071612307
"Ambitious-Sodium Battery adoption-Baseline-Baseline-Baseline","Mexico",2032,2.2037761156708
"Ambitious-Sodium Battery adoption-Baseline-Baseline-Baseline","Mexico",2033,2.75088099686979
"Ambitious-Sodium Battery adoption-Baseline-Baseline-Baseline","Mexico",2034,3.4658855117121
"Ambitious-Sodium Battery adoption-Baseline-Baseline-Baseline","Mexico",2035,4.39883553784312
"Ambitious-Sodium Battery adoption-Baseline-Baseline-Baseline","Mexico",2036,5.60727063440471
"Ambitious-Sodium Battery adoption-Baseline-Baseline-Baseline","Mexico",2037,7.05261186468387
"Ambitious-Sodium Battery adoption-Baseline-Baseline-Baseline","Mexico",2038,8.88452420615982
"Ambitious-Sodium Battery adoption-Baseline-Baseline-Baseline","Mexico",2039,11.1784825519217
"Ambitious-Sodium Battery adoption-Baseline-Baseline-Baseline","Mexico",2040,14.0390412404899
"Ambitious-Sodium Battery adoption-Baseline-Baseline-Baseline","Mexico",2041,17.6434481764478
"Ambitious-Sodium Battery adoption-Baseline-Baseline-Baseline","Mexico",2042,21.9021520049928
"Ambitious-Sodium Battery adoption-Baseline-Baseline-Baseline","Mexico",2043,26.8833000366787
"Ambitious-Sodium Battery adoption-Baseline-Baseline-Baseline","Mexico",2044,32.4670628681001
"Ambitious-Sodium Battery adoption-Baseline-Baseline-Baseline","Mexico",2045,39.1088544152968
"Ambitious-Sodium Battery adoption-Baseline-Baseline-Baseline","Mexico",2046,46.1564659637265
"Ambitious-Sodium Battery adoption-Baseline-Baseline-Baseline","Mexico",2047,53.3684550476841
"Ambitious-Sodium Battery adoption-Baseline-Baseline-Baseline","Mexico",2048,60.3516534745722
"Ambitious-Sodium Battery adoption-Baseline-Baseline-Baseline","Mexico",2049,66.9529925548013
"Ambitious-Sodium Battery adoption-Baseline-Baseline-Baseline","Mexico",2050,73.0785033340697
"Ambitious-Sodium Battery adoption-Baseline-Baseline-Baseline","Mexico",2051,78.6897151241074
"Ambitious-Sodium Battery adoption-Baseline-Baseline-Baseline","Mexico",2052,84.0787776145334
"Ambitious-Sodium Battery adoption-Baseline-Baseline-Baseline","Mexico",2053,89.0359509430459
"Ambitious-Sodium Battery adoption-Baseline-Baseline-Baseline","Mexico",2054,93.5914838598861
"Ambitious-Sodium Battery adoption-Baseline-Baseline-Baseline","Mexico",2055,97.7772687013655
"Ambitious-Sodium Battery adoption-Baseline-Baseline-Baseline","Mexico",2056,101.604379490614
"Ambitious-Sodium Battery adoption-Baseline-Baseline-Baseline","Mexico",2057,105.089928258696
"Ambitious-Sodium Battery adoption-Baseline-Baseline-Baseline","Mexico",2058,108.233494151358
"Ambitious-Sodium Battery adoption-Baseline-Baseline-Baseline","Mexico",2059,111.040449156374
"Ambitious-Sodium Battery adoption-Baseline-Baseline-Baseline","Mexico",2060,113.525853389891
"Ambitious-Sodium Battery adoption-Baseline-Baseline-Baseline","Mexico",2061,115.735384447931
"Ambitious-Sodium Battery adoption-Baseline-Baseline-Baseline","Mexico",2062,117.689607101962
"Ambitious-Sodium Battery adoption-Baseline-Baseline-Baseline","Mexico",2063,119.443247797454
"Ambitious-Sodium Battery adoption-Baseline-Baseline-Baseline","Mexico",2064,121.024143731721
"Ambitious-Sodium Battery adoption-Baseline-Baseline-Baseline","Mexico",2065,122.463853476966
"Ambitious-Sodium Battery adoption-Baseline-Baseline-Baseline","Mexico",2066,123.777937746858
"Ambitious-Sodium Battery adoption-Baseline-Baseline-Baseline","Mexico",2067,124.985859548734
"Ambitious-Sodium Battery adoption-Baseline-Baseline-Baseline","Mexico",2068,126.108127943328
"Ambitious-Sodium Battery adoption-Baseline-Baseline-Baseline","Mexico",2069,127.164016884906
"Ambitious-Sodium Battery adoption-Baseline-Baseline-Baseline","Mexico",2070,128.167798988642
"Ambitious-Sodium Battery adoption-Baseline-Baseline-Baseline","Middle East",2023,0.130580773119928
"Ambitious-Sodium Battery adoption-Baseline-Baseline-Baseline","Middle East",2024,0.206944909020215
"Ambitious-Sodium Battery adoption-Baseline-Baseline-Baseline","Middle East",2025,0.283304736742417
"Ambitious-Sodium Battery adoption-Baseline-Baseline-Baseline","Middle East",2026,0.417837506579772
"Ambitious-Sodium Battery adoption-Baseline-Baseline-Baseline","Middle East",2027,0.645782598278411
"Ambitious-Sodium Battery adoption-Baseline-Baseline-Baseline","Middle East",2028,1.03122238226623
"Ambitious-Sodium Battery adoption-Baseline-Baseline-Baseline","Middle East",2029,1.63481405811273
"Ambitious-Sodium Battery adoption-Baseline-Baseline-Baseline","Middle East",2030,2.65461416524795
"Ambitious-Sodium Battery adoption-Baseline-Baseline-Baseline","Middle East",2031,4.42851720183393
"Ambitious-Sodium Battery adoption-Baseline-Baseline-Baseline","Middle East",2032,6.11188062114376
"Ambitious-Sodium Battery adoption-Baseline-Baseline-Baseline","Middle East",2033,8.33315255222909
"Ambitious-Sodium Battery adoption-Baseline-Baseline-Baseline","Middle East",2034,11.2287526027659
"Ambitious-Sodium Battery adoption-Baseline-Baseline-Baseline","Middle East",2035,15.0438344596792
"Ambitious-Sodium Battery adoption-Baseline-Baseline-Baseline","Middle East",2036,19.6102001771683
"Ambitious-Sodium Battery adoption-Baseline-Baseline-Baseline","Middle East",2037,25.2671731862836
"Ambitious-Sodium Battery adoption-Baseline-Baseline-Baseline","Middle East",2038,32.1306921712353
"Ambitious-Sodium Battery adoption-Baseline-Baseline-Baseline","Middle East",2039,40.2724591429258
"Ambitious-Sodium Battery adoption-Baseline-Baseline-Baseline","Middle East",2040,49.8122839210311
"Ambitious-Sodium Battery adoption-Baseline-Baseline-Baseline","Middle East",2041,61.0442367455785
"Ambitious-Sodium Battery adoption-Baseline-Baseline-Baseline","Middle East",2042,73.5588140792689
"Ambitious-Sodium Battery adoption-Baseline-Baseline-Baseline","Middle East",2043,87.8044106373188
"Ambitious-Sodium Battery adoption-Baseline-Baseline-Baseline","Middle East",2044,103.728512350522
"Ambitious-Sodium Battery adoption-Baseline-Baseline-Baseline","Middle East",2045,121.401903365389
"Ambitious-Sodium Battery adoption-Baseline-Baseline-Baseline","Middle East",2046,140.359257251766
"Ambitious-Sodium Battery adoption-Baseline-Baseline-Baseline","Middle East",2047,160.109305442083
"Ambitious-Sodium Battery adoption-Baseline-Baseline-Baseline","Middle East",2048,181.410792558279
"Ambitious-Sodium Battery adoption-Baseline-Baseline-Baseline","Middle East",2049,203.424802879115
"Ambitious-Sodium Battery adoption-Baseline-Baseline-Baseline","Middle East",2050,225.363347398365
"Ambitious-Sodium Battery adoption-Baseline-Baseline-Baseline","Middle East",2051,246.916945549274
"Ambitious-Sodium Battery adoption-Baseline-Baseline-Baseline","Middle East",2052,269.019615785414
"Ambitious-Sodium Battery adoption-Baseline-Baseline-Baseline","Middle East",2053,290.69134542588
"Ambitious-Sodium Battery adoption-Baseline-Baseline-Baseline","Middle East",2054,311.4978348801
"Ambitious-Sodium Battery adoption-Baseline-Baseline-Baseline","Middle East",2055,331.25209109093
"Ambitious-Sodium Battery adoption-Baseline-Baseline-Baseline","Middle East",2056,349.799250440036
"Ambitious-Sodium Battery adoption-Baseline-Baseline-Baseline","Middle East",2057,367.009350548041
"Ambitious-Sodium Battery adoption-Baseline-Baseline-Baseline","Middle East",2058,382.794074648518
"Ambitious-Sodium Battery adoption-Baseline-Baseline-Baseline","Middle East",2059,397.131443501992
"Ambitious-Sodium Battery adoption-Baseline-Baseline-Baseline","Middle East",2060,410.050711144419
"Ambitious-Sodium Battery adoption-Baseline-Baseline-Baseline","Middle East",2061,421.646313563581
"Ambitious-Sodium Battery adoption-Baseline-Baseline-Baseline","Middle East",2062,432.048864283143
"Ambitious-Sodium Battery adoption-Baseline-Baseline-Baseline","Middle East",2063,441.395846216286
"Ambitious-Sodium Battery adoption-Baseline-Baseline-Baseline","Middle East",2064,449.815641114922
"Ambitious-Sodium Battery adoption-Baseline-Baseline-Baseline","Middle East",2065,457.426258834756
"Ambitious-Sodium Battery adoption-Baseline-Baseline-Baseline","Middle East",2066,464.32954176052
"Ambitious-Sodium Battery adoption-Baseline-Baseline-Baseline","Middle East",2067,470.630430074526
"Ambitious-Sodium Battery adoption-Baseline-Baseline-Baseline","Middle East",2068,476.443329368609
"Ambitious-Sodium Battery adoption-Baseline-Baseline-Baseline","Middle East",2069,481.859087749081
"Ambitious-Sodium Battery adoption-Baseline-Baseline-Baseline","Middle East",2070,486.967951900406
"Ambitious-Sodium Battery adoption-Baseline-Baseline-Baseline","Other Asia Pacific",2023,0.0309477204260943
"Ambitious-Sodium Battery adoption-Baseline-Baseline-Baseline","Other Asia Pacific",2024,0.0411945184215149
"Ambitious-Sodium Battery adoption-Baseline-Baseline-Baseline","Other Asia Pacific",2025,0.0946926154530437
"Ambitious-Sodium Battery adoption-Baseline-Baseline-Baseline","Other Asia Pacific",2026,0.111582396062602
"Ambitious-Sodium Battery adoption-Baseline-Baseline-Baseline","Other Asia Pacific",2027,0.178883172341206
"Ambitious-Sodium Battery adoption-Baseline-Baseline-Baseline","Other Asia Pacific",2028,0.319071774510876
"Ambitious-Sodium Battery adoption-Baseline-Baseline-Baseline","Other Asia Pacific",2029,0.579455256575028
"Ambitious-Sodium Battery adoption-Baseline-Baseline-Baseline","Other Asia Pacific",2030,1.06758772551806
"Ambitious-Sodium Battery adoption-Baseline-Baseline-Baseline","Other Asia Pacific",2031,2.00939009679063
"Ambitious-Sodium Battery adoption-Baseline-Baseline-Baseline","Other Asia Pacific",2032,2.92158246804427
"Ambitious-Sodium Battery adoption-Baseline-Baseline-Baseline","Other Asia Pacific",2033,4.18853746659068
"Ambitious-Sodium Battery adoption-Baseline-Baseline-Baseline","Other Asia Pacific",2034,5.92264463331068
"Ambitious-Sodium Battery adoption-Baseline-Baseline-Baseline","Other Asia Pacific",2035,8.17556670395928
"Ambitious-Sodium Battery adoption-Baseline-Baseline-Baseline","Other Asia Pacific",2036,11.0814700662904
"Ambitious-Sodium Battery adoption-Baseline-Baseline-Baseline","Other Asia Pacific",2037,14.6073373079037
"Ambitious-Sodium Battery adoption-Baseline-Baseline-Baseline","Other Asia Pacific",2038,18.844445841344
"Ambitious-Sodium Battery adoption-Baseline-Baseline-Baseline","Other Asia Pacific",2039,23.8088338514285
"Ambitious-Sodium Battery adoption-Baseline-Baseline-Baseline","Other Asia Pacific",2040,29.4978090434147
"Ambitious-Sodium Battery adoption-Baseline-Baseline-Baseline","Other Asia Pacific",2041,36.0464355382705
"Ambitious-Sodium Battery adoption-Baseline-Baseline-Baseline","Other Asia Pacific",2042,43.1568022507133
"Ambitious-Sodium Battery adoption-Baseline-Baseline-Baseline","Other Asia Pacific",2043,51.1326703358735
"Ambitious-Sodium Battery adoption-Baseline-Baseline-Baseline","Other Asia Pacific",2044,59.9706941980147
"Ambitious-Sodium Battery adoption-Baseline-Baseline-Baseline","Other Asia Pacific",2045,69.568719646747
"Ambitious-Sodium Battery adoption-Baseline-Baseline-Baseline","Other Asia Pacific",2046,81.1640380457319
"Ambitious-Sodium Battery adoption-Baseline-Baseline-Baseline","Other Asia Pacific",2047,92.7039193271381
"Ambitious-Sodium Battery adoption-Baseline-Baseline-Baseline","Other Asia Pacific",2048,104.728956986036
"Ambitious-Sodium Battery adoption-Baseline-Baseline-Baseline","Other Asia Pacific",2049,117.184490241081
"Ambitious-Sodium Battery adoption-Baseline-Baseline-Baseline","Other Asia Pacific",2050,129.962617164455
"Ambitious-Sodium Battery adoption-Baseline-Baseline-Baseline","Other Asia Pacific",2051,143.005765950238
"Ambitious-Sodium Battery adoption-Baseline-Baseline-Baseline","Other Asia Pacific",2052,156.274513507135
"Ambitious-Sodium Battery adoption-Baseline-Baseline-Baseline","Other Asia Pacific",2053,169.47974404932
"Ambitious-Sodium Battery adoption-Baseline-Baseline-Baseline","Other Asia Pacific",2054,182.503998630733
"Ambitious-Sodium Battery adoption-Baseline-Baseline-Baseline","Other Asia Pacific",2055,195.219091940654
"Ambitious-Sodium Battery adoption-Baseline-Baseline-Baseline","Other Asia Pacific",2056,207.50848922657
"Ambitious-Sodium Battery adoption-Baseline-Baseline-Baseline","Other Asia Pacific",2057,219.288772034335
"Ambitious-Sodium Battery adoption-Baseline-Baseline-Baseline","Other Asia Pacific",2058,230.457321364532
"Ambitious-Sodium Battery adoption-Baseline-Baseline-Baseline","Other Asia Pacific",2059,240.97467756998
"Ambitious-Sodium Battery adoption-Baseline-Baseline-Baseline","Other Asia Pacific",2060,250.810303964263
"Ambitious-Sodium Battery adoption-Baseline-Baseline-Baseline","Other Asia Pacific",2061,260.0384352783
"Ambitious-Sodium Battery adoption-Baseline-Baseline-Baseline","Other Asia Pacific",2062,268.612421215641
"Ambitious-Sodium Battery adoption-Baseline-Baseline-Baseline","Other Asia Pacific",2063,276.509993605044
"Ambitious-Sodium Battery adoption-Baseline-Baseline-Baseline","Other Asia Pacific",2064,283.744120769036
"Ambitious-Sodium Battery adoption-Baseline-Baseline-Baseline","Other Asia Pacific",2065,290.326706130138
"Ambitious-Sodium Battery adoption-Baseline-Baseline-Baseline","Other Asia Pacific",2066,296.273628224597
"Ambitious-Sodium Battery adoption-Baseline-Baseline-Baseline","Other Asia Pacific",2067,301.637392737741
"Ambitious-Sodium Battery adoption-Baseline-Baseline-Baseline","Other Asia Pacific",2068,306.485028806706
"Ambitious-Sodium Battery adoption-Baseline-Baseline-Baseline","Other Asia Pacific",2069,310.904988613992
"Ambitious-Sodium Battery adoption-Baseline-Baseline-Baseline","Other Asia Pacific",2070,314.978211883895
"Ambitious-Sodium Battery adoption-Baseline-Baseline-Baseline","Other Europe",2023,0.0867575243301104
"Ambitious-Sodium Battery adoption-Baseline-Baseline-Baseline","Other Europe",2024,0.161335026423553
"Ambitious-Sodium Battery adoption-Baseline-Baseline-Baseline","Other Europe",2025,0.2031046129669
"Ambitious-Sodium Battery adoption-Baseline-Baseline-Baseline","Other Europe",2026,0.270337747663741
"Ambitious-Sodium Battery adoption-Baseline-Baseline-Baseline","Other Europe",2027,0.387838390749945
"Ambitious-Sodium Battery adoption-Baseline-Baseline-Baseline","Other Europe",2028,0.64625613070964
"Ambitious-Sodium Battery adoption-Baseline-Baseline-Baseline","Other Europe",2029,1.09956352375012
"Ambitious-Sodium Battery adoption-Baseline-Baseline-Baseline","Other Europe",2030,1.90849715592192
"Ambitious-Sodium Battery adoption-Baseline-Baseline-Baseline","Other Europe",2031,3.40760671977803
"Ambitious-Sodium Battery adoption-Baseline-Baseline-Baseline","Other Europe",2032,4.75578521899417
"Ambitious-Sodium Battery adoption-Baseline-Baseline-Baseline","Other Europe",2033,6.55787055288113
"Ambitious-Sodium Battery adoption-Baseline-Baseline-Baseline","Other Europe",2034,8.94200633634656
"Ambitious-Sodium Battery adoption-Baseline-Baseline-Baseline","Other Europe",2035,12.2315547039063
"Ambitious-Sodium Battery adoption-Baseline-Baseline-Baseline","Other Europe",2036,16.144995112808
"Ambitious-Sodium Battery adoption-Baseline-Baseline-Baseline","Other Europe",2037,20.7661871057811
"Ambitious-Sodium Battery adoption-Baseline-Baseline-Baseline","Other Europe",2038,26.0547244112831
"Ambitious-Sodium Battery adoption-Baseline-Baseline-Baseline","Other Europe",2039,32.0246199473074
"Ambitious-Sodium Battery adoption-Baseline-Baseline-Baseline","Other Europe",2040,38.6398218528656
"Ambitious-Sodium Battery adoption-Baseline-Baseline-Baseline","Other Europe",2041,45.9984324320838
"Ambitious-Sodium Battery adoption-Baseline-Baseline-Baseline","Other Europe",2042,53.8765679765966
"Ambitious-Sodium Battery adoption-Baseline-Baseline-Baseline","Other Europe",2043,62.5023414044279
"Ambitious-Sodium Battery adoption-Baseline-Baseline-Baseline","Other Europe",2044,71.9074848911678
"Ambitious-Sodium Battery adoption-Baseline-Baseline-Baseline","Other Europe",2045,82.0059664163647
"Ambitious-Sodium Battery adoption-Baseline-Baseline-Baseline","Other Europe",2046,92.6573946403028
"Ambitious-Sodium Battery adoption-Baseline-Baseline-Baseline","Other Europe",2047,103.777787089908
"Ambitious-Sodium Battery adoption-Baseline-Baseline-Baseline","Other Europe",2048,115.142587381512
"Ambitious-Sodium Battery adoption-Baseline-Baseline-Baseline","Other Europe",2049,126.452776537374
"Ambitious-Sodium Battery adoption-Baseline-Baseline-Baseline","Other Europe",2050,137.528147552409
"Ambitious-Sodium Battery adoption-Baseline-Baseline-Baseline","Other Europe",2051,148.250794229706
"Ambitious-Sodium Battery adoption-Baseline-Baseline-Baseline","Other Europe",2052,158.659697362096
"Ambitious-Sodium Battery adoption-Baseline-Baseline-Baseline","Other Europe",2053,168.555612070375
"Ambitious-Sodium Battery adoption-Baseline-Baseline-Baseline","Other Europe",2054,177.852096727391
"Ambitious-Sodium Battery adoption-Baseline-Baseline-Baseline","Other Europe",2055,186.477722012529
"Ambitious-Sodium Battery adoption-Baseline-Baseline-Baseline","Other Europe",2056,194.371761844201
"Ambitious-Sodium Battery adoption-Baseline-Baseline-Baseline","Other Europe",2057,201.51211053239
"Ambitious-Sodium Battery adoption-Baseline-Baseline-Baseline","Other Europe",2058,208.054453984302
"Ambitious-Sodium Battery adoption-Baseline-Baseline-Baseline","Other Europe",2059,214.187496509118
"Ambitious-Sodium Battery adoption-Baseline-Baseline-Baseline","Other Europe",2060,219.520222568794
"Ambitious-Sodium Battery adoption-Baseline-Baseline-Baseline","Other Europe",2061,224.12006941361
"Ambitious-Sodium Battery adoption-Baseline-Baseline-Baseline","Other Europe",2062,228.068940847705
"Ambitious-Sodium Battery adoption-Baseline-Baseline-Baseline","Other Europe",2063,231.427763320461
"Ambitious-Sodium Battery adoption-Baseline-Baseline-Baseline","Other Europe",2064,234.271956955525
"Ambitious-Sodium Battery adoption-Baseline-Baseline-Baseline","Other Europe",2065,236.652892173845
"Ambitious-Sodium Battery adoption-Baseline-Baseline-Baseline","Other Europe",2066,238.633107973446
"Ambitious-Sodium Battery adoption-Baseline-Baseline-Baseline","Other Europe",2067,240.270394593316
"Ambitious-Sodium Battery adoption-Baseline-Baseline-Baseline","Other Europe",2068,241.635743480788
"Ambitious-Sodium Battery adoption-Baseline-Baseline-Baseline","Other Europe",2069,242.785008610253
"Ambitious-Sodium Battery adoption-Baseline-Baseline-Baseline","Other Europe",2070,243.768534267026
"Ambitious-Sodium Battery adoption-Baseline-Baseline-Baseline","Other Latin America and Caribbean",2023,0.226998786143547
"Ambitious-Sodium Battery adoption-Baseline-Baseline-Baseline","Other Latin America and Caribbean",2024,0.401945902779054
"Ambitious-Sodium Battery adoption-Baseline-Baseline-Baseline","Other Latin America and Caribbean",2025,0.680472836755993
"Ambitious-Sodium Battery adoption-Baseline-Baseline-Baseline","Other Latin America and Caribbean",2026,1.02669933526614
"Ambitious-Sodium Battery adoption-Baseline-Baseline-Baseline","Other Latin America and Caribbean",2027,1.57065139873258
"Ambitious-Sodium Battery adoption-Baseline-Baseline-Baseline","Other Latin America and Caribbean",2028,2.40171360346218
"Ambitious-Sodium Battery adoption-Baseline-Baseline-Baseline","Other Latin America and Caribbean",2029,3.70106122216564
"Ambitious-Sodium Battery adoption-Baseline-Baseline-Baseline","Other Latin America and Caribbean",2030,5.57273576958713
"Ambitious-Sodium Battery adoption-Baseline-Baseline-Baseline","Other Latin America and Caribbean",2031,8.53282132015178
"Ambitious-Sodium Battery adoption-Baseline-Baseline-Baseline","Other Latin America and Caribbean",2032,11.4297082208
"Ambitious-Sodium Battery adoption-Baseline-Baseline-Baseline","Other Latin America and Caribbean",2033,15.1070406210655
"Ambitious-Sodium Battery adoption-Baseline-Baseline-Baseline","Other Latin America and Caribbean",2034,19.8388068972409
"Ambitious-Sodium Battery adoption-Baseline-Baseline-Baseline","Other Latin America and Caribbean",2035,25.5655143775353
"Ambitious-Sodium Battery adoption-Baseline-Baseline-Baseline","Other Latin America and Caribbean",2036,32.7734163937405
"Ambitious-Sodium Battery adoption-Baseline-Baseline-Baseline","Other Latin America and Caribbean",2037,41.0321726886736
"Ambitious-Sodium Battery adoption-Baseline-Baseline-Baseline","Other Latin America and Caribbean",2038,50.8607795067561
"Ambitious-Sodium Battery adoption-Baseline-Baseline-Baseline","Other Latin America and Caribbean",2039,62.5146709752992
"Ambitious-Sodium Battery adoption-Baseline-Baseline-Baseline","Other Latin America and Caribbean",2040,75.9718114286809
"Ambitious-Sodium Battery adoption-Baseline-Baseline-Baseline","Other Latin America and Caribbean",2041,91.4707127811673
"Ambitious-Sodium Battery adoption-Baseline-Baseline-Baseline","Other Latin America and Caribbean",2042,108.847509233619
"Ambitious-Sodium Battery adoption-Baseline-Baseline-Baseline","Other Latin America and Caribbean",2043,128.434836182319
"Ambitious-Sodium Battery adoption-Baseline-Baseline-Baseline","Other Latin America and Caribbean",2044,150.136005531818
"Ambitious-Sodium Battery adoption-Baseline-Baseline-Baseline","Other Latin America and Caribbean",2045,173.935298115262
"Ambitious-Sodium Battery adoption-Baseline-Baseline-Baseline","Other Latin America and Caribbean",2046,199.327010868324
"Ambitious-Sodium Battery adoption-Baseline-Baseline-Baseline","Other Latin America and Caribbean",2047,225.984846871208
"Ambitious-Sodium Battery adoption-Baseline-Baseline-Baseline","Other Latin America and Caribbean",2048,253.318632092472
"Ambitious-Sodium Battery adoption-Baseline-Baseline-Baseline","Other Latin America and Caribbean",2049,280.758641859932
"Ambitious-Sodium Battery adoption-Baseline-Baseline-Baseline","Other Latin America and Caribbean",2050,307.854516492363
"Ambitious-Sodium Battery adoption-Baseline-Baseline-Baseline","Other Latin America and Caribbean",2051,334.261792541813
"Ambitious-Sodium Battery adoption-Baseline-Baseline-Baseline","Other Latin America and Caribbean",2052,359.988956867048
"Ambitious-Sodium Battery adoption-Baseline-Baseline-Baseline","Other Latin America and Caribbean",2053,384.499001549191
"Ambitious-Sodium Battery adoption-Baseline-Baseline-Baseline","Other Latin America and Caribbean",2054,407.619340141488
"Ambitious-Sodium Battery adoption-Baseline-Baseline-Baseline","Other Latin America and Caribbean",2055,429.215816196646
"Ambitious-Sodium Battery adoption-Baseline-Baseline-Baseline","Other Latin America and Caribbean",2056,449.185839297975
"Ambitious-Sodium Battery adoption-Baseline-Baseline-Baseline","Other Latin America and Caribbean",2057,467.497422338274
"Ambitious-Sodium Battery adoption-Baseline-Baseline-Baseline","Other Latin America and Caribbean",2058,484.099078356338
"Ambitious-Sodium Battery adoption-Baseline-Baseline-Baseline","Other Latin America and Caribbean",2059,499.009245097235
"Ambitious-Sodium Battery adoption-Baseline-Baseline-Baseline","Other Latin America and Caribbean",2060,512.273706632986
"Ambitious-Sodium Battery adoption-Baseline-Baseline-Baseline","Other Latin America and Caribbean",2061,523.983822232569
"Ambitious-Sodium Battery adoption-Baseline-Baseline-Baseline","Other Latin America and Caribbean",2062,534.267898855466
"Ambitious-Sodium Battery adoption-Baseline-Baseline-Baseline","Other Latin America and Caribbean",2063,543.248940535037
"Ambitious-Sodium Battery adoption-Baseline-Baseline-Baseline","Other Latin America and Caribbean",2064,551.064852331498
"Ambitious-Sodium Battery adoption-Baseline-Baseline-Baseline","Other Latin America and Caribbean",2065,557.843185510857
"Ambitious-Sodium Battery adoption-Baseline-Baseline-Baseline","Other Latin America and Caribbean",2066,563.730643181261
"Ambitious-Sodium Battery adoption-Baseline-Baseline-Baseline","Other Latin America and Caribbean",2067,568.863882294773
"Ambitious-Sodium Battery adoption-Baseline-Baseline-Baseline","Other Latin America and Caribbean",2068,573.3894203105
"Ambitious-Sodium Battery adoption-Baseline-Baseline-Baseline","Other Latin America and Caribbean",2069,577.435843939487
"Ambitious-Sodium Battery adoption-Baseline-Baseline-Baseline","Other Latin America and Caribbean",2070,581.11247727206
"Ambitious-Sodium Battery adoption-Baseline-Baseline-Baseline","South Korea",2023,0.151630079356103
"Ambitious-Sodium Battery adoption-Baseline-Baseline-Baseline","South Korea",2024,0.197480448679682
"Ambitious-Sodium Battery adoption-Baseline-Baseline-Baseline","South Korea",2025,0.369681282139186
"Ambitious-Sodium Battery adoption-Baseline-Baseline-Baseline","South Korea",2026,0.746652572565604
"Ambitious-Sodium Battery adoption-Baseline-Baseline-Baseline","South Korea",2027,0.967381627669298
"Ambitious-Sodium Battery adoption-Baseline-Baseline-Baseline","South Korea",2028,1.24973518930143
"Ambitious-Sodium Battery adoption-Baseline-Baseline-Baseline","South Korea",2029,1.65223456402827
"Ambitious-Sodium Battery adoption-Baseline-Baseline-Baseline","South Korea",2030,2.30968577237548
"Ambitious-Sodium Battery adoption-Baseline-Baseline-Baseline","South Korea",2031,3.35752495343473
"Ambitious-Sodium Battery adoption-Baseline-Baseline-Baseline","South Korea",2032,4.28179116473177
"Ambitious-Sodium Battery adoption-Baseline-Baseline-Baseline","South Korea",2033,5.52914524877135
"Ambitious-Sodium Battery adoption-Baseline-Baseline-Baseline","South Korea",2034,7.18640489011999
"Ambitious-Sodium Battery adoption-Baseline-Baseline-Baseline","South Korea",2035,9.37842105980924
"Ambitious-Sodium Battery adoption-Baseline-Baseline-Baseline","South Korea",2036,11.9789190055998
"Ambitious-Sodium Battery adoption-Baseline-Baseline-Baseline","South Korea",2037,15.0996682484192
"Ambitious-Sodium Battery adoption-Baseline-Baseline-Baseline","South Korea",2038,18.5754251683068
"Ambitious-Sodium Battery adoption-Baseline-Baseline-Baseline","South Korea",2039,22.602906652538
"Ambitious-Sodium Battery adoption-Baseline-Baseline-Baseline","South Korea",2040,26.9031161637054
"Ambitious-Sodium Battery adoption-Baseline-Baseline-Baseline","South Korea",2041,30.7960126744814
"Ambitious-Sodium Battery adoption-Baseline-Baseline-Baseline","South Korea",2042,35.1995702222965
"Ambitious-Sodium Battery adoption-Baseline-Baseline-Baseline","South Korea",2043,39.5517959338704
"Ambitious-Sodium Battery adoption-Baseline-Baseline-Baseline","South Korea",2044,43.8131431153553
"Ambitious-Sodium Battery adoption-Baseline-Baseline-Baseline","South Korea",2045,47.9291680049193
"Ambitious-Sodium Battery adoption-Baseline-Baseline-Baseline","South Korea",2046,51.8513307457434
"Ambitious-Sodium Battery adoption-Baseline-Baseline-Baseline","South Korea",2047,55.4409521865601
"Ambitious-Sodium Battery adoption-Baseline-Baseline-Baseline","South Korea",2048,58.703468798235
"Ambitious-Sodium Battery adoption-Baseline-Baseline-Baseline","South Korea",2049,61.6115063498591
"Ambitious-Sodium Battery adoption-Baseline-Baseline-Baseline","South Korea",2050,64.1984899511513
"Ambitious-Sodium Battery adoption-Baseline-Baseline-Baseline","South Korea",2051,66.3225740189812
"Ambitious-Sodium Battery adoption-Baseline-Baseline-Baseline","South Korea",2052,68.5752029084587
"Ambitious-Sodium Battery adoption-Baseline-Baseline-Baseline","South Korea",2053,70.4378016528499
"Ambitious-Sodium Battery adoption-Baseline-Baseline-Baseline","South Korea",2054,71.9260058859745
"Ambitious-Sodium Battery adoption-Baseline-Baseline-Baseline","South Korea",2055,73.0680841600156
"Ambitious-Sodium Battery adoption-Baseline-Baseline-Baseline","South Korea",2056,73.8904595376648
"Ambitious-Sodium Battery adoption-Baseline-Baseline-Baseline","South Korea",2057,74.4255599236783
"Ambitious-Sodium Battery adoption-Baseline-Baseline-Baseline","South Korea",2058,74.7197921991837
"Ambitious-Sodium Battery adoption-Baseline-Baseline-Baseline","South Korea",2059,74.8190266877967
"Ambitious-Sodium Battery adoption-Baseline-Baseline-Baseline","South Korea",2060,74.7576575636093
"Ambitious-Sodium Battery adoption-Baseline-Baseline-Baseline","South Korea",2061,74.5849444099203
"Ambitious-Sodium Battery adoption-Baseline-Baseline-Baseline","South Korea",2062,74.3325767516632
"Ambitious-Sodium Battery adoption-Baseline-Baseline-Baseline","South Korea",2063,74.0431022750018
"Ambitious-Sodium Battery adoption-Baseline-Baseline-Baseline","South Korea",2064,73.7443691257018
"Ambitious-Sodium Battery adoption-Baseline-Baseline-Baseline","South Korea",2065,73.4503778575343
"Ambitious-Sodium Battery adoption-Baseline-Baseline-Baseline","South Korea",2066,73.1763067233654
"Ambitious-Sodium Battery adoption-Baseline-Baseline-Baseline","South Korea",2067,72.9669970665288
"Ambitious-Sodium Battery adoption-Baseline-Baseline-Baseline","South Korea",2068,72.9326697198109
"Ambitious-Sodium Battery adoption-Baseline-Baseline-Baseline","South Korea",2069,72.9202761025733
"Ambitious-Sodium Battery adoption-Baseline-Baseline-Baseline","South Korea",2070,72.9254368582507
"Ambitious-Sodium Battery adoption-Baseline-Baseline-Baseline","United Kingdom",2023,0.371857670499221
"Ambitious-Sodium Battery adoption-Baseline-Baseline-Baseline","United Kingdom",2024,0.526809575503613
"Ambitious-Sodium Battery adoption-Baseline-Baseline-Baseline","United Kingdom",2025,0.642379203072252
"Ambitious-Sodium Battery adoption-Baseline-Baseline-Baseline","United Kingdom",2026,0.906555553928448
"Ambitious-Sodium Battery adoption-Baseline-Baseline-Baseline","United Kingdom",2027,1.24405516520114
"Ambitious-Sodium Battery adoption-Baseline-Baseline-Baseline","United Kingdom",2028,1.71714933622422
"Ambitious-Sodium Battery adoption-Baseline-Baseline-Baseline","United Kingdom",2029,2.35822456667712
"Ambitious-Sodium Battery adoption-Baseline-Baseline-Baseline","United Kingdom",2030,3.33301520740327
"Ambitious-Sodium Battery adoption-Baseline-Baseline-Baseline","United Kingdom",2031,4.60886191006318
"Ambitious-Sodium Battery adoption-Baseline-Baseline-Baseline","United Kingdom",2032,5.49047454127641
"Ambitious-Sodium Battery adoption-Baseline-Baseline-Baseline","United Kingdom",2033,6.75308760464393
"Ambitious-Sodium Battery adoption-Baseline-Baseline-Baseline","United Kingdom",2034,8.44107896906888
"Ambitious-Sodium Battery adoption-Baseline-Baseline-Baseline","United Kingdom",2035,10.6234595265288
"Ambitious-Sodium Battery adoption-Baseline-Baseline-Baseline","United Kingdom",2036,13.3456841507819
"Ambitious-Sodium Battery adoption-Baseline-Baseline-Baseline","United Kingdom",2037,16.6559456374435
"Ambitious-Sodium Battery adoption-Baseline-Baseline-Baseline","United Kingdom",2038,20.5822276807273
"Ambitious-Sodium Battery adoption-Baseline-Baseline-Baseline","United Kingdom",2039,25.1441832146898
"Ambitious-Sodium Battery adoption-Baseline-Baseline-Baseline","United Kingdom",2040,30.3658285022911
"Ambitious-Sodium Battery adoption-Baseline-Baseline-Baseline","United Kingdom",2041,38.7046728136007
"Ambitious-Sodium Battery adoption-Baseline-Baseline-Baseline","United Kingdom",2042,46.3470574736652
"Ambitious-Sodium Battery adoption-Baseline-Baseline-Baseline","United Kingdom",2043,54.4130573792701
"Ambitious-Sodium Battery adoption-Baseline-Baseline-Baseline","United Kingdom",2044,62.2854192691019
"Ambitious-Sodium Battery adoption-Baseline-Baseline-Baseline","United Kingdom",2045,70.2417003477862
"Ambitious-Sodium Battery adoption-Baseline-Baseline-Baseline","United Kingdom",2046,77.5951309918327
"Ambitious-Sodium Battery adoption-Baseline-Baseline-Baseline","United Kingdom",2047,84.126762599254
"Ambitious-Sodium Battery adoption-Baseline-Baseline-Baseline","United Kingdom",2048,89.7565729359787
"Ambitious-Sodium Battery adoption-Baseline-Baseline-Baseline","United Kingdom",2049,94.5214637128101
"Ambitious-Sodium Battery adoption-Baseline-Baseline-Baseline","United Kingdom",2050,98.5238132605563
"Ambitious-Sodium Battery adoption-Baseline-Baseline-Baseline","United Kingdom",2051,101.891484098323
"Ambitious-Sodium Battery adoption-Baseline-Baseline-Baseline","United Kingdom",2052,105.014566820917
"Ambitious-Sodium Battery adoption-Baseline-Baseline-Baseline","United Kingdom",2053,107.801545079913
"Ambitious-Sodium Battery adoption-Baseline-Baseline-Baseline","United Kingdom",2054,110.335849945594
"Ambitious-Sodium Battery adoption-Baseline-Baseline-Baseline","United Kingdom",2055,112.654356143275
"Ambitious-Sodium Battery adoption-Baseline-Baseline-Baseline","United Kingdom",2056,114.779516006639
"Ambitious-Sodium Battery adoption-Baseline-Baseline-Baseline","United Kingdom",2057,116.700424481944
"Ambitious-Sodium Battery adoption-Baseline-Baseline-Baseline","United Kingdom",2058,118.420629949217
"Ambitious-Sodium Battery adoption-Baseline-Baseline-Baseline","United Kingdom",2059,119.950838379824
"Ambitious-Sodium Battery adoption-Baseline-Baseline-Baseline","United Kingdom",2060,121.316539716526
"Ambitious-Sodium Battery adoption-Baseline-Baseline-Baseline","United Kingdom",2061,122.580916700942
"Ambitious-Sodium Battery adoption-Baseline-Baseline-Baseline","United Kingdom",2062,123.755730742094
"Ambitious-Sodium Battery adoption-Baseline-Baseline-Baseline","United Kingdom",2063,124.900195619631
"Ambitious-Sodium Battery adoption-Baseline-Baseline-Baseline","United Kingdom",2064,126.036860422724
"Ambitious-Sodium Battery adoption-Baseline-Baseline-Baseline","United Kingdom",2065,127.169705275815
"Ambitious-Sodium Battery adoption-Baseline-Baseline-Baseline","United Kingdom",2066,128.293694945658
"Ambitious-Sodium Battery adoption-Baseline-Baseline-Baseline","United Kingdom",2067,129.396077565686
"Ambitious-Sodium Battery adoption-Baseline-Baseline-Baseline","United Kingdom",2068,130.473578143169
"Ambitious-Sodium Battery adoption-Baseline-Baseline-Baseline","United Kingdom",2069,131.522864884301
"Ambitious-Sodium Battery adoption-Baseline-Baseline-Baseline","United Kingdom",2070,132.54263594871
"Ambitious-Sodium Battery adoption-Baseline-Baseline-Baseline","United States",2023,1.13901222490528
"Ambitious-Sodium Battery adoption-Baseline-Baseline-Baseline","United States",2024,1.41108038207092
"Ambitious-Sodium Battery adoption-Baseline-Baseline-Baseline","United States",2025,2.55415073943479
"Ambitious-Sodium Battery adoption-Baseline-Baseline-Baseline","United States",2026,4.19082025172557
"Ambitious-Sodium Battery adoption-Baseline-Baseline-Baseline","United States",2027,6.48239013447445
"Ambitious-Sodium Battery adoption-Baseline-Baseline-Baseline","United States",2028,9.21526420782952
"Ambitious-Sodium Battery adoption-Baseline-Baseline-Baseline","United States",2029,13.4756052537329
"Ambitious-Sodium Battery adoption-Baseline-Baseline-Baseline","United States",2030,17.3374528104612
"Ambitious-Sodium Battery adoption-Baseline-Baseline-Baseline","United States",2031,23.9377782350886
"Ambitious-Sodium Battery adoption-Baseline-Baseline-Baseline","United States",2032,30.3205287854585
"Ambitious-Sodium Battery adoption-Baseline-Baseline-Baseline","United States",2033,38.5735181085101
"Ambitious-Sodium Battery adoption-Baseline-Baseline-Baseline","United States",2034,49.2390693003728
"Ambitious-Sodium Battery adoption-Baseline-Baseline-Baseline","United States",2035,62.1601113495518
"Ambitious-Sodium Battery adoption-Baseline-Baseline-Baseline","United States",2036,76.8569067333694
"Ambitious-Sodium Battery adoption-Baseline-Baseline-Baseline","United States",2037,93.9297185223686
"Ambitious-Sodium Battery adoption-Baseline-Baseline-Baseline","United States",2038,115.158087064916
"Ambitious-Sodium Battery adoption-Baseline-Baseline-Baseline","United States",2039,140.041096983223
"Ambitious-Sodium Battery adoption-Baseline-Baseline-Baseline","United States",2040,168.425961388909
"Ambitious-Sodium Battery adoption-Baseline-Baseline-Baseline","United States",2041,200.043480261384
"Ambitious-Sodium Battery adoption-Baseline-Baseline-Baseline","United States",2042,233.549891915817
"Ambitious-Sodium Battery adoption-Baseline-Baseline-Baseline","United States",2043,269.026788708503
"Ambitious-Sodium Battery adoption-Baseline-Baseline-Baseline","United States",2044,307.468737152309
"Ambitious-Sodium Battery adoption-Baseline-Baseline-Baseline","United States",2045,350.082168103494
"Ambitious-Sodium Battery adoption-Baseline-Baseline-Baseline","United States",2046,392.305281024209
"Ambitious-Sodium Battery adoption-Baseline-Baseline-Baseline","United States",2047,432.896049141894
"Ambitious-Sodium Battery adoption-Baseline-Baseline-Baseline","United States",2048,471.287177912598
"Ambitious-Sodium Battery adoption-Baseline-Baseline-Baseline","United States",2049,506.41003528733
"Ambitious-Sodium Battery adoption-Baseline-Baseline-Baseline","United States",2050,537.700826413787
"Ambitious-Sodium Battery adoption-Baseline-Baseline-Baseline","United States",2051,564.689523907519
"Ambitious-Sodium Battery adoption-Baseline-Baseline-Baseline","United States",2052,590.518613998807
"Ambitious-Sodium Battery adoption-Baseline-Baseline-Baseline","United States",2053,612.399955855222
"Ambitious-Sodium Battery adoption-Baseline-Baseline-Baseline","United States",2054,630.855324585041
"Ambitious-Sodium Battery adoption-Baseline-Baseline-Baseline","United States",2055,646.291367559618
"Ambitious-Sodium Battery adoption-Baseline-Baseline-Baseline","United States",2056,659.175324871042
"Ambitious-Sodium Battery adoption-Baseline-Baseline-Baseline","United States",2057,669.991290603996
"Ambitious-Sodium Battery adoption-Baseline-Baseline-Baseline","United States",2058,678.893612348034
"Ambitious-Sodium Battery adoption-Baseline-Baseline-Baseline","United States",2059,686.275951974978
"Ambitious-Sodium Battery adoption-Baseline-Baseline-Baseline","United States",2060,692.282014790195
"Ambitious-Sodium Battery adoption-Baseline-Baseline-Baseline","United States",2061,697.133304079227
"Ambitious-Sodium Battery adoption-Baseline-Baseline-Baseline","United States",2062,701.082237890188
"Ambitious-Sodium Battery adoption-Baseline-Baseline-Baseline","United States",2063,704.323256572863
"Ambitious-Sodium Battery adoption-Baseline-Baseline-Baseline","United States",2064,706.944370478143
"Ambitious-Sodium Battery adoption-Baseline-Baseline-Baseline","United States",2065,709.100736935471
"Ambitious-Sodium Battery adoption-Baseline-Baseline-Baseline","United States",2066,710.898075917164
"Ambitious-Sodium Battery adoption-Baseline-Baseline-Baseline","United States",2067,712.405903856804
"Ambitious-Sodium Battery adoption-Baseline-Baseline-Baseline","United States",2068,713.750442191271
"Ambitious-Sodium Battery adoption-Baseline-Baseline-Baseline","United States",2069,714.974091849832
"Ambitious-Sodium Battery adoption-Baseline-Baseline-Baseline","United States",2070,716.082048083226
"Ambitious-Solid State adoption-Baseline-Baseline-Baseline","ASEAN",2023,0.0723766159023914
"Ambitious-Solid State adoption-Baseline-Baseline-Baseline","ASEAN",2024,0.127511030046309
"Ambitious-Solid State adoption-Baseline-Baseline-Baseline","ASEAN",2025,0.199296583246019
"Ambitious-Solid State adoption-Baseline-Baseline-Baseline","ASEAN",2026,0.314025489404761
"Ambitious-Solid State adoption-Baseline-Baseline-Baseline","ASEAN",2027,0.519403612115609
"Ambitious-Solid State adoption-Baseline-Baseline-Baseline","ASEAN",2028,0.881424863069736
"Ambitious-Solid State adoption-Baseline-Baseline-Baseline","ASEAN",2029,1.53359869109313
"Ambitious-Solid State adoption-Baseline-Baseline-Baseline","ASEAN",2030,2.68974576347877
"Ambitious-Solid State adoption-Baseline-Baseline-Baseline","ASEAN",2031,4.825982693521
"Ambitious-Solid State adoption-Baseline-Baseline-Baseline","ASEAN",2032,6.65838205606556
"Ambitious-Solid State adoption-Baseline-Baseline-Baseline","ASEAN",2033,9.08577783779062
"Ambitious-Solid State adoption-Baseline-Baseline-Baseline","ASEAN",2034,12.3057455088531
"Ambitious-Solid State adoption-Baseline-Baseline-Baseline","ASEAN",2035,16.595635343249
"Ambitious-Solid State adoption-Baseline-Baseline-Baseline","ASEAN",2036,22.0241396611374
"Ambitious-Solid State adoption-Baseline-Baseline-Baseline","ASEAN",2037,28.557469329388
"Ambitious-Solid State adoption-Baseline-Baseline-Baseline","ASEAN",2038,36.6295778321243
"Ambitious-Solid State adoption-Baseline-Baseline-Baseline","ASEAN",2039,46.3356624303207
"Ambitious-Solid State adoption-Baseline-Baseline-Baseline","ASEAN",2040,57.8636513759149
"Ambitious-Solid State adoption-Baseline-Baseline-Baseline","ASEAN",2041,71.7831275079219
"Ambitious-Solid State adoption-Baseline-Baseline-Baseline","ASEAN",2042,87.2408062903679
"Ambitious-Solid State adoption-Baseline-Baseline-Baseline","ASEAN",2043,104.907045483766
"Ambitious-Solid State adoption-Baseline-Baseline-Baseline","ASEAN",2044,124.685484043499
"Ambitious-Solid State adoption-Baseline-Baseline-Baseline","ASEAN",2045,146.609376901111
"Ambitious-Solid State adoption-Baseline-Baseline-Baseline","ASEAN",2046,170.620603527184
"Ambitious-Solid State adoption-Baseline-Baseline-Baseline","ASEAN",2047,196.188731253391
"Ambitious-Solid State adoption-Baseline-Baseline-Baseline","ASEAN",2048,222.818151126321
"Ambitious-Solid State adoption-Baseline-Baseline-Baseline","ASEAN",2049,250.163424266922
"Ambitious-Solid State adoption-Baseline-Baseline-Baseline","ASEAN",2050,278.160099635533
"Ambitious-Solid State adoption-Baseline-Baseline-Baseline","ASEAN",2051,306.117112829855
"Ambitious-Solid State adoption-Baseline-Baseline-Baseline","ASEAN",2052,334.583968270281
"Ambitious-Solid State adoption-Baseline-Baseline-Baseline","ASEAN",2053,362.772539749264
"Ambitious-Solid State adoption-Baseline-Baseline-Baseline","ASEAN",2054,390.851730348274
"Ambitious-Solid State adoption-Baseline-Baseline-Baseline","ASEAN",2055,418.07704815217
"Ambitious-Solid State adoption-Baseline-Baseline-Baseline","ASEAN",2056,444.239348699545
"Ambitious-Solid State adoption-Baseline-Baseline-Baseline","ASEAN",2057,469.150964462709
"Ambitious-Solid State adoption-Baseline-Baseline-Baseline","ASEAN",2058,492.598633901181
"Ambitious-Solid State adoption-Baseline-Baseline-Baseline","ASEAN",2059,514.478539799606
"Ambitious-Solid State adoption-Baseline-Baseline-Baseline","ASEAN",2060,534.717694869694
"Ambitious-Solid State adoption-Baseline-Baseline-Baseline","ASEAN",2061,553.32521574268
"Ambitious-Solid State adoption-Baseline-Baseline-Baseline","ASEAN",2062,570.353715132523
"Ambitious-Solid State adoption-Baseline-Baseline-Baseline","ASEAN",2063,585.835682101974
"Ambitious-Solid State adoption-Baseline-Baseline-Baseline","ASEAN",2064,599.850843852471
"Ambitious-Solid State adoption-Baseline-Baseline-Baseline","ASEAN",2065,612.487679671081
"Ambitious-Solid State adoption-Baseline-Baseline-Baseline","ASEAN",2066,623.837351430513
"Ambitious-Solid State adoption-Baseline-Baseline-Baseline","ASEAN",2067,634.069828095796
"Ambitious-Solid State adoption-Baseline-Baseline-Baseline","ASEAN",2068,643.347779280747
"Ambitious-Solid State adoption-Baseline-Baseline-Baseline","ASEAN",2069,651.835674341346
"Ambitious-Solid State adoption-Baseline-Baseline-Baseline","ASEAN",2070,659.713858668474
"Ambitious-Solid State adoption-Baseline-Baseline-Baseline","Africa",2023,0.042417910568897
"Ambitious-Solid State adoption-Baseline-Baseline-Baseline","Africa",2024,0.0721408327918785
"Ambitious-Solid State adoption-Baseline-Baseline-Baseline","Africa",2025,0.146741333786936
"Ambitious-Solid State adoption-Baseline-Baseline-Baseline","Africa",2026,0.23369060376432
"Ambitious-Solid State adoption-Baseline-Baseline-Baseline","Africa",2027,0.401979557090879
"Ambitious-Solid State adoption-Baseline-Baseline-Baseline","Africa",2028,0.637660576294888
"Ambitious-Solid State adoption-Baseline-Baseline-Baseline","Africa",2029,1.0663604522856
"Ambitious-Solid State adoption-Baseline-Baseline-Baseline","Africa",2030,1.66236415716659
"Ambitious-Solid State adoption-Baseline-Baseline-Baseline","Africa",2031,2.64273673483363
"Ambitious-Solid State adoption-Baseline-Baseline-Baseline","Africa",2032,3.62694443695198
"Ambitious-Solid State adoption-Baseline-Baseline-Baseline","Africa",2033,4.94501353018327
"Ambitious-Solid State adoption-Baseline-Baseline-Baseline","Africa",2034,6.69116240145224
"Ambitious-Solid State adoption-Baseline-Baseline-Baseline","Africa",2035,8.83658191270803
"Ambitious-Solid State adoption-Baseline-Baseline-Baseline","Africa",2036,11.6478610171664
"Ambitious-Solid State adoption-Baseline-Baseline-Baseline","Africa",2037,15.1263930995948
"Ambitious-Solid State adoption-Baseline-Baseline-Baseline","Africa",2038,19.4021941342573
"Ambitious-Solid State adoption-Baseline-Baseline-Baseline","Africa",2039,24.5522732118542
"Ambitious-Solid State adoption-Baseline-Baseline-Baseline","Africa",2040,30.8297420873309
"Ambitious-Solid State adoption-Baseline-Baseline-Baseline","Africa",2041,38.023194430188
"Ambitious-Solid State adoption-Baseline-Baseline-Baseline","Africa",2042,46.1661500033968
"Ambitious-Solid State adoption-Baseline-Baseline-Baseline","Africa",2043,55.3805401175405
"Ambitious-Solid State adoption-Baseline-Baseline-Baseline","Africa",2044,65.631584644289
"Ambitious-Solid State adoption-Baseline-Baseline-Baseline","Africa",2045,76.7746993028482
"Ambitious-Solid State adoption-Baseline-Baseline-Baseline","Africa",2046,88.9485955035258
"Ambitious-Solid State adoption-Baseline-Baseline-Baseline","Africa",2047,101.48508788135
"Ambitious-Solid State adoption-Baseline-Baseline-Baseline","Africa",2048,114.309262158527
"Ambitious-Solid State adoption-Baseline-Baseline-Baseline","Africa",2049,127.262783869654
"Ambitious-Solid State adoption-Baseline-Baseline-Baseline","Africa",2050,140.182352386615
"Ambitious-Solid State adoption-Baseline-Baseline-Baseline","Africa",2051,152.953489003571
"Ambitious-Solid State adoption-Baseline-Baseline-Baseline","Africa",2052,165.692333049085
"Ambitious-Solid State adoption-Baseline-Baseline-Baseline","Africa",2053,178.277106454666
"Ambitious-Solid State adoption-Baseline-Baseline-Baseline","Africa",2054,190.687991349538
"Ambitious-Solid State adoption-Baseline-Baseline-Baseline","Africa",2055,202.902554258768
"Ambitious-Solid State adoption-Baseline-Baseline-Baseline","Africa",2056,214.878402649651
"Ambitious-Solid State adoption-Baseline-Baseline-Baseline","Africa",2057,226.590460986002
"Ambitious-Solid State adoption-Baseline-Baseline-Baseline","Africa",2058,237.912094969779
"Ambitious-Solid State adoption-Baseline-Baseline-Baseline","Africa",2059,248.761817774986
"Ambitious-Solid State adoption-Baseline-Baseline-Baseline","Africa",2060,259.03864146743
"Ambitious-Solid State adoption-Baseline-Baseline-Baseline","Africa",2061,268.674528036695
"Ambitious-Solid State adoption-Baseline-Baseline-Baseline","Africa",2062,277.619530192739
"Ambitious-Solid State adoption-Baseline-Baseline-Baseline","Africa",2063,285.810436365324
"Ambitious-Solid State adoption-Baseline-Baseline-Baseline","Africa",2064,293.245554859304
"Ambitious-Solid State adoption-Baseline-Baseline-Baseline","Africa",2065,299.921811013609
"Ambitious-Solid State adoption-Baseline-Baseline-Baseline","Africa",2066,305.876730034553
"Ambitious-Solid State adoption-Baseline-Baseline-Baseline","Africa",2067,311.179805187838
"Ambitious-Solid State adoption-Baseline-Baseline-Baseline","Africa",2068,315.93260166248
"Ambitious-Solid State adoption-Baseline-Baseline-Baseline","Africa",2069,320.229782691647
"Ambitious-Solid State adoption-Baseline-Baseline-Baseline","Africa",2070,324.169860009781
"Ambitious-Solid State adoption-Baseline-Baseline-Baseline","Australia/NZ",2023,0.0657982903018657
"Ambitious-Solid State adoption-Baseline-Baseline-Baseline","Australia/NZ",2024,0.104646601117147
"Ambitious-Solid State adoption-Baseline-Baseline-Baseline","Australia/NZ",2025,0.150502794150307
"Ambitious-Solid State adoption-Baseline-Baseline-Baseline","Australia/NZ",2026,0.257075530791655
"Ambitious-Solid State adoption-Baseline-Baseline-Baseline","Australia/NZ",2027,0.398714913342712
"Ambitious-Solid State adoption-Baseline-Baseline-Baseline","Australia/NZ",2028,0.501132640691037
"Ambitious-Solid State adoption-Baseline-Baseline-Baseline","Australia/NZ",2029,0.636650588303532
"Ambitious-Solid State adoption-Baseline-Baseline-Baseline","Australia/NZ",2030,0.822935325070297
"Ambitious-Solid State adoption-Baseline-Baseline-Baseline","Australia/NZ",2031,1.09464430922588
"Ambitious-Solid State adoption-Baseline-Baseline-Baseline","Australia/NZ",2032,1.40962583493143
"Ambitious-Solid State adoption-Baseline-Baseline-Baseline","Australia/NZ",2033,1.92173607676827
"Ambitious-Solid State adoption-Baseline-Baseline-Baseline","Australia/NZ",2034,2.58078777770456
"Ambitious-Solid State adoption-Baseline-Baseline-Baseline","Australia/NZ",2035,3.41990305652102
"Ambitious-Solid State adoption-Baseline-Baseline-Baseline","Australia/NZ",2036,4.48837847332292
"Ambitious-Solid State adoption-Baseline-Baseline-Baseline","Australia/NZ",2037,5.77590455819583
"Ambitious-Solid State adoption-Baseline-Baseline-Baseline","Australia/NZ",2038,7.23030385242841
"Ambitious-Solid State adoption-Baseline-Baseline-Baseline","Australia/NZ",2039,8.95169945750781
"Ambitious-Solid State adoption-Baseline-Baseline-Baseline","Australia/NZ",2040,10.9029290189278
"Ambitious-Solid State adoption-Baseline-Baseline-Baseline","Australia/NZ",2041,13.0757915800724
"Ambitious-Solid State adoption-Baseline-Baseline-Baseline","Australia/NZ",2042,15.4962558997775
"Ambitious-Solid State adoption-Baseline-Baseline-Baseline","Australia/NZ",2043,18.1255472105071
"Ambitious-Solid State adoption-Baseline-Baseline-Baseline","Australia/NZ",2044,20.9633128114518
"Ambitious-Solid State adoption-Baseline-Baseline-Baseline","Australia/NZ",2045,24.0057344215598
"Ambitious-Solid State adoption-Baseline-Baseline-Baseline","Australia/NZ",2046,27.9899205519437
"Ambitious-Solid State adoption-Baseline-Baseline-Baseline","Australia/NZ",2047,31.8099933412109
"Ambitious-Solid State adoption-Baseline-Baseline-Baseline","Australia/NZ",2048,35.7466173432945
"Ambitious-Solid State adoption-Baseline-Baseline-Baseline","Australia/NZ",2049,39.3914248370345
"Ambitious-Solid State adoption-Baseline-Baseline-Baseline","Australia/NZ",2050,43.1575092276227
"Ambitious-Solid State adoption-Baseline-Baseline-Baseline","Australia/NZ",2051,46.6382352786799
"Ambitious-Solid State adoption-Baseline-Baseline-Baseline","Australia/NZ",2052,49.9562351150093
"Ambitious-Solid State adoption-Baseline-Baseline-Baseline","Australia/NZ",2053,52.8694804427405
"Ambitious-Solid State adoption-Baseline-Baseline-Baseline","Australia/NZ",2054,55.3975629549412
"Ambitious-Solid State adoption-Baseline-Baseline-Baseline","Australia/NZ",2055,57.5759463822962
"Ambitious-Solid State adoption-Baseline-Baseline-Baseline","Australia/NZ",2056,59.451303006898
"Ambitious-Solid State adoption-Baseline-Baseline-Baseline","Australia/NZ",2057,61.0776770086863
"Ambitious-Solid State adoption-Baseline-Baseline-Baseline","Australia/NZ",2058,62.4901102958473
"Ambitious-Solid State adoption-Baseline-Baseline-Baseline","Australia/NZ",2059,63.7026798853406
"Ambitious-Solid State adoption-Baseline-Baseline-Baseline","Australia/NZ",2060,64.7271381054593
"Ambitious-Solid State adoption-Baseline-Baseline-Baseline","Australia/NZ",2061,65.5596536224071
"Ambitious-Solid State adoption-Baseline-Baseline-Baseline","Australia/NZ",2062,66.2061016942398
"Ambitious-Solid State adoption-Baseline-Baseline-Baseline","Australia/NZ",2063,66.6792877685012
"Ambitious-Solid State adoption-Baseline-Baseline-Baseline","Australia/NZ",2064,66.9985967081258
"Ambitious-Solid State adoption-Baseline-Baseline-Baseline","Australia/NZ",2065,67.1921767233571
"Ambitious-Solid State adoption-Baseline-Baseline-Baseline","Australia/NZ",2066,67.2978920902672
"Ambitious-Solid State adoption-Baseline-Baseline-Baseline","Australia/NZ",2067,67.3463204714236
"Ambitious-Solid State adoption-Baseline-Baseline-Baseline","Australia/NZ",2068,67.3611132632968
"Ambitious-Solid State adoption-Baseline-Baseline-Baseline","Australia/NZ",2069,67.3666831489892
"Ambitious-Solid State adoption-Baseline-Baseline-Baseline","Australia/NZ",2070,67.3716562880526
"Ambitious-Solid State adoption-Baseline-Baseline-Baseline","Brazil",2023,0.0185753461890392
"Ambitious-Solid State adoption-Baseline-Baseline-Baseline","Brazil",2024,0.0503753530454067
"Ambitious-Solid State adoption-Baseline-Baseline-Baseline","Brazil",2025,0.0623487880431675
"Ambitious-Solid State adoption-Baseline-Baseline-Baseline","Brazil",2026,0.171860177569487
"Ambitious-Solid State adoption-Baseline-Baseline-Baseline","Brazil",2027,0.343336751397837
"Ambitious-Solid State adoption-Baseline-Baseline-Baseline","Brazil",2028,0.495146367194026
"Ambitious-Solid State adoption-Baseline-Baseline-Baseline","Brazil",2029,0.724697999175721
"Ambitious-Solid State adoption-Baseline-Baseline-Baseline","Brazil",2030,1.06107553130738
"Ambitious-Solid State adoption-Baseline-Baseline-Baseline","Brazil",2031,1.57890190576792
"Ambitious-Solid State adoption-Baseline-Baseline-Baseline","Brazil",2032,2.14468549398084
"Ambitious-Solid State adoption-Baseline-Baseline-Baseline","Brazil",2033,2.87173729377836
"Ambitious-Solid State adoption-Baseline-Baseline-Baseline","Brazil",2034,3.82062366695871
"Ambitious-Solid State adoption-Baseline-Baseline-Baseline","Brazil",2035,5.05293465671169
"Ambitious-Solid State adoption-Baseline-Baseline-Baseline","Brazil",2036,6.6325028288504
"Ambitious-Solid State adoption-Baseline-Baseline-Baseline","Brazil",2037,8.63571532518245
"Ambitious-Solid State adoption-Baseline-Baseline-Baseline","Brazil",2038,11.1310325148317
"Ambitious-Solid State adoption-Baseline-Baseline-Baseline","Brazil",2039,14.307713503905
"Ambitious-Solid State adoption-Baseline-Baseline-Baseline","Brazil",2040,17.9208982716869
"Ambitious-Solid State adoption-Baseline-Baseline-Baseline","Brazil",2041,22.1285449519922
"Ambitious-Solid State adoption-Baseline-Baseline-Baseline","Brazil",2042,26.7800557174107
"Ambitious-Solid State adoption-Baseline-Baseline-Baseline","Brazil",2043,32.0181415383441
"Ambitious-Solid State adoption-Baseline-Baseline-Baseline","Brazil",2044,37.8115321605494
"Ambitious-Solid State adoption-Baseline-Baseline-Baseline","Brazil",2045,44.126774907416
"Ambitious-Solid State adoption-Baseline-Baseline-Baseline","Brazil",2046,50.7624978969989
"Ambitious-Solid State adoption-Baseline-Baseline-Baseline","Brazil",2047,58.0495142305798
"Ambitious-Solid State adoption-Baseline-Baseline-Baseline","Brazil",2048,66.5320662429998
"Ambitious-Solid State adoption-Baseline-Baseline-Baseline","Brazil",2049,75.3446685928015
"Ambitious-Solid State adoption-Baseline-Baseline-Baseline","Brazil",2050,84.3806798498928
"Ambitious-Solid State adoption-Baseline-Baseline-Baseline","Brazil",2051,93.5328466453868
"Ambitious-Solid State adoption-Baseline-Baseline-Baseline","Brazil",2052,103.139279779052
"Ambitious-Solid State adoption-Baseline-Baseline-Baseline","Brazil",2053,112.630951773093
"Ambitious-Solid State adoption-Baseline-Baseline-Baseline","Brazil",2054,121.863379660893
"Ambitious-Solid State adoption-Baseline-Baseline-Baseline","Brazil",2055,130.703408783987
"Ambitious-Solid State adoption-Baseline-Baseline-Baseline","Brazil",2056,139.035900971726
"Ambitious-Solid State adoption-Baseline-Baseline-Baseline","Brazil",2057,146.791690146259
"Ambitious-Solid State adoption-Baseline-Baseline-Baseline","Brazil",2058,153.902293395345
"Ambitious-Solid State adoption-Baseline-Baseline-Baseline","Brazil",2059,160.365164072789
"Ambitious-Solid State adoption-Baseline-Baseline-Baseline","Brazil",2060,166.178632935693
"Ambitious-Solid State adoption-Baseline-Baseline-Baseline","Brazil",2061,171.36451512725
"Ambitious-Solid State adoption-Baseline-Baseline-Baseline","Brazil",2062,175.970916133515
"Ambitious-Solid State adoption-Baseline-Baseline-Baseline","Brazil",2063,180.029574337987
"Ambitious-Solid State adoption-Baseline-Baseline-Baseline","Brazil",2064,183.594607027063
"Ambitious-Solid State adoption-Baseline-Baseline-Baseline","Brazil",2065,186.715645679118
"Ambitious-Solid State adoption-Baseline-Baseline-Baseline","Brazil",2066,189.442495913439
"Ambitious-Solid State adoption-Baseline-Baseline-Baseline","Brazil",2067,191.839371573576
"Ambitious-Solid State adoption-Baseline-Baseline-Baseline","Brazil",2068,193.959150312397
"Ambitious-Solid State adoption-Baseline-Baseline-Baseline","Brazil",2069,195.862389032723
"Ambitious-Solid State adoption-Baseline-Baseline-Baseline","Brazil",2070,197.60544793792
"Ambitious-Solid State adoption-Baseline-Baseline-Baseline","Canada",2023,0.121702221075323
"Ambitious-Solid State adoption-Baseline-Baseline-Baseline","Canada",2024,0.142770827788082
"Ambitious-Solid State adoption-Baseline-Baseline-Baseline","Canada",2025,0.20771618186558
"Ambitious-Solid State adoption-Baseline-Baseline-Baseline","Canada",2026,0.311844967793909
"Ambitious-Solid State adoption-Baseline-Baseline-Baseline","Canada",2027,0.465138524770803
"Ambitious-Solid State adoption-Baseline-Baseline-Baseline","Canada",2028,0.691583751516784
"Ambitious-Solid State adoption-Baseline-Baseline-Baseline","Canada",2029,1.03256256589418
"Ambitious-Solid State adoption-Baseline-Baseline-Baseline","Canada",2030,1.56911232955413
"Ambitious-Solid State adoption-Baseline-Baseline-Baseline","Canada",2031,2.40264617037297
"Ambitious-Solid State adoption-Baseline-Baseline-Baseline","Canada",2032,3.00595184884676
"Ambitious-Solid State adoption-Baseline-Baseline-Baseline","Canada",2033,3.7917603861501
"Ambitious-Solid State adoption-Baseline-Baseline-Baseline","Canada",2034,4.81670472041458
"Ambitious-Solid State adoption-Baseline-Baseline-Baseline","Canada",2035,6.14568861773743
"Ambitious-Solid State adoption-Baseline-Baseline-Baseline","Canada",2036,7.66984282013838
"Ambitious-Solid State adoption-Baseline-Baseline-Baseline","Canada",2037,9.77194621696258
"Ambitious-Solid State adoption-Baseline-Baseline-Baseline","Canada",2038,12.1636140747415
"Ambitious-Solid State adoption-Baseline-Baseline-Baseline","Canada",2039,15.0384115342902
"Ambitious-Solid State adoption-Baseline-Baseline-Baseline","Canada",2040,18.4124413257712
"Ambitious-Solid State adoption-Baseline-Baseline-Baseline","Canada",2041,22.3009760056538
"Ambitious-Solid State adoption-Baseline-Baseline-Baseline","Canada",2042,26.7117901259052
"Ambitious-Solid State adoption-Baseline-Baseline-Baseline","Canada",2043,31.4923142964273
"Ambitious-Solid State adoption-Baseline-Baseline-Baseline","Canada",2044,36.4789923175511
"Ambitious-Solid State adoption-Baseline-Baseline-Baseline","Canada",2045,41.4723466417286
"Ambitious-Solid State adoption-Baseline-Baseline-Baseline","Canada",2046,46.48871537639
"Ambitious-Solid State adoption-Baseline-Baseline-Baseline","Canada",2047,51.7726392795823
"Ambitious-Solid State adoption-Baseline-Baseline-Baseline","Canada",2048,56.5278846408759
"Ambitious-Solid State adoption-Baseline-Baseline-Baseline","Canada",2049,60.668183297189
"Ambitious-Solid State adoption-Baseline-Baseline-Baseline","Canada",2050,64.1487105362885
"Ambitious-Solid State adoption-Baseline-Baseline-Baseline","Canada",2051,66.9814566716544
"Ambitious-Solid State adoption-Baseline-Baseline-Baseline","Canada",2052,69.7147681704209
"Ambitious-Solid State adoption-Baseline-Baseline-Baseline","Canada",2053,71.9903148352371
"Ambitious-Solid State adoption-Baseline-Baseline-Baseline","Canada",2054,73.8953767922806
"Ambitious-Solid State adoption-Baseline-Baseline-Baseline","Canada",2055,75.4859716850848
"Ambitious-Solid State adoption-Baseline-Baseline-Baseline","Canada",2056,76.8035591593427
"Ambitious-Solid State adoption-Baseline-Baseline-Baseline","Canada",2057,77.8893825623733
"Ambitious-Solid State adoption-Baseline-Baseline-Baseline","Canada",2058,78.7630562957579
"Ambitious-Solid State adoption-Baseline-Baseline-Baseline","Canada",2059,79.4419418200933
"Ambitious-Solid State adoption-Baseline-Baseline-Baseline","Canada",2060,79.9545803184796
"Ambitious-Solid State adoption-Baseline-Baseline-Baseline","Canada",2061,80.3239463257758
"Ambitious-Solid State adoption-Baseline-Baseline-Baseline","Canada",2062,80.5826185264232
"Ambitious-Solid State adoption-Baseline-Baseline-Baseline","Canada",2063,80.7667468647225
"Ambitious-Solid State adoption-Baseline-Baseline-Baseline","Canada",2064,80.9012722221257
"Ambitious-Solid State adoption-Baseline-Baseline-Baseline","Canada",2065,81.0041676628111
"Ambitious-Solid State adoption-Baseline-Baseline-Baseline","Canada",2066,81.0904324831854
"Ambitious-Solid State adoption-Baseline-Baseline-Baseline","Canada",2067,81.1641215122865
"Ambitious-Solid State adoption-Baseline-Baseline-Baseline","Canada",2068,81.2308783468026
"Ambitious-Solid State adoption-Baseline-Baseline-Baseline","Canada",2069,81.2951459253926
"Ambitious-Solid State adoption-Baseline-Baseline-Baseline","Canada",2070,81.348803354713
"Ambitious-Solid State adoption-Baseline-Baseline-Baseline","China",2023,10.7373479200508
"Ambitious-Solid State adoption-Baseline-Baseline-Baseline","China",2024,14.2058628062138
"Ambitious-Solid State adoption-Baseline-Baseline-Baseline","China",2025,22.4199827347462
"Ambitious-Solid State adoption-Baseline-Baseline-Baseline","China",2026,34.1790847212444
"Ambitious-Solid State adoption-Baseline-Baseline-Baseline","China",2027,48.8005050003078
"Ambitious-Solid State adoption-Baseline-Baseline-Baseline","China",2028,68.5672880839908
"Ambitious-Solid State adoption-Baseline-Baseline-Baseline","China",2029,94.5059736732222
"Ambitious-Solid State adoption-Baseline-Baseline-Baseline","China",2030,126.384952192895
"Ambitious-Solid State adoption-Baseline-Baseline-Baseline","China",2031,166.897503918548
"Ambitious-Solid State adoption-Baseline-Baseline-Baseline","China",2032,213.973064262644
"Ambitious-Solid State adoption-Baseline-Baseline-Baseline","China",2033,269.400094445915
"Ambitious-Solid State adoption-Baseline-Baseline-Baseline","China",2034,333.577543603173
"Ambitious-Solid State adoption-Baseline-Baseline-Baseline","China",2035,406.145844854064
"Ambitious-Solid State adoption-Baseline-Baseline-Baseline","China",2036,479.197216351131
"Ambitious-Solid State adoption-Baseline-Baseline-Baseline","China",2037,564.28575845813
"Ambitious-Solid State adoption-Baseline-Baseline-Baseline","China",2038,656.094070185668
"Ambitious-Solid State adoption-Baseline-Baseline-Baseline","China",2039,753.730539732758
"Ambitious-Solid State adoption-Baseline-Baseline-Baseline","China",2040,856.281104754498
"Ambitious-Solid State adoption-Baseline-Baseline-Baseline","China",2041,962.560887061383
"Ambitious-Solid State adoption-Baseline-Baseline-Baseline","China",2042,1085.76977411377
"Ambitious-Solid State adoption-Baseline-Baseline-Baseline","China",2043,1210.12422565671
"Ambitious-Solid State adoption-Baseline-Baseline-Baseline","China",2044,1334.25118815326
"Ambitious-Solid State adoption-Baseline-Baseline-Baseline","China",2045,1456.28686074246
"Ambitious-Solid State adoption-Baseline-Baseline-Baseline","China",2046,1574.31300352758
"Ambitious-Solid State adoption-Baseline-Baseline-Baseline","China",2047,1686.73672581059
"Ambitious-Solid State adoption-Baseline-Baseline-Baseline","China",2048,1791.54066792153
"Ambitious-Solid State adoption-Baseline-Baseline-Baseline","China",2049,1887.55173653634
"Ambitious-Solid State adoption-Baseline-Baseline-Baseline","China",2050,1973.93576425285
"Ambitious-Solid State adoption-Baseline-Baseline-Baseline","China",2051,2050.42027231589
"Ambitious-Solid State adoption-Baseline-Baseline-Baseline","China",2052,2126.56538655241
"Ambitious-Solid State adoption-Baseline-Baseline-Baseline","China",2053,2194.57393171753
"Ambitious-Solid State adoption-Baseline-Baseline-Baseline","China",2054,2255.47289609002
"Ambitious-Solid State adoption-Baseline-Baseline-Baseline","China",2055,2310.32763206321
"Ambitious-Solid State adoption-Baseline-Baseline-Baseline","China",2056,2360.11656318725
"Ambitious-Solid State adoption-Baseline-Baseline-Baseline","China",2057,2405.72915807143
"Ambitious-Solid State adoption-Baseline-Baseline-Baseline","China",2058,2447.88270031275
"Ambitious-Solid State adoption-Baseline-Baseline-Baseline","China",2059,2487.1739668925
"Ambitious-Solid State adoption-Baseline-Baseline-Baseline","China",2060,2524.04726934509
"Ambitious-Solid State adoption-Baseline-Baseline-Baseline","China",2061,2558.98950597048
"Ambitious-Solid State adoption-Baseline-Baseline-Baseline","China",2062,2592.32601473321
"Ambitious-Solid State adoption-Baseline-Baseline-Baseline","China",2063,2624.29867312361
"Ambitious-Solid State adoption-Baseline-Baseline-Baseline","China",2064,2655.12603471117
"Ambitious-Solid State adoption-Baseline-Baseline-Baseline","China",2065,2684.98863426093
"Ambitious-Solid State adoption-Baseline-Baseline-Baseline","China",2066,2714.09962112151
"Ambitious-Solid State adoption-Baseline-Baseline-Baseline","China",2067,2742.60730317154
"Ambitious-Solid State adoption-Baseline-Baseline-Baseline","China",2068,2770.7727880685
"Ambitious-Solid State adoption-Baseline-Baseline-Baseline","China",2069,2798.76334579444
"Ambitious-Solid State adoption-Baseline-Baseline-Baseline","China",2070,2826.71036972592
"Ambitious-Solid State adoption-Baseline-Baseline-Baseline","EFTA",2023,0.2768408640546
"Ambitious-Solid State adoption-Baseline-Baseline-Baseline","EFTA",2024,0.341357814026724
"Ambitious-Solid State adoption-Baseline-Baseline-Baseline","EFTA",2025,0.401631659271091
"Ambitious-Solid State adoption-Baseline-Baseline-Baseline","EFTA",2026,0.562841254967547
"Ambitious-Solid State adoption-Baseline-Baseline-Baseline","EFTA",2027,0.664492664922878
"Ambitious-Solid State adoption-Baseline-Baseline-Baseline","EFTA",2028,0.828875183904005
"Ambitious-Solid State adoption-Baseline-Baseline-Baseline","EFTA",2029,1.06298254780785
"Ambitious-Solid State adoption-Baseline-Baseline-Baseline","EFTA",2030,1.38006124778709
"Ambitious-Solid State adoption-Baseline-Baseline-Baseline","EFTA",2031,1.79688131479054
"Ambitious-Solid State adoption-Baseline-Baseline-Baseline","EFTA",2032,2.2616213120356
"Ambitious-Solid State adoption-Baseline-Baseline-Baseline","EFTA",2033,2.86986409720929
"Ambitious-Solid State adoption-Baseline-Baseline-Baseline","EFTA",2034,3.57213820583541
"Ambitious-Solid State adoption-Baseline-Baseline-Baseline","EFTA",2035,4.42130324717038
"Ambitious-Solid State adoption-Baseline-Baseline-Baseline","EFTA",2036,5.44415454061009
"Ambitious-Solid State adoption-Baseline-Baseline-Baseline","EFTA",2037,6.55227575768298
"Ambitious-Solid State adoption-Baseline-Baseline-Baseline","EFTA",2038,7.72619222999152
"Ambitious-Solid State adoption-Baseline-Baseline-Baseline","EFTA",2039,8.9259622300623
"Ambitious-Solid State adoption-Baseline-Baseline-Baseline","EFTA",2040,10.1353200933885
"Ambitious-Solid State adoption-Baseline-Baseline-Baseline","EFTA",2041,11.3417989818332
"Ambitious-Solid State adoption-Baseline-Baseline-Baseline","EFTA",2042,12.5351981172108
"Ambitious-Solid State adoption-Baseline-Baseline-Baseline","EFTA",2043,13.7219957175774
"Ambitious-Solid State adoption-Baseline-Baseline-Baseline","EFTA",2044,14.9129419151916
"Ambitious-Solid State adoption-Baseline-Baseline-Baseline","EFTA",2045,16.0858588815853
"Ambitious-Solid State adoption-Baseline-Baseline-Baseline","EFTA",2046,17.2346795292589
"Ambitious-Solid State adoption-Baseline-Baseline-Baseline","EFTA",2047,18.2242529057935
"Ambitious-Solid State adoption-Baseline-Baseline-Baseline","EFTA",2048,19.2819465336314
"Ambitious-Solid State adoption-Baseline-Baseline-Baseline","EFTA",2049,20.2617285163507
"Ambitious-Solid State adoption-Baseline-Baseline-Baseline","EFTA",2050,21.1518390294438
"Ambitious-Solid State adoption-Baseline-Baseline-Baseline","EFTA",2051,21.9474279955226
"Ambitious-Solid State adoption-Baseline-Baseline-Baseline","EFTA",2052,22.6856016012931
"Ambitious-Solid State adoption-Baseline-Baseline-Baseline","EFTA",2053,23.3362441944659
"Ambitious-Solid State adoption-Baseline-Baseline-Baseline","EFTA",2054,23.9057973882816
"Ambitious-Solid State adoption-Baseline-Baseline-Baseline","EFTA",2055,24.4035025702635
"Ambitious-Solid State adoption-Baseline-Baseline-Baseline","EFTA",2056,24.8314481020713
"Ambitious-Solid State adoption-Baseline-Baseline-Baseline","EFTA",2057,25.1976377456472
"Ambitious-Solid State adoption-Baseline-Baseline-Baseline","EFTA",2058,25.5089344322984
"Ambitious-Solid State adoption-Baseline-Baseline-Baseline","EFTA",2059,25.7759715467335
"Ambitious-Solid State adoption-Baseline-Baseline-Baseline","EFTA",2060,26.0041216628876
"Ambitious-Solid State adoption-Baseline-Baseline-Baseline","EFTA",2061,26.1990528364685
"Ambitious-Solid State adoption-Baseline-Baseline-Baseline","EFTA",2062,26.3667765050802
"Ambitious-Solid State adoption-Baseline-Baseline-Baseline","EFTA",2063,26.5186080355102
"Ambitious-Solid State adoption-Baseline-Baseline-Baseline","EFTA",2064,26.6581395246311
"Ambitious-Solid State adoption-Baseline-Baseline-Baseline","EFTA",2065,26.7911530489876
"Ambitious-Solid State adoption-Baseline-Baseline-Baseline","EFTA",2066,26.9188059862473
"Ambitious-Solid State adoption-Baseline-Baseline-Baseline","EFTA",2067,27.0446269770916
"Ambitious-Solid State adoption-Baseline-Baseline-Baseline","EFTA",2068,27.1681412757279
"Ambitious-Solid State adoption-Baseline-Baseline-Baseline","EFTA",2069,27.2915909797281
"Ambitious-Solid State adoption-Baseline-Baseline-Baseline","EFTA",2070,27.4149633273084
"Ambitious-Solid State adoption-Baseline-Baseline-Baseline","European Union",2023,1.50374940730139
"Ambitious-Solid State adoption-Baseline-Baseline-Baseline","European Union",2024,2.86988587050855
"Ambitious-Solid State adoption-Baseline-Baseline-Baseline","European Union",2025,4.34318730998752
"Ambitious-Solid State adoption-Baseline-Baseline-Baseline","European Union",2026,7.08311238146202
"Ambitious-Solid State adoption-Baseline-Baseline-Baseline","European Union",2027,10.4419176011318
"Ambitious-Solid State adoption-Baseline-Baseline-Baseline","European Union",2028,14.8890071031379
"Ambitious-Solid State adoption-Baseline-Baseline-Baseline","European Union",2029,20.7260439784901
"Ambitious-Solid State adoption-Baseline-Baseline-Baseline","European Union",2030,27.6430877676646
"Ambitious-Solid State adoption-Baseline-Baseline-Baseline","European Union",2031,36.5230240159881
"Ambitious-Solid State adoption-Baseline-Baseline-Baseline","European Union",2032,46.404818801719
"Ambitious-Solid State adoption-Baseline-Baseline-Baseline","European Union",2033,58.408365248971
"Ambitious-Solid State adoption-Baseline-Baseline-Baseline","European Union",2034,73.8930182728888
"Ambitious-Solid State adoption-Baseline-Baseline-Baseline","European Union",2035,93.7139942933658
"Ambitious-Solid State adoption-Baseline-Baseline-Baseline","European Union",2036,118.676100497264
"Ambitious-Solid State adoption-Baseline-Baseline-Baseline","European Union",2037,149.557701973532
"Ambitious-Solid State adoption-Baseline-Baseline-Baseline","European Union",2038,186.952203211028
"Ambitious-Solid State adoption-Baseline-Baseline-Baseline","European Union",2039,230.598392461705
"Ambitious-Solid State adoption-Baseline-Baseline-Baseline","European Union",2040,281.435740490601
"Ambitious-Solid State adoption-Baseline-Baseline-Baseline","European Union",2041,339.28490573787
"Ambitious-Solid State adoption-Baseline-Baseline-Baseline","European Union",2042,401.987644046854
"Ambitious-Solid State adoption-Baseline-Baseline-Baseline","European Union",2043,466.006240468521
"Ambitious-Solid State adoption-Baseline-Baseline-Baseline","European Union",2044,528.738292631896
"Ambitious-Solid State adoption-Baseline-Baseline-Baseline","European Union",2045,588.370684582004
"Ambitious-Solid State adoption-Baseline-Baseline-Baseline","European Union",2046,643.053079297818
"Ambitious-Solid State adoption-Baseline-Baseline-Baseline","European Union",2047,692.803352359101
"Ambitious-Solid State adoption-Baseline-Baseline-Baseline","European Union",2048,737.357908490992
"Ambitious-Solid State adoption-Baseline-Baseline-Baseline","European Union",2049,777.058721949133
"Ambitious-Solid State adoption-Baseline-Baseline-Baseline","European Union",2050,812.598538368757
"Ambitious-Solid State adoption-Baseline-Baseline-Baseline","European Union",2051,844.150176204767
"Ambitious-Solid State adoption-Baseline-Baseline-Baseline","European Union",2052,876.425085616264
"Ambitious-Solid State adoption-Baseline-Baseline-Baseline","European Union",2053,906.638810666031
"Ambitious-Solid State adoption-Baseline-Baseline-Baseline","European Union",2054,934.975779826504
"Ambitious-Solid State adoption-Baseline-Baseline-Baseline","European Union",2055,961.369466389149
"Ambitious-Solid State adoption-Baseline-Baseline-Baseline","European Union",2056,985.794634447103
"Ambitious-Solid State adoption-Baseline-Baseline-Baseline","European Union",2057,1008.20646843724
"Ambitious-Solid State adoption-Baseline-Baseline-Baseline","European Union",2058,1028.62398559012
"Ambitious-Solid State adoption-Baseline-Baseline-Baseline","European Union",2059,1047.28533868715
"Ambitious-Solid State adoption-Baseline-Baseline-Baseline","European Union",2060,1064.45913493633
"Ambitious-Solid State adoption-Baseline-Baseline-Baseline","European Union",2061,1080.49192077891
"Ambitious-Solid State adoption-Baseline-Baseline-Baseline","European Union",2062,1095.63643769184
"Ambitious-Solid State adoption-Baseline-Baseline-Baseline","European Union",2063,1110.08727700607
"Ambitious-Solid State adoption-Baseline-Baseline-Baseline","European Union",2064,1123.91417655362
"Ambitious-Solid State adoption-Baseline-Baseline-Baseline","European Union",2065,1137.07423758807
"Ambitious-Solid State adoption-Baseline-Baseline-Baseline","European Union",2066,1149.52006691097
"Ambitious-Solid State adoption-Baseline-Baseline-Baseline","European Union",2067,1161.22448568315
"Ambitious-Solid State adoption-Baseline-Baseline-Baseline","European Union",2068,1172.19324322654
"Ambitious-Solid State adoption-Baseline-Baseline-Baseline","European Union",2069,1182.51111718054
"Ambitious-Solid State adoption-Baseline-Baseline-Baseline","European Union",2070,1192.29530722661
"Ambitious-Solid State adoption-Baseline-Baseline-Baseline","India",2023,0.112419107312472
"Ambitious-Solid State adoption-Baseline-Baseline-Baseline","India",2024,0.32451522934814
"Ambitious-Solid State adoption-Baseline-Baseline-Baseline","India",2025,0.5598901023267
"Ambitious-Solid State adoption-Baseline-Baseline-Baseline","India",2026,0.863454554090429
"Ambitious-Solid State adoption-Baseline-Baseline-Baseline","India",2027,1.42405920462366
"Ambitious-Solid State adoption-Baseline-Baseline-Baseline","India",2028,2.40934724733621
"Ambitious-Solid State adoption-Baseline-Baseline-Baseline","India",2029,3.77806223731454
"Ambitious-Solid State adoption-Baseline-Baseline-Baseline","India",2030,5.58849751466487
"Ambitious-Solid State adoption-Baseline-Baseline-Baseline","India",2031,8.06133320782668
"Ambitious-Solid State adoption-Baseline-Baseline-Baseline","India",2032,10.8729862469488
"Ambitious-Solid State adoption-Baseline-Baseline-Baseline","India",2033,14.4480607918265
"Ambitious-Solid State adoption-Baseline-Baseline-Baseline","India",2034,18.9508483364686
"Ambitious-Solid State adoption-Baseline-Baseline-Baseline","India",2035,24.4932209058308
"Ambitious-Solid State adoption-Baseline-Baseline-Baseline","India",2036,31.138439429103
"Ambitious-Solid State adoption-Baseline-Baseline-Baseline","India",2037,38.7592508790315
"Ambitious-Solid State adoption-Baseline-Baseline-Baseline","India",2038,47.4418282183276
"Ambitious-Solid State adoption-Baseline-Baseline-Baseline","India",2039,57.1634881683332
"Ambitious-Solid State adoption-Baseline-Baseline-Baseline","India",2040,67.8764654909265
"Ambitious-Solid State adoption-Baseline-Baseline-Baseline","India",2041,79.6801176136155
"Ambitious-Solid State adoption-Baseline-Baseline-Baseline","India",2042,91.9772618602087
"Ambitious-Solid State adoption-Baseline-Baseline-Baseline","India",2043,104.928884031573
"Ambitious-Solid State adoption-Baseline-Baseline-Baseline","India",2044,118.352771784085
"Ambitious-Solid State adoption-Baseline-Baseline-Baseline","India",2045,132.053396298032
"Ambitious-Solid State adoption-Baseline-Baseline-Baseline","India",2046,145.799149758481
"Ambitious-Solid State adoption-Baseline-Baseline-Baseline","India",2047,159.397694481579
"Ambitious-Solid State adoption-Baseline-Baseline-Baseline","India",2048,172.671483934762
"Ambitious-Solid State adoption-Baseline-Baseline-Baseline","India",2049,185.479683187467
"Ambitious-Solid State adoption-Baseline-Baseline-Baseline","India",2050,197.72820484384
"Ambitious-Solid State adoption-Baseline-Baseline-Baseline","India",2051,209.375125303891
"Ambitious-Solid State adoption-Baseline-Baseline-Baseline","India",2052,220.262627575363
"Ambitious-Solid State adoption-Baseline-Baseline-Baseline","India",2053,230.52054639211
"Ambitious-Solid State adoption-Baseline-Baseline-Baseline","India",2054,240.157194801662
"Ambitious-Solid State adoption-Baseline-Baseline-Baseline","India",2055,249.175451693578
"Ambitious-Solid State adoption-Baseline-Baseline-Baseline","India",2056,258.662020213322
"Ambitious-Solid State adoption-Baseline-Baseline-Baseline","India",2057,267.806905671512
"Ambitious-Solid State adoption-Baseline-Baseline-Baseline","India",2058,276.244801271275
"Ambitious-Solid State adoption-Baseline-Baseline-Baseline","India",2059,284.014431146875
"Ambitious-Solid State adoption-Baseline-Baseline-Baseline","India",2060,291.184433365519
"Ambitious-Solid State adoption-Baseline-Baseline-Baseline","India",2061,297.811267211312
"Ambitious-Solid State adoption-Baseline-Baseline-Baseline","India",2062,303.979533062509
"Ambitious-Solid State adoption-Baseline-Baseline-Baseline","India",2063,309.725590964318
"Ambitious-Solid State adoption-Baseline-Baseline-Baseline","India",2064,315.100199975667
"Ambitious-Solid State adoption-Baseline-Baseline-Baseline","India",2065,320.129758462267
"Ambitious-Solid State adoption-Baseline-Baseline-Baseline","India",2066,324.845280174621
"Ambitious-Solid State adoption-Baseline-Baseline-Baseline","India",2067,329.27616453269
"Ambitious-Solid State adoption-Baseline-Baseline-Baseline","India",2068,333.4738554708
"Ambitious-Solid State adoption-Baseline-Baseline-Baseline","India",2069,337.481060579579
"Ambitious-Solid State adoption-Baseline-Baseline-Baseline","India",2070,341.340085039505
"Ambitious-Solid State adoption-Baseline-Baseline-Baseline","Japan",2023,0.100955465344981
"Ambitious-Solid State adoption-Baseline-Baseline-Baseline","Japan",2024,0.418610177849522
"Ambitious-Solid State adoption-Baseline-Baseline-Baseline","Japan",2025,0.490659108531476
"Ambitious-Solid State adoption-Baseline-Baseline-Baseline","Japan",2026,0.581698887980971
"Ambitious-Solid State adoption-Baseline-Baseline-Baseline","Japan",2027,0.710877285378084
"Ambitious-Solid State adoption-Baseline-Baseline-Baseline","Japan",2028,1.00748879782808
"Ambitious-Solid State adoption-Baseline-Baseline-Baseline","Japan",2029,1.32269509154306
"Ambitious-Solid State adoption-Baseline-Baseline-Baseline","Japan",2030,2.2939868223804
"Ambitious-Solid State adoption-Baseline-Baseline-Baseline","Japan",2031,3.63495893956054
"Ambitious-Solid State adoption-Baseline-Baseline-Baseline","Japan",2032,4.58134254826736
"Ambitious-Solid State adoption-Baseline-Baseline-Baseline","Japan",2033,5.82072801742795
"Ambitious-Solid State adoption-Baseline-Baseline-Baseline","Japan",2034,7.46063722029705
"Ambitious-Solid State adoption-Baseline-Baseline-Baseline","Japan",2035,9.6523165931109
"Ambitious-Solid State adoption-Baseline-Baseline-Baseline","Japan",2036,12.4393260506718
"Ambitious-Solid State adoption-Baseline-Baseline-Baseline","Japan",2037,15.7115972788284
"Ambitious-Solid State adoption-Baseline-Baseline-Baseline","Japan",2038,19.8740730515737
"Ambitious-Solid State adoption-Baseline-Baseline-Baseline","Japan",2039,24.3710274451857
"Ambitious-Solid State adoption-Baseline-Baseline-Baseline","Japan",2040,29.4856919314043
"Ambitious-Solid State adoption-Baseline-Baseline-Baseline","Japan",2041,34.0817083036381
"Ambitious-Solid State adoption-Baseline-Baseline-Baseline","Japan",2042,40.679386997535
"Ambitious-Solid State adoption-Baseline-Baseline-Baseline","Japan",2043,48.0917858037527
"Ambitious-Solid State adoption-Baseline-Baseline-Baseline","Japan",2044,56.1798059370954
"Ambitious-Solid State adoption-Baseline-Baseline-Baseline","Japan",2045,64.6404118337554
"Ambitious-Solid State adoption-Baseline-Baseline-Baseline","Japan",2046,73.0853263285822
"Ambitious-Solid State adoption-Baseline-Baseline-Baseline","Japan",2047,81.1649270907619
"Ambitious-Solid State adoption-Baseline-Baseline-Baseline","Japan",2048,88.610783975764
"Ambitious-Solid State adoption-Baseline-Baseline-Baseline","Japan",2049,95.2976213286138
"Ambitious-Solid State adoption-Baseline-Baseline-Baseline","Japan",2050,101.300045533293
"Ambitious-Solid State adoption-Baseline-Baseline-Baseline","Japan",2051,106.986316952299
"Ambitious-Solid State adoption-Baseline-Baseline-Baseline","Japan",2052,112.634745708955
"Ambitious-Solid State adoption-Baseline-Baseline-Baseline","Japan",2053,117.411024396836
"Ambitious-Solid State adoption-Baseline-Baseline-Baseline","Japan",2054,121.411901876523
"Ambitious-Solid State adoption-Baseline-Baseline-Baseline","Japan",2055,124.70703235132
"Ambitious-Solid State adoption-Baseline-Baseline-Baseline","Japan",2056,127.361577086818
"Ambitious-Solid State adoption-Baseline-Baseline-Baseline","Japan",2057,129.429841353335
"Ambitious-Solid State adoption-Baseline-Baseline-Baseline","Japan",2058,130.957672469852
"Ambitious-Solid State adoption-Baseline-Baseline-Baseline","Japan",2059,131.988608869188
"Ambitious-Solid State adoption-Baseline-Baseline-Baseline","Japan",2060,132.565935126793
"Ambitious-Solid State adoption-Baseline-Baseline-Baseline","Japan",2061,132.786429002446
"Ambitious-Solid State adoption-Baseline-Baseline-Baseline","Japan",2062,132.713548992027
"Ambitious-Solid State adoption-Baseline-Baseline-Baseline","Japan",2063,132.456475712408
"Ambitious-Solid State adoption-Baseline-Baseline-Baseline","Japan",2064,132.088709908986
"Ambitious-Solid State adoption-Baseline-Baseline-Baseline","Japan",2065,131.655531561179
"Ambitious-Solid State adoption-Baseline-Baseline-Baseline","Japan",2066,131.197060122572
"Ambitious-Solid State adoption-Baseline-Baseline-Baseline","Japan",2067,130.728428476972
"Ambitious-Solid State adoption-Baseline-Baseline-Baseline","Japan",2068,130.265056126449
"Ambitious-Solid State adoption-Baseline-Baseline-Baseline","Japan",2069,129.807670520344
"Ambitious-Solid State adoption-Baseline-Baseline-Baseline","Japan",2070,129.358082716809
"Ambitious-Solid State adoption-Baseline-Baseline-Baseline","Mexico",2023,0.0312948282293928
"Ambitious-Solid State adoption-Baseline-Baseline-Baseline","Mexico",2024,0.0973684043489086
"Ambitious-Solid State adoption-Baseline-Baseline-Baseline","Mexico",2025,0.0992558715645099
"Ambitious-Solid State adoption-Baseline-Baseline-Baseline","Mexico",2026,0.136981965200932
"Ambitious-Solid State adoption-Baseline-Baseline-Baseline","Mexico",2027,0.183594650952222
"Ambitious-Solid State adoption-Baseline-Baseline-Baseline","Mexico",2028,0.296270840199935
"Ambitious-Solid State adoption-Baseline-Baseline-Baseline","Mexico",2029,0.537263152104797
"Ambitious-Solid State adoption-Baseline-Baseline-Baseline","Mexico",2030,1.03744037409297
"Ambitious-Solid State adoption-Baseline-Baseline-Baseline","Mexico",2031,1.77872547830063
"Ambitious-Solid State adoption-Baseline-Baseline-Baseline","Mexico",2032,2.20405338156521
"Ambitious-Solid State adoption-Baseline-Baseline-Baseline","Mexico",2033,2.75136516890947
"Ambitious-Solid State adoption-Baseline-Baseline-Baseline","Mexico",2034,3.46665968055574
"Ambitious-Solid State adoption-Baseline-Baseline-Baseline","Mexico",2035,4.39996416480574
"Ambitious-Solid State adoption-Baseline-Baseline-Baseline","Mexico",2036,5.60883060132795
"Ambitious-Solid State adoption-Baseline-Baseline-Baseline","Mexico",2037,7.05464783966185
"Ambitious-Solid State adoption-Baseline-Baseline-Baseline","Mexico",2038,8.88716948043789
"Ambitious-Solid State adoption-Baseline-Baseline-Baseline","Mexico",2039,11.1819268354639
"Ambitious-Solid State adoption-Baseline-Baseline-Baseline","Mexico",2040,14.0435664806382
"Ambitious-Solid State adoption-Baseline-Baseline-Baseline","Mexico",2041,17.6503895618041
"Ambitious-Solid State adoption-Baseline-Baseline-Baseline","Mexico",2042,21.9103205140347
"Ambitious-Solid State adoption-Baseline-Baseline-Baseline","Mexico",2043,26.8932159471134
"Ambitious-Solid State adoption-Baseline-Baseline-Baseline","Mexico",2044,32.4794266587392
"Ambitious-Solid State adoption-Baseline-Baseline-Baseline","Mexico",2045,39.125176518398
"Ambitious-Solid State adoption-Baseline-Baseline-Baseline","Mexico",2046,46.1783169566872
"Ambitious-Solid State adoption-Baseline-Baseline-Baseline","Mexico",2047,53.3972208466717
"Ambitious-Solid State adoption-Baseline-Baseline-Baseline","Mexico",2048,60.3886373704473
"Ambitious-Solid State adoption-Baseline-Baseline-Baseline","Mexico",2049,66.9993153166008
"Ambitious-Solid State adoption-Baseline-Baseline-Baseline","Mexico",2050,73.1350731719217
"Ambitious-Solid State adoption-Baseline-Baseline-Baseline","Mexico",2051,78.7572065886356
"Ambitious-Solid State adoption-Baseline-Baseline-Baseline","Mexico",2052,84.1578871538047
"Ambitious-Solid State adoption-Baseline-Baseline-Baseline","Mexico",2053,89.1267448216687
"Ambitious-Solid State adoption-Baseline-Baseline-Baseline","Mexico",2054,93.6936837220574
"Ambitious-Solid State adoption-Baseline-Baseline-Baseline","Mexico",2055,97.8902522983261
"Ambitious-Solid State adoption-Baseline-Baseline-Baseline","Mexico",2056,101.727265513876
"Ambitious-Solid State adoption-Baseline-Baseline-Baseline","Mexico",2057,105.221737673153
"Ambitious-Solid State adoption-Baseline-Baseline-Baseline","Mexico",2058,108.373283334999
"Ambitious-Solid State adoption-Baseline-Baseline-Baseline","Mexico",2059,111.187403938533
"Ambitious-Solid State adoption-Baseline-Baseline-Baseline","Mexico",2060,113.6792962835
"Ambitious-Solid State adoption-Baseline-Baseline-Baseline","Mexico",2061,115.894763882724
"Ambitious-Solid State adoption-Baseline-Baseline-Baseline","Mexico",2062,117.854431664485
"Ambitious-Solid State adoption-Baseline-Baseline-Baseline","Mexico",2063,119.613047524982
"Ambitious-Solid State adoption-Baseline-Baseline-Baseline","Mexico",2064,121.198461351436
"Ambitious-Solid State adoption-Baseline-Baseline-Baseline","Mexico",2065,122.642246660994
"Ambitious-Solid State adoption-Baseline-Baseline-Baseline","Mexico",2066,123.959981128124
"Ambitious-Solid State adoption-Baseline-Baseline-Baseline","Mexico",2067,125.171166642997
"Ambitious-Solid State adoption-Baseline-Baseline-Baseline","Mexico",2068,126.296375441882
"Ambitious-Solid State adoption-Baseline-Baseline-Baseline","Mexico",2069,127.354948291177
"Ambitious-Solid State adoption-Baseline-Baseline-Baseline","Mexico",2070,128.361220082915
"Ambitious-Solid State adoption-Baseline-Baseline-Baseline","Middle East",2023,0.130580773119928
"Ambitious-Solid State adoption-Baseline-Baseline-Baseline","Middle East",2024,0.206944909020215
"Ambitious-Solid State adoption-Baseline-Baseline-Baseline","Middle East",2025,0.283304736742417
"Ambitious-Solid State adoption-Baseline-Baseline-Baseline","Middle East",2026,0.417837506579772
"Ambitious-Solid State adoption-Baseline-Baseline-Baseline","Middle East",2027,0.645782598278411
"Ambitious-Solid State adoption-Baseline-Baseline-Baseline","Middle East",2028,1.03122238226623
"Ambitious-Solid State adoption-Baseline-Baseline-Baseline","Middle East",2029,1.63481405811273
"Ambitious-Solid State adoption-Baseline-Baseline-Baseline","Middle East",2030,2.65461416524795
"Ambitious-Solid State adoption-Baseline-Baseline-Baseline","Middle East",2031,4.42902756581549
"Ambitious-Solid State adoption-Baseline-Baseline-Baseline","Middle East",2032,6.11312331512629
"Ambitious-Solid State adoption-Baseline-Baseline-Baseline","Middle East",2033,8.33537234081509
"Ambitious-Solid State adoption-Baseline-Baseline-Baseline","Middle East",2034,11.2323353621339
"Ambitious-Solid State adoption-Baseline-Baseline-Baseline","Middle East",2035,15.0503380477227
"Ambitious-Solid State adoption-Baseline-Baseline-Baseline","Middle East",2036,19.6189586582813
"Ambitious-Solid State adoption-Baseline-Baseline-Baseline","Middle East",2037,25.2786736275802
"Ambitious-Solid State adoption-Baseline-Baseline-Baseline","Middle East",2038,32.1456683699724
"Ambitious-Solid State adoption-Baseline-Baseline-Baseline","Middle East",2039,40.2917111770165
"Ambitious-Solid State adoption-Baseline-Baseline-Baseline","Middle East",2040,49.8369379387736
"Ambitious-Solid State adoption-Baseline-Baseline-Baseline","Middle East",2041,61.0756606464379
"Ambitious-Solid State adoption-Baseline-Baseline-Baseline","Middle East",2042,73.5959292153533
"Ambitious-Solid State adoption-Baseline-Baseline-Baseline","Middle East",2043,87.8496215894361
"Ambitious-Solid State adoption-Baseline-Baseline-Baseline","Middle East",2044,103.784900880028
"Ambitious-Solid State adoption-Baseline-Baseline-Baseline","Middle East",2045,121.473469142455
"Ambitious-Solid State adoption-Baseline-Baseline-Baseline","Middle East",2046,140.450366089872
"Ambitious-Solid State adoption-Baseline-Baseline-Baseline","Middle East",2047,160.22417158669
"Ambitious-Solid State adoption-Baseline-Baseline-Baseline","Middle East",2048,181.555469197922
"Ambitious-Solid State adoption-Baseline-Baseline-Baseline","Middle East",2049,203.604218733301
"Ambitious-Solid State adoption-Baseline-Baseline-Baseline","Middle East",2050,225.580883970638
"Ambitious-Solid State adoption-Baseline-Baseline-Baseline","Middle East",2051,247.174884575129
"Ambitious-Solid State adoption-Baseline-Baseline-Baseline","Middle East",2052,269.321044650475
"Ambitious-Solid State adoption-Baseline-Baseline-Baseline","Middle East",2053,291.036134518015
"Ambitious-Solid State adoption-Baseline-Baseline-Baseline","Middle East",2054,311.883555195252
"Ambitious-Solid State adoption-Baseline-Baseline-Baseline","Middle East",2055,331.674720706029
"Ambitious-Solid State adoption-Baseline-Baseline-Baseline","Middle East",2056,350.253669210776
"Ambitious-Solid State adoption-Baseline-Baseline-Baseline","Middle East",2057,367.490108162922
"Ambitious-Solid State adoption-Baseline-Baseline-Baseline","Middle East",2058,383.296030415046
"Ambitious-Solid State adoption-Baseline-Baseline-Baseline","Middle East",2059,397.650268780599
"Ambitious-Solid State adoption-Baseline-Baseline-Baseline","Middle East",2060,410.58299025777
"Ambitious-Solid State adoption-Baseline-Baseline-Baseline","Middle East",2061,422.189462515877
"Ambitious-Solid State adoption-Baseline-Baseline-Baseline","Middle East",2062,432.601027534917
"Ambitious-Solid State adoption-Baseline-Baseline-Baseline","Middle East",2063,441.955935143939
"Ambitious-Solid State adoption-Baseline-Baseline-Baseline","Middle East",2064,450.383036975746
"Ambitious-Solid State adoption-Baseline-Baseline-Baseline","Middle East",2065,458.000666035611
"Ambitious-Solid State adoption-Baseline-Baseline-Baseline","Middle East",2066,464.910873640147
"Ambitious-Solid State adoption-Baseline-Baseline-Baseline","Middle East",2067,471.21865059893
"Ambitious-Solid State adoption-Baseline-Baseline-Baseline","Middle East",2068,477.038406577458
"Ambitious-Solid State adoption-Baseline-Baseline-Baseline","Middle East",2069,482.460897920859
"Ambitious-Solid State adoption-Baseline-Baseline-Baseline","Middle East",2070,487.576324127082
"Ambitious-Solid State adoption-Baseline-Baseline-Baseline","Other Asia Pacific",2023,0.0309477204260943
"Ambitious-Solid State adoption-Baseline-Baseline-Baseline","Other Asia Pacific",2024,0.0411945184215149
"Ambitious-Solid State adoption-Baseline-Baseline-Baseline","Other Asia Pacific",2025,0.0946926154530437
"Ambitious-Solid State adoption-Baseline-Baseline-Baseline","Other Asia Pacific",2026,0.111582396062602
"Ambitious-Solid State adoption-Baseline-Baseline-Baseline","Other Asia Pacific",2027,0.178883172341206
"Ambitious-Solid State adoption-Baseline-Baseline-Baseline","Other Asia Pacific",2028,0.319071774510876
"Ambitious-Solid State adoption-Baseline-Baseline-Baseline","Other Asia Pacific",2029,0.579455256575028
"Ambitious-Solid State adoption-Baseline-Baseline-Baseline","Other Asia Pacific",2030,1.06758772551806
"Ambitious-Solid State adoption-Baseline-Baseline-Baseline","Other Asia Pacific",2031,2.00941172382959
"Ambitious-Solid State adoption-Baseline-Baseline-Baseline","Other Asia Pacific",2032,2.9216347882449
"Ambitious-Solid State adoption-Baseline-Baseline-Baseline","Other Asia Pacific",2033,4.1886370839702
"Ambitious-Solid State adoption-Baseline-Baseline-Baseline","Other Asia Pacific",2034,5.92281453096757
"Ambitious-Solid State adoption-Baseline-Baseline-Baseline","Other Asia Pacific",2035,8.17582452474486
"Ambitious-Solid State adoption-Baseline-Baseline-Baseline","Other Asia Pacific",2036,11.0818391245836
"Ambitious-Solid State adoption-Baseline-Baseline-Baseline","Other Asia Pacific",2037,14.6078486156045
"Ambitious-Solid State adoption-Baseline-Baseline-Baseline","Other Asia Pacific",2038,18.8451401107649
"Ambitious-Solid State adoption-Baseline-Baseline-Baseline","Other Asia Pacific",2039,23.8097911235566
"Ambitious-Solid State adoption-Baseline-Baseline-Baseline","Other Asia Pacific",2040,29.4990813005414
"Ambitious-Solid State adoption-Baseline-Baseline-Baseline","Other Asia Pacific",2041,36.0487039703718
"Ambitious-Solid State adoption-Baseline-Baseline-Baseline","Other Asia Pacific",2042,43.1588483455318
"Ambitious-Solid State adoption-Baseline-Baseline-Baseline","Other Asia Pacific",2043,51.1352121409106
"Ambitious-Solid State adoption-Baseline-Baseline-Baseline","Other Asia Pacific",2044,59.9744292503068
"Ambitious-Solid State adoption-Baseline-Baseline-Baseline","Other Asia Pacific",2045,69.5737930902805
"Ambitious-Solid State adoption-Baseline-Baseline-Baseline","Other Asia Pacific",2046,81.1709667205042
"Ambitious-Solid State adoption-Baseline-Baseline-Baseline","Other Asia Pacific",2047,92.7123351530529
"Ambitious-Solid State adoption-Baseline-Baseline-Baseline","Other Asia Pacific",2048,104.739201590872
"Ambitious-Solid State adoption-Baseline-Baseline-Baseline","Other Asia Pacific",2049,117.196963747385
"Ambitious-Solid State adoption-Baseline-Baseline-Baseline","Other Asia Pacific",2050,129.977734510032
"Ambitious-Solid State adoption-Baseline-Baseline-Baseline","Other Asia Pacific",2051,143.023945829299
"Ambitious-Solid State adoption-Baseline-Baseline-Baseline","Other Asia Pacific",2052,156.296006373709
"Ambitious-Solid State adoption-Baseline-Baseline-Baseline","Other Asia Pacific",2053,169.504673145801
"Ambitious-Solid State adoption-Baseline-Baseline-Baseline","Other Asia Pacific",2054,182.532355449225
"Ambitious-Solid State adoption-Baseline-Baseline-Baseline","Other Asia Pacific",2055,195.250733695998
"Ambitious-Solid State adoption-Baseline-Baseline-Baseline","Other Asia Pacific",2056,207.543164617708
"Ambitious-Solid State adoption-Baseline-Baseline-Baseline","Other Asia Pacific",2057,219.326174164728
"Ambitious-Solid State adoption-Baseline-Baseline-Baseline","Other Asia Pacific",2058,230.497131734518
"Ambitious-Solid State adoption-Baseline-Baseline-Baseline","Other Asia Pacific",2059,241.016607453363
"Ambitious-Solid State adoption-Baseline-Baseline-Baseline","Other Asia Pacific",2060,250.854104261948
"Ambitious-Solid State adoption-Baseline-Baseline-Baseline","Other Asia Pacific",2061,260.08394362576
"Ambitious-Solid State adoption-Baseline-Baseline-Baseline","Other Asia Pacific",2062,268.659463645008
"Ambitious-Solid State adoption-Baseline-Baseline-Baseline","Other Asia Pacific",2063,276.558419722164
"Ambitious-Solid State adoption-Baseline-Baseline-Baseline","Other Asia Pacific",2064,283.793803766657
"Ambitious-Solid State adoption-Baseline-Baseline-Baseline","Other Asia Pacific",2065,290.377534525281
"Ambitious-Solid State adoption-Baseline-Baseline-Baseline","Other Asia Pacific",2066,296.325503632504
"Ambitious-Solid State adoption-Baseline-Baseline-Baseline","Other Asia Pacific",2067,301.690228041759
"Ambitious-Solid State adoption-Baseline-Baseline-Baseline","Other Asia Pacific",2068,306.538745974972
"Ambitious-Solid State adoption-Baseline-Baseline-Baseline","Other Asia Pacific",2069,310.959518905535
"Ambitious-Solid State adoption-Baseline-Baseline-Baseline","Other Asia Pacific",2070,315.033494939899
"Ambitious-Solid State adoption-Baseline-Baseline-Baseline","Other Europe",2023,0.0867575243301104
"Ambitious-Solid State adoption-Baseline-Baseline-Baseline","Other Europe",2024,0.161335026423553
"Ambitious-Solid State adoption-Baseline-Baseline-Baseline","Other Europe",2025,0.2031046129669
"Ambitious-Solid State adoption-Baseline-Baseline-Baseline","Other Europe",2026,0.270337747663741
"Ambitious-Solid State adoption-Baseline-Baseline-Baseline","Other Europe",2027,0.387838390749945
"Ambitious-Solid State adoption-Baseline-Baseline-Baseline","Other Europe",2028,0.64625613070964
"Ambitious-Solid State adoption-Baseline-Baseline-Baseline","Other Europe",2029,1.09956352375012
"Ambitious-Solid State adoption-Baseline-Baseline-Baseline","Other Europe",2030,1.90849715592192
"Ambitious-Solid State adoption-Baseline-Baseline-Baseline","Other Europe",2031,3.40768687412439
"Ambitious-Solid State adoption-Baseline-Baseline-Baseline","Other Europe",2032,4.75598306967965
"Ambitious-Solid State adoption-Baseline-Baseline-Baseline","Other Europe",2033,6.55822753274709
"Ambitious-Solid State adoption-Baseline-Baseline-Baseline","Other Europe",2034,8.94257903897086
"Ambitious-Solid State adoption-Baseline-Baseline-Baseline","Other Europe",2035,12.2340024240668
"Ambitious-Solid State adoption-Baseline-Baseline-Baseline","Other Europe",2036,16.1482333323991
"Ambitious-Solid State adoption-Baseline-Baseline-Baseline","Other Europe",2037,20.7708600812233
"Ambitious-Solid State adoption-Baseline-Baseline-Baseline","Other Europe",2038,26.0604673989271
"Ambitious-Solid State adoption-Baseline-Baseline-Baseline","Other Europe",2039,32.0316175209096
"Ambitious-Solid State adoption-Baseline-Baseline-Baseline","Other Europe",2040,38.6482490312726
"Ambitious-Solid State adoption-Baseline-Baseline-Baseline","Other Europe",2041,46.0085601593797
"Ambitious-Solid State adoption-Baseline-Baseline-Baseline","Other Europe",2042,53.8876677923813
"Ambitious-Solid State adoption-Baseline-Baseline-Baseline","Other Europe",2043,62.5147591191894
"Ambitious-Solid State adoption-Baseline-Baseline-Baseline","Other Europe",2044,71.9217230240083
"Ambitious-Solid State adoption-Baseline-Baseline-Baseline","Other Europe",2045,82.0226801153121
"Ambitious-Solid State adoption-Baseline-Baseline-Baseline","Other Europe",2046,92.6774054490648
"Ambitious-Solid State adoption-Baseline-Baseline-Baseline","Other Europe",2047,103.802093382963
"Ambitious-Solid State adoption-Baseline-Baseline-Baseline","Other Europe",2048,115.172225328312
"Ambitious-Solid State adoption-Baseline-Baseline-Baseline","Other Europe",2049,126.48864184326
"Ambitious-Solid State adoption-Baseline-Baseline-Baseline","Other Europe",2050,137.571013755889
"Ambitious-Solid State adoption-Baseline-Baseline-Baseline","Other Europe",2051,148.301278387276
"Ambitious-Solid State adoption-Baseline-Baseline-Baseline","Other Europe",2052,158.717851229888
"Ambitious-Solid State adoption-Baseline-Baseline-Baseline","Other Europe",2053,168.621414787989
"Ambitious-Solid State adoption-Baseline-Baseline-Baseline","Other Europe",2054,177.925182870212
"Ambitious-Solid State adoption-Baseline-Baseline-Baseline","Other Europe",2055,186.557394486709
"Ambitious-Solid State adoption-Baseline-Baseline-Baseline","Other Europe",2056,194.457085394876
"Ambitious-Solid State adoption-Baseline-Baseline-Baseline","Other Europe",2057,201.602069280465
"Ambitious-Solid State adoption-Baseline-Baseline-Baseline","Other Europe",2058,208.148281573928
"Ambitious-Solid State adoption-Baseline-Baseline-Baseline","Other Europe",2059,214.28475069814
"Ambitious-Solid State adoption-Baseline-Baseline-Baseline","Other Europe",2060,219.620149469523
"Ambitious-Solid State adoption-Baseline-Baseline-Baseline","Other Europe",2061,224.222070067693
"Ambitious-Solid State adoption-Baseline-Baseline-Baseline","Other Europe",2062,228.172562921321
"Ambitious-Solid State adoption-Baseline-Baseline-Baseline","Other Europe",2063,231.532694449055
"Ambitious-Solid State adoption-Baseline-Baseline-Baseline","Other Europe",2064,234.377978935806
"Ambitious-Solid State adoption-Baseline-Baseline-Baseline","Other Europe",2065,236.759851086681
"Ambitious-Solid State adoption-Baseline-Baseline-Baseline","Other Europe",2066,238.740895774467
"Ambitious-Solid State adoption-Baseline-Baseline-Baseline","Other Europe",2067,240.378921453724
"Ambitious-Solid State adoption-Baseline-Baseline-Baseline","Other Europe",2068,241.744934220177
"Ambitious-Solid State adoption-Baseline-Baseline-Baseline","Other Europe",2069,242.894786063124
"Ambitious-Solid State adoption-Baseline-Baseline-Baseline","Other Europe",2070,243.878825573112
"Ambitious-Solid State adoption-Baseline-Baseline-Baseline","Other Latin America and Caribbean",2023,0.226998786143547
"Ambitious-Solid State adoption-Baseline-Baseline-Baseline","Other Latin America and Caribbean",2024,0.401945902779054
"Ambitious-Solid State adoption-Baseline-Baseline-Baseline","Other Latin America and Caribbean",2025,0.680472836755993
"Ambitious-Solid State adoption-Baseline-Baseline-Baseline","Other Latin America and Caribbean",2026,1.02669933526614
"Ambitious-Solid State adoption-Baseline-Baseline-Baseline","Other Latin America and Caribbean",2027,1.57065139873258
"Ambitious-Solid State adoption-Baseline-Baseline-Baseline","Other Latin America and Caribbean",2028,2.40171360346218
"Ambitious-Solid State adoption-Baseline-Baseline-Baseline","Other Latin America and Caribbean",2029,3.70106122216564
"Ambitious-Solid State adoption-Baseline-Baseline-Baseline","Other Latin America and Caribbean",2030,5.57273576958713
"Ambitious-Solid State adoption-Baseline-Baseline-Baseline","Other Latin America and Caribbean",2031,8.53371624617306
"Ambitious-Solid State adoption-Baseline-Baseline-Baseline","Other Latin America and Caribbean",2032,11.4319067739249
"Ambitious-Solid State adoption-Baseline-Baseline-Baseline","Other Latin America and Caribbean",2033,15.1109878578128
"Ambitious-Solid State adoption-Baseline-Baseline-Baseline","Other Latin America and Caribbean",2034,19.8455818777429
"Ambitious-Solid State adoption-Baseline-Baseline-Baseline","Other Latin America and Caribbean",2035,25.5754043785921
"Ambitious-Solid State adoption-Baseline-Baseline-Baseline","Other Latin America and Caribbean",2036,32.7873975761065
"Ambitious-Solid State adoption-Baseline-Baseline-Baseline","Other Latin America and Caribbean",2037,41.0505855946872
"Ambitious-Solid State adoption-Baseline-Baseline-Baseline","Other Latin America and Caribbean",2038,50.8847925851499
"Ambitious-Solid State adoption-Baseline-Baseline-Baseline","Other Latin America and Caribbean",2039,62.5460888268565
"Ambitious-Solid State adoption-Baseline-Baseline-Baseline","Other Latin America and Caribbean",2040,76.0130620320735
"Ambitious-Solid State adoption-Baseline-Baseline-Baseline","Other Latin America and Caribbean",2041,91.525226857111
"Ambitious-Solid State adoption-Baseline-Baseline-Baseline","Other Latin America and Caribbean",2042,108.915014370061
"Ambitious-Solid State adoption-Baseline-Baseline-Baseline","Other Latin America and Caribbean",2043,128.521172984871
"Ambitious-Solid State adoption-Baseline-Baseline-Baseline","Other Latin America and Caribbean",2044,150.248711812874
"Ambitious-Solid State adoption-Baseline-Baseline-Baseline","Other Latin America and Caribbean",2045,174.083957846722
"Ambitious-Solid State adoption-Baseline-Baseline-Baseline","Other Latin America and Caribbean",2046,199.522503670495
"Ambitious-Solid State adoption-Baseline-Baseline-Baseline","Other Latin America and Caribbean",2047,226.23824159046
"Ambitious-Solid State adoption-Baseline-Baseline-Baseline","Other Latin America and Caribbean",2048,253.641204369804
"Ambitious-Solid State adoption-Baseline-Baseline-Baseline","Other Latin America and Caribbean",2049,281.160563649934
"Ambitious-Solid State adoption-Baseline-Baseline-Baseline","Other Latin America and Caribbean",2050,308.344527252838
"Ambitious-Solid State adoption-Baseline-Baseline-Baseline","Other Latin America and Caribbean",2051,334.846682487395
"Ambitious-Solid State adoption-Baseline-Baseline-Baseline","Other Latin America and Caribbean",2052,360.67416000551
"Ambitious-Solid State adoption-Baseline-Baseline-Baseline","Other Latin America and Caribbean",2053,385.284436895035
"Ambitious-Solid State adoption-Baseline-Baseline-Baseline","Other Latin America and Caribbean",2054,408.501279494767
"Ambitious-Solid State adoption-Baseline-Baseline-Baseline","Other Latin America and Caribbean",2055,430.187035735537
"Ambitious-Solid State adoption-Baseline-Baseline-Baseline","Other Latin America and Caribbean",2056,450.236529645283
"Ambitious-Solid State adoption-Baseline-Baseline-Baseline","Other Latin America and Caribbean",2057,468.616820443443
"Ambitious-Solid State adoption-Baseline-Baseline-Baseline","Other Latin America and Caribbean",2058,485.276613604783
"Ambitious-Solid State adoption-Baseline-Baseline-Baseline","Other Latin America and Caribbean",2059,500.235615048746
"Ambitious-Solid State adoption-Baseline-Baseline-Baseline","Other Latin America and Caribbean",2060,513.541048731866
"Ambitious-Solid State adoption-Baseline-Baseline-Baseline","Other Latin America and Caribbean",2061,525.285523038432
"Ambitious-Solid State adoption-Baseline-Baseline-Baseline","Other Latin America and Caribbean",2062,535.598385069078
"Ambitious-Solid State adoption-Baseline-Baseline-Baseline","Other Latin America and Caribbean",2063,544.60339789477
"Ambitious-Solid State adoption-Baseline-Baseline-Baseline","Other Latin America and Caribbean",2064,552.439166810195
"Ambitious-Solid State adoption-Baseline-Baseline-Baseline","Other Latin America and Caribbean",2065,559.233761495548
"Ambitious-Solid State adoption-Baseline-Baseline-Baseline","Other Latin America and Caribbean",2066,565.134487995819
"Ambitious-Solid State adoption-Baseline-Baseline-Baseline","Other Latin America and Caribbean",2067,570.278478773442
"Ambitious-Solid State adoption-Baseline-Baseline-Baseline","Other Latin America and Caribbean",2068,574.812785872319
"Ambitious-Solid State adoption-Baseline-Baseline-Baseline","Other Latin America and Caribbean",2069,578.866427122557
"Ambitious-Solid State adoption-Baseline-Baseline-Baseline","Other Latin America and Caribbean",2070,582.549122366325
"Ambitious-Solid State adoption-Baseline-Baseline-Baseline","South Korea",2023,0.151630079356103
"Ambitious-Solid State adoption-Baseline-Baseline-Baseline","South Korea",2024,0.197480448679682
"Ambitious-Solid State adoption-Baseline-Baseline-Baseline","South Korea",2025,0.369681282139186
"Ambitious-Solid State adoption-Baseline-Baseline-Baseline","South Korea",2026,0.746652572565604
"Ambitious-Solid State adoption-Baseline-Baseline-Baseline","South Korea",2027,0.967381627669298
"Ambitious-Solid State adoption-Baseline-Baseline-Baseline","South Korea",2028,1.24973518930143
"Ambitious-Solid State adoption-Baseline-Baseline-Baseline","South Korea",2029,1.65223456402827
"Ambitious-Solid State adoption-Baseline-Baseline-Baseline","South Korea",2030,2.30968577237548
"Ambitious-Solid State adoption-Baseline-Baseline-Baseline","South Korea",2031,3.35756339251647
"Ambitious-Solid State adoption-Baseline-Baseline-Baseline","South Korea",2032,4.28186948016235
"Ambitious-Solid State adoption-Baseline-Baseline-Baseline","South Korea",2033,5.52926742361834
"Ambitious-Solid State adoption-Baseline-Baseline-Baseline","South Korea",2034,7.18658596287985
"Ambitious-Solid State adoption-Baseline-Baseline-Baseline","South Korea",2035,9.37950524996473
"Ambitious-Solid State adoption-Baseline-Baseline-Baseline","South Korea",2036,11.9803061719904
"Ambitious-Solid State adoption-Baseline-Baseline-Baseline","South Korea",2037,15.1013550179339
"Ambitious-Solid State adoption-Baseline-Baseline-Baseline","South Korea",2038,18.5759377875589
"Ambitious-Solid State adoption-Baseline-Baseline-Baseline","South Korea",2039,22.6035750475881
"Ambitious-Solid State adoption-Baseline-Baseline-Baseline","South Korea",2040,26.904005830954
"Ambitious-Solid State adoption-Baseline-Baseline-Baseline","South Korea",2041,30.7972114900683
"Ambitious-Solid State adoption-Baseline-Baseline-Baseline","South Korea",2042,35.201128075236
"Ambitious-Solid State adoption-Baseline-Baseline-Baseline","South Korea",2043,39.5538412494655
"Ambitious-Solid State adoption-Baseline-Baseline-Baseline","South Korea",2044,43.8158124587786
"Ambitious-Solid State adoption-Baseline-Baseline-Baseline","South Korea",2045,47.9325947476969
"Ambitious-Solid State adoption-Baseline-Baseline-Baseline","South Korea",2046,51.85614398111
"Ambitious-Solid State adoption-Baseline-Baseline-Baseline","South Korea",2047,55.4465126445038
"Ambitious-Solid State adoption-Baseline-Baseline-Baseline","South Korea",2048,58.709889579168
"Ambitious-Solid State adoption-Baseline-Baseline-Baseline","South Korea",2049,61.6188806827399
"Ambitious-Solid State adoption-Baseline-Baseline-Baseline","South Korea",2050,64.2069298984676
"Ambitious-Solid State adoption-Baseline-Baseline-Baseline","South Korea",2051,66.3320553070445
"Ambitious-Solid State adoption-Baseline-Baseline-Baseline","South Korea",2052,68.5857735899834
"Ambitious-Solid State adoption-Baseline-Baseline-Baseline","South Korea",2053,70.4493395062007
"Ambitious-Solid State adoption-Baseline-Baseline-Baseline","South Korea",2054,71.9383408099316
"Ambitious-Solid State adoption-Baseline-Baseline-Baseline","South Korea",2055,73.0810177667511
"Ambitious-Solid State adoption-Baseline-Baseline-Baseline","South Korea",2056,73.9037840661096
"Ambitious-Solid State adoption-Baseline-Baseline-Baseline","South Korea",2057,74.439084577892
"Ambitious-Solid State adoption-Baseline-Baseline-Baseline","South Korea",2058,74.7333640021198
"Ambitious-Solid State adoption-Baseline-Baseline-Baseline","South Korea",2059,74.8325375182317
"Ambitious-Solid State adoption-Baseline-Baseline-Baseline","South Korea",2060,74.7710392398557
"Ambitious-Solid State adoption-Baseline-Baseline-Baseline","South Korea",2061,74.598160377144
"Ambitious-Solid State adoption-Baseline-Baseline-Baseline","South Korea",2062,74.3456118447692
"Ambitious-Solid State adoption-Baseline-Baseline-Baseline","South Korea",2063,74.0559627512295
"Ambitious-Solid State adoption-Baseline-Baseline-Baseline","South Korea",2064,73.7570703139566
"Ambitious-Solid State adoption-Baseline-Baseline-Baseline","South Korea",2065,73.4629401426168
"Ambitious-Solid State adoption-Baseline-Baseline-Baseline","South Korea",2066,73.1887531341549
"Ambitious-Solid State adoption-Baseline-Baseline-Baseline","South Korea",2067,72.9793812784254
"Ambitious-Solid State adoption-Baseline-Baseline-Baseline","South Korea",2068,72.9451234319179
"Ambitious-Solid State adoption-Baseline-Baseline-Baseline","South Korea",2069,72.9328071728483
"Ambitious-Solid State adoption-Baseline-Baseline-Baseline","South Korea",2070,72.9380493244059
"Ambitious-Solid State adoption-Baseline-Baseline-Baseline","United Kingdom",2023,0.371857670499221
"Ambitious-Solid State adoption-Baseline-Baseline-Baseline","United Kingdom",2024,0.526809575503613
"Ambitious-Solid State adoption-Baseline-Baseline-Baseline","United Kingdom",2025,0.642379203072252
"Ambitious-Solid State adoption-Baseline-Baseline-Baseline","United Kingdom",2026,0.906555553928448
"Ambitious-Solid State adoption-Baseline-Baseline-Baseline","United Kingdom",2027,1.24405516520114
"Ambitious-Solid State adoption-Baseline-Baseline-Baseline","United Kingdom",2028,1.71714933622422
"Ambitious-Solid State adoption-Baseline-Baseline-Baseline","United Kingdom",2029,2.35822456667712
"Ambitious-Solid State adoption-Baseline-Baseline-Baseline","United Kingdom",2030,3.33301520740327
"Ambitious-Solid State adoption-Baseline-Baseline-Baseline","United Kingdom",2031,4.60905526433647
"Ambitious-Solid State adoption-Baseline-Baseline-Baseline","United Kingdom",2032,5.49074124807608
"Ambitious-Solid State adoption-Baseline-Baseline-Baseline","United Kingdom",2033,6.75349724447053
"Ambitious-Solid State adoption-Baseline-Baseline-Baseline","United Kingdom",2034,8.44165056081638
"Ambitious-Solid State adoption-Baseline-Baseline-Baseline","United Kingdom",2035,10.6242109127282
"Ambitious-Solid State adoption-Baseline-Baseline-Baseline","United Kingdom",2036,13.3466410513552
"Ambitious-Solid State adoption-Baseline-Baseline-Baseline","United Kingdom",2037,16.6571610517557
"Ambitious-Solid State adoption-Baseline-Baseline-Baseline","United Kingdom",2038,20.5837808840588
"Ambitious-Solid State adoption-Baseline-Baseline-Baseline","United Kingdom",2039,25.1461931055255
"Ambitious-Solid State adoption-Baseline-Baseline-Baseline","United Kingdom",2040,30.3684654236144
"Ambitious-Solid State adoption-Baseline-Baseline-Baseline","United Kingdom",2041,38.7084779060858
"Ambitious-Solid State adoption-Baseline-Baseline-Baseline","United Kingdom",2042,46.3521271051656
"Ambitious-Solid State adoption-Baseline-Baseline-Baseline","United Kingdom",2043,54.4198746644212
"Ambitious-Solid State adoption-Baseline-Baseline-Baseline","United Kingdom",2044,62.2945139953635
"Ambitious-Solid State adoption-Baseline-Baseline-Baseline","United Kingdom",2045,70.2536265911665
"Ambitious-Solid State adoption-Baseline-Baseline-Baseline","United Kingdom",2046,77.6103611813983
"Ambitious-Solid State adoption-Baseline-Baseline-Baseline","United Kingdom",2047,84.1456291565733
"Ambitious-Solid State adoption-Baseline-Baseline-Baseline","United Kingdom",2048,89.7792433287588
"Ambitious-Solid State adoption-Baseline-Baseline-Baseline","United Kingdom",2049,94.5479440278126
"Ambitious-Solid State adoption-Baseline-Baseline-Baseline","United Kingdom",2050,98.5539916043597
"Ambitious-Solid State adoption-Baseline-Baseline-Baseline","United Kingdom",2051,101.925161379394
"Ambitious-Solid State adoption-Baseline-Baseline-Baseline","United Kingdom",2052,105.051616096984
"Ambitious-Solid State adoption-Baseline-Baseline-Baseline","United Kingdom",2053,107.841573352861
"Ambitious-Solid State adoption-Baseline-Baseline-Baseline","United Kingdom",2054,110.378398566132
"Ambitious-Solid State adoption-Baseline-Baseline-Baseline","United Kingdom",2055,112.698909151212
"Ambitious-Solid State adoption-Baseline-Baseline-Baseline","United Kingdom",2056,114.825543729736
"Ambitious-Solid State adoption-Baseline-Baseline-Baseline","United Kingdom",2057,116.747436874187
"Ambitious-Solid State adoption-Baseline-Baseline-Baseline","United Kingdom",2058,118.468225547684
"Ambitious-Solid State adoption-Baseline-Baseline-Baseline","United Kingdom",2059,119.998737179934
"Ambitious-Solid State adoption-Baseline-Baseline-Baseline","United Kingdom",2060,121.364567355112
"Ambitious-Solid State adoption-Baseline-Baseline-Baseline","United Kingdom",2061,122.628994725026
"Ambitious-Solid State adoption-Baseline-Baseline-Baseline","United Kingdom",2062,123.803838747336
"Ambitious-Solid State adoption-Baseline-Baseline-Baseline","United Kingdom",2063,124.94838267852
"Ambitious-Solid State adoption-Baseline-Baseline-Baseline","United Kingdom",2064,126.085200338921
"Ambitious-Solid State adoption-Baseline-Baseline-Baseline","United Kingdom",2065,127.21828352507
"Ambitious-Solid State adoption-Baseline-Baseline-Baseline","United Kingdom",2066,128.342597100044
"Ambitious-Solid State adoption-Baseline-Baseline-Baseline","United Kingdom",2067,129.445377407341
"Ambitious-Solid State adoption-Baseline-Baseline-Baseline","United Kingdom",2068,130.523330562313
"Ambitious-Solid State adoption-Baseline-Baseline-Baseline","United Kingdom",2069,131.573104627072
"Ambitious-Solid State adoption-Baseline-Baseline-Baseline","United Kingdom",2070,132.593380995748
"Ambitious-Solid State adoption-Baseline-Baseline-Baseline","United States",2023,1.13901222490528
"Ambitious-Solid State adoption-Baseline-Baseline-Baseline","United States",2024,1.41108038207092
"Ambitious-Solid State adoption-Baseline-Baseline-Baseline","United States",2025,2.55415073943479
"Ambitious-Solid State adoption-Baseline-Baseline-Baseline","United States",2026,4.19082025172557
"Ambitious-Solid State adoption-Baseline-Baseline-Baseline","United States",2027,6.48239013447445
"Ambitious-Solid State adoption-Baseline-Baseline-Baseline","United States",2028,9.21526420782952
"Ambitious-Solid State adoption-Baseline-Baseline-Baseline","United States",2029,13.4756052537329
"Ambitious-Solid State adoption-Baseline-Baseline-Baseline","United States",2030,17.3374528104612
"Ambitious-Solid State adoption-Baseline-Baseline-Baseline","United States",2031,23.9409245242226
"Ambitious-Solid State adoption-Baseline-Baseline-Baseline","United States",2032,30.3274374539046
"Ambitious-Solid State adoption-Baseline-Baseline-Baseline","United States",2033,38.5848214205619
"Ambitious-Solid State adoption-Baseline-Baseline-Baseline","United States",2034,49.2561092476704
"Ambitious-Solid State adoption-Baseline-Baseline-Baseline","United States",2035,62.1834654579761
"Ambitious-Solid State adoption-Baseline-Baseline-Baseline","United States",2036,76.8876111077626
"Ambitious-Solid State adoption-Baseline-Baseline-Baseline","United States",2037,93.9665457936679
"Ambitious-Solid State adoption-Baseline-Baseline-Baseline","United States",2038,115.203224035183
"Ambitious-Solid State adoption-Baseline-Baseline-Baseline","United States",2039,140.096935614699
"Ambitious-Solid State adoption-Baseline-Baseline-Baseline","United States",2040,168.495487807236
"Ambitious-Solid State adoption-Baseline-Baseline-Baseline","United States",2041,200.130972607864
"Ambitious-Solid State adoption-Baseline-Baseline-Baseline","United States",2042,233.656087559929
"Ambitious-Solid State adoption-Baseline-Baseline-Baseline","United States",2043,269.161640174331
"Ambitious-Solid State adoption-Baseline-Baseline-Baseline","United States",2044,307.645758046177
"Ambitious-Solid State adoption-Baseline-Baseline-Baseline","United States",2045,350.320234981305
"Ambitious-Solid State adoption-Baseline-Baseline-Baseline","United States",2046,392.618373765928
"Ambitious-Solid State adoption-Baseline-Baseline-Baseline","United States",2047,433.295501089327
"Ambitious-Solid State adoption-Baseline-Baseline-Baseline","United States",2048,471.78321196598
"Ambitious-Solid State adoption-Baseline-Baseline-Baseline","United States",2049,507.008445214672
"Ambitious-Solid State adoption-Baseline-Baseline-Baseline","United States",2050,538.404390244554
"Ambitious-Solid State adoption-Baseline-Baseline-Baseline","United States",2051,565.497294887281
"Ambitious-Solid State adoption-Baseline-Baseline-Baseline","United States",2052,591.433033916009
"Ambitious-Solid State adoption-Baseline-Baseline-Baseline","United States",2053,613.412215669456
"Ambitious-Solid State adoption-Baseline-Baseline-Baseline","United States",2054,631.953664239538
"Ambitious-Solid State adoption-Baseline-Baseline-Baseline","United States",2055,647.461533020989
"Ambitious-Solid State adoption-Baseline-Baseline-Baseline","United States",2056,660.40215541483
"Ambitious-Solid State adoption-Baseline-Baseline-Baseline","United States",2057,671.26081812583
"Ambitious-Solid State adoption-Baseline-Baseline-Baseline","United States",2058,680.193632561676
"Ambitious-Solid State adoption-Baseline-Baseline-Baseline","United States",2059,687.597498480954
"Ambitious-Solid State adoption-Baseline-Baseline-Baseline","United States",2060,693.61846102293
"Ambitious-Solid State adoption-Baseline-Baseline-Baseline","United States",2061,698.480013238498
"Ambitious-Solid State adoption-Baseline-Baseline-Baseline","United States",2062,702.435984013934
"Ambitious-Solid State adoption-Baseline-Baseline-Baseline","United States",2063,705.681767043174
"Ambitious-Solid State adoption-Baseline-Baseline-Baseline","United States",2064,708.305800308201
"Ambitious-Solid State adoption-Baseline-Baseline-Baseline","United States",2065,710.46382089407
"Ambitious-Solid State adoption-Baseline-Baseline-Baseline","United States",2066,712.261896654585
"Ambitious-Solid State adoption-Baseline-Baseline-Baseline","United States",2067,713.769776362283
"Ambitious-Solid State adoption-Baseline-Baseline-Baseline","United States",2068,715.11402677211
"Ambitious-Solid State adoption-Baseline-Baseline-Baseline","United States",2069,716.337163911604
"Ambitious-Solid State adoption-Baseline-Baseline-Baseline","United States",2070,717.4443599789
